,Unnamed: 0,year,month,date,region,admin2_name,precipitation,Season,season
0,0,2000,2,2000-02-01T00:00:00,east,Bugesera,43.55712352076853,Long Rain,Long Rains
1,1,2000,3,2000-03-01T00:00:00,east,Bugesera,116.56566917045612,Long Rain,Long Rains
2,2,2000,4,2000-04-01T00:00:00,east,Bugesera,87.76566582094118,Long Rain,Long Rains
3,3,2000,5,2000-05-01T00:00:00,east,Bugesera,50.15592778072725,Long Rain,Long Rains
4,4,2000,2,2000-02-01T00:00:00,east,Gatsibo,45.895979204701256,Long Rain,Long Rains
5,5,2000,3,2000-03-01T00:00:00,east,Gatsibo,105.50089378490122,Long Rain,Long Rains
6,6,2000,4,2000-04-01T00:00:00,east,Gatsibo,86.23975467173679,Long Rain,Long Rains
7,7,2000,5,2000-05-01T00:00:00,east,Gatsibo,80.79776300470367,Long Rain,Long Rains
8,8,2000,2,2000-02-01T00:00:00,east,Kayonza,40.84032306842375,Long Rain,Long Rains
9,9,2000,3,2000-03-01T00:00:00,east,Kayonza,126.71879829003262,Long Rain,Long Rains
10,10,2000,4,2000-04-01T00:00:00,east,Kayonza,85.47445499820859,Long Rain,Long Rains
11,11,2000,5,2000-05-01T00:00:00,east,Kayonza,67.28662723779787,Long Rain,Long Rains
12,12,2000,2,2000-02-01T00:00:00,east,Kirehe,43.5295206129796,Long Rain,Long Rains
13,13,2000,3,2000-03-01T00:00:00,east,Kirehe,151.7543694575431,Long Rain,Long Rains
14,14,2000,4,2000-04-01T00:00:00,east,Kirehe,103.11597552193535,Long Rain,Long Rains
15,15,2000,5,2000-05-01T00:00:00,east,Kirehe,47.28040934725553,Long Rain,Long Rains
16,16,2000,2,2000-02-01T00:00:00,east,Ngoma,42.96888063519167,Long Rain,Long Rains
17,17,2000,3,2000-03-01T00:00:00,east,Ngoma,140.754276147879,Long Rain,Long Rains
18,18,2000,4,2000-04-01T00:00:00,east,Ngoma,94.50108017986176,Long Rain,Long Rains
19,19,2000,5,2000-05-01T00:00:00,east,Ngoma,53.35394930978634,Long Rain,Long Rains
20,20,2000,2,2000-02-01T00:00:00,east,Nyagatare,44.32624862921633,Long Rain,Long Rains
21,21,2000,3,2000-03-01T00:00:00,east,Nyagatare,93.11423217550607,Long Rain,Long Rains
22,22,2000,4,2000-04-01T00:00:00,east,Nyagatare,85.69301287577511,Long Rain,Long Rains
23,23,2000,5,2000-05-01T00:00:00,east,Nyagatare,72.59542957492135,Long Rain,Long Rains
24,24,2000,2,2000-02-01T00:00:00,east,Rwamagana,44.543972137293245,Long Rain,Long Rains
25,25,2000,3,2000-03-01T00:00:00,east,Rwamagana,117.13272362133117,Long Rain,Long Rains
26,26,2000,4,2000-04-01T00:00:00,east,Rwamagana,93.4706476956914,Long Rain,Long Rains
27,27,2000,5,2000-05-01T00:00:00,east,Rwamagana,68.00786199980983,Long Rain,Long Rains
28,28,2001,2,2001-02-01T00:00:00,east,Bugesera,56.50995121922314,Long Rain,Long Rains
29,29,2001,3,2001-03-01T00:00:00,east,Bugesera,201.67225323293505,Long Rain,Long Rains
30,30,2001,4,2001-04-01T00:00:00,east,Bugesera,103.92958833212384,Long Rain,Long Rains
31,31,2001,5,2001-05-01T00:00:00,east,Bugesera,69.59114776245805,Long Rain,Long Rains
32,32,2001,2,2001-02-01T00:00:00,east,Gatsibo,55.84351324112877,Long Rain,Long Rains
33,33,2001,3,2001-03-01T00:00:00,east,Gatsibo,198.72155258527917,Long Rain,Long Rains
34,34,2001,4,2001-04-01T00:00:00,east,Gatsibo,105.97047239536906,Long Rain,Long Rains
35,35,2001,5,2001-05-01T00:00:00,east,Gatsibo,67.79496205057876,Long Rain,Long Rains
36,36,2001,2,2001-02-01T00:00:00,east,Kayonza,47.07715637609644,Long Rain,Long Rains
37,37,2001,3,2001-03-01T00:00:00,east,Kayonza,206.02504491100956,Long Rain,Long Rains
38,38,2001,4,2001-04-01T00:00:00,east,Kayonza,95.15196084927032,Long Rain,Long Rains
39,39,2001,5,2001-05-01T00:00:00,east,Kayonza,89.75479470402254,Long Rain,Long Rains
40,40,2001,2,2001-02-01T00:00:00,east,Kirehe,43.56606144145681,Long Rain,Long Rains
41,41,2001,3,2001-03-01T00:00:00,east,Kirehe,183.66008682761168,Long Rain,Long Rains
42,42,2001,4,2001-04-01T00:00:00,east,Kirehe,117.99198057920349,Long Rain,Long Rains
43,43,2001,5,2001-05-01T00:00:00,east,Kirehe,89.5909288641749,Long Rain,Long Rains
44,44,2001,2,2001-02-01T00:00:00,east,Ngoma,51.045642326700126,Long Rain,Long Rains
45,45,2001,3,2001-03-01T00:00:00,east,Ngoma,217.96198836595903,Long Rain,Long Rains
46,46,2001,4,2001-04-01T00:00:00,east,Ngoma,108.8114569084713,Long Rain,Long Rains
47,47,2001,5,2001-05-01T00:00:00,east,Ngoma,94.73474011779108,Long Rain,Long Rains
48,48,2001,2,2001-02-01T00:00:00,east,Nyagatare,48.72026293529568,Long Rain,Long Rains
49,49,2001,3,2001-03-01T00:00:00,east,Nyagatare,156.82298886995028,Long Rain,Long Rains
50,50,2001,4,2001-04-01T00:00:00,east,Nyagatare,120.35207141321338,Long Rain,Long Rains
51,51,2001,5,2001-05-01T00:00:00,east,Nyagatare,63.552398720489045,Long Rain,Long Rains
52,52,2001,2,2001-02-01T00:00:00,east,Rwamagana,55.80670522510939,Long Rain,Long Rains
53,53,2001,3,2001-03-01T00:00:00,east,Rwamagana,228.494211610505,Long Rain,Long Rains
54,54,2001,4,2001-04-01T00:00:00,east,Rwamagana,104.20037332023192,Long Rain,Long Rains
55,55,2001,5,2001-05-01T00:00:00,east,Rwamagana,89.75578450239622,Long Rain,Long Rains
56,56,2002,2,2002-02-01T00:00:00,east,Bugesera,68.791705288095,Long Rain,Long Rains
57,57,2002,3,2002-03-01T00:00:00,east,Bugesera,155.60301199049553,Long Rain,Long Rains
58,58,2002,4,2002-04-01T00:00:00,east,Bugesera,174.46897964160004,Long Rain,Long Rains
59,59,2002,5,2002-05-01T00:00:00,east,Bugesera,120.85370000690568,Long Rain,Long Rains
60,60,2002,2,2002-02-01T00:00:00,east,Gatsibo,62.31135846854251,Long Rain,Long Rains
61,61,2002,3,2002-03-01T00:00:00,east,Gatsibo,135.61539260490878,Long Rain,Long Rains
62,62,2002,4,2002-04-01T00:00:00,east,Gatsibo,165.09254045456078,Long Rain,Long Rains
63,63,2002,5,2002-05-01T00:00:00,east,Gatsibo,119.87662691393425,Long Rain,Long Rains
64,64,2002,2,2002-02-01T00:00:00,east,Kayonza,60.17151383976395,Long Rain,Long Rains
65,65,2002,3,2002-03-01T00:00:00,east,Kayonza,146.92009499310092,Long Rain,Long Rains
66,66,2002,4,2002-04-01T00:00:00,east,Kayonza,185.71783450834164,Long Rain,Long Rains
67,67,2002,5,2002-05-01T00:00:00,east,Kayonza,105.54525692241204,Long Rain,Long Rains
68,68,2002,2,2002-02-01T00:00:00,east,Kirehe,67.92305025306749,Long Rain,Long Rains
69,69,2002,3,2002-03-01T00:00:00,east,Kirehe,171.22085211012103,Long Rain,Long Rains
70,70,2002,4,2002-04-01T00:00:00,east,Kirehe,201.16196834265943,Long Rain,Long Rains
71,71,2002,5,2002-05-01T00:00:00,east,Kirehe,101.82813090925842,Long Rain,Long Rains
72,72,2002,2,2002-02-01T00:00:00,east,Ngoma,70.69559313375434,Long Rain,Long Rains
73,73,2002,3,2002-03-01T00:00:00,east,Ngoma,165.81727821861972,Long Rain,Long Rains
74,74,2002,4,2002-04-01T00:00:00,east,Ngoma,198.40050293269616,Long Rain,Long Rains
75,75,2002,5,2002-05-01T00:00:00,east,Ngoma,114.0128786213855,Long Rain,Long Rains
76,76,2002,2,2002-02-01T00:00:00,east,Nyagatare,61.85823011340058,Long Rain,Long Rains
77,77,2002,3,2002-03-01T00:00:00,east,Nyagatare,113.48631061683562,Long Rain,Long Rains
78,78,2002,4,2002-04-01T00:00:00,east,Nyagatare,120.93135753432792,Long Rain,Long Rains
79,79,2002,5,2002-05-01T00:00:00,east,Nyagatare,142.92250894928554,Long Rain,Long Rains
80,80,2002,2,2002-02-01T00:00:00,east,Rwamagana,70.31054022851754,Long Rain,Long Rains
81,81,2002,3,2002-03-01T00:00:00,east,Rwamagana,152.48797629306569,Long Rain,Long Rains
82,82,2002,4,2002-04-01T00:00:00,east,Rwamagana,182.7870470237513,Long Rain,Long Rains
83,83,2002,5,2002-05-01T00:00:00,east,Rwamagana,119.92402729400608,Long Rain,Long Rains
84,84,2003,2,2003-02-01T00:00:00,east,Bugesera,59.15930387815922,Long Rain,Long Rains
85,85,2003,3,2003-03-01T00:00:00,east,Bugesera,80.14379206717669,Long Rain,Long Rains
86,86,2003,4,2003-04-01T00:00:00,east,Bugesera,148.24111076290757,Long Rain,Long Rains
87,87,2003,5,2003-05-01T00:00:00,east,Bugesera,75.33477442781445,Long Rain,Long Rains
88,88,2003,2,2003-02-01T00:00:00,east,Gatsibo,49.53241712835569,Long Rain,Long Rains
89,89,2003,3,2003-03-01T00:00:00,east,Gatsibo,87.35161243687803,Long Rain,Long Rains
90,90,2003,4,2003-04-01T00:00:00,east,Gatsibo,147.84261332512722,Long Rain,Long Rains
91,91,2003,5,2003-05-01T00:00:00,east,Gatsibo,102.10127362490256,Long Rain,Long Rains
92,92,2003,2,2003-02-01T00:00:00,east,Kayonza,43.84939609225987,Long Rain,Long Rains
93,93,2003,3,2003-03-01T00:00:00,east,Kayonza,81.14370198739775,Long Rain,Long Rains
94,94,2003,4,2003-04-01T00:00:00,east,Kayonza,134.08269604560755,Long Rain,Long Rains
95,95,2003,5,2003-05-01T00:00:00,east,Kayonza,93.5130925898592,Long Rain,Long Rains
96,96,2003,2,2003-02-01T00:00:00,east,Kirehe,53.86561856652483,Long Rain,Long Rains
97,97,2003,3,2003-03-01T00:00:00,east,Kirehe,78.24563490953955,Long Rain,Long Rains
98,98,2003,4,2003-04-01T00:00:00,east,Kirehe,141.7234108274954,Long Rain,Long Rains
99,99,2003,5,2003-05-01T00:00:00,east,Kirehe,90.21068076812682,Long Rain,Long Rains
100,100,2003,2,2003-02-01T00:00:00,east,Ngoma,56.37266406474736,Long Rain,Long Rains
101,101,2003,3,2003-03-01T00:00:00,east,Ngoma,81.90667108824445,Long Rain,Long Rains
102,102,2003,4,2003-04-01T00:00:00,east,Ngoma,142.56553574581005,Long Rain,Long Rains
103,103,2003,5,2003-05-01T00:00:00,east,Ngoma,85.70161247515559,Long Rain,Long Rains
104,104,2003,2,2003-02-01T00:00:00,east,Nyagatare,38.65170570533976,Long Rain,Long Rains
105,105,2003,3,2003-03-01T00:00:00,east,Nyagatare,88.25897336087473,Long Rain,Long Rains
106,106,2003,4,2003-04-01T00:00:00,east,Nyagatare,138.44647091887137,Long Rain,Long Rains
107,107,2003,5,2003-05-01T00:00:00,east,Nyagatare,109.74064627776283,Long Rain,Long Rains
108,108,2003,2,2003-02-01T00:00:00,east,Rwamagana,54.97963614192129,Long Rain,Long Rains
109,109,2003,3,2003-03-01T00:00:00,east,Rwamagana,87.15958474095737,Long Rain,Long Rains
110,110,2003,4,2003-04-01T00:00:00,east,Rwamagana,146.06579980702406,Long Rain,Long Rains
111,111,2003,5,2003-05-01T00:00:00,east,Rwamagana,97.70684866591792,Long Rain,Long Rains
112,112,2004,2,2004-02-01T00:00:00,east,Bugesera,89.8653365406537,Long Rain,Long Rains
113,113,2004,3,2004-03-01T00:00:00,east,Bugesera,140.5180332388789,Long Rain,Long Rains
114,114,2004,4,2004-04-01T00:00:00,east,Bugesera,183.8815806477619,Long Rain,Long Rains
115,115,2004,5,2004-05-01T00:00:00,east,Bugesera,53.04494067804405,Long Rain,Long Rains
116,116,2004,2,2004-02-01T00:00:00,east,Gatsibo,93.46035300176784,Long Rain,Long Rains
117,117,2004,3,2004-03-01T00:00:00,east,Gatsibo,130.83624499115487,Long Rain,Long Rains
118,118,2004,4,2004-04-01T00:00:00,east,Gatsibo,176.31122423155875,Long Rain,Long Rains
119,119,2004,5,2004-05-01T00:00:00,east,Gatsibo,63.35984744831992,Long Rain,Long Rains
120,120,2004,2,2004-02-01T00:00:00,east,Kayonza,89.4927754058736,Long Rain,Long Rains
121,121,2004,3,2004-03-01T00:00:00,east,Kayonza,129.81367715215774,Long Rain,Long Rains
122,122,2004,4,2004-04-01T00:00:00,east,Kayonza,151.38353589808608,Long Rain,Long Rains
123,123,2004,5,2004-05-01T00:00:00,east,Kayonza,56.79304965071316,Long Rain,Long Rains
124,124,2004,2,2004-02-01T00:00:00,east,Kirehe,99.45479145562206,Long Rain,Long Rains
125,125,2004,3,2004-03-01T00:00:00,east,Kirehe,146.06003498885858,Long Rain,Long Rains
126,126,2004,4,2004-04-01T00:00:00,east,Kirehe,175.26103074328887,Long Rain,Long Rains
127,127,2004,5,2004-05-01T00:00:00,east,Kirehe,51.33483743449786,Long Rain,Long Rains
128,128,2004,2,2004-02-01T00:00:00,east,Ngoma,94.65213011095686,Long Rain,Long Rains
129,129,2004,3,2004-03-01T00:00:00,east,Ngoma,150.00220491674006,Long Rain,Long Rains
130,130,2004,4,2004-04-01T00:00:00,east,Ngoma,177.94565458681842,Long Rain,Long Rains
131,131,2004,5,2004-05-01T00:00:00,east,Ngoma,54.622773276105065,Long Rain,Long Rains
132,132,2004,2,2004-02-01T00:00:00,east,Nyagatare,79.08961003627685,Long Rain,Long Rains
133,133,2004,3,2004-03-01T00:00:00,east,Nyagatare,124.98192695405042,Long Rain,Long Rains
134,134,2004,4,2004-04-01T00:00:00,east,Nyagatare,149.64307711419934,Long Rain,Long Rains
135,135,2004,5,2004-05-01T00:00:00,east,Nyagatare,79.14487784917976,Long Rain,Long Rains
136,136,2004,2,2004-02-01T00:00:00,east,Rwamagana,86.78473915667814,Long Rain,Long Rains
137,137,2004,3,2004-03-01T00:00:00,east,Rwamagana,137.31665769715536,Long Rain,Long Rains
138,138,2004,4,2004-04-01T00:00:00,east,Rwamagana,182.82199316689943,Long Rain,Long Rains
139,139,2004,5,2004-05-01T00:00:00,east,Rwamagana,54.766244906714,Long Rain,Long Rains
140,140,2005,2,2005-02-01T00:00:00,east,Bugesera,62.84395486299079,Long Rain,Long Rains
141,141,2005,3,2005-03-01T00:00:00,east,Bugesera,140.08719253457045,Long Rain,Long Rains
142,142,2005,4,2005-04-01T00:00:00,east,Bugesera,106.26816126386458,Long Rain,Long Rains
143,143,2005,5,2005-05-01T00:00:00,east,Bugesera,87.85562785219342,Long Rain,Long Rains
144,144,2005,2,2005-02-01T00:00:00,east,Gatsibo,60.28347278681075,Long Rain,Long Rains
145,145,2005,3,2005-03-01T00:00:00,east,Gatsibo,166.2184311583333,Long Rain,Long Rains
146,146,2005,4,2005-04-01T00:00:00,east,Gatsibo,121.15501037497422,Long Rain,Long Rains
147,147,2005,5,2005-05-01T00:00:00,east,Gatsibo,100.0188547420426,Long Rain,Long Rains
148,148,2005,2,2005-02-01T00:00:00,east,Kayonza,56.806906817275085,Long Rain,Long Rains
149,149,2005,3,2005-03-01T00:00:00,east,Kayonza,154.98556481300804,Long Rain,Long Rains
150,150,2005,4,2005-04-01T00:00:00,east,Kayonza,119.69639609398776,Long Rain,Long Rains
151,151,2005,5,2005-05-01T00:00:00,east,Kayonza,97.39417442484998,Long Rain,Long Rains
152,152,2005,2,2005-02-01T00:00:00,east,Kirehe,55.2533788901788,Long Rain,Long Rains
153,153,2005,3,2005-03-01T00:00:00,east,Kirehe,136.85527381461347,Long Rain,Long Rains
154,154,2005,4,2005-04-01T00:00:00,east,Kirehe,115.21352784490392,Long Rain,Long Rains
155,155,2005,5,2005-05-01T00:00:00,east,Kirehe,88.79656873293861,Long Rain,Long Rains
156,156,2005,2,2005-02-01T00:00:00,east,Ngoma,60.06458411050354,Long Rain,Long Rains
157,157,2005,3,2005-03-01T00:00:00,east,Ngoma,144.44083572100078,Long Rain,Long Rains
158,158,2005,4,2005-04-01T00:00:00,east,Ngoma,116.86744935609104,Long Rain,Long Rains
159,159,2005,5,2005-05-01T00:00:00,east,Ngoma,89.64856962086061,Long Rain,Long Rains
160,160,2005,2,2005-02-01T00:00:00,east,Nyagatare,50.13506929002422,Long Rain,Long Rains
161,161,2005,3,2005-03-01T00:00:00,east,Nyagatare,152.76250908022223,Long Rain,Long Rains
162,162,2005,4,2005-04-01T00:00:00,east,Nyagatare,113.27020289727405,Long Rain,Long Rains
163,163,2005,5,2005-05-01T00:00:00,east,Nyagatare,92.5887261563386,Long Rain,Long Rains
164,164,2005,2,2005-02-01T00:00:00,east,Rwamagana,64.54632123678616,Long Rain,Long Rains
165,165,2005,3,2005-03-01T00:00:00,east,Rwamagana,150.1614544406688,Long Rain,Long Rains
166,166,2005,4,2005-04-01T00:00:00,east,Rwamagana,117.59597188768105,Long Rain,Long Rains
167,167,2005,5,2005-05-01T00:00:00,east,Rwamagana,96.75572877456824,Long Rain,Long Rains
168,168,2006,2,2006-02-01T00:00:00,east,Bugesera,84.25563315923041,Long Rain,Long Rains
169,169,2006,3,2006-03-01T00:00:00,east,Bugesera,136.38871800779526,Long Rain,Long Rains
170,170,2006,4,2006-04-01T00:00:00,east,Bugesera,207.0801665941513,Long Rain,Long Rains
171,171,2006,5,2006-05-01T00:00:00,east,Bugesera,100.89203738006192,Long Rain,Long Rains
172,172,2006,2,2006-02-01T00:00:00,east,Gatsibo,89.75334562454158,Long Rain,Long Rains
173,173,2006,3,2006-03-01T00:00:00,east,Gatsibo,127.42389188881208,Long Rain,Long Rains
174,174,2006,4,2006-04-01T00:00:00,east,Gatsibo,198.2614968228133,Long Rain,Long Rains
175,175,2006,5,2006-05-01T00:00:00,east,Gatsibo,117.7124449325574,Long Rain,Long Rains
176,176,2006,2,2006-02-01T00:00:00,east,Kayonza,79.44096021580755,Long Rain,Long Rains
177,177,2006,3,2006-03-01T00:00:00,east,Kayonza,128.98248767569794,Long Rain,Long Rains
178,178,2006,4,2006-04-01T00:00:00,east,Kayonza,187.1770008491305,Long Rain,Long Rains
179,179,2006,5,2006-05-01T00:00:00,east,Kayonza,104.0672715474187,Long Rain,Long Rains
180,180,2006,2,2006-02-01T00:00:00,east,Kirehe,72.39247133478709,Long Rain,Long Rains
181,181,2006,3,2006-03-01T00:00:00,east,Kirehe,130.85345819944217,Long Rain,Long Rains
182,182,2006,4,2006-04-01T00:00:00,east,Kirehe,191.30395054695532,Long Rain,Long Rains
183,183,2006,5,2006-05-01T00:00:00,east,Kirehe,97.36149934444896,Long Rain,Long Rains
184,184,2006,2,2006-02-01T00:00:00,east,Ngoma,76.9590797716956,Long Rain,Long Rains
185,185,2006,3,2006-03-01T00:00:00,east,Ngoma,141.43648490640402,Long Rain,Long Rains
186,186,2006,4,2006-04-01T00:00:00,east,Ngoma,212.5569312604845,Long Rain,Long Rains
187,187,2006,5,2006-05-01T00:00:00,east,Ngoma,111.95365799049806,Long Rain,Long Rains
188,188,2006,2,2006-02-01T00:00:00,east,Nyagatare,77.05491951649711,Long Rain,Long Rains
189,189,2006,3,2006-03-01T00:00:00,east,Nyagatare,113.86316660732734,Long Rain,Long Rains
190,190,2006,4,2006-04-01T00:00:00,east,Nyagatare,157.73502572157443,Long Rain,Long Rains
191,191,2006,5,2006-05-01T00:00:00,east,Nyagatare,119.8663526278714,Long Rain,Long Rains
192,192,2006,2,2006-02-01T00:00:00,east,Rwamagana,83.33677271224053,Long Rain,Long Rains
193,193,2006,3,2006-03-01T00:00:00,east,Rwamagana,140.9626439013246,Long Rain,Long Rains
194,194,2006,4,2006-04-01T00:00:00,east,Rwamagana,239.015701544408,Long Rain,Long Rains
195,195,2006,5,2006-05-01T00:00:00,east,Rwamagana,114.28789141308836,Long Rain,Long Rains
196,196,2007,2,2007-02-01T00:00:00,east,Bugesera,97.30318379209116,Long Rain,Long Rains
197,197,2007,3,2007-03-01T00:00:00,east,Bugesera,99.7613789341552,Long Rain,Long Rains
198,198,2007,4,2007-04-01T00:00:00,east,Bugesera,155.1330361296271,Long Rain,Long Rains
199,199,2007,5,2007-05-01T00:00:00,east,Bugesera,179.81565662723932,Long Rain,Long Rains
200,200,2007,2,2007-02-01T00:00:00,east,Gatsibo,111.16496058236471,Long Rain,Long Rains
201,201,2007,3,2007-03-01T00:00:00,east,Gatsibo,116.3553465855234,Long Rain,Long Rains
202,202,2007,4,2007-04-01T00:00:00,east,Gatsibo,142.65898765320722,Long Rain,Long Rains
203,203,2007,5,2007-05-01T00:00:00,east,Gatsibo,167.0503876565295,Long Rain,Long Rains
204,204,2007,2,2007-02-01T00:00:00,east,Kayonza,99.80854947136628,Long Rain,Long Rains
205,205,2007,3,2007-03-01T00:00:00,east,Kayonza,120.35951188850142,Long Rain,Long Rains
206,206,2007,4,2007-04-01T00:00:00,east,Kayonza,132.34119984847356,Long Rain,Long Rains
207,207,2007,5,2007-05-01T00:00:00,east,Kayonza,180.95913065472087,Long Rain,Long Rains
208,208,2007,2,2007-02-01T00:00:00,east,Kirehe,91.5961213513755,Long Rain,Long Rains
209,209,2007,3,2007-03-01T00:00:00,east,Kirehe,107.61405823468178,Long Rain,Long Rains
210,210,2007,4,2007-04-01T00:00:00,east,Kirehe,155.3902988582972,Long Rain,Long Rains
211,211,2007,5,2007-05-01T00:00:00,east,Kirehe,126.80473583425518,Long Rain,Long Rains
212,212,2007,2,2007-02-01T00:00:00,east,Ngoma,92.91986296359606,Long Rain,Long Rains
213,213,2007,3,2007-03-01T00:00:00,east,Ngoma,111.44453813089976,Long Rain,Long Rains
214,214,2007,4,2007-04-01T00:00:00,east,Ngoma,147.66816248118533,Long Rain,Long Rains
215,215,2007,5,2007-05-01T00:00:00,east,Ngoma,138.85485076984537,Long Rain,Long Rains
216,216,2007,2,2007-02-01T00:00:00,east,Nyagatare,93.35105791440228,Long Rain,Long Rains
217,217,2007,3,2007-03-01T00:00:00,east,Nyagatare,102.2999608968286,Long Rain,Long Rains
218,218,2007,4,2007-04-01T00:00:00,east,Nyagatare,118.22877314684796,Long Rain,Long Rains
219,219,2007,5,2007-05-01T00:00:00,east,Nyagatare,139.79261768716793,Long Rain,Long Rains
220,220,2007,2,2007-02-01T00:00:00,east,Rwamagana,97.05504066114725,Long Rain,Long Rains
221,221,2007,3,2007-03-01T00:00:00,east,Rwamagana,115.11198972889257,Long Rain,Long Rains
222,222,2007,4,2007-04-01T00:00:00,east,Rwamagana,138.93843947978849,Long Rain,Long Rains
223,223,2007,5,2007-05-01T00:00:00,east,Rwamagana,233.4426614044045,Long Rain,Long Rains
224,224,2008,2,2008-02-01T00:00:00,east,Bugesera,71.07574301913431,Long Rain,Long Rains
225,225,2008,3,2008-03-01T00:00:00,east,Bugesera,113.06214222556213,Long Rain,Long Rains
226,226,2008,4,2008-04-01T00:00:00,east,Bugesera,108.66976393440932,Long Rain,Long Rains
227,227,2008,5,2008-05-01T00:00:00,east,Bugesera,47.40241161529377,Long Rain,Long Rains
228,228,2008,2,2008-02-01T00:00:00,east,Gatsibo,65.57637040987913,Long Rain,Long Rains
229,229,2008,3,2008-03-01T00:00:00,east,Gatsibo,160.65611294281769,Long Rain,Long Rains
230,230,2008,4,2008-04-01T00:00:00,east,Gatsibo,92.23106677149872,Long Rain,Long Rains
231,231,2008,5,2008-05-01T00:00:00,east,Gatsibo,61.56424839642942,Long Rain,Long Rains
232,232,2008,2,2008-02-01T00:00:00,east,Kayonza,65.66491502707487,Long Rain,Long Rains
233,233,2008,3,2008-03-01T00:00:00,east,Kayonza,160.31592090972944,Long Rain,Long Rains
234,234,2008,4,2008-04-01T00:00:00,east,Kayonza,80.7843796338125,Long Rain,Long Rains
235,235,2008,5,2008-05-01T00:00:00,east,Kayonza,58.67650702686393,Long Rain,Long Rains
236,236,2008,2,2008-02-01T00:00:00,east,Kirehe,77.59615885304815,Long Rain,Long Rains
237,237,2008,3,2008-03-01T00:00:00,east,Kirehe,148.49811859962875,Long Rain,Long Rains
238,238,2008,4,2008-04-01T00:00:00,east,Kirehe,87.9928505886533,Long Rain,Long Rains
239,239,2008,5,2008-05-01T00:00:00,east,Kirehe,41.63938899608307,Long Rain,Long Rains
240,240,2008,2,2008-02-01T00:00:00,east,Ngoma,72.52643398359594,Long Rain,Long Rains
241,241,2008,3,2008-03-01T00:00:00,east,Ngoma,135.99881371389287,Long Rain,Long Rains
242,242,2008,4,2008-04-01T00:00:00,east,Ngoma,108.45611640535776,Long Rain,Long Rains
243,243,2008,5,2008-05-01T00:00:00,east,Ngoma,58.8573989808646,Long Rain,Long Rains
244,244,2008,2,2008-02-01T00:00:00,east,Nyagatare,52.75643306417481,Long Rain,Long Rains
245,245,2008,3,2008-03-01T00:00:00,east,Nyagatare,152.03517208859094,Long Rain,Long Rains
246,246,2008,4,2008-04-01T00:00:00,east,Nyagatare,72.84569186579331,Long Rain,Long Rains
247,247,2008,5,2008-05-01T00:00:00,east,Nyagatare,61.72858895111639,Long Rain,Long Rains
248,248,2008,2,2008-02-01T00:00:00,east,Rwamagana,65.21524829849447,Long Rain,Long Rains
249,249,2008,3,2008-03-01T00:00:00,east,Rwamagana,137.957320395485,Long Rain,Long Rains
250,250,2008,4,2008-04-01T00:00:00,east,Rwamagana,103.76912534086355,Long Rain,Long Rains
251,251,2008,5,2008-05-01T00:00:00,east,Rwamagana,68.43411765830116,Long Rain,Long Rains
252,252,2009,2,2009-02-01T00:00:00,east,Bugesera,139.75951616306716,Long Rain,Long Rains
253,253,2009,3,2009-03-01T00:00:00,east,Bugesera,121.32115862633847,Long Rain,Long Rains
254,254,2009,4,2009-04-01T00:00:00,east,Bugesera,143.23575797201872,Long Rain,Long Rains
255,255,2009,5,2009-05-01T00:00:00,east,Bugesera,120.55483870870724,Long Rain,Long Rains
256,256,2009,2,2009-02-01T00:00:00,east,Gatsibo,143.56881156901466,Long Rain,Long Rains
257,257,2009,3,2009-03-01T00:00:00,east,Gatsibo,100.8639701871651,Long Rain,Long Rains
258,258,2009,4,2009-04-01T00:00:00,east,Gatsibo,143.9901276047756,Long Rain,Long Rains
259,259,2009,5,2009-05-01T00:00:00,east,Gatsibo,132.34093320781545,Long Rain,Long Rains
260,260,2009,2,2009-02-01T00:00:00,east,Kayonza,133.0871671034058,Long Rain,Long Rains
261,261,2009,3,2009-03-01T00:00:00,east,Kayonza,108.96532844769273,Long Rain,Long Rains
262,262,2009,4,2009-04-01T00:00:00,east,Kayonza,168.6450736692348,Long Rain,Long Rains
263,263,2009,5,2009-05-01T00:00:00,east,Kayonza,123.58940218859908,Long Rain,Long Rains
264,264,2009,2,2009-02-01T00:00:00,east,Kirehe,129.9805256222305,Long Rain,Long Rains
265,265,2009,3,2009-03-01T00:00:00,east,Kirehe,131.12564722151427,Long Rain,Long Rains
266,266,2009,4,2009-04-01T00:00:00,east,Kirehe,190.51536015498783,Long Rain,Long Rains
267,267,2009,5,2009-05-01T00:00:00,east,Kirehe,117.78999595110314,Long Rain,Long Rains
268,268,2009,2,2009-02-01T00:00:00,east,Ngoma,142.81740338995195,Long Rain,Long Rains
269,269,2009,3,2009-03-01T00:00:00,east,Ngoma,124.963854039784,Long Rain,Long Rains
270,270,2009,4,2009-04-01T00:00:00,east,Ngoma,169.0161671859439,Long Rain,Long Rains
271,271,2009,5,2009-05-01T00:00:00,east,Ngoma,126.92109007700566,Long Rain,Long Rains
272,272,2009,2,2009-02-01T00:00:00,east,Nyagatare,127.01077484012886,Long Rain,Long Rains
273,273,2009,3,2009-03-01T00:00:00,east,Nyagatare,93.2954646184566,Long Rain,Long Rains
274,274,2009,4,2009-04-01T00:00:00,east,Nyagatare,112.6264998981381,Long Rain,Long Rains
275,275,2009,5,2009-05-01T00:00:00,east,Nyagatare,104.78244078070732,Long Rain,Long Rains
276,276,2009,2,2009-02-01T00:00:00,east,Rwamagana,155.80391743036697,Long Rain,Long Rains
277,277,2009,3,2009-03-01T00:00:00,east,Rwamagana,111.98942769401796,Long Rain,Long Rains
278,278,2009,4,2009-04-01T00:00:00,east,Rwamagana,157.80149451654344,Long Rain,Long Rains
279,279,2009,5,2009-05-01T00:00:00,east,Rwamagana,145.28258047476157,Long Rain,Long Rains
280,280,2010,2,2010-02-01T00:00:00,east,Bugesera,184.6108670328856,Long Rain,Long Rains
281,281,2010,3,2010-03-01T00:00:00,east,Bugesera,129.09987902863207,Long Rain,Long Rains
282,282,2010,4,2010-04-01T00:00:00,east,Bugesera,154.9555009469181,Long Rain,Long Rains
283,283,2010,5,2010-05-01T00:00:00,east,Bugesera,90.66884356699704,Long Rain,Long Rains
284,284,2010,2,2010-02-01T00:00:00,east,Gatsibo,187.74896105273623,Long Rain,Long Rains
285,285,2010,3,2010-03-01T00:00:00,east,Gatsibo,132.48866074616518,Long Rain,Long Rains
286,286,2010,4,2010-04-01T00:00:00,east,Gatsibo,126.58066871854646,Long Rain,Long Rains
287,287,2010,5,2010-05-01T00:00:00,east,Gatsibo,85.95091614421787,Long Rain,Long Rains
288,288,2010,2,2010-02-01T00:00:00,east,Kayonza,166.40403222960973,Long Rain,Long Rains
289,289,2010,3,2010-03-01T00:00:00,east,Kayonza,151.91968580880638,Long Rain,Long Rains
290,290,2010,4,2010-04-01T00:00:00,east,Kayonza,143.41348255855158,Long Rain,Long Rains
291,291,2010,5,2010-05-01T00:00:00,east,Kayonza,81.41935457435285,Long Rain,Long Rains
292,292,2010,2,2010-02-01T00:00:00,east,Kirehe,168.98981875423536,Long Rain,Long Rains
293,293,2010,3,2010-03-01T00:00:00,east,Kirehe,159.43963782447844,Long Rain,Long Rains
294,294,2010,4,2010-04-01T00:00:00,east,Kirehe,172.28002490479264,Long Rain,Long Rains
295,295,2010,5,2010-05-01T00:00:00,east,Kirehe,70.75451426311777,Long Rain,Long Rains
296,296,2010,2,2010-02-01T00:00:00,east,Ngoma,176.48288854503548,Long Rain,Long Rains
297,297,2010,3,2010-03-01T00:00:00,east,Ngoma,155.42936594125382,Long Rain,Long Rains
298,298,2010,4,2010-04-01T00:00:00,east,Ngoma,173.79474978274146,Long Rain,Long Rains
299,299,2010,5,2010-05-01T00:00:00,east,Ngoma,75.94259065655118,Long Rain,Long Rains
300,300,2010,2,2010-02-01T00:00:00,east,Nyagatare,162.57334130484497,Long Rain,Long Rains
301,301,2010,3,2010-03-01T00:00:00,east,Nyagatare,117.1711152779537,Long Rain,Long Rains
302,302,2010,4,2010-04-01T00:00:00,east,Nyagatare,103.00253707233286,Long Rain,Long Rains
303,303,2010,5,2010-05-01T00:00:00,east,Nyagatare,76.6838643961445,Long Rain,Long Rains
304,304,2010,2,2010-02-01T00:00:00,east,Rwamagana,187.70790570933292,Long Rain,Long Rains
305,305,2010,3,2010-03-01T00:00:00,east,Rwamagana,147.51970800001232,Long Rain,Long Rains
306,306,2010,4,2010-04-01T00:00:00,east,Rwamagana,151.34594981794933,Long Rain,Long Rains
307,307,2010,5,2010-05-01T00:00:00,east,Rwamagana,73.79728525938592,Long Rain,Long Rains
308,308,2011,2,2011-02-01T00:00:00,east,Bugesera,84.02397967816482,Long Rain,Long Rains
309,309,2011,3,2011-03-01T00:00:00,east,Bugesera,113.04423638750464,Long Rain,Long Rains
310,310,2011,4,2011-04-01T00:00:00,east,Bugesera,122.80264509365588,Long Rain,Long Rains
311,311,2011,5,2011-05-01T00:00:00,east,Bugesera,86.03395180669733,Long Rain,Long Rains
312,312,2011,2,2011-02-01T00:00:00,east,Gatsibo,102.21593369987689,Long Rain,Long Rains
313,313,2011,3,2011-03-01T00:00:00,east,Gatsibo,135.2436268723918,Long Rain,Long Rains
314,314,2011,4,2011-04-01T00:00:00,east,Gatsibo,165.83371984510316,Long Rain,Long Rains
315,315,2011,5,2011-05-01T00:00:00,east,Gatsibo,74.89551827718594,Long Rain,Long Rains
316,316,2011,2,2011-02-01T00:00:00,east,Kayonza,92.402794602321,Long Rain,Long Rains
317,317,2011,3,2011-03-01T00:00:00,east,Kayonza,129.40895269708847,Long Rain,Long Rains
318,318,2011,4,2011-04-01T00:00:00,east,Kayonza,174.86613975280858,Long Rain,Long Rains
319,319,2011,5,2011-05-01T00:00:00,east,Kayonza,71.70383329572063,Long Rain,Long Rains
320,320,2011,2,2011-02-01T00:00:00,east,Kirehe,95.28781565983113,Long Rain,Long Rains
321,321,2011,3,2011-03-01T00:00:00,east,Kirehe,142.99629936508677,Long Rain,Long Rains
322,322,2011,4,2011-04-01T00:00:00,east,Kirehe,168.2069397156327,Long Rain,Long Rains
323,323,2011,5,2011-05-01T00:00:00,east,Kirehe,86.58431477613408,Long Rain,Long Rains
324,324,2011,2,2011-02-01T00:00:00,east,Ngoma,99.794700705014,Long Rain,Long Rains
325,325,2011,3,2011-03-01T00:00:00,east,Ngoma,148.6707858931238,Long Rain,Long Rains
326,326,2011,4,2011-04-01T00:00:00,east,Ngoma,162.35574835333554,Long Rain,Long Rains
327,327,2011,5,2011-05-01T00:00:00,east,Ngoma,85.59802076341217,Long Rain,Long Rains
328,328,2011,2,2011-02-01T00:00:00,east,Nyagatare,79.29926510474913,Long Rain,Long Rains
329,329,2011,3,2011-03-01T00:00:00,east,Nyagatare,123.66235160147994,Long Rain,Long Rains
330,330,2011,4,2011-04-01T00:00:00,east,Nyagatare,132.39007352036228,Long Rain,Long Rains
331,331,2011,5,2011-05-01T00:00:00,east,Nyagatare,86.5997975590575,Long Rain,Long Rains
332,332,2011,2,2011-02-01T00:00:00,east,Rwamagana,106.18187384173945,Long Rain,Long Rains
333,333,2011,3,2011-03-01T00:00:00,east,Rwamagana,127.76127124215924,Long Rain,Long Rains
334,334,2011,4,2011-04-01T00:00:00,east,Rwamagana,166.02150786675767,Long Rain,Long Rains
335,335,2011,5,2011-05-01T00:00:00,east,Rwamagana,87.26130661631835,Long Rain,Long Rains
336,336,2012,2,2012-02-01T00:00:00,east,Bugesera,56.21726059695333,Long Rain,Long Rains
337,337,2012,3,2012-03-01T00:00:00,east,Bugesera,111.86244323270768,Long Rain,Long Rains
338,338,2012,4,2012-04-01T00:00:00,east,Bugesera,171.26246108813945,Long Rain,Long Rains
339,339,2012,5,2012-05-01T00:00:00,east,Bugesera,150.69828657589758,Long Rain,Long Rains
340,340,2012,2,2012-02-01T00:00:00,east,Gatsibo,64.50390473040652,Long Rain,Long Rains
341,341,2012,3,2012-03-01T00:00:00,east,Gatsibo,100.69362135939956,Long Rain,Long Rains
342,342,2012,4,2012-04-01T00:00:00,east,Gatsibo,239.83080255770588,Long Rain,Long Rains
343,343,2012,5,2012-05-01T00:00:00,east,Gatsibo,130.107386573994,Long Rain,Long Rains
344,344,2012,2,2012-02-01T00:00:00,east,Kayonza,60.950816125821326,Long Rain,Long Rains
345,345,2012,3,2012-03-01T00:00:00,east,Kayonza,101.10270588075298,Long Rain,Long Rains
346,346,2012,4,2012-04-01T00:00:00,east,Kayonza,268.4133246718281,Long Rain,Long Rains
347,347,2012,5,2012-05-01T00:00:00,east,Kayonza,147.89986717306454,Long Rain,Long Rains
348,348,2012,2,2012-02-01T00:00:00,east,Kirehe,60.383302703983006,Long Rain,Long Rains
349,349,2012,3,2012-03-01T00:00:00,east,Kirehe,108.4434372578923,Long Rain,Long Rains
350,350,2012,4,2012-04-01T00:00:00,east,Kirehe,261.5546327683563,Long Rain,Long Rains
351,351,2012,5,2012-05-01T00:00:00,east,Kirehe,162.63507877283132,Long Rain,Long Rains
352,352,2012,2,2012-02-01T00:00:00,east,Ngoma,59.57129661210064,Long Rain,Long Rains
353,353,2012,3,2012-03-01T00:00:00,east,Ngoma,116.85483069779906,Long Rain,Long Rains
354,354,2012,4,2012-04-01T00:00:00,east,Ngoma,256.67117875825795,Long Rain,Long Rains
355,355,2012,5,2012-05-01T00:00:00,east,Ngoma,168.63935174872995,Long Rain,Long Rains
356,356,2012,2,2012-02-01T00:00:00,east,Nyagatare,59.97033271894527,Long Rain,Long Rains
357,357,2012,3,2012-03-01T00:00:00,east,Nyagatare,95.53952438350116,Long Rain,Long Rains
358,358,2012,4,2012-04-01T00:00:00,east,Nyagatare,191.9109838667277,Long Rain,Long Rains
359,359,2012,5,2012-05-01T00:00:00,east,Nyagatare,155.50340966345178,Long Rain,Long Rains
360,360,2012,2,2012-02-01T00:00:00,east,Rwamagana,58.548635421849006,Long Rain,Long Rains
361,361,2012,3,2012-03-01T00:00:00,east,Rwamagana,113.7259904934536,Long Rain,Long Rains
362,362,2012,4,2012-04-01T00:00:00,east,Rwamagana,259.97496538266256,Long Rain,Long Rains
363,363,2012,5,2012-05-01T00:00:00,east,Rwamagana,138.68048926989465,Long Rain,Long Rains
364,364,2013,2,2013-02-01T00:00:00,east,Bugesera,44.48382450452231,Long Rain,Long Rains
365,365,2013,3,2013-03-01T00:00:00,east,Bugesera,193.99551138572963,Long Rain,Long Rains
366,366,2013,4,2013-04-01T00:00:00,east,Bugesera,136.92888977983165,Long Rain,Long Rains
367,367,2013,5,2013-05-01T00:00:00,east,Bugesera,47.93006973515576,Long Rain,Long Rains
368,368,2013,2,2013-02-01T00:00:00,east,Gatsibo,67.18735203857402,Long Rain,Long Rains
369,369,2013,3,2013-03-01T00:00:00,east,Gatsibo,195.34327907011996,Long Rain,Long Rains
370,370,2013,4,2013-04-01T00:00:00,east,Gatsibo,155.23570929072466,Long Rain,Long Rains
371,371,2013,5,2013-05-01T00:00:00,east,Gatsibo,69.27297263701549,Long Rain,Long Rains
372,372,2013,2,2013-02-01T00:00:00,east,Kayonza,63.16490312325418,Long Rain,Long Rains
373,373,2013,3,2013-03-01T00:00:00,east,Kayonza,176.90766873918707,Long Rain,Long Rains
374,374,2013,4,2013-04-01T00:00:00,east,Kayonza,150.33814559661306,Long Rain,Long Rains
375,375,2013,5,2013-05-01T00:00:00,east,Kayonza,71.46413299903442,Long Rain,Long Rains
376,376,2013,2,2013-02-01T00:00:00,east,Kirehe,57.08829882272477,Long Rain,Long Rains
377,377,2013,3,2013-03-01T00:00:00,east,Kirehe,183.6121490709281,Long Rain,Long Rains
378,378,2013,4,2013-04-01T00:00:00,east,Kirehe,173.40574790903568,Long Rain,Long Rains
379,379,2013,5,2013-05-01T00:00:00,east,Kirehe,52.99805637912983,Long Rain,Long Rains
380,380,2013,2,2013-02-01T00:00:00,east,Ngoma,54.22776797191469,Long Rain,Long Rains
381,381,2013,3,2013-03-01T00:00:00,east,Ngoma,184.43038569798864,Long Rain,Long Rains
382,382,2013,4,2013-04-01T00:00:00,east,Ngoma,150.20049450499928,Long Rain,Long Rains
383,383,2013,5,2013-05-01T00:00:00,east,Ngoma,52.29779789774929,Long Rain,Long Rains
384,384,2013,2,2013-02-01T00:00:00,east,Nyagatare,56.4667167943863,Long Rain,Long Rains
385,385,2013,3,2013-03-01T00:00:00,east,Nyagatare,171.6938869539669,Long Rain,Long Rains
386,386,2013,4,2013-04-01T00:00:00,east,Nyagatare,131.87199647992765,Long Rain,Long Rains
387,387,2013,5,2013-05-01T00:00:00,east,Nyagatare,74.80238965301602,Long Rain,Long Rains
388,388,2013,2,2013-02-01T00:00:00,east,Rwamagana,60.72528994594083,Long Rain,Long Rains
389,389,2013,3,2013-03-01T00:00:00,east,Rwamagana,186.43920445455885,Long Rain,Long Rains
390,390,2013,4,2013-04-01T00:00:00,east,Rwamagana,141.423134966778,Long Rain,Long Rains
391,391,2013,5,2013-05-01T00:00:00,east,Rwamagana,53.14422603736789,Long Rain,Long Rains
392,392,2014,2,2014-02-01T00:00:00,east,Bugesera,94.5169102312803,Long Rain,Long Rains
393,393,2014,3,2014-03-01T00:00:00,east,Bugesera,127.96161617772668,Long Rain,Long Rains
394,394,2014,4,2014-04-01T00:00:00,east,Bugesera,122.4125845461328,Long Rain,Long Rains
395,395,2014,5,2014-05-01T00:00:00,east,Bugesera,32.373890829239656,Long Rain,Long Rains
396,396,2014,2,2014-02-01T00:00:00,east,Gatsibo,89.3823778432446,Long Rain,Long Rains
397,397,2014,3,2014-03-01T00:00:00,east,Gatsibo,140.6268017733344,Long Rain,Long Rains
398,398,2014,4,2014-04-01T00:00:00,east,Gatsibo,131.19792314710736,Long Rain,Long Rains
399,399,2014,5,2014-05-01T00:00:00,east,Gatsibo,32.40801306250896,Long Rain,Long Rains
400,400,2014,2,2014-02-01T00:00:00,east,Kayonza,89.64145919887291,Long Rain,Long Rains
401,401,2014,3,2014-03-01T00:00:00,east,Kayonza,143.0388478493658,Long Rain,Long Rains
402,402,2014,4,2014-04-01T00:00:00,east,Kayonza,116.85634287999788,Long Rain,Long Rains
403,403,2014,5,2014-05-01T00:00:00,east,Kayonza,45.582200790791,Long Rain,Long Rains
404,404,2014,2,2014-02-01T00:00:00,east,Kirehe,93.20367192986568,Long Rain,Long Rains
405,405,2014,3,2014-03-01T00:00:00,east,Kirehe,141.10991643709414,Long Rain,Long Rains
406,406,2014,4,2014-04-01T00:00:00,east,Kirehe,142.39301097956212,Long Rain,Long Rains
407,407,2014,5,2014-05-01T00:00:00,east,Kirehe,35.690709856684805,Long Rain,Long Rains
408,408,2014,2,2014-02-01T00:00:00,east,Ngoma,91.0336446674881,Long Rain,Long Rains
409,409,2014,3,2014-03-01T00:00:00,east,Ngoma,139.2183076847178,Long Rain,Long Rains
410,410,2014,4,2014-04-01T00:00:00,east,Ngoma,135.0320862147672,Long Rain,Long Rains
411,411,2014,5,2014-05-01T00:00:00,east,Ngoma,34.70989901035386,Long Rain,Long Rains
412,412,2014,2,2014-02-01T00:00:00,east,Nyagatare,69.29714372331598,Long Rain,Long Rains
413,413,2014,3,2014-03-01T00:00:00,east,Nyagatare,135.84391337967787,Long Rain,Long Rains
414,414,2014,4,2014-04-01T00:00:00,east,Nyagatare,111.75635000783754,Long Rain,Long Rains
415,415,2014,5,2014-05-01T00:00:00,east,Nyagatare,35.01114961377047,Long Rain,Long Rains
416,416,2014,2,2014-02-01T00:00:00,east,Rwamagana,88.41366252392085,Long Rain,Long Rains
417,417,2014,3,2014-03-01T00:00:00,east,Rwamagana,135.92849495599796,Long Rain,Long Rains
418,418,2014,4,2014-04-01T00:00:00,east,Rwamagana,120.89148185420122,Long Rain,Long Rains
419,419,2014,5,2014-05-01T00:00:00,east,Rwamagana,40.56042686795943,Long Rain,Long Rains
420,420,2015,2,2015-02-01T00:00:00,east,Bugesera,67.53716721527512,Long Rain,Long Rains
421,421,2015,3,2015-03-01T00:00:00,east,Bugesera,125.49660471892022,Long Rain,Long Rains
422,422,2015,4,2015-04-01T00:00:00,east,Bugesera,162.25149282440293,Long Rain,Long Rains
423,423,2015,5,2015-05-01T00:00:00,east,Bugesera,66.95837685126405,Long Rain,Long Rains
424,424,2015,2,2015-02-01T00:00:00,east,Gatsibo,59.722317147441885,Long Rain,Long Rains
425,425,2015,3,2015-03-01T00:00:00,east,Gatsibo,131.91808932344222,Long Rain,Long Rains
426,426,2015,4,2015-04-01T00:00:00,east,Gatsibo,201.78284241223508,Long Rain,Long Rains
427,427,2015,5,2015-05-01T00:00:00,east,Gatsibo,48.72341963872597,Long Rain,Long Rains
428,428,2015,2,2015-02-01T00:00:00,east,Kayonza,55.92135615869947,Long Rain,Long Rains
429,429,2015,3,2015-03-01T00:00:00,east,Kayonza,127.21312944914126,Long Rain,Long Rains
430,430,2015,4,2015-04-01T00:00:00,east,Kayonza,202.8709250268925,Long Rain,Long Rains
431,431,2015,5,2015-05-01T00:00:00,east,Kayonza,51.12199641031884,Long Rain,Long Rains
432,432,2015,2,2015-02-01T00:00:00,east,Kirehe,59.9177005521162,Long Rain,Long Rains
433,433,2015,3,2015-03-01T00:00:00,east,Kirehe,127.90697554863034,Long Rain,Long Rains
434,434,2015,4,2015-04-01T00:00:00,east,Kirehe,228.23086151892264,Long Rain,Long Rains
435,435,2015,5,2015-05-01T00:00:00,east,Kirehe,52.74585399262699,Long Rain,Long Rains
436,436,2015,2,2015-02-01T00:00:00,east,Ngoma,57.88885806682974,Long Rain,Long Rains
437,437,2015,3,2015-03-01T00:00:00,east,Ngoma,131.94158911825383,Long Rain,Long Rains
438,438,2015,4,2015-04-01T00:00:00,east,Ngoma,217.83054236077456,Long Rain,Long Rains
439,439,2015,5,2015-05-01T00:00:00,east,Ngoma,54.79682965229405,Long Rain,Long Rains
440,440,2015,2,2015-02-01T00:00:00,east,Nyagatare,46.32913593612998,Long Rain,Long Rains
441,441,2015,3,2015-03-01T00:00:00,east,Nyagatare,124.73199880276655,Long Rain,Long Rains
442,442,2015,4,2015-04-01T00:00:00,east,Nyagatare,170.59559529438715,Long Rain,Long Rains
443,443,2015,5,2015-05-01T00:00:00,east,Nyagatare,53.151856307881445,Long Rain,Long Rains
444,444,2015,2,2015-02-01T00:00:00,east,Rwamagana,62.80491962673061,Long Rain,Long Rains
445,445,2015,3,2015-03-01T00:00:00,east,Rwamagana,131.92440851383452,Long Rain,Long Rains
446,446,2015,4,2015-04-01T00:00:00,east,Rwamagana,211.07497859972904,Long Rain,Long Rains
447,447,2015,5,2015-05-01T00:00:00,east,Rwamagana,54.51960056982551,Long Rain,Long Rains
448,448,2016,2,2016-02-01T00:00:00,east,Bugesera,57.79630232694426,Long Rain,Long Rains
449,449,2016,3,2016-03-01T00:00:00,east,Bugesera,163.27559879416998,Long Rain,Long Rains
450,450,2016,4,2016-04-01T00:00:00,east,Bugesera,156.14625887255576,Long Rain,Long Rains
451,451,2016,5,2016-05-01T00:00:00,east,Bugesera,37.05932088546847,Long Rain,Long Rains
452,452,2016,2,2016-02-01T00:00:00,east,Gatsibo,54.707936360119575,Long Rain,Long Rains
453,453,2016,3,2016-03-01T00:00:00,east,Gatsibo,155.1540028882438,Long Rain,Long Rains
454,454,2016,4,2016-04-01T00:00:00,east,Gatsibo,182.031053597796,Long Rain,Long Rains
455,455,2016,5,2016-05-01T00:00:00,east,Gatsibo,41.33835836684576,Long Rain,Long Rains
456,456,2016,2,2016-02-01T00:00:00,east,Kayonza,59.47254030694781,Long Rain,Long Rains
457,457,2016,3,2016-03-01T00:00:00,east,Kayonza,151.8581542353368,Long Rain,Long Rains
458,458,2016,4,2016-04-01T00:00:00,east,Kayonza,168.2165236956324,Long Rain,Long Rains
459,459,2016,5,2016-05-01T00:00:00,east,Kayonza,53.449096907613885,Long Rain,Long Rains
460,460,2016,2,2016-02-01T00:00:00,east,Kirehe,61.22424777798202,Long Rain,Long Rains
461,461,2016,3,2016-03-01T00:00:00,east,Kirehe,161.42645702793766,Long Rain,Long Rains
462,462,2016,4,2016-04-01T00:00:00,east,Kirehe,211.4776549612838,Long Rain,Long Rains
463,463,2016,5,2016-05-01T00:00:00,east,Kirehe,50.77444648717165,Long Rain,Long Rains
464,464,2016,2,2016-02-01T00:00:00,east,Ngoma,57.899308289901626,Long Rain,Long Rains
465,465,2016,3,2016-03-01T00:00:00,east,Ngoma,167.86640648289207,Long Rain,Long Rains
466,466,2016,4,2016-04-01T00:00:00,east,Ngoma,187.39049833914677,Long Rain,Long Rains
467,467,2016,5,2016-05-01T00:00:00,east,Ngoma,41.00066790636387,Long Rain,Long Rains
468,468,2016,2,2016-02-01T00:00:00,east,Nyagatare,35.53789028926001,Long Rain,Long Rains
469,469,2016,3,2016-03-01T00:00:00,east,Nyagatare,147.98784615227083,Long Rain,Long Rains
470,470,2016,4,2016-04-01T00:00:00,east,Nyagatare,168.6856623101276,Long Rain,Long Rains
471,471,2016,5,2016-05-01T00:00:00,east,Nyagatare,48.77672411349475,Long Rain,Long Rains
472,472,2016,2,2016-02-01T00:00:00,east,Rwamagana,52.13366524702374,Long Rain,Long Rains
473,473,2016,3,2016-03-01T00:00:00,east,Rwamagana,166.18065065220776,Long Rain,Long Rains
474,474,2016,4,2016-04-01T00:00:00,east,Rwamagana,162.25625064137608,Long Rain,Long Rains
475,475,2016,5,2016-05-01T00:00:00,east,Rwamagana,42.6112037491819,Long Rain,Long Rains
476,476,2017,2,2017-02-01T00:00:00,east,Bugesera,64.57019058188568,Long Rain,Long Rains
477,477,2017,3,2017-03-01T00:00:00,east,Bugesera,101.10410820935378,Long Rain,Long Rains
478,478,2017,4,2017-04-01T00:00:00,east,Bugesera,120.40527739450864,Long Rain,Long Rains
479,479,2017,5,2017-05-01T00:00:00,east,Bugesera,119.70585797656636,Long Rain,Long Rains
480,480,2017,2,2017-02-01T00:00:00,east,Gatsibo,69.32698086906294,Long Rain,Long Rains
481,481,2017,3,2017-03-01T00:00:00,east,Gatsibo,117.14959343437997,Long Rain,Long Rains
482,482,2017,4,2017-04-01T00:00:00,east,Gatsibo,114.1285159853208,Long Rain,Long Rains
483,483,2017,5,2017-05-01T00:00:00,east,Gatsibo,126.55023085026858,Long Rain,Long Rains
484,484,2017,2,2017-02-01T00:00:00,east,Kayonza,69.74862285962092,Long Rain,Long Rains
485,485,2017,3,2017-03-01T00:00:00,east,Kayonza,110.62244640276568,Long Rain,Long Rains
486,486,2017,4,2017-04-01T00:00:00,east,Kayonza,99.92468449385092,Long Rain,Long Rains
487,487,2017,5,2017-05-01T00:00:00,east,Kayonza,150.85667198927283,Long Rain,Long Rains
488,488,2017,2,2017-02-01T00:00:00,east,Kirehe,59.90622631157376,Long Rain,Long Rains
489,489,2017,3,2017-03-01T00:00:00,east,Kirehe,105.9857116604244,Long Rain,Long Rains
490,490,2017,4,2017-04-01T00:00:00,east,Kirehe,103.9933534267606,Long Rain,Long Rains
491,491,2017,5,2017-05-01T00:00:00,east,Kirehe,136.98623132856784,Long Rain,Long Rains
492,492,2017,2,2017-02-01T00:00:00,east,Ngoma,56.42569782358618,Long Rain,Long Rains
493,493,2017,3,2017-03-01T00:00:00,east,Ngoma,103.45169049738816,Long Rain,Long Rains
494,494,2017,4,2017-04-01T00:00:00,east,Ngoma,122.5297406402137,Long Rain,Long Rains
495,495,2017,5,2017-05-01T00:00:00,east,Ngoma,120.189911907722,Long Rain,Long Rains
496,496,2017,2,2017-02-01T00:00:00,east,Nyagatare,56.82305835626543,Long Rain,Long Rains
497,497,2017,3,2017-03-01T00:00:00,east,Nyagatare,107.68698141256274,Long Rain,Long Rains
498,498,2017,4,2017-04-01T00:00:00,east,Nyagatare,89.50733727494944,Long Rain,Long Rains
499,499,2017,5,2017-05-01T00:00:00,east,Nyagatare,110.1273731933898,Long Rain,Long Rains
500,500,2017,2,2017-02-01T00:00:00,east,Rwamagana,61.13798979119784,Long Rain,Long Rains
501,501,2017,3,2017-03-01T00:00:00,east,Rwamagana,102.80744748575408,Long Rain,Long Rains
502,502,2017,4,2017-04-01T00:00:00,east,Rwamagana,124.26173645326382,Long Rain,Long Rains
503,503,2017,5,2017-05-01T00:00:00,east,Rwamagana,121.635500965826,Long Rain,Long Rains
504,504,2018,2,2018-02-01T00:00:00,east,Bugesera,43.68777081579408,Long Rain,Long Rains
505,505,2018,3,2018-03-01T00:00:00,east,Bugesera,193.157084493316,Long Rain,Long Rains
506,506,2018,4,2018-04-01T00:00:00,east,Bugesera,275.3417094454727,Long Rain,Long Rains
507,507,2018,5,2018-05-01T00:00:00,east,Bugesera,88.72872162051065,Long Rain,Long Rains
508,508,2018,2,2018-02-01T00:00:00,east,Gatsibo,50.64598770343424,Long Rain,Long Rains
509,509,2018,3,2018-03-01T00:00:00,east,Gatsibo,230.7758010355234,Long Rain,Long Rains
510,510,2018,4,2018-04-01T00:00:00,east,Gatsibo,299.55888842222066,Long Rain,Long Rains
511,511,2018,5,2018-05-01T00:00:00,east,Gatsibo,141.84926569101114,Long Rain,Long Rains
512,512,2018,2,2018-02-01T00:00:00,east,Kayonza,44.56892343975913,Long Rain,Long Rains
513,513,2018,3,2018-03-01T00:00:00,east,Kayonza,233.80208608885076,Long Rain,Long Rains
514,514,2018,4,2018-04-01T00:00:00,east,Kayonza,294.87431220097454,Long Rain,Long Rains
515,515,2018,5,2018-05-01T00:00:00,east,Kayonza,123.04095578602558,Long Rain,Long Rains
516,516,2018,2,2018-02-01T00:00:00,east,Kirehe,42.15642887668846,Long Rain,Long Rains
517,517,2018,3,2018-03-01T00:00:00,east,Kirehe,209.10616484143603,Long Rain,Long Rains
518,518,2018,4,2018-04-01T00:00:00,east,Kirehe,304.3295956961706,Long Rain,Long Rains
519,519,2018,5,2018-05-01T00:00:00,east,Kirehe,82.99303330025064,Long Rain,Long Rains
520,520,2018,2,2018-02-01T00:00:00,east,Ngoma,47.84359334355902,Long Rain,Long Rains
521,521,2018,3,2018-03-01T00:00:00,east,Ngoma,211.69528281026624,Long Rain,Long Rains
522,522,2018,4,2018-04-01T00:00:00,east,Ngoma,306.8324096661068,Long Rain,Long Rains
523,523,2018,5,2018-05-01T00:00:00,east,Ngoma,90.01521616547535,Long Rain,Long Rains
524,524,2018,2,2018-02-01T00:00:00,east,Nyagatare,50.11097575317783,Long Rain,Long Rains
525,525,2018,3,2018-03-01T00:00:00,east,Nyagatare,212.7850651566021,Long Rain,Long Rains
526,526,2018,4,2018-04-01T00:00:00,east,Nyagatare,246.18954007737827,Long Rain,Long Rains
527,527,2018,5,2018-05-01T00:00:00,east,Nyagatare,151.933333930207,Long Rain,Long Rains
528,528,2018,2,2018-02-01T00:00:00,east,Rwamagana,44.02222113819402,Long Rain,Long Rains
529,529,2018,3,2018-03-01T00:00:00,east,Rwamagana,224.8392357358155,Long Rain,Long Rains
530,530,2018,4,2018-04-01T00:00:00,east,Rwamagana,309.2750257105833,Long Rain,Long Rains
531,531,2018,5,2018-05-01T00:00:00,east,Rwamagana,122.6965504952126,Long Rain,Long Rains
532,532,2019,2,2019-02-01T00:00:00,east,Bugesera,64.08544637989105,Long Rain,Long Rains
533,533,2019,3,2019-03-01T00:00:00,east,Bugesera,82.93593830533699,Long Rain,Long Rains
534,534,2019,4,2019-04-01T00:00:00,east,Bugesera,145.1587566879451,Long Rain,Long Rains
535,535,2019,5,2019-05-01T00:00:00,east,Bugesera,119.28074086983452,Long Rain,Long Rains
536,536,2019,2,2019-02-01T00:00:00,east,Gatsibo,71.27655589260716,Long Rain,Long Rains
537,537,2019,3,2019-03-01T00:00:00,east,Gatsibo,88.74101415650746,Long Rain,Long Rains
538,538,2019,4,2019-04-01T00:00:00,east,Gatsibo,155.35708664174206,Long Rain,Long Rains
539,539,2019,5,2019-05-01T00:00:00,east,Gatsibo,161.5743261241861,Long Rain,Long Rains
540,540,2019,2,2019-02-01T00:00:00,east,Kayonza,69.91775178917693,Long Rain,Long Rains
541,541,2019,3,2019-03-01T00:00:00,east,Kayonza,87.3659755265947,Long Rain,Long Rains
542,542,2019,4,2019-04-01T00:00:00,east,Kayonza,145.5796498517506,Long Rain,Long Rains
543,543,2019,5,2019-05-01T00:00:00,east,Kayonza,167.2615579929845,Long Rain,Long Rains
544,544,2019,2,2019-02-01T00:00:00,east,Kirehe,71.95123050550373,Long Rain,Long Rains
545,545,2019,3,2019-03-01T00:00:00,east,Kirehe,92.93624447151468,Long Rain,Long Rains
546,546,2019,4,2019-04-01T00:00:00,east,Kirehe,172.19335651044491,Long Rain,Long Rains
547,547,2019,5,2019-05-01T00:00:00,east,Kirehe,118.97723875397024,Long Rain,Long Rains
548,548,2019,2,2019-02-01T00:00:00,east,Ngoma,64.79897377675033,Long Rain,Long Rains
549,549,2019,3,2019-03-01T00:00:00,east,Ngoma,93.31679454476262,Long Rain,Long Rains
550,550,2019,4,2019-04-01T00:00:00,east,Ngoma,150.2777721557929,Long Rain,Long Rains
551,551,2019,5,2019-05-01T00:00:00,east,Ngoma,130.20647104760414,Long Rain,Long Rains
552,552,2019,2,2019-02-01T00:00:00,east,Nyagatare,57.21760736250276,Long Rain,Long Rains
553,553,2019,3,2019-03-01T00:00:00,east,Nyagatare,82.56102754552113,Long Rain,Long Rains
554,554,2019,4,2019-04-01T00:00:00,east,Nyagatare,124.51786665211318,Long Rain,Long Rains
555,555,2019,5,2019-05-01T00:00:00,east,Nyagatare,134.36360104510604,Long Rain,Long Rains
556,556,2019,2,2019-02-01T00:00:00,east,Rwamagana,64.9829229013449,Long Rain,Long Rains
557,557,2019,3,2019-03-01T00:00:00,east,Rwamagana,89.75397683798104,Long Rain,Long Rains
558,558,2019,4,2019-04-01T00:00:00,east,Rwamagana,150.3023141967443,Long Rain,Long Rains
559,559,2019,5,2019-05-01T00:00:00,east,Rwamagana,151.82469597547805,Long Rain,Long Rains
560,560,2020,2,2020-02-01T00:00:00,east,Bugesera,131.73466441937123,Long Rain,Long Rains
561,561,2020,3,2020-03-01T00:00:00,east,Bugesera,128.8028827543471,Long Rain,Long Rains
562,562,2020,4,2020-04-01T00:00:00,east,Bugesera,165.05005431732715,Long Rain,Long Rains
563,563,2020,5,2020-05-01T00:00:00,east,Bugesera,45.85558416461836,Long Rain,Long Rains
564,564,2020,2,2020-02-01T00:00:00,east,Gatsibo,110.6175474706386,Long Rain,Long Rains
565,565,2020,3,2020-03-01T00:00:00,east,Gatsibo,143.13454938627083,Long Rain,Long Rains
566,566,2020,4,2020-04-01T00:00:00,east,Gatsibo,233.81280627432335,Long Rain,Long Rains
567,567,2020,5,2020-05-01T00:00:00,east,Gatsibo,53.489140589192246,Long Rain,Long Rains
568,568,2020,2,2020-02-01T00:00:00,east,Kayonza,126.94372615903896,Long Rain,Long Rains
569,569,2020,3,2020-03-01T00:00:00,east,Kayonza,153.55650533361407,Long Rain,Long Rains
570,570,2020,4,2020-04-01T00:00:00,east,Kayonza,235.10996699576603,Long Rain,Long Rains
571,571,2020,5,2020-05-01T00:00:00,east,Kayonza,53.25800487773673,Long Rain,Long Rains
572,572,2020,2,2020-02-01T00:00:00,east,Kirehe,145.2890863059087,Long Rain,Long Rains
573,573,2020,3,2020-03-01T00:00:00,east,Kirehe,140.4259099184044,Long Rain,Long Rains
574,574,2020,4,2020-04-01T00:00:00,east,Kirehe,211.2551464184811,Long Rain,Long Rains
575,575,2020,5,2020-05-01T00:00:00,east,Kirehe,53.522406852058914,Long Rain,Long Rains
576,576,2020,2,2020-02-01T00:00:00,east,Ngoma,132.78721194645507,Long Rain,Long Rains
577,577,2020,3,2020-03-01T00:00:00,east,Ngoma,140.22733697032032,Long Rain,Long Rains
578,578,2020,4,2020-04-01T00:00:00,east,Ngoma,197.03933762674785,Long Rain,Long Rains
579,579,2020,5,2020-05-01T00:00:00,east,Ngoma,50.84591639427092,Long Rain,Long Rains
580,580,2020,2,2020-02-01T00:00:00,east,Nyagatare,67.54828340271162,Long Rain,Long Rains
581,581,2020,3,2020-03-01T00:00:00,east,Nyagatare,127.41679489153212,Long Rain,Long Rains
582,582,2020,4,2020-04-01T00:00:00,east,Nyagatare,190.6609618209281,Long Rain,Long Rains
583,583,2020,5,2020-05-01T00:00:00,east,Nyagatare,56.46241001252088,Long Rain,Long Rains
584,584,2020,2,2020-02-01T00:00:00,east,Rwamagana,132.84239546788683,Long Rain,Long Rains
585,585,2020,3,2020-03-01T00:00:00,east,Rwamagana,134.8411727068619,Long Rain,Long Rains
586,586,2020,4,2020-04-01T00:00:00,east,Rwamagana,206.2746591036958,Long Rain,Long Rains
587,587,2020,5,2020-05-01T00:00:00,east,Rwamagana,48.42556367994177,Long Rain,Long Rains
588,588,2021,2,2021-02-01T00:00:00,east,Bugesera,79.23359329885395,Long Rain,Long Rains
589,589,2021,3,2021-03-01T00:00:00,east,Bugesera,115.43883036416092,Long Rain,Long Rains
590,590,2021,4,2021-04-01T00:00:00,east,Bugesera,118.99240467715256,Long Rain,Long Rains
591,591,2021,5,2021-05-01T00:00:00,east,Bugesera,159.10924531927262,Long Rain,Long Rains
592,592,2021,2,2021-02-01T00:00:00,east,Gatsibo,78.98149294899507,Long Rain,Long Rains
593,593,2021,3,2021-03-01T00:00:00,east,Gatsibo,126.16039883659612,Long Rain,Long Rains
594,594,2021,4,2021-04-01T00:00:00,east,Gatsibo,134.29528897225998,Long Rain,Long Rains
595,595,2021,5,2021-05-01T00:00:00,east,Gatsibo,190.53202173041169,Long Rain,Long Rains
596,596,2021,2,2021-02-01T00:00:00,east,Kayonza,82.03339176023174,Long Rain,Long Rains
597,597,2021,3,2021-03-01T00:00:00,east,Kayonza,122.26021494347636,Long Rain,Long Rains
598,598,2021,4,2021-04-01T00:00:00,east,Kayonza,126.88549793727653,Long Rain,Long Rains
599,599,2021,5,2021-05-01T00:00:00,east,Kayonza,200.6781904999833,Long Rain,Long Rains
600,600,2021,2,2021-02-01T00:00:00,east,Kirehe,85.71063193102434,Long Rain,Long Rains
601,601,2021,3,2021-03-01T00:00:00,east,Kirehe,117.7108954165894,Long Rain,Long Rains
602,602,2021,4,2021-04-01T00:00:00,east,Kirehe,158.28322080773088,Long Rain,Long Rains
603,603,2021,5,2021-05-01T00:00:00,east,Kirehe,180.55251492788764,Long Rain,Long Rains
604,604,2021,2,2021-02-01T00:00:00,east,Ngoma,82.54670904691964,Long Rain,Long Rains
605,605,2021,3,2021-03-01T00:00:00,east,Ngoma,120.78252597177756,Long Rain,Long Rains
606,606,2021,4,2021-04-01T00:00:00,east,Ngoma,151.43152702487322,Long Rain,Long Rains
607,607,2021,5,2021-05-01T00:00:00,east,Ngoma,176.91162104348754,Long Rain,Long Rains
608,608,2021,2,2021-02-01T00:00:00,east,Nyagatare,68.14475165555781,Long Rain,Long Rains
609,609,2021,3,2021-03-01T00:00:00,east,Nyagatare,112.7120192930212,Long Rain,Long Rains
610,610,2021,4,2021-04-01T00:00:00,east,Nyagatare,118.30014506721346,Long Rain,Long Rains
611,611,2021,5,2021-05-01T00:00:00,east,Nyagatare,145.5715132109534,Long Rain,Long Rains
612,612,2021,2,2021-02-01T00:00:00,east,Rwamagana,84.14657603955297,Long Rain,Long Rains
613,613,2021,3,2021-03-01T00:00:00,east,Rwamagana,119.07638166028792,Long Rain,Long Rains
614,614,2021,4,2021-04-01T00:00:00,east,Rwamagana,135.41621166276056,Long Rain,Long Rains
615,615,2021,5,2021-05-01T00:00:00,east,Rwamagana,198.8972517684805,Long Rain,Long Rains
616,616,2022,2,2022-02-01T00:00:00,east,Bugesera,118.25066841232292,Long Rain,Long Rains
617,617,2022,3,2022-03-01T00:00:00,east,Bugesera,108.0674767164042,Long Rain,Long Rains
618,618,2022,4,2022-04-01T00:00:00,east,Bugesera,157.2785628237239,Long Rain,Long Rains
619,619,2022,5,2022-05-01T00:00:00,east,Bugesera,80.08673350042436,Long Rain,Long Rains
620,620,2022,2,2022-02-01T00:00:00,east,Gatsibo,129.43520245954542,Long Rain,Long Rains
621,621,2022,3,2022-03-01T00:00:00,east,Gatsibo,110.83765570211692,Long Rain,Long Rains
622,622,2022,4,2022-04-01T00:00:00,east,Gatsibo,194.91168881181147,Long Rain,Long Rains
623,623,2022,5,2022-05-01T00:00:00,east,Gatsibo,94.21698341422348,Long Rain,Long Rains
624,624,2022,2,2022-02-01T00:00:00,east,Kayonza,117.10033915125972,Long Rain,Long Rains
625,625,2022,3,2022-03-01T00:00:00,east,Kayonza,112.34984375150702,Long Rain,Long Rains
626,626,2022,4,2022-04-01T00:00:00,east,Kayonza,218.53120623463224,Long Rain,Long Rains
627,627,2022,5,2022-05-01T00:00:00,east,Kayonza,87.11273872559742,Long Rain,Long Rains
628,628,2022,2,2022-02-01T00:00:00,east,Kirehe,110.67307373769,Long Rain,Long Rains
629,629,2022,3,2022-03-01T00:00:00,east,Kirehe,117.48101690818253,Long Rain,Long Rains
630,630,2022,4,2022-04-01T00:00:00,east,Kirehe,199.2572881482757,Long Rain,Long Rains
631,631,2022,5,2022-05-01T00:00:00,east,Kirehe,79.29441224899803,Long Rain,Long Rains
632,632,2022,2,2022-02-01T00:00:00,east,Ngoma,115.07941071545515,Long Rain,Long Rains
633,633,2022,3,2022-03-01T00:00:00,east,Ngoma,115.69320511547758,Long Rain,Long Rains
634,634,2022,4,2022-04-01T00:00:00,east,Ngoma,192.07018372876917,Long Rain,Long Rains
635,635,2022,5,2022-05-01T00:00:00,east,Ngoma,80.56274419761485,Long Rain,Long Rains
636,636,2022,2,2022-02-01T00:00:00,east,Nyagatare,112.1881608854392,Long Rain,Long Rains
637,637,2022,3,2022-03-01T00:00:00,east,Nyagatare,101.34549786853373,Long Rain,Long Rains
638,638,2022,4,2022-04-01T00:00:00,east,Nyagatare,132.69484285889578,Long Rain,Long Rains
639,639,2022,5,2022-05-01T00:00:00,east,Nyagatare,98.8735176733475,Long Rain,Long Rains
640,640,2022,2,2022-02-01T00:00:00,east,Rwamagana,120.2021888976256,Long Rain,Long Rains
641,641,2022,3,2022-03-01T00:00:00,east,Rwamagana,111.75179902653196,Long Rain,Long Rains
642,642,2022,4,2022-04-01T00:00:00,east,Rwamagana,188.0685793565144,Long Rain,Long Rains
643,643,2022,5,2022-05-01T00:00:00,east,Rwamagana,94.03797503077476,Long Rain,Long Rains
644,644,2023,2,2023-02-01T00:00:00,east,Bugesera,33.14301990870946,Long Rain,Long Rains
645,645,2023,3,2023-03-01T00:00:00,east,Bugesera,149.94560558558683,Long Rain,Long Rains
646,646,2023,4,2023-04-01T00:00:00,east,Bugesera,178.72511977968995,Long Rain,Long Rains
647,647,2023,5,2023-05-01T00:00:00,east,Bugesera,71.22632357530236,Long Rain,Long Rains
648,648,2023,2,2023-02-01T00:00:00,east,Gatsibo,27.92316328899454,Long Rain,Long Rains
649,649,2023,3,2023-03-01T00:00:00,east,Gatsibo,152.98993338435122,Long Rain,Long Rains
650,650,2023,4,2023-04-01T00:00:00,east,Gatsibo,178.0953409838849,Long Rain,Long Rains
651,651,2023,5,2023-05-01T00:00:00,east,Gatsibo,93.84775276028846,Long Rain,Long Rains
652,652,2023,2,2023-02-01T00:00:00,east,Kayonza,29.321588987514644,Long Rain,Long Rains
653,653,2023,3,2023-03-01T00:00:00,east,Kayonza,162.77493801502095,Long Rain,Long Rains
654,654,2023,4,2023-04-01T00:00:00,east,Kayonza,154.88263834023422,Long Rain,Long Rains
655,655,2023,5,2023-05-01T00:00:00,east,Kayonza,65.49752061582754,Long Rain,Long Rains
656,656,2023,2,2023-02-01T00:00:00,east,Kirehe,34.65275427427803,Long Rain,Long Rains
657,657,2023,3,2023-03-01T00:00:00,east,Kirehe,166.3480485809389,Long Rain,Long Rains
658,658,2023,4,2023-04-01T00:00:00,east,Kirehe,177.36921682090926,Long Rain,Long Rains
659,659,2023,5,2023-05-01T00:00:00,east,Kirehe,67.00709009365781,Long Rain,Long Rains
660,660,2023,2,2023-02-01T00:00:00,east,Ngoma,34.59509301379541,Long Rain,Long Rains
661,661,2023,3,2023-03-01T00:00:00,east,Ngoma,171.2238506789855,Long Rain,Long Rains
662,662,2023,4,2023-04-01T00:00:00,east,Ngoma,188.77619892802144,Long Rain,Long Rains
663,663,2023,5,2023-05-01T00:00:00,east,Ngoma,70.10487871867936,Long Rain,Long Rains
664,664,2023,2,2023-02-01T00:00:00,east,Nyagatare,27.16058198078559,Long Rain,Long Rains
665,665,2023,3,2023-03-01T00:00:00,east,Nyagatare,139.92497679551877,Long Rain,Long Rains
666,666,2023,4,2023-04-01T00:00:00,east,Nyagatare,175.15645026862083,Long Rain,Long Rains
667,667,2023,5,2023-05-01T00:00:00,east,Nyagatare,107.4602696414544,Long Rain,Long Rains
668,668,2023,2,2023-02-01T00:00:00,east,Rwamagana,29.483921625857796,Long Rain,Long Rains
669,669,2023,3,2023-03-01T00:00:00,east,Rwamagana,161.81606696585433,Long Rain,Long Rains
670,670,2023,4,2023-04-01T00:00:00,east,Rwamagana,174.52045831286128,Long Rain,Long Rains
671,671,2023,5,2023-05-01T00:00:00,east,Rwamagana,78.45094911603583,Long Rain,Long Rains
672,672,2000,9,2000-09-01T00:00:00,east,Bugesera,21.22004105081353,Short Rain,Short Rains
673,673,2000,10,2000-10-01T00:00:00,east,Bugesera,100.2465855387364,Short Rain,Short Rains
674,674,2000,11,2000-11-01T00:00:00,east,Bugesera,129.91940646739877,Short Rain,Short Rains
675,675,2000,9,2000-09-01T00:00:00,east,Gatsibo,31.0136140477025,Short Rain,Short Rains
676,676,2000,10,2000-10-01T00:00:00,east,Gatsibo,134.07727392429848,Short Rain,Short Rains
677,677,2000,11,2000-11-01T00:00:00,east,Gatsibo,156.25813349254514,Short Rain,Short Rains
678,678,2000,9,2000-09-01T00:00:00,east,Kayonza,28.030737700761154,Short Rain,Short Rains
679,679,2000,10,2000-10-01T00:00:00,east,Kayonza,100.46490338062944,Short Rain,Short Rains
680,680,2000,11,2000-11-01T00:00:00,east,Kayonza,137.88106616428422,Short Rain,Short Rains
681,681,2000,9,2000-09-01T00:00:00,east,Kirehe,26.61523821682596,Short Rain,Short Rains
682,682,2000,10,2000-10-01T00:00:00,east,Kirehe,78.05589229356113,Short Rain,Short Rains
683,683,2000,11,2000-11-01T00:00:00,east,Kirehe,134.1748999236935,Short Rain,Short Rains
684,684,2000,9,2000-09-01T00:00:00,east,Ngoma,24.5831602031797,Short Rain,Short Rains
685,685,2000,10,2000-10-01T00:00:00,east,Ngoma,102.50401489440132,Short Rain,Short Rains
686,686,2000,11,2000-11-01T00:00:00,east,Ngoma,135.8588303359793,Short Rain,Short Rains
687,687,2000,9,2000-09-01T00:00:00,east,Nyagatare,33.8887946890401,Short Rain,Short Rains
688,688,2000,10,2000-10-01T00:00:00,east,Nyagatare,154.9302460274583,Short Rain,Short Rains
689,689,2000,11,2000-11-01T00:00:00,east,Nyagatare,145.7689844963538,Short Rain,Short Rains
690,690,2000,9,2000-09-01T00:00:00,east,Rwamagana,20.13762925943332,Short Rain,Short Rains
691,691,2000,10,2000-10-01T00:00:00,east,Rwamagana,103.72533254830084,Short Rain,Short Rains
692,692,2000,11,2000-11-01T00:00:00,east,Rwamagana,140.62336214949153,Short Rain,Short Rains
693,693,2001,9,2001-09-01T00:00:00,east,Bugesera,72.90337220522837,Short Rain,Short Rains
694,694,2001,10,2001-10-01T00:00:00,east,Bugesera,162.31442290092116,Short Rain,Short Rains
695,695,2001,11,2001-11-01T00:00:00,east,Bugesera,179.8781038638637,Short Rain,Short Rains
696,696,2001,9,2001-09-01T00:00:00,east,Gatsibo,96.0896550640674,Short Rain,Short Rains
697,697,2001,10,2001-10-01T00:00:00,east,Gatsibo,214.13400040455028,Short Rain,Short Rains
698,698,2001,11,2001-11-01T00:00:00,east,Gatsibo,155.62900860084997,Short Rain,Short Rains
699,699,2001,9,2001-09-01T00:00:00,east,Kayonza,71.2355381787222,Short Rain,Short Rains
700,700,2001,10,2001-10-01T00:00:00,east,Kayonza,179.93599670343292,Short Rain,Short Rains
701,701,2001,11,2001-11-01T00:00:00,east,Kayonza,160.09570820811336,Short Rain,Short Rains
702,702,2001,9,2001-09-01T00:00:00,east,Kirehe,66.79431050402636,Short Rain,Short Rains
703,703,2001,10,2001-10-01T00:00:00,east,Kirehe,154.32382838637744,Short Rain,Short Rains
704,704,2001,11,2001-11-01T00:00:00,east,Kirehe,158.83717333624878,Short Rain,Short Rains
705,705,2001,9,2001-09-01T00:00:00,east,Ngoma,76.5080333302,Short Rain,Short Rains
706,706,2001,10,2001-10-01T00:00:00,east,Ngoma,194.39101916601732,Short Rain,Short Rains
707,707,2001,11,2001-11-01T00:00:00,east,Ngoma,186.76937659297948,Short Rain,Short Rains
708,708,2001,9,2001-09-01T00:00:00,east,Nyagatare,110.633889131711,Short Rain,Short Rains
709,709,2001,10,2001-10-01T00:00:00,east,Nyagatare,177.49498492340658,Short Rain,Short Rains
710,710,2001,11,2001-11-01T00:00:00,east,Nyagatare,155.54675362374098,Short Rain,Short Rains
711,711,2001,9,2001-09-01T00:00:00,east,Rwamagana,71.24176995824045,Short Rain,Short Rains
712,712,2001,10,2001-10-01T00:00:00,east,Rwamagana,209.3747356853584,Short Rain,Short Rains
713,713,2001,11,2001-11-01T00:00:00,east,Rwamagana,184.0018222936944,Short Rain,Short Rains
714,714,2002,9,2002-09-01T00:00:00,east,Bugesera,21.201460134599685,Short Rain,Short Rains
715,715,2002,10,2002-10-01T00:00:00,east,Bugesera,78.44813841921878,Short Rain,Short Rains
716,716,2002,11,2002-11-01T00:00:00,east,Bugesera,108.32707301012458,Short Rain,Short Rains
717,717,2002,9,2002-09-01T00:00:00,east,Gatsibo,34.63809812060178,Short Rain,Short Rains
718,718,2002,10,2002-10-01T00:00:00,east,Gatsibo,129.84972466637396,Short Rain,Short Rains
719,719,2002,11,2002-11-01T00:00:00,east,Gatsibo,105.83414732976156,Short Rain,Short Rains
720,720,2002,9,2002-09-01T00:00:00,east,Kayonza,24.031490878701383,Short Rain,Short Rains
721,721,2002,10,2002-10-01T00:00:00,east,Kayonza,115.03707918161264,Short Rain,Short Rains
722,722,2002,11,2002-11-01T00:00:00,east,Kayonza,108.32923247771843,Short Rain,Short Rains
723,723,2002,9,2002-09-01T00:00:00,east,Kirehe,22.42879516070272,Short Rain,Short Rains
724,724,2002,10,2002-10-01T00:00:00,east,Kirehe,88.11299105860078,Short Rain,Short Rains
725,725,2002,11,2002-11-01T00:00:00,east,Kirehe,102.84510296236832,Short Rain,Short Rains
726,726,2002,9,2002-09-01T00:00:00,east,Ngoma,20.66875762995894,Short Rain,Short Rains
727,727,2002,10,2002-10-01T00:00:00,east,Ngoma,101.94541428838926,Short Rain,Short Rains
728,728,2002,11,2002-11-01T00:00:00,east,Ngoma,107.04587860250795,Short Rain,Short Rains
729,729,2002,9,2002-09-01T00:00:00,east,Nyagatare,43.92591796948968,Short Rain,Short Rains
730,730,2002,10,2002-10-01T00:00:00,east,Nyagatare,133.430028126761,Short Rain,Short Rains
731,731,2002,11,2002-11-01T00:00:00,east,Nyagatare,102.70082127910192,Short Rain,Short Rains
732,732,2002,9,2002-09-01T00:00:00,east,Rwamagana,20.56517043140055,Short Rain,Short Rains
733,733,2002,10,2002-10-01T00:00:00,east,Rwamagana,107.8531360263529,Short Rain,Short Rains
734,734,2002,11,2002-11-01T00:00:00,east,Rwamagana,99.63253379456624,Short Rain,Short Rains
735,735,2003,9,2003-09-01T00:00:00,east,Bugesera,70.15398931689124,Short Rain,Short Rains
736,736,2003,10,2003-10-01T00:00:00,east,Bugesera,114.07539734026722,Short Rain,Short Rains
737,737,2003,11,2003-11-01T00:00:00,east,Bugesera,116.02367186277506,Short Rain,Short Rains
738,738,2003,9,2003-09-01T00:00:00,east,Gatsibo,85.20731628812968,Short Rain,Short Rains
739,739,2003,10,2003-10-01T00:00:00,east,Gatsibo,110.55682220631893,Short Rain,Short Rains
740,740,2003,11,2003-11-01T00:00:00,east,Gatsibo,108.20703623351204,Short Rain,Short Rains
741,741,2003,9,2003-09-01T00:00:00,east,Kayonza,64.96295098516653,Short Rain,Short Rains
742,742,2003,10,2003-10-01T00:00:00,east,Kayonza,96.9585048659181,Short Rain,Short Rains
743,743,2003,11,2003-11-01T00:00:00,east,Kayonza,103.93893699006148,Short Rain,Short Rains
744,744,2003,9,2003-09-01T00:00:00,east,Kirehe,50.16797011903284,Short Rain,Short Rains
745,745,2003,10,2003-10-01T00:00:00,east,Kirehe,96.96540559466484,Short Rain,Short Rains
746,746,2003,11,2003-11-01T00:00:00,east,Kirehe,104.67801470674112,Short Rain,Short Rains
747,747,2003,9,2003-09-01T00:00:00,east,Ngoma,62.81150429187016,Short Rain,Short Rains
748,748,2003,10,2003-10-01T00:00:00,east,Ngoma,115.92949747613922,Short Rain,Short Rains
749,749,2003,11,2003-11-01T00:00:00,east,Ngoma,115.33291527110288,Short Rain,Short Rains
750,750,2003,9,2003-09-01T00:00:00,east,Nyagatare,93.89794272530555,Short Rain,Short Rains
751,751,2003,10,2003-10-01T00:00:00,east,Nyagatare,109.65245787445046,Short Rain,Short Rains
752,752,2003,11,2003-11-01T00:00:00,east,Nyagatare,102.70127517336589,Short Rain,Short Rains
753,753,2003,9,2003-09-01T00:00:00,east,Rwamagana,80.79891987471709,Short Rain,Short Rains
754,754,2003,10,2003-10-01T00:00:00,east,Rwamagana,105.05769821197374,Short Rain,Short Rains
755,755,2003,11,2003-11-01T00:00:00,east,Rwamagana,108.74387545358437,Short Rain,Short Rains
756,756,2004,9,2004-09-01T00:00:00,east,Bugesera,61.8970962781235,Short Rain,Short Rains
757,757,2004,10,2004-10-01T00:00:00,east,Bugesera,106.08539766599588,Short Rain,Short Rains
758,758,2004,11,2004-11-01T00:00:00,east,Bugesera,208.8855245205565,Short Rain,Short Rains
759,759,2004,9,2004-09-01T00:00:00,east,Gatsibo,103.62960282389068,Short Rain,Short Rains
760,760,2004,10,2004-10-01T00:00:00,east,Gatsibo,114.5539268119128,Short Rain,Short Rains
761,761,2004,11,2004-11-01T00:00:00,east,Gatsibo,178.47150762726912,Short Rain,Short Rains
762,762,2004,9,2004-09-01T00:00:00,east,Kayonza,70.20017875116224,Short Rain,Short Rains
763,763,2004,10,2004-10-01T00:00:00,east,Kayonza,107.49096044072895,Short Rain,Short Rains
764,764,2004,11,2004-11-01T00:00:00,east,Kayonza,177.12393964155336,Short Rain,Short Rains
765,765,2004,9,2004-09-01T00:00:00,east,Kirehe,56.51678124555343,Short Rain,Short Rains
766,766,2004,10,2004-10-01T00:00:00,east,Kirehe,97.70748252715592,Short Rain,Short Rains
767,767,2004,11,2004-11-01T00:00:00,east,Kirehe,184.90051121519429,Short Rain,Short Rains
768,768,2004,9,2004-09-01T00:00:00,east,Ngoma,62.44346776941361,Short Rain,Short Rains
769,769,2004,10,2004-10-01T00:00:00,east,Ngoma,120.14957897860796,Short Rain,Short Rains
770,770,2004,11,2004-11-01T00:00:00,east,Ngoma,215.09417303229336,Short Rain,Short Rains
771,771,2004,9,2004-09-01T00:00:00,east,Nyagatare,97.31718349882767,Short Rain,Short Rains
772,772,2004,10,2004-10-01T00:00:00,east,Nyagatare,110.98951772701707,Short Rain,Short Rains
773,773,2004,11,2004-11-01T00:00:00,east,Nyagatare,125.82610785570962,Short Rain,Short Rains
774,774,2004,9,2004-09-01T00:00:00,east,Rwamagana,82.61436584196672,Short Rain,Short Rains
775,775,2004,10,2004-10-01T00:00:00,east,Rwamagana,113.74481548897572,Short Rain,Short Rains
776,776,2004,11,2004-11-01T00:00:00,east,Rwamagana,211.3945392429076,Short Rain,Short Rains
777,777,2005,9,2005-09-01T00:00:00,east,Bugesera,80.70519315138309,Short Rain,Short Rains
778,778,2005,10,2005-10-01T00:00:00,east,Bugesera,170.5963350888504,Short Rain,Short Rains
779,779,2005,11,2005-11-01T00:00:00,east,Bugesera,73.52672218989568,Short Rain,Short Rains
780,780,2005,9,2005-09-01T00:00:00,east,Gatsibo,125.30513108933977,Short Rain,Short Rains
781,781,2005,10,2005-10-01T00:00:00,east,Gatsibo,172.29885391213216,Short Rain,Short Rains
782,782,2005,11,2005-11-01T00:00:00,east,Gatsibo,75.41456460188991,Short Rain,Short Rains
783,783,2005,9,2005-09-01T00:00:00,east,Kayonza,80.37422570881334,Short Rain,Short Rains
784,784,2005,10,2005-10-01T00:00:00,east,Kayonza,152.59015491272203,Short Rain,Short Rains
785,785,2005,11,2005-11-01T00:00:00,east,Kayonza,75.3350173528301,Short Rain,Short Rains
786,786,2005,9,2005-09-01T00:00:00,east,Kirehe,59.36683757989004,Short Rain,Short Rains
787,787,2005,10,2005-10-01T00:00:00,east,Kirehe,135.68054806046035,Short Rain,Short Rains
788,788,2005,11,2005-11-01T00:00:00,east,Kirehe,73.56003756723285,Short Rain,Short Rains
789,789,2005,9,2005-09-01T00:00:00,east,Ngoma,69.45261932605715,Short Rain,Short Rains
790,790,2005,10,2005-10-01T00:00:00,east,Ngoma,189.26467803703412,Short Rain,Short Rains
791,791,2005,11,2005-11-01T00:00:00,east,Ngoma,82.46274076446485,Short Rain,Short Rains
792,792,2005,9,2005-09-01T00:00:00,east,Nyagatare,100.2299452967272,Short Rain,Short Rains
793,793,2005,10,2005-10-01T00:00:00,east,Nyagatare,145.9292665496252,Short Rain,Short Rains
794,794,2005,11,2005-11-01T00:00:00,east,Nyagatare,69.06026759179197,Short Rain,Short Rains
795,795,2005,9,2005-09-01T00:00:00,east,Rwamagana,89.36096043718808,Short Rain,Short Rains
796,796,2005,10,2005-10-01T00:00:00,east,Rwamagana,209.1112473227948,Short Rain,Short Rains
797,797,2005,11,2005-11-01T00:00:00,east,Rwamagana,80.30026850371219,Short Rain,Short Rains
798,798,2006,9,2006-09-01T00:00:00,east,Bugesera,34.00651092833296,Short Rain,Short Rains
799,799,2006,10,2006-10-01T00:00:00,east,Bugesera,64.66692188786504,Short Rain,Short Rains
800,800,2006,11,2006-11-01T00:00:00,east,Bugesera,212.87351658734872,Short Rain,Short Rains
801,801,2006,9,2006-09-01T00:00:00,east,Gatsibo,46.75939236942947,Short Rain,Short Rains
802,802,2006,10,2006-10-01T00:00:00,east,Gatsibo,79.4091922905199,Short Rain,Short Rains
803,803,2006,11,2006-11-01T00:00:00,east,Gatsibo,193.1360456656113,Short Rain,Short Rains
804,804,2006,9,2006-09-01T00:00:00,east,Kayonza,44.04791068220164,Short Rain,Short Rains
805,805,2006,10,2006-10-01T00:00:00,east,Kayonza,65.91412857157636,Short Rain,Short Rains
806,806,2006,11,2006-11-01T00:00:00,east,Kayonza,191.0171124766675,Short Rain,Short Rains
807,807,2006,9,2006-09-01T00:00:00,east,Kirehe,36.29566463296796,Short Rain,Short Rains
808,808,2006,10,2006-10-01T00:00:00,east,Kirehe,55.14093044308477,Short Rain,Short Rains
809,809,2006,11,2006-11-01T00:00:00,east,Kirehe,202.157795246658,Short Rain,Short Rains
810,810,2006,9,2006-09-01T00:00:00,east,Ngoma,36.67141934377663,Short Rain,Short Rains
811,811,2006,10,2006-10-01T00:00:00,east,Ngoma,70.03280910452673,Short Rain,Short Rains
812,812,2006,11,2006-11-01T00:00:00,east,Ngoma,210.3680401801741,Short Rain,Short Rains
813,813,2006,9,2006-09-01T00:00:00,east,Nyagatare,53.601269484470414,Short Rain,Short Rains
814,814,2006,10,2006-10-01T00:00:00,east,Nyagatare,88.39630213213435,Short Rain,Short Rains
815,815,2006,11,2006-11-01T00:00:00,east,Nyagatare,172.07528509439533,Short Rain,Short Rains
816,816,2006,9,2006-09-01T00:00:00,east,Rwamagana,38.70482848057723,Short Rain,Short Rains
817,817,2006,10,2006-10-01T00:00:00,east,Rwamagana,66.0615536304005,Short Rain,Short Rains
818,818,2006,11,2006-11-01T00:00:00,east,Rwamagana,195.13997854964745,Short Rain,Short Rains
819,819,2007,9,2007-09-01T00:00:00,east,Bugesera,64.31167220650772,Short Rain,Short Rains
820,820,2007,10,2007-10-01T00:00:00,east,Bugesera,93.56995347600702,Short Rain,Short Rains
821,821,2007,11,2007-11-01T00:00:00,east,Bugesera,116.55018695552737,Short Rain,Short Rains
822,822,2007,9,2007-09-01T00:00:00,east,Gatsibo,82.1211996247163,Short Rain,Short Rains
823,823,2007,10,2007-10-01T00:00:00,east,Gatsibo,109.84556083642404,Short Rain,Short Rains
824,824,2007,11,2007-11-01T00:00:00,east,Gatsibo,120.46122712970993,Short Rain,Short Rains
825,825,2007,9,2007-09-01T00:00:00,east,Kayonza,66.03656345891538,Short Rain,Short Rains
826,826,2007,10,2007-10-01T00:00:00,east,Kayonza,94.25594762709456,Short Rain,Short Rains
827,827,2007,11,2007-11-01T00:00:00,east,Kayonza,119.4671623619163,Short Rain,Short Rains
828,828,2007,9,2007-09-01T00:00:00,east,Kirehe,60.30641776722645,Short Rain,Short Rains
829,829,2007,10,2007-10-01T00:00:00,east,Kirehe,93.44913012775372,Short Rain,Short Rains
830,830,2007,11,2007-11-01T00:00:00,east,Kirehe,116.75836650691406,Short Rain,Short Rains
831,831,2007,9,2007-09-01T00:00:00,east,Ngoma,65.85479992532466,Short Rain,Short Rains
832,832,2007,10,2007-10-01T00:00:00,east,Ngoma,113.28745763015354,Short Rain,Short Rains
833,833,2007,11,2007-11-01T00:00:00,east,Ngoma,125.18221856030252,Short Rain,Short Rains
834,834,2007,9,2007-09-01T00:00:00,east,Nyagatare,84.78316740269996,Short Rain,Short Rains
835,835,2007,10,2007-10-01T00:00:00,east,Nyagatare,108.83768593265548,Short Rain,Short Rains
836,836,2007,11,2007-11-01T00:00:00,east,Nyagatare,117.99044629672484,Short Rain,Short Rains
837,837,2007,9,2007-09-01T00:00:00,east,Rwamagana,70.64062551185745,Short Rain,Short Rains
838,838,2007,10,2007-10-01T00:00:00,east,Rwamagana,115.25525791541034,Short Rain,Short Rains
839,839,2007,11,2007-11-01T00:00:00,east,Rwamagana,119.37936515663029,Short Rain,Short Rains
840,840,2008,9,2008-09-01T00:00:00,east,Bugesera,49.138081499883455,Short Rain,Short Rains
841,841,2008,10,2008-10-01T00:00:00,east,Bugesera,98.756550103771,Short Rain,Short Rains
842,842,2008,11,2008-11-01T00:00:00,east,Bugesera,93.1898035715531,Short Rain,Short Rains
843,843,2008,9,2008-09-01T00:00:00,east,Gatsibo,79.19603345064968,Short Rain,Short Rains
844,844,2008,10,2008-10-01T00:00:00,east,Gatsibo,127.87609483794697,Short Rain,Short Rains
845,845,2008,11,2008-11-01T00:00:00,east,Gatsibo,99.73675576273348,Short Rain,Short Rains
846,846,2008,9,2008-09-01T00:00:00,east,Kayonza,71.23837856565784,Short Rain,Short Rains
847,847,2008,10,2008-10-01T00:00:00,east,Kayonza,121.06071488660496,Short Rain,Short Rains
848,848,2008,11,2008-11-01T00:00:00,east,Kayonza,106.70606135928716,Short Rain,Short Rains
849,849,2008,9,2008-09-01T00:00:00,east,Kirehe,72.48204447304761,Short Rain,Short Rains
850,850,2008,10,2008-10-01T00:00:00,east,Kirehe,126.15371685236084,Short Rain,Short Rains
851,851,2008,11,2008-11-01T00:00:00,east,Kirehe,99.63342168478322,Short Rain,Short Rains
852,852,2008,9,2008-09-01T00:00:00,east,Ngoma,72.18276469330047,Short Rain,Short Rains
853,853,2008,10,2008-10-01T00:00:00,east,Ngoma,136.9804938614441,Short Rain,Short Rains
854,854,2008,11,2008-11-01T00:00:00,east,Ngoma,109.94473255013662,Short Rain,Short Rains
855,855,2008,9,2008-09-01T00:00:00,east,Nyagatare,81.73035256382641,Short Rain,Short Rains
856,856,2008,10,2008-10-01T00:00:00,east,Nyagatare,125.48280664595912,Short Rain,Short Rains
857,857,2008,11,2008-11-01T00:00:00,east,Nyagatare,97.26525454102467,Short Rain,Short Rains
858,858,2008,9,2008-09-01T00:00:00,east,Rwamagana,70.22386267018237,Short Rain,Short Rains
859,859,2008,10,2008-10-01T00:00:00,east,Rwamagana,111.9686350516556,Short Rain,Short Rains
860,860,2008,11,2008-11-01T00:00:00,east,Rwamagana,95.88202409581396,Short Rain,Short Rains
861,861,2009,9,2009-09-01T00:00:00,east,Bugesera,29.469071069009093,Short Rain,Short Rains
862,862,2009,10,2009-10-01T00:00:00,east,Bugesera,117.29965816725846,Short Rain,Short Rains
863,863,2009,11,2009-11-01T00:00:00,east,Bugesera,108.04923245306948,Short Rain,Short Rains
864,864,2009,9,2009-09-01T00:00:00,east,Gatsibo,30.377752879090743,Short Rain,Short Rains
865,865,2009,10,2009-10-01T00:00:00,east,Gatsibo,96.91364170484768,Short Rain,Short Rains
866,866,2009,11,2009-11-01T00:00:00,east,Gatsibo,117.98819524184844,Short Rain,Short Rains
867,867,2009,9,2009-09-01T00:00:00,east,Kayonza,24.24947811557404,Short Rain,Short Rains
868,868,2009,10,2009-10-01T00:00:00,east,Kayonza,94.2249930933652,Short Rain,Short Rains
869,869,2009,11,2009-11-01T00:00:00,east,Kayonza,116.81394434505228,Short Rain,Short Rains
870,870,2009,9,2009-09-01T00:00:00,east,Kirehe,23.62013585211319,Short Rain,Short Rains
871,871,2009,10,2009-10-01T00:00:00,east,Kirehe,89.51914798092942,Short Rain,Short Rains
872,872,2009,11,2009-11-01T00:00:00,east,Kirehe,113.11620605095916,Short Rain,Short Rains
873,873,2009,9,2009-09-01T00:00:00,east,Ngoma,21.13732714916765,Short Rain,Short Rains
874,874,2009,10,2009-10-01T00:00:00,east,Ngoma,120.91433606564522,Short Rain,Short Rains
875,875,2009,11,2009-11-01T00:00:00,east,Ngoma,112.17993640573307,Short Rain,Short Rains
876,876,2009,9,2009-09-01T00:00:00,east,Nyagatare,42.52268526248877,Short Rain,Short Rains
877,877,2009,10,2009-10-01T00:00:00,east,Nyagatare,94.98495976323537,Short Rain,Short Rains
878,878,2009,11,2009-11-01T00:00:00,east,Nyagatare,113.2526681263108,Short Rain,Short Rains
879,879,2009,9,2009-09-01T00:00:00,east,Rwamagana,16.830932062277494,Short Rain,Short Rains
880,880,2009,10,2009-10-01T00:00:00,east,Rwamagana,116.66515098797883,Short Rain,Short Rains
881,881,2009,11,2009-11-01T00:00:00,east,Rwamagana,107.12118843516032,Short Rain,Short Rains
882,882,2010,9,2010-09-01T00:00:00,east,Bugesera,51.745943574629365,Short Rain,Short Rains
883,883,2010,10,2010-10-01T00:00:00,east,Bugesera,95.55422303197604,Short Rain,Short Rains
884,884,2010,11,2010-11-01T00:00:00,east,Bugesera,101.52386535963144,Short Rain,Short Rains
885,885,2010,9,2010-09-01T00:00:00,east,Gatsibo,63.52707434483314,Short Rain,Short Rains
886,886,2010,10,2010-10-01T00:00:00,east,Gatsibo,118.05741272274368,Short Rain,Short Rains
887,887,2010,11,2010-11-01T00:00:00,east,Gatsibo,105.69270812118668,Short Rain,Short Rains
888,888,2010,9,2010-09-01T00:00:00,east,Kayonza,45.07397233942819,Short Rain,Short Rains
889,889,2010,10,2010-10-01T00:00:00,east,Kayonza,100.10610442112876,Short Rain,Short Rains
890,890,2010,11,2010-11-01T00:00:00,east,Kayonza,100.05667087403792,Short Rain,Short Rains
891,891,2010,9,2010-09-01T00:00:00,east,Kirehe,51.89747567663468,Short Rain,Short Rains
892,892,2010,10,2010-10-01T00:00:00,east,Kirehe,93.00379720948852,Short Rain,Short Rains
893,893,2010,11,2010-11-01T00:00:00,east,Kirehe,86.58532250455379,Short Rain,Short Rains
894,894,2010,9,2010-09-01T00:00:00,east,Ngoma,44.877976770260815,Short Rain,Short Rains
895,895,2010,10,2010-10-01T00:00:00,east,Ngoma,125.83204553098658,Short Rain,Short Rains
896,896,2010,11,2010-11-01T00:00:00,east,Ngoma,101.51811366044856,Short Rain,Short Rains
897,897,2010,9,2010-09-01T00:00:00,east,Nyagatare,59.79954509202925,Short Rain,Short Rains
898,898,2010,10,2010-10-01T00:00:00,east,Nyagatare,151.0489724687657,Short Rain,Short Rains
899,899,2010,11,2010-11-01T00:00:00,east,Nyagatare,107.98787986708518,Short Rain,Short Rains
900,900,2010,9,2010-09-01T00:00:00,east,Rwamagana,43.38877095489088,Short Rain,Short Rains
901,901,2010,10,2010-10-01T00:00:00,east,Rwamagana,111.12280542760162,Short Rain,Short Rains
902,902,2010,11,2010-11-01T00:00:00,east,Rwamagana,98.36233167834452,Short Rain,Short Rains
903,903,2011,9,2011-09-01T00:00:00,east,Bugesera,104.00835305844298,Short Rain,Short Rains
904,904,2011,10,2011-10-01T00:00:00,east,Bugesera,139.64884863762163,Short Rain,Short Rains
905,905,2011,11,2011-11-01T00:00:00,east,Bugesera,178.16863691118513,Short Rain,Short Rains
906,906,2011,9,2011-09-01T00:00:00,east,Gatsibo,154.31095483521244,Short Rain,Short Rains
907,907,2011,10,2011-10-01T00:00:00,east,Gatsibo,189.1495672824933,Short Rain,Short Rains
908,908,2011,11,2011-11-01T00:00:00,east,Gatsibo,145.41173327256837,Short Rain,Short Rains
909,909,2011,9,2011-09-01T00:00:00,east,Kayonza,114.8698673703592,Short Rain,Short Rains
910,910,2011,10,2011-10-01T00:00:00,east,Kayonza,168.9690549894879,Short Rain,Short Rains
911,911,2011,11,2011-11-01T00:00:00,east,Kayonza,153.55169711482054,Short Rain,Short Rains
912,912,2011,9,2011-09-01T00:00:00,east,Kirehe,100.03820869979538,Short Rain,Short Rains
913,913,2011,10,2011-10-01T00:00:00,east,Kirehe,158.5490117848557,Short Rain,Short Rains
914,914,2011,11,2011-11-01T00:00:00,east,Kirehe,159.20861076025312,Short Rain,Short Rains
915,915,2011,9,2011-09-01T00:00:00,east,Ngoma,120.07888136944698,Short Rain,Short Rains
916,916,2011,10,2011-10-01T00:00:00,east,Ngoma,181.48537271731385,Short Rain,Short Rains
917,917,2011,11,2011-11-01T00:00:00,east,Ngoma,176.59624063994062,Short Rain,Short Rains
918,918,2011,9,2011-09-01T00:00:00,east,Nyagatare,154.71794832709722,Short Rain,Short Rains
919,919,2011,10,2011-10-01T00:00:00,east,Nyagatare,187.5285217633226,Short Rain,Short Rains
920,920,2011,11,2011-11-01T00:00:00,east,Nyagatare,129.87844389774435,Short Rain,Short Rains
921,921,2011,9,2011-09-01T00:00:00,east,Rwamagana,143.98245498473008,Short Rain,Short Rains
922,922,2011,10,2011-10-01T00:00:00,east,Rwamagana,178.11160379381326,Short Rain,Short Rains
923,923,2011,11,2011-11-01T00:00:00,east,Rwamagana,160.75984283087587,Short Rain,Short Rains
924,924,2012,9,2012-09-01T00:00:00,east,Bugesera,69.23684465925754,Short Rain,Short Rains
925,925,2012,10,2012-10-01T00:00:00,east,Bugesera,149.8115587520094,Short Rain,Short Rains
926,926,2012,11,2012-11-01T00:00:00,east,Bugesera,141.42799183051332,Short Rain,Short Rains
927,927,2012,9,2012-09-01T00:00:00,east,Gatsibo,88.0947865689632,Short Rain,Short Rains
928,928,2012,10,2012-10-01T00:00:00,east,Gatsibo,159.34718603797512,Short Rain,Short Rains
929,929,2012,11,2012-11-01T00:00:00,east,Gatsibo,140.3309089608831,Short Rain,Short Rains
930,930,2012,9,2012-09-01T00:00:00,east,Kayonza,54.70135116234203,Short Rain,Short Rains
931,931,2012,10,2012-10-01T00:00:00,east,Kayonza,148.51888761550126,Short Rain,Short Rains
932,932,2012,11,2012-11-01T00:00:00,east,Kayonza,133.06520318223554,Short Rain,Short Rains
933,933,2012,9,2012-09-01T00:00:00,east,Kirehe,52.66946349675764,Short Rain,Short Rains
934,934,2012,10,2012-10-01T00:00:00,east,Kirehe,142.64486074643864,Short Rain,Short Rains
935,935,2012,11,2012-11-01T00:00:00,east,Kirehe,130.6037855405376,Short Rain,Short Rains
936,936,2012,9,2012-09-01T00:00:00,east,Ngoma,60.91568543134439,Short Rain,Short Rains
937,937,2012,10,2012-10-01T00:00:00,east,Ngoma,198.94082203101823,Short Rain,Short Rains
938,938,2012,11,2012-11-01T00:00:00,east,Ngoma,158.02759540095724,Short Rain,Short Rains
939,939,2012,9,2012-09-01T00:00:00,east,Nyagatare,90.52835418037796,Short Rain,Short Rains
940,940,2012,10,2012-10-01T00:00:00,east,Nyagatare,179.433669216222,Short Rain,Short Rains
941,941,2012,11,2012-11-01T00:00:00,east,Nyagatare,127.98729027007543,Short Rain,Short Rains
942,942,2012,9,2012-09-01T00:00:00,east,Rwamagana,72.82364078620546,Short Rain,Short Rains
943,943,2012,10,2012-10-01T00:00:00,east,Rwamagana,183.5054289395446,Short Rain,Short Rains
944,944,2012,11,2012-11-01T00:00:00,east,Rwamagana,145.1437583865446,Short Rain,Short Rains
945,945,2013,9,2013-09-01T00:00:00,east,Bugesera,96.47287137947704,Short Rain,Short Rains
946,946,2013,10,2013-10-01T00:00:00,east,Bugesera,90.45279335548064,Short Rain,Short Rains
947,947,2013,11,2013-11-01T00:00:00,east,Bugesera,135.6495883275558,Short Rain,Short Rains
948,948,2013,9,2013-09-01T00:00:00,east,Gatsibo,120.95856764207618,Short Rain,Short Rains
949,949,2013,10,2013-10-01T00:00:00,east,Gatsibo,85.4943656534829,Short Rain,Short Rains
950,950,2013,11,2013-11-01T00:00:00,east,Gatsibo,151.67585520432982,Short Rain,Short Rains
951,951,2013,9,2013-09-01T00:00:00,east,Kayonza,88.79085832442432,Short Rain,Short Rains
952,952,2013,10,2013-10-01T00:00:00,east,Kayonza,78.10699859512272,Short Rain,Short Rains
953,953,2013,11,2013-11-01T00:00:00,east,Kayonza,153.78809633656945,Short Rain,Short Rains
954,954,2013,9,2013-09-01T00:00:00,east,Kirehe,67.905568696128,Short Rain,Short Rains
955,955,2013,10,2013-10-01T00:00:00,east,Kirehe,76.87129273793335,Short Rain,Short Rains
956,956,2013,11,2013-11-01T00:00:00,east,Kirehe,152.92565029340514,Short Rain,Short Rains
957,957,2013,9,2013-09-01T00:00:00,east,Ngoma,77.53861462881328,Short Rain,Short Rains
958,958,2013,10,2013-10-01T00:00:00,east,Ngoma,86.45212792991771,Short Rain,Short Rains
959,959,2013,11,2013-11-01T00:00:00,east,Ngoma,156.51017572309212,Short Rain,Short Rains
960,960,2013,9,2013-09-01T00:00:00,east,Nyagatare,122.97781724034142,Short Rain,Short Rains
961,961,2013,10,2013-10-01T00:00:00,east,Nyagatare,99.5399934621341,Short Rain,Short Rains
962,962,2013,11,2013-11-01T00:00:00,east,Nyagatare,150.6541555907107,Short Rain,Short Rains
963,963,2013,9,2013-09-01T00:00:00,east,Rwamagana,87.84463245319854,Short Rain,Short Rains
964,964,2013,10,2013-10-01T00:00:00,east,Rwamagana,80.14456580204616,Short Rain,Short Rains
965,965,2013,11,2013-11-01T00:00:00,east,Rwamagana,139.92471477502252,Short Rain,Short Rains
966,966,2014,9,2014-09-01T00:00:00,east,Bugesera,47.06839199372871,Short Rain,Short Rains
967,967,2014,10,2014-10-01T00:00:00,east,Bugesera,113.0701588199484,Short Rain,Short Rains
968,968,2014,11,2014-11-01T00:00:00,east,Bugesera,121.6862175731103,Short Rain,Short Rains
969,969,2014,9,2014-09-01T00:00:00,east,Gatsibo,83.91002277014057,Short Rain,Short Rains
970,970,2014,10,2014-10-01T00:00:00,east,Gatsibo,117.1381872132262,Short Rain,Short Rains
971,971,2014,11,2014-11-01T00:00:00,east,Gatsibo,122.83693296451072,Short Rain,Short Rains
972,972,2014,9,2014-09-01T00:00:00,east,Kayonza,68.5187155061676,Short Rain,Short Rains
973,973,2014,10,2014-10-01T00:00:00,east,Kayonza,106.54588630631947,Short Rain,Short Rains
974,974,2014,11,2014-11-01T00:00:00,east,Kayonza,128.26845263782496,Short Rain,Short Rains
975,975,2014,9,2014-09-01T00:00:00,east,Kirehe,55.21669182620422,Short Rain,Short Rains
976,976,2014,10,2014-10-01T00:00:00,east,Kirehe,100.23207210941078,Short Rain,Short Rains
977,977,2014,11,2014-11-01T00:00:00,east,Kirehe,123.73256103390038,Short Rain,Short Rains
978,978,2014,9,2014-09-01T00:00:00,east,Ngoma,48.37053816327604,Short Rain,Short Rains
979,979,2014,10,2014-10-01T00:00:00,east,Ngoma,116.04958323363458,Short Rain,Short Rains
980,980,2014,11,2014-11-01T00:00:00,east,Ngoma,128.35192815112322,Short Rain,Short Rains
981,981,2014,9,2014-09-01T00:00:00,east,Nyagatare,86.38893325940494,Short Rain,Short Rains
982,982,2014,10,2014-10-01T00:00:00,east,Nyagatare,113.57089654321,Short Rain,Short Rains
983,983,2014,11,2014-11-01T00:00:00,east,Nyagatare,113.00723574542002,Short Rain,Short Rains
984,984,2014,9,2014-09-01T00:00:00,east,Rwamagana,47.45095762959441,Short Rain,Short Rains
985,985,2014,10,2014-10-01T00:00:00,east,Rwamagana,114.251431309602,Short Rain,Short Rains
986,986,2014,11,2014-11-01T00:00:00,east,Rwamagana,114.26226653899444,Short Rain,Short Rains
987,987,2015,9,2015-09-01T00:00:00,east,Bugesera,46.3718441777639,Short Rain,Short Rains
988,988,2015,10,2015-10-01T00:00:00,east,Bugesera,111.69064866905632,Short Rain,Short Rains
989,989,2015,11,2015-11-01T00:00:00,east,Bugesera,121.19952993970271,Short Rain,Short Rains
990,990,2015,9,2015-09-01T00:00:00,east,Gatsibo,66.14227413844567,Short Rain,Short Rains
991,991,2015,10,2015-10-01T00:00:00,east,Gatsibo,119.18745934344034,Short Rain,Short Rains
992,992,2015,11,2015-11-01T00:00:00,east,Gatsibo,129.48563853906938,Short Rain,Short Rains
993,993,2015,9,2015-09-01T00:00:00,east,Kayonza,45.21137803466795,Short Rain,Short Rains
994,994,2015,10,2015-10-01T00:00:00,east,Kayonza,92.76717830620402,Short Rain,Short Rains
995,995,2015,11,2015-11-01T00:00:00,east,Kayonza,127.93487016889569,Short Rain,Short Rains
996,996,2015,9,2015-09-01T00:00:00,east,Kirehe,39.16311390638841,Short Rain,Short Rains
997,997,2015,10,2015-10-01T00:00:00,east,Kirehe,90.5713445962702,Short Rain,Short Rains
998,998,2015,11,2015-11-01T00:00:00,east,Kirehe,131.48231370219477,Short Rain,Short Rains
999,999,2015,9,2015-09-01T00:00:00,east,Ngoma,38.05064176588256,Short Rain,Short Rains
1000,1000,2015,10,2015-10-01T00:00:00,east,Ngoma,115.54942373147142,Short Rain,Short Rains
1001,1001,2015,11,2015-11-01T00:00:00,east,Ngoma,129.21402180091866,Short Rain,Short Rains
1002,1002,2015,9,2015-09-01T00:00:00,east,Nyagatare,76.34399752489448,Short Rain,Short Rains
1003,1003,2015,10,2015-10-01T00:00:00,east,Nyagatare,123.59423422193242,Short Rain,Short Rains
1004,1004,2015,11,2015-11-01T00:00:00,east,Nyagatare,129.71676777004436,Short Rain,Short Rains
1005,1005,2015,9,2015-09-01T00:00:00,east,Rwamagana,43.73592446542568,Short Rain,Short Rains
1006,1006,2015,10,2015-10-01T00:00:00,east,Rwamagana,111.40832931891374,Short Rain,Short Rains
1007,1007,2015,11,2015-11-01T00:00:00,east,Rwamagana,116.97147210272531,Short Rain,Short Rains
1008,1008,2016,9,2016-09-01T00:00:00,east,Bugesera,55.63489527386605,Short Rain,Short Rains
1009,1009,2016,10,2016-10-01T00:00:00,east,Bugesera,89.54548730579596,Short Rain,Short Rains
1010,1010,2016,11,2016-11-01T00:00:00,east,Bugesera,143.23882776455946,Short Rain,Short Rains
1011,1011,2016,9,2016-09-01T00:00:00,east,Gatsibo,73.43187320788059,Short Rain,Short Rains
1012,1012,2016,10,2016-10-01T00:00:00,east,Gatsibo,134.15226467441698,Short Rain,Short Rains
1013,1013,2016,11,2016-11-01T00:00:00,east,Gatsibo,140.7463212506263,Short Rain,Short Rains
1014,1014,2016,9,2016-09-01T00:00:00,east,Kayonza,48.12270407376198,Short Rain,Short Rains
1015,1015,2016,10,2016-10-01T00:00:00,east,Kayonza,116.85146894305304,Short Rain,Short Rains
1016,1016,2016,11,2016-11-01T00:00:00,east,Kayonza,128.2397531023904,Short Rain,Short Rains
1017,1017,2016,9,2016-09-01T00:00:00,east,Kirehe,39.41366127839304,Short Rain,Short Rains
1018,1018,2016,10,2016-10-01T00:00:00,east,Kirehe,85.80527882689803,Short Rain,Short Rains
1019,1019,2016,11,2016-11-01T00:00:00,east,Kirehe,115.58876406697088,Short Rain,Short Rains
1020,1020,2016,9,2016-09-01T00:00:00,east,Ngoma,41.40827485092771,Short Rain,Short Rains
1021,1021,2016,10,2016-10-01T00:00:00,east,Ngoma,105.57119858809271,Short Rain,Short Rains
1022,1022,2016,11,2016-11-01T00:00:00,east,Ngoma,137.36749719356314,Short Rain,Short Rains
1023,1023,2016,9,2016-09-01T00:00:00,east,Nyagatare,84.62794190282037,Short Rain,Short Rains
1024,1024,2016,10,2016-10-01T00:00:00,east,Nyagatare,138.30175946855334,Short Rain,Short Rains
1025,1025,2016,11,2016-11-01T00:00:00,east,Nyagatare,134.9920564730132,Short Rain,Short Rains
1026,1026,2016,9,2016-09-01T00:00:00,east,Rwamagana,49.58581194317507,Short Rain,Short Rains
1027,1027,2016,10,2016-10-01T00:00:00,east,Rwamagana,134.8357572394042,Short Rain,Short Rains
1028,1028,2016,11,2016-11-01T00:00:00,east,Rwamagana,136.24714335426265,Short Rain,Short Rains
1029,1029,2017,9,2017-09-01T00:00:00,east,Bugesera,68.60381622816458,Short Rain,Short Rains
1030,1030,2017,10,2017-10-01T00:00:00,east,Bugesera,123.1585304818458,Short Rain,Short Rains
1031,1031,2017,11,2017-11-01T00:00:00,east,Bugesera,149.8243129188979,Short Rain,Short Rains
1032,1032,2017,9,2017-09-01T00:00:00,east,Gatsibo,101.51656916217306,Short Rain,Short Rains
1033,1033,2017,10,2017-10-01T00:00:00,east,Gatsibo,130.34777153623347,Short Rain,Short Rains
1034,1034,2017,11,2017-11-01T00:00:00,east,Gatsibo,125.7691985731044,Short Rain,Short Rains
1035,1035,2017,9,2017-09-01T00:00:00,east,Kayonza,80.06547253163521,Short Rain,Short Rains
1036,1036,2017,10,2017-10-01T00:00:00,east,Kayonza,114.38648948807088,Short Rain,Short Rains
1037,1037,2017,11,2017-11-01T00:00:00,east,Kayonza,134.0496702066389,Short Rain,Short Rains
1038,1038,2017,9,2017-09-01T00:00:00,east,Kirehe,63.39187282527916,Short Rain,Short Rains
1039,1039,2017,10,2017-10-01T00:00:00,east,Kirehe,111.40285431471382,Short Rain,Short Rains
1040,1040,2017,11,2017-11-01T00:00:00,east,Kirehe,140.6464822795067,Short Rain,Short Rains
1041,1041,2017,9,2017-09-01T00:00:00,east,Ngoma,63.299483866485865,Short Rain,Short Rains
1042,1042,2017,10,2017-10-01T00:00:00,east,Ngoma,128.25132850240158,Short Rain,Short Rains
1043,1043,2017,11,2017-11-01T00:00:00,east,Ngoma,150.13715584200796,Short Rain,Short Rains
1044,1044,2017,9,2017-09-01T00:00:00,east,Nyagatare,107.6126118384963,Short Rain,Short Rains
1045,1045,2017,10,2017-10-01T00:00:00,east,Nyagatare,133.0030802757329,Short Rain,Short Rains
1046,1046,2017,11,2017-11-01T00:00:00,east,Nyagatare,116.57876565816228,Short Rain,Short Rains
1047,1047,2017,9,2017-09-01T00:00:00,east,Rwamagana,74.85105627118243,Short Rain,Short Rains
1048,1048,2017,10,2017-10-01T00:00:00,east,Rwamagana,121.24192908902396,Short Rain,Short Rains
1049,1049,2017,11,2017-11-01T00:00:00,east,Rwamagana,136.88274906163377,Short Rain,Short Rains
1050,1050,2018,9,2018-09-01T00:00:00,east,Bugesera,30.55413534229919,Short Rain,Short Rains
1051,1051,2018,10,2018-10-01T00:00:00,east,Bugesera,75.6635479380315,Short Rain,Short Rains
1052,1052,2018,11,2018-11-01T00:00:00,east,Bugesera,108.05037354127592,Short Rain,Short Rains
1053,1053,2018,9,2018-09-01T00:00:00,east,Gatsibo,51.76835386969654,Short Rain,Short Rains
1054,1054,2018,10,2018-10-01T00:00:00,east,Gatsibo,85.44645224126634,Short Rain,Short Rains
1055,1055,2018,11,2018-11-01T00:00:00,east,Gatsibo,108.61636758519496,Short Rain,Short Rains
1056,1056,2018,9,2018-09-01T00:00:00,east,Kayonza,39.06780130955041,Short Rain,Short Rains
1057,1057,2018,10,2018-10-01T00:00:00,east,Kayonza,75.92157149807113,Short Rain,Short Rains
1058,1058,2018,11,2018-11-01T00:00:00,east,Kayonza,98.400696866764,Short Rain,Short Rains
1059,1059,2018,9,2018-09-01T00:00:00,east,Kirehe,30.618487564761946,Short Rain,Short Rains
1060,1060,2018,10,2018-10-01T00:00:00,east,Kirehe,80.16286468794317,Short Rain,Short Rains
1061,1061,2018,11,2018-11-01T00:00:00,east,Kirehe,97.68076369756533,Short Rain,Short Rains
1062,1062,2018,9,2018-09-01T00:00:00,east,Ngoma,29.93022397630985,Short Rain,Short Rains
1063,1063,2018,10,2018-10-01T00:00:00,east,Ngoma,85.93633913097722,Short Rain,Short Rains
1064,1064,2018,11,2018-11-01T00:00:00,east,Ngoma,113.61777452944796,Short Rain,Short Rains
1065,1065,2018,9,2018-09-01T00:00:00,east,Nyagatare,60.16891740358762,Short Rain,Short Rains
1066,1066,2018,10,2018-10-01T00:00:00,east,Nyagatare,92.80929464684635,Short Rain,Short Rains
1067,1067,2018,11,2018-11-01T00:00:00,east,Nyagatare,107.65836862696128,Short Rain,Short Rains
1068,1068,2018,9,2018-09-01T00:00:00,east,Rwamagana,35.29555964733375,Short Rain,Short Rains
1069,1069,2018,10,2018-10-01T00:00:00,east,Rwamagana,76.6156995430264,Short Rain,Short Rains
1070,1070,2018,11,2018-11-01T00:00:00,east,Rwamagana,112.75693995889652,Short Rain,Short Rains
1071,1071,2019,9,2019-09-01T00:00:00,east,Bugesera,60.96223757588136,Short Rain,Short Rains
1072,1072,2019,10,2019-10-01T00:00:00,east,Bugesera,106.34203986342186,Short Rain,Short Rains
1073,1073,2019,11,2019-11-01T00:00:00,east,Bugesera,135.67648076336354,Short Rain,Short Rains
1074,1074,2019,9,2019-09-01T00:00:00,east,Gatsibo,86.54233943880824,Short Rain,Short Rains
1075,1075,2019,10,2019-10-01T00:00:00,east,Gatsibo,122.86537520347764,Short Rain,Short Rains
1076,1076,2019,11,2019-11-01T00:00:00,east,Gatsibo,162.38168257596843,Short Rain,Short Rains
1077,1077,2019,9,2019-09-01T00:00:00,east,Kayonza,72.10195656584305,Short Rain,Short Rains
1078,1078,2019,10,2019-10-01T00:00:00,east,Kayonza,109.9089189095198,Short Rain,Short Rains
1079,1079,2019,11,2019-11-01T00:00:00,east,Kayonza,167.314552434714,Short Rain,Short Rains
1080,1080,2019,9,2019-09-01T00:00:00,east,Kirehe,61.36347924857473,Short Rain,Short Rains
1081,1081,2019,10,2019-10-01T00:00:00,east,Kirehe,92.3160027492586,Short Rain,Short Rains
1082,1082,2019,11,2019-11-01T00:00:00,east,Kirehe,161.88717009862262,Short Rain,Short Rains
1083,1083,2019,9,2019-09-01T00:00:00,east,Ngoma,61.35499923735853,Short Rain,Short Rains
1084,1084,2019,10,2019-10-01T00:00:00,east,Ngoma,108.8115340899126,Short Rain,Short Rains
1085,1085,2019,11,2019-11-01T00:00:00,east,Ngoma,147.63192816705094,Short Rain,Short Rains
1086,1086,2019,9,2019-09-01T00:00:00,east,Nyagatare,78.53067386367596,Short Rain,Short Rains
1087,1087,2019,10,2019-10-01T00:00:00,east,Nyagatare,124.70943223033794,Short Rain,Short Rains
1088,1088,2019,11,2019-11-01T00:00:00,east,Nyagatare,155.26255400053984,Short Rain,Short Rains
1089,1089,2019,9,2019-09-01T00:00:00,east,Rwamagana,65.23745294330999,Short Rain,Short Rains
1090,1090,2019,10,2019-10-01T00:00:00,east,Rwamagana,108.79324259009348,Short Rain,Short Rains
1091,1091,2019,11,2019-11-01T00:00:00,east,Rwamagana,128.20753108558645,Short Rain,Short Rains
1092,1092,2020,9,2020-09-01T00:00:00,east,Bugesera,45.3822649807268,Short Rain,Short Rains
1093,1093,2020,10,2020-10-01T00:00:00,east,Bugesera,197.63137178154008,Short Rain,Short Rains
1094,1094,2020,11,2020-11-01T00:00:00,east,Bugesera,116.20178565486472,Short Rain,Short Rains
1095,1095,2020,9,2020-09-01T00:00:00,east,Gatsibo,52.63628815282989,Short Rain,Short Rains
1096,1096,2020,10,2020-10-01T00:00:00,east,Gatsibo,202.80225933268423,Short Rain,Short Rains
1097,1097,2020,11,2020-11-01T00:00:00,east,Gatsibo,110.63184886580078,Short Rain,Short Rains
1098,1098,2020,9,2020-09-01T00:00:00,east,Kayonza,45.80621774591251,Short Rain,Short Rains
1099,1099,2020,10,2020-10-01T00:00:00,east,Kayonza,193.0262537199217,Short Rain,Short Rains
1100,1100,2020,11,2020-11-01T00:00:00,east,Kayonza,113.64572076312324,Short Rain,Short Rains
1101,1101,2020,9,2020-09-01T00:00:00,east,Kirehe,40.67549672075259,Short Rain,Short Rains
1102,1102,2020,10,2020-10-01T00:00:00,east,Kirehe,181.2610268915436,Short Rain,Short Rains
1103,1103,2020,11,2020-11-01T00:00:00,east,Kirehe,101.97131637392712,Short Rain,Short Rains
1104,1104,2020,9,2020-09-01T00:00:00,east,Ngoma,38.56274545908936,Short Rain,Short Rains
1105,1105,2020,10,2020-10-01T00:00:00,east,Ngoma,227.8221226453807,Short Rain,Short Rains
1106,1106,2020,11,2020-11-01T00:00:00,east,Ngoma,120.9941897435072,Short Rain,Short Rains
1107,1107,2020,9,2020-09-01T00:00:00,east,Nyagatare,62.61490163080984,Short Rain,Short Rains
1108,1108,2020,10,2020-10-01T00:00:00,east,Nyagatare,200.7898704222001,Short Rain,Short Rains
1109,1109,2020,11,2020-11-01T00:00:00,east,Nyagatare,106.05291047562284,Short Rain,Short Rains
1110,1110,2020,9,2020-09-01T00:00:00,east,Rwamagana,42.1351210816617,Short Rain,Short Rains
1111,1111,2020,10,2020-10-01T00:00:00,east,Rwamagana,222.50616536923312,Short Rain,Short Rains
1112,1112,2020,11,2020-11-01T00:00:00,east,Rwamagana,115.43285356521882,Short Rain,Short Rains
1113,1113,2021,9,2021-09-01T00:00:00,east,Bugesera,56.18995607870795,Short Rain,Short Rains
1114,1114,2021,10,2021-10-01T00:00:00,east,Bugesera,132.89629024169324,Short Rain,Short Rains
1115,1115,2021,11,2021-11-01T00:00:00,east,Bugesera,98.46808336945676,Short Rain,Short Rains
1116,1116,2021,9,2021-09-01T00:00:00,east,Gatsibo,76.94462229863667,Short Rain,Short Rains
1117,1117,2021,10,2021-10-01T00:00:00,east,Gatsibo,144.9553292896706,Short Rain,Short Rains
1118,1118,2021,11,2021-11-01T00:00:00,east,Gatsibo,91.688544742795,Short Rain,Short Rains
1119,1119,2021,9,2021-09-01T00:00:00,east,Kayonza,57.14330824073313,Short Rain,Short Rains
1120,1120,2021,10,2021-10-01T00:00:00,east,Kayonza,118.9521950569358,Short Rain,Short Rains
1121,1121,2021,11,2021-11-01T00:00:00,east,Kayonza,97.5840051806573,Short Rain,Short Rains
1122,1122,2021,9,2021-09-01T00:00:00,east,Kirehe,40.73961614066192,Short Rain,Short Rains
1123,1123,2021,10,2021-10-01T00:00:00,east,Kirehe,114.89806431334698,Short Rain,Short Rains
1124,1124,2021,11,2021-11-01T00:00:00,east,Kirehe,89.71932961293213,Short Rain,Short Rains
1125,1125,2021,9,2021-09-01T00:00:00,east,Ngoma,44.14027520813924,Short Rain,Short Rains
1126,1126,2021,10,2021-10-01T00:00:00,east,Ngoma,138.10860088186388,Short Rain,Short Rains
1127,1127,2021,11,2021-11-01T00:00:00,east,Ngoma,101.32454776809384,Short Rain,Short Rains
1128,1128,2021,9,2021-09-01T00:00:00,east,Nyagatare,80.92274194331107,Short Rain,Short Rains
1129,1129,2021,10,2021-10-01T00:00:00,east,Nyagatare,130.54369107952968,Short Rain,Short Rains
1130,1130,2021,11,2021-11-01T00:00:00,east,Nyagatare,91.91811678169876,Short Rain,Short Rains
1131,1131,2021,9,2021-09-01T00:00:00,east,Rwamagana,57.46552670481012,Short Rain,Short Rains
1132,1132,2021,10,2021-10-01T00:00:00,east,Rwamagana,133.78349438073582,Short Rain,Short Rains
1133,1133,2021,11,2021-11-01T00:00:00,east,Rwamagana,92.17160280539852,Short Rain,Short Rains
1134,1134,2022,9,2022-09-01T00:00:00,east,Bugesera,39.65990898358384,Short Rain,Short Rains
1135,1135,2022,10,2022-10-01T00:00:00,east,Bugesera,63.389733657357006,Short Rain,Short Rains
1136,1136,2022,11,2022-11-01T00:00:00,east,Bugesera,125.21236285636512,Short Rain,Short Rains
1137,1137,2022,9,2022-09-01T00:00:00,east,Gatsibo,64.43460128912808,Short Rain,Short Rains
1138,1138,2022,10,2022-10-01T00:00:00,east,Gatsibo,88.38126557243963,Short Rain,Short Rains
1139,1139,2022,11,2022-11-01T00:00:00,east,Gatsibo,121.51938415201629,Short Rain,Short Rains
1140,1140,2022,9,2022-09-01T00:00:00,east,Kayonza,53.066267531762186,Short Rain,Short Rains
1141,1141,2022,10,2022-10-01T00:00:00,east,Kayonza,79.12724427803236,Short Rain,Short Rains
1142,1142,2022,11,2022-11-01T00:00:00,east,Kayonza,121.83447458554228,Short Rain,Short Rains
1143,1143,2022,9,2022-09-01T00:00:00,east,Kirehe,46.19904142126624,Short Rain,Short Rains
1144,1144,2022,10,2022-10-01T00:00:00,east,Kirehe,70.49715141166877,Short Rain,Short Rains
1145,1145,2022,11,2022-11-01T00:00:00,east,Kirehe,128.00217663423513,Short Rain,Short Rains
1146,1146,2022,9,2022-09-01T00:00:00,east,Ngoma,43.11720569483106,Short Rain,Short Rains
1147,1147,2022,10,2022-10-01T00:00:00,east,Ngoma,74.60209655333722,Short Rain,Short Rains
1148,1148,2022,11,2022-11-01T00:00:00,east,Ngoma,135.84799826502274,Short Rain,Short Rains
1149,1149,2022,9,2022-09-01T00:00:00,east,Nyagatare,66.95563789725935,Short Rain,Short Rains
1150,1150,2022,10,2022-10-01T00:00:00,east,Nyagatare,110.30371751678474,Short Rain,Short Rains
1151,1151,2022,11,2022-11-01T00:00:00,east,Nyagatare,123.38460707702102,Short Rain,Short Rains
1152,1152,2022,9,2022-09-01T00:00:00,east,Rwamagana,45.332272438005255,Short Rain,Short Rains
1153,1153,2022,10,2022-10-01T00:00:00,east,Rwamagana,66.48915650898294,Short Rain,Short Rains
1154,1154,2022,11,2022-11-01T00:00:00,east,Rwamagana,128.30777688264578,Short Rain,Short Rains
1155,1155,2023,9,2023-09-01T00:00:00,east,Bugesera,60.50958480636504,Short Rain,Short Rains
1156,1156,2023,10,2023-10-01T00:00:00,east,Bugesera,82.07933550317583,Short Rain,Short Rains
1157,1157,2023,11,2023-11-01T00:00:00,east,Bugesera,112.12376382945388,Short Rain,Short Rains
1158,1158,2023,9,2023-09-01T00:00:00,east,Gatsibo,102.60422006403137,Short Rain,Short Rains
1159,1159,2023,10,2023-10-01T00:00:00,east,Gatsibo,92.7705965767038,Short Rain,Short Rains
1160,1160,2023,11,2023-11-01T00:00:00,east,Gatsibo,152.01184599542387,Short Rain,Short Rains
1161,1161,2023,9,2023-09-01T00:00:00,east,Kayonza,77.54379986221385,Short Rain,Short Rains
1162,1162,2023,10,2023-10-01T00:00:00,east,Kayonza,80.22572246060935,Short Rain,Short Rains
1163,1163,2023,11,2023-11-01T00:00:00,east,Kayonza,165.2674171400461,Short Rain,Short Rains
1164,1164,2023,9,2023-09-01T00:00:00,east,Kirehe,52.0603730999982,Short Rain,Short Rains
1165,1165,2023,10,2023-10-01T00:00:00,east,Kirehe,77.36042613241409,Short Rain,Short Rains
1166,1166,2023,11,2023-11-01T00:00:00,east,Kirehe,138.75626799642305,Short Rain,Short Rains
1167,1167,2023,9,2023-09-01T00:00:00,east,Ngoma,57.489221730724935,Short Rain,Short Rains
1168,1168,2023,10,2023-10-01T00:00:00,east,Ngoma,84.13383679083397,Short Rain,Short Rains
1169,1169,2023,11,2023-11-01T00:00:00,east,Ngoma,139.23214299561366,Short Rain,Short Rains
1170,1170,2023,9,2023-09-01T00:00:00,east,Nyagatare,94.65891123984292,Short Rain,Short Rains
1171,1171,2023,10,2023-10-01T00:00:00,east,Nyagatare,114.64179667312392,Short Rain,Short Rains
1172,1172,2023,11,2023-11-01T00:00:00,east,Nyagatare,138.74426809487127,Short Rain,Short Rains
1173,1173,2023,9,2023-09-01T00:00:00,east,Rwamagana,68.63078110399053,Short Rain,Short Rains
1174,1174,2023,10,2023-10-01T00:00:00,east,Rwamagana,77.08916625075993,Short Rain,Short Rains
1175,1175,2023,11,2023-11-01T00:00:00,east,Rwamagana,153.4521956943344,Short Rain,Short Rains
1176,1176,2000,2,2000-02-01T00:00:00,city,Gasabo,48.453011837386136,Long Rain,Long Rains
1177,1177,2000,3,2000-03-01T00:00:00,city,Gasabo,105.64494468997704,Long Rain,Long Rains
1178,1178,2000,4,2000-04-01T00:00:00,city,Gasabo,96.1062131346394,Long Rain,Long Rains
1179,1179,2000,5,2000-05-01T00:00:00,city,Gasabo,72.90620891249553,Long Rain,Long Rains
1180,1180,2000,2,2000-02-01T00:00:00,city,Kicukiro,47.67197846574844,Long Rain,Long Rains
1181,1181,2000,3,2000-03-01T00:00:00,city,Kicukiro,100.00258007727189,Long Rain,Long Rains
1182,1182,2000,4,2000-04-01T00:00:00,city,Kicukiro,91.90346296040488,Long Rain,Long Rains
1183,1183,2000,5,2000-05-01T00:00:00,city,Kicukiro,68.2474755925638,Long Rain,Long Rains
1184,1184,2000,2,2000-02-01T00:00:00,city,Nyarugenge,53.07543927765173,Long Rain,Long Rains
1185,1185,2000,3,2000-03-01T00:00:00,city,Nyarugenge,98.996772389848,Long Rain,Long Rains
1186,1186,2000,4,2000-04-01T00:00:00,city,Nyarugenge,99.1905249093486,Long Rain,Long Rains
1187,1187,2000,5,2000-05-01T00:00:00,city,Nyarugenge,74.86428637596006,Long Rain,Long Rains
1188,1188,2001,2,2001-02-01T00:00:00,city,Gasabo,62.26946191067764,Long Rain,Long Rains
1189,1189,2001,3,2001-03-01T00:00:00,city,Gasabo,241.2551763448497,Long Rain,Long Rains
1190,1190,2001,4,2001-04-01T00:00:00,city,Gasabo,100.30660775382891,Long Rain,Long Rains
1191,1191,2001,5,2001-05-01T00:00:00,city,Gasabo,73.11423324244117,Long Rain,Long Rains
1192,1192,2001,2,2001-02-01T00:00:00,city,Kicukiro,58.73012257844263,Long Rain,Long Rains
1193,1193,2001,3,2001-03-01T00:00:00,city,Kicukiro,229.63350511749752,Long Rain,Long Rains
1194,1194,2001,4,2001-04-01T00:00:00,city,Kicukiro,100.25409593093374,Long Rain,Long Rains
1195,1195,2001,5,2001-05-01T00:00:00,city,Kicukiro,66.2361079851555,Long Rain,Long Rains
1196,1196,2001,2,2001-02-01T00:00:00,city,Nyarugenge,66.77891542813067,Long Rain,Long Rains
1197,1197,2001,3,2001-03-01T00:00:00,city,Nyarugenge,247.93547755919377,Long Rain,Long Rains
1198,1198,2001,4,2001-04-01T00:00:00,city,Nyarugenge,94.19193110986446,Long Rain,Long Rains
1199,1199,2001,5,2001-05-01T00:00:00,city,Nyarugenge,60.399717550186274,Long Rain,Long Rains
1200,1200,2002,2,2002-02-01T00:00:00,city,Gasabo,73.3422562526862,Long Rain,Long Rains
1201,1201,2002,3,2002-03-01T00:00:00,city,Gasabo,145.4113561938988,Long Rain,Long Rains
1202,1202,2002,4,2002-04-01T00:00:00,city,Gasabo,163.02684514891718,Long Rain,Long Rains
1203,1203,2002,5,2002-05-01T00:00:00,city,Gasabo,139.92954517953982,Long Rain,Long Rains
1204,1204,2002,2,2002-02-01T00:00:00,city,Kicukiro,72.3418627263643,Long Rain,Long Rains
1205,1205,2002,3,2002-03-01T00:00:00,city,Kicukiro,144.17243823105332,Long Rain,Long Rains
1206,1206,2002,4,2002-04-01T00:00:00,city,Kicukiro,168.84355616583406,Long Rain,Long Rains
1207,1207,2002,5,2002-05-01T00:00:00,city,Kicukiro,134.9140944285801,Long Rain,Long Rains
1208,1208,2002,2,2002-02-01T00:00:00,city,Nyarugenge,77.43680392377145,Long Rain,Long Rains
1209,1209,2002,3,2002-03-01T00:00:00,city,Nyarugenge,140.9402623106245,Long Rain,Long Rains
1210,1210,2002,4,2002-04-01T00:00:00,city,Nyarugenge,155.4647993640562,Long Rain,Long Rains
1211,1211,2002,5,2002-05-01T00:00:00,city,Nyarugenge,151.83737588535368,Long Rain,Long Rains
1212,1212,2003,2,2003-02-01T00:00:00,city,Gasabo,57.48944845801712,Long Rain,Long Rains
1213,1213,2003,3,2003-03-01T00:00:00,city,Gasabo,97.45677203479144,Long Rain,Long Rains
1214,1214,2003,4,2003-04-01T00:00:00,city,Gasabo,152.8609793452659,Long Rain,Long Rains
1215,1215,2003,5,2003-05-01T00:00:00,city,Gasabo,101.32343822286612,Long Rain,Long Rains
1216,1216,2003,2,2003-02-01T00:00:00,city,Kicukiro,56.127384887299854,Long Rain,Long Rains
1217,1217,2003,3,2003-03-01T00:00:00,city,Kicukiro,88.24732370826486,Long Rain,Long Rains
1218,1218,2003,4,2003-04-01T00:00:00,city,Kicukiro,150.6159150685137,Long Rain,Long Rains
1219,1219,2003,5,2003-05-01T00:00:00,city,Kicukiro,92.98885477623696,Long Rain,Long Rains
1220,1220,2003,2,2003-02-01T00:00:00,city,Nyarugenge,63.65808039393748,Long Rain,Long Rains
1221,1221,2003,3,2003-03-01T00:00:00,city,Nyarugenge,96.9461044836185,Long Rain,Long Rains
1222,1222,2003,4,2003-04-01T00:00:00,city,Nyarugenge,165.13256121666385,Long Rain,Long Rains
1223,1223,2003,5,2003-05-01T00:00:00,city,Nyarugenge,96.1876644256544,Long Rain,Long Rains
1224,1224,2004,2,2004-02-01T00:00:00,city,Gasabo,94.22599154474295,Long Rain,Long Rains
1225,1225,2004,3,2004-03-01T00:00:00,city,Gasabo,146.82915718499777,Long Rain,Long Rains
1226,1226,2004,4,2004-04-01T00:00:00,city,Gasabo,182.94567206872884,Long Rain,Long Rains
1227,1227,2004,5,2004-05-01T00:00:00,city,Gasabo,54.77365681352704,Long Rain,Long Rains
1228,1228,2004,2,2004-02-01T00:00:00,city,Kicukiro,89.94414391625948,Long Rain,Long Rains
1229,1229,2004,3,2004-03-01T00:00:00,city,Kicukiro,141.62428144111703,Long Rain,Long Rains
1230,1230,2004,4,2004-04-01T00:00:00,city,Kicukiro,184.74889460315384,Long Rain,Long Rains
1231,1231,2004,5,2004-05-01T00:00:00,city,Kicukiro,56.93319002375328,Long Rain,Long Rains
1232,1232,2004,2,2004-02-01T00:00:00,city,Nyarugenge,102.10013948780949,Long Rain,Long Rains
1233,1233,2004,3,2004-03-01T00:00:00,city,Nyarugenge,155.63849355689192,Long Rain,Long Rains
1234,1234,2004,4,2004-04-01T00:00:00,city,Nyarugenge,179.37976844331857,Long Rain,Long Rains
1235,1235,2004,5,2004-05-01T00:00:00,city,Nyarugenge,56.998939864051735,Long Rain,Long Rains
1236,1236,2005,2,2005-02-01T00:00:00,city,Gasabo,78.20255126955287,Long Rain,Long Rains
1237,1237,2005,3,2005-03-01T00:00:00,city,Gasabo,156.95733799163622,Long Rain,Long Rains
1238,1238,2005,4,2005-04-01T00:00:00,city,Gasabo,112.58601485691057,Long Rain,Long Rains
1239,1239,2005,5,2005-05-01T00:00:00,city,Gasabo,99.6015511987918,Long Rain,Long Rains
1240,1240,2005,2,2005-02-01T00:00:00,city,Kicukiro,74.42499139188125,Long Rain,Long Rains
1241,1241,2005,3,2005-03-01T00:00:00,city,Kicukiro,145.93049440594976,Long Rain,Long Rains
1242,1242,2005,4,2005-04-01T00:00:00,city,Kicukiro,110.98318492359525,Long Rain,Long Rains
1243,1243,2005,5,2005-05-01T00:00:00,city,Kicukiro,92.92908936027324,Long Rain,Long Rains
1244,1244,2005,2,2005-02-01T00:00:00,city,Nyarugenge,83.19410205028049,Long Rain,Long Rains
1245,1245,2005,3,2005-03-01T00:00:00,city,Nyarugenge,158.9867972951372,Long Rain,Long Rains
1246,1246,2005,4,2005-04-01T00:00:00,city,Nyarugenge,109.92961830375472,Long Rain,Long Rains
1247,1247,2005,5,2005-05-01T00:00:00,city,Nyarugenge,95.18386602981955,Long Rain,Long Rains
1248,1248,2006,2,2006-02-01T00:00:00,city,Gasabo,94.633030847421,Long Rain,Long Rains
1249,1249,2006,3,2006-03-01T00:00:00,city,Gasabo,141.8581232470035,Long Rain,Long Rains
1250,1250,2006,4,2006-04-01T00:00:00,city,Gasabo,222.9244340283885,Long Rain,Long Rains
1251,1251,2006,5,2006-05-01T00:00:00,city,Gasabo,116.43642544003195,Long Rain,Long Rains
1252,1252,2006,2,2006-02-01T00:00:00,city,Kicukiro,88.57612098228398,Long Rain,Long Rains
1253,1253,2006,3,2006-03-01T00:00:00,city,Kicukiro,135.28201378648478,Long Rain,Long Rains
1254,1254,2006,4,2006-04-01T00:00:00,city,Kicukiro,223.9804767148746,Long Rain,Long Rains
1255,1255,2006,5,2006-05-01T00:00:00,city,Kicukiro,103.51954168168068,Long Rain,Long Rains
1256,1256,2006,2,2006-02-01T00:00:00,city,Nyarugenge,101.13944337677464,Long Rain,Long Rains
1257,1257,2006,3,2006-03-01T00:00:00,city,Nyarugenge,145.97771627502104,Long Rain,Long Rains
1258,1258,2006,4,2006-04-01T00:00:00,city,Nyarugenge,206.8990628838891,Long Rain,Long Rains
1259,1259,2006,5,2006-05-01T00:00:00,city,Nyarugenge,119.93569458621089,Long Rain,Long Rains
1260,1260,2007,2,2007-02-01T00:00:00,city,Gasabo,105.8730177837174,Long Rain,Long Rains
1261,1261,2007,3,2007-03-01T00:00:00,city,Gasabo,118.82839225474144,Long Rain,Long Rains
1262,1262,2007,4,2007-04-01T00:00:00,city,Gasabo,144.00033975409642,Long Rain,Long Rains
1263,1263,2007,5,2007-05-01T00:00:00,city,Gasabo,276.2419563858614,Long Rain,Long Rains
1264,1264,2007,2,2007-02-01T00:00:00,city,Kicukiro,99.88962467617954,Long Rain,Long Rains
1265,1265,2007,3,2007-03-01T00:00:00,city,Kicukiro,108.07759593126032,Long Rain,Long Rains
1266,1266,2007,4,2007-04-01T00:00:00,city,Kicukiro,149.56537113622934,Long Rain,Long Rains
1267,1267,2007,5,2007-05-01T00:00:00,city,Kicukiro,272.8664506824473,Long Rain,Long Rains
1268,1268,2007,2,2007-02-01T00:00:00,city,Nyarugenge,116.71194200951793,Long Rain,Long Rains
1269,1269,2007,3,2007-03-01T00:00:00,city,Nyarugenge,113.18379887507729,Long Rain,Long Rains
1270,1270,2007,4,2007-04-01T00:00:00,city,Nyarugenge,153.13489890942532,Long Rain,Long Rains
1271,1271,2007,5,2007-05-01T00:00:00,city,Nyarugenge,277.3033688026192,Long Rain,Long Rains
1272,1272,2008,2,2008-02-01T00:00:00,city,Gasabo,67.63909857701726,Long Rain,Long Rains
1273,1273,2008,3,2008-03-01T00:00:00,city,Gasabo,140.87253492636847,Long Rain,Long Rains
1274,1274,2008,4,2008-04-01T00:00:00,city,Gasabo,99.67853869691344,Long Rain,Long Rains
1275,1275,2008,5,2008-05-01T00:00:00,city,Gasabo,65.51230142290049,Long Rain,Long Rains
1276,1276,2008,2,2008-02-01T00:00:00,city,Kicukiro,66.55457387778674,Long Rain,Long Rains
1277,1277,2008,3,2008-03-01T00:00:00,city,Kicukiro,130.2578560479797,Long Rain,Long Rains
1278,1278,2008,4,2008-04-01T00:00:00,city,Kicukiro,99.58149596432578,Long Rain,Long Rains
1279,1279,2008,5,2008-05-01T00:00:00,city,Kicukiro,50.58362197764891,Long Rain,Long Rains
1280,1280,2008,2,2008-02-01T00:00:00,city,Nyarugenge,74.37889744363353,Long Rain,Long Rains
1281,1281,2008,3,2008-03-01T00:00:00,city,Nyarugenge,136.4522210299793,Long Rain,Long Rains
1282,1282,2008,4,2008-04-01T00:00:00,city,Nyarugenge,94.06954372737964,Long Rain,Long Rains
1283,1283,2008,5,2008-05-01T00:00:00,city,Nyarugenge,53.52705738414354,Long Rain,Long Rains
1284,1284,2009,2,2009-02-01T00:00:00,city,Gasabo,178.80848881923214,Long Rain,Long Rains
1285,1285,2009,3,2009-03-01T00:00:00,city,Gasabo,119.959853629573,Long Rain,Long Rains
1286,1286,2009,4,2009-04-01T00:00:00,city,Gasabo,152.51840968619567,Long Rain,Long Rains
1287,1287,2009,5,2009-05-01T00:00:00,city,Gasabo,157.27675222518144,Long Rain,Long Rains
1288,1288,2009,2,2009-02-01T00:00:00,city,Kicukiro,169.33892497144333,Long Rain,Long Rains
1289,1289,2009,3,2009-03-01T00:00:00,city,Kicukiro,114.10365826124082,Long Rain,Long Rains
1290,1290,2009,4,2009-04-01T00:00:00,city,Kicukiro,155.80915975876167,Long Rain,Long Rains
1291,1291,2009,5,2009-05-01T00:00:00,city,Kicukiro,155.98247642453217,Long Rain,Long Rains
1292,1292,2009,2,2009-02-01T00:00:00,city,Nyarugenge,187.0424795752078,Long Rain,Long Rains
1293,1293,2009,3,2009-03-01T00:00:00,city,Nyarugenge,138.5284928959028,Long Rain,Long Rains
1294,1294,2009,4,2009-04-01T00:00:00,city,Nyarugenge,166.8582744443663,Long Rain,Long Rains
1295,1295,2009,5,2009-05-01T00:00:00,city,Nyarugenge,171.97448760921623,Long Rain,Long Rains
1296,1296,2010,2,2010-02-01T00:00:00,city,Gasabo,205.96924175315635,Long Rain,Long Rains
1297,1297,2010,3,2010-03-01T00:00:00,city,Gasabo,153.09936044795046,Long Rain,Long Rains
1298,1298,2010,4,2010-04-01T00:00:00,city,Gasabo,134.1684374033094,Long Rain,Long Rains
1299,1299,2010,5,2010-05-01T00:00:00,city,Gasabo,77.85269511489203,Long Rain,Long Rains
1300,1300,2010,2,2010-02-01T00:00:00,city,Kicukiro,196.33947643208936,Long Rain,Long Rains
1301,1301,2010,3,2010-03-01T00:00:00,city,Kicukiro,143.32409024613503,Long Rain,Long Rains
1302,1302,2010,4,2010-04-01T00:00:00,city,Kicukiro,142.54532119293302,Long Rain,Long Rains
1303,1303,2010,5,2010-05-01T00:00:00,city,Kicukiro,79.9404683596323,Long Rain,Long Rains
1304,1304,2010,2,2010-02-01T00:00:00,city,Nyarugenge,226.16723612205828,Long Rain,Long Rains
1305,1305,2010,3,2010-03-01T00:00:00,city,Nyarugenge,151.8362229563142,Long Rain,Long Rains
1306,1306,2010,4,2010-04-01T00:00:00,city,Nyarugenge,137.91833333912854,Long Rain,Long Rains
1307,1307,2010,5,2010-05-01T00:00:00,city,Nyarugenge,84.5252197318021,Long Rain,Long Rains
1308,1308,2011,2,2011-02-01T00:00:00,city,Gasabo,115.1745276845142,Long Rain,Long Rains
1309,1309,2011,3,2011-03-01T00:00:00,city,Gasabo,133.37941560591733,Long Rain,Long Rains
1310,1310,2011,4,2011-04-01T00:00:00,city,Gasabo,138.80120372728976,Long Rain,Long Rains
1311,1311,2011,5,2011-05-01T00:00:00,city,Gasabo,99.38363161505391,Long Rain,Long Rains
1312,1312,2011,2,2011-02-01T00:00:00,city,Kicukiro,105.55601855024184,Long Rain,Long Rains
1313,1313,2011,3,2011-03-01T00:00:00,city,Kicukiro,122.04322726322457,Long Rain,Long Rains
1314,1314,2011,4,2011-04-01T00:00:00,city,Kicukiro,131.43249305820635,Long Rain,Long Rains
1315,1315,2011,5,2011-05-01T00:00:00,city,Kicukiro,99.30973394776612,Long Rain,Long Rains
1316,1316,2011,2,2011-02-01T00:00:00,city,Nyarugenge,108.19449191195424,Long Rain,Long Rains
1317,1317,2011,3,2011-03-01T00:00:00,city,Nyarugenge,127.47721225287006,Long Rain,Long Rains
1318,1318,2011,4,2011-04-01T00:00:00,city,Nyarugenge,120.10389542368664,Long Rain,Long Rains
1319,1319,2011,5,2011-05-01T00:00:00,city,Nyarugenge,109.88963511383989,Long Rain,Long Rains
1320,1320,2012,2,2012-02-01T00:00:00,city,Gasabo,63.3659482305484,Long Rain,Long Rains
1321,1321,2012,3,2012-03-01T00:00:00,city,Gasabo,120.74646989290096,Long Rain,Long Rains
1322,1322,2012,4,2012-04-01T00:00:00,city,Gasabo,215.8823363062639,Long Rain,Long Rains
1323,1323,2012,5,2012-05-01T00:00:00,city,Gasabo,162.72379590902335,Long Rain,Long Rains
1324,1324,2012,2,2012-02-01T00:00:00,city,Kicukiro,60.72783567048675,Long Rain,Long Rains
1325,1325,2012,3,2012-03-01T00:00:00,city,Kicukiro,114.47187702476668,Long Rain,Long Rains
1326,1326,2012,4,2012-04-01T00:00:00,city,Kicukiro,215.2178628573809,Long Rain,Long Rains
1327,1327,2012,5,2012-05-01T00:00:00,city,Kicukiro,160.74485921248768,Long Rain,Long Rains
1328,1328,2012,2,2012-02-01T00:00:00,city,Nyarugenge,68.0858548622919,Long Rain,Long Rains
1329,1329,2012,3,2012-03-01T00:00:00,city,Nyarugenge,127.12446553939212,Long Rain,Long Rains
1330,1330,2012,4,2012-04-01T00:00:00,city,Nyarugenge,196.4032535595176,Long Rain,Long Rains
1331,1331,2012,5,2012-05-01T00:00:00,city,Nyarugenge,169.97111350069355,Long Rain,Long Rains
1332,1332,2013,2,2013-02-01T00:00:00,city,Gasabo,67.21205714515915,Long Rain,Long Rains
1333,1333,2013,3,2013-03-01T00:00:00,city,Gasabo,214.65776626908624,Long Rain,Long Rains
1334,1334,2013,4,2013-04-01T00:00:00,city,Gasabo,136.9720279291033,Long Rain,Long Rains
1335,1335,2013,5,2013-05-01T00:00:00,city,Gasabo,54.40848732081111,Long Rain,Long Rains
1336,1336,2013,2,2013-02-01T00:00:00,city,Kicukiro,57.47403430827635,Long Rain,Long Rains
1337,1337,2013,3,2013-03-01T00:00:00,city,Kicukiro,195.4452246086641,Long Rain,Long Rains
1338,1338,2013,4,2013-04-01T00:00:00,city,Kicukiro,132.4452482039108,Long Rain,Long Rains
1339,1339,2013,5,2013-05-01T00:00:00,city,Kicukiro,52.43685666446986,Long Rain,Long Rains
1340,1340,2013,2,2013-02-01T00:00:00,city,Nyarugenge,63.33175208522858,Long Rain,Long Rains
1341,1341,2013,3,2013-03-01T00:00:00,city,Nyarugenge,218.2136064771354,Long Rain,Long Rains
1342,1342,2013,4,2013-04-01T00:00:00,city,Nyarugenge,129.98826696528096,Long Rain,Long Rains
1343,1343,2013,5,2013-05-01T00:00:00,city,Nyarugenge,57.90085713086226,Long Rain,Long Rains
1344,1344,2014,2,2014-02-01T00:00:00,city,Gasabo,91.38007845669964,Long Rain,Long Rains
1345,1345,2014,3,2014-03-01T00:00:00,city,Gasabo,137.8748600286736,Long Rain,Long Rains
1346,1346,2014,4,2014-04-01T00:00:00,city,Gasabo,125.16892771265776,Long Rain,Long Rains
1347,1347,2014,5,2014-05-01T00:00:00,city,Gasabo,34.222427784518246,Long Rain,Long Rains
1348,1348,2014,2,2014-02-01T00:00:00,city,Kicukiro,86.66873775045056,Long Rain,Long Rains
1349,1349,2014,3,2014-03-01T00:00:00,city,Kicukiro,128.5986247237644,Long Rain,Long Rains
1350,1350,2014,4,2014-04-01T00:00:00,city,Kicukiro,117.29909926732752,Long Rain,Long Rains
1351,1351,2014,5,2014-05-01T00:00:00,city,Kicukiro,34.433468849352096,Long Rain,Long Rains
1352,1352,2014,2,2014-02-01T00:00:00,city,Nyarugenge,99.20951921837872,Long Rain,Long Rains
1353,1353,2014,3,2014-03-01T00:00:00,city,Nyarugenge,141.19541148801824,Long Rain,Long Rains
1354,1354,2014,4,2014-04-01T00:00:00,city,Nyarugenge,119.87738721208936,Long Rain,Long Rains
1355,1355,2014,5,2014-05-01T00:00:00,city,Nyarugenge,34.0062770032953,Long Rain,Long Rains
1356,1356,2015,2,2015-02-01T00:00:00,city,Gasabo,75.04849748183366,Long Rain,Long Rains
1357,1357,2015,3,2015-03-01T00:00:00,city,Gasabo,141.6991429221897,Long Rain,Long Rains
1358,1358,2015,4,2015-04-01T00:00:00,city,Gasabo,186.9053330305779,Long Rain,Long Rains
1359,1359,2015,5,2015-05-01T00:00:00,city,Gasabo,57.24233341233256,Long Rain,Long Rains
1360,1360,2015,2,2015-02-01T00:00:00,city,Kicukiro,70.2413134962303,Long Rain,Long Rains
1361,1361,2015,3,2015-03-01T00:00:00,city,Kicukiro,129.67730002939254,Long Rain,Long Rains
1362,1362,2015,4,2015-04-01T00:00:00,city,Kicukiro,181.11150285068757,Long Rain,Long Rains
1363,1363,2015,5,2015-05-01T00:00:00,city,Kicukiro,64.6891789890405,Long Rain,Long Rains
1364,1364,2015,2,2015-02-01T00:00:00,city,Nyarugenge,79.84069356489323,Long Rain,Long Rains
1365,1365,2015,3,2015-03-01T00:00:00,city,Nyarugenge,142.04063802095993,Long Rain,Long Rains
1366,1366,2015,4,2015-04-01T00:00:00,city,Nyarugenge,168.78138129830714,Long Rain,Long Rains
1367,1367,2015,5,2015-05-01T00:00:00,city,Nyarugenge,75.38776750726335,Long Rain,Long Rains
1368,1368,2016,2,2016-02-01T00:00:00,city,Gasabo,53.11632063847716,Long Rain,Long Rains
1369,1369,2016,3,2016-03-01T00:00:00,city,Gasabo,191.17682479477017,Long Rain,Long Rains
1370,1370,2016,4,2016-04-01T00:00:00,city,Gasabo,170.362918298765,Long Rain,Long Rains
1371,1371,2016,5,2016-05-01T00:00:00,city,Gasabo,42.349367223502654,Long Rain,Long Rains
1372,1372,2016,2,2016-02-01T00:00:00,city,Kicukiro,51.3760185770747,Long Rain,Long Rains
1373,1373,2016,3,2016-03-01T00:00:00,city,Kicukiro,169.89883644357283,Long Rain,Long Rains
1374,1374,2016,4,2016-04-01T00:00:00,city,Kicukiro,163.8988964184121,Long Rain,Long Rains
1375,1375,2016,5,2016-05-01T00:00:00,city,Kicukiro,37.95865948400182,Long Rain,Long Rains
1376,1376,2016,2,2016-02-01T00:00:00,city,Nyarugenge,58.47522304982915,Long Rain,Long Rains
1377,1377,2016,3,2016-03-01T00:00:00,city,Nyarugenge,194.09284091277104,Long Rain,Long Rains
1378,1378,2016,4,2016-04-01T00:00:00,city,Nyarugenge,175.4089637337181,Long Rain,Long Rains
1379,1379,2016,5,2016-05-01T00:00:00,city,Nyarugenge,39.38542896087192,Long Rain,Long Rains
1380,1380,2017,2,2017-02-01T00:00:00,city,Gasabo,64.57355097274721,Long Rain,Long Rains
1381,1381,2017,3,2017-03-01T00:00:00,city,Gasabo,110.4775516593897,Long Rain,Long Rains
1382,1382,2017,4,2017-04-01T00:00:00,city,Gasabo,118.56142131046116,Long Rain,Long Rains
1383,1383,2017,5,2017-05-01T00:00:00,city,Gasabo,123.27253616550723,Long Rain,Long Rains
1384,1384,2017,2,2017-02-01T00:00:00,city,Kicukiro,61.54805624242015,Long Rain,Long Rains
1385,1385,2017,3,2017-03-01T00:00:00,city,Kicukiro,98.01768974544149,Long Rain,Long Rains
1386,1386,2017,4,2017-04-01T00:00:00,city,Kicukiro,118.28957570564214,Long Rain,Long Rains
1387,1387,2017,5,2017-05-01T00:00:00,city,Kicukiro,124.39369202382215,Long Rain,Long Rains
1388,1388,2017,2,2017-02-01T00:00:00,city,Nyarugenge,71.02704060411736,Long Rain,Long Rains
1389,1389,2017,3,2017-03-01T00:00:00,city,Nyarugenge,107.96986319463164,Long Rain,Long Rains
1390,1390,2017,4,2017-04-01T00:00:00,city,Nyarugenge,118.1971333832164,Long Rain,Long Rains
1391,1391,2017,5,2017-05-01T00:00:00,city,Nyarugenge,126.29018466697684,Long Rain,Long Rains
1392,1392,2018,2,2018-02-01T00:00:00,city,Gasabo,42.29658882981713,Long Rain,Long Rains
1393,1393,2018,3,2018-03-01T00:00:00,city,Gasabo,233.51743026569952,Long Rain,Long Rains
1394,1394,2018,4,2018-04-01T00:00:00,city,Gasabo,294.9940967600893,Long Rain,Long Rains
1395,1395,2018,5,2018-05-01T00:00:00,city,Gasabo,135.6081691196894,Long Rain,Long Rains
1396,1396,2018,2,2018-02-01T00:00:00,city,Kicukiro,39.85268092120742,Long Rain,Long Rains
1397,1397,2018,3,2018-03-01T00:00:00,city,Kicukiro,219.03350067027588,Long Rain,Long Rains
1398,1398,2018,4,2018-04-01T00:00:00,city,Kicukiro,291.1436347044965,Long Rain,Long Rains
1399,1399,2018,5,2018-05-01T00:00:00,city,Kicukiro,129.5018936618512,Long Rain,Long Rains
1400,1400,2018,2,2018-02-01T00:00:00,city,Nyarugenge,48.65619329875197,Long Rain,Long Rains
1401,1401,2018,3,2018-03-01T00:00:00,city,Nyarugenge,232.63050893555703,Long Rain,Long Rains
1402,1402,2018,4,2018-04-01T00:00:00,city,Nyarugenge,282.58540423324325,Long Rain,Long Rains
1403,1403,2018,5,2018-05-01T00:00:00,city,Nyarugenge,136.90625840530987,Long Rain,Long Rains
1404,1404,2019,2,2019-02-01T00:00:00,city,Gasabo,64.8824755049595,Long Rain,Long Rains
1405,1405,2019,3,2019-03-01T00:00:00,city,Gasabo,89.75236608608596,Long Rain,Long Rains
1406,1406,2019,4,2019-04-01T00:00:00,city,Gasabo,145.38869431553394,Long Rain,Long Rains
1407,1407,2019,5,2019-05-01T00:00:00,city,Gasabo,138.91586514044664,Long Rain,Long Rains
1408,1408,2019,2,2019-02-01T00:00:00,city,Kicukiro,63.96466732698608,Long Rain,Long Rains
1409,1409,2019,3,2019-03-01T00:00:00,city,Kicukiro,82.58291210570027,Long Rain,Long Rains
1410,1410,2019,4,2019-04-01T00:00:00,city,Kicukiro,136.77897126937094,Long Rain,Long Rains
1411,1411,2019,5,2019-05-01T00:00:00,city,Kicukiro,135.87502048511317,Long Rain,Long Rains
1412,1412,2019,2,2019-02-01T00:00:00,city,Nyarugenge,68.36951285899565,Long Rain,Long Rains
1413,1413,2019,3,2019-03-01T00:00:00,city,Nyarugenge,89.53309932254409,Long Rain,Long Rains
1414,1414,2019,4,2019-04-01T00:00:00,city,Nyarugenge,142.20983294575618,Long Rain,Long Rains
1415,1415,2019,5,2019-05-01T00:00:00,city,Nyarugenge,139.211080389916,Long Rain,Long Rains
1416,1416,2020,2,2020-02-01T00:00:00,city,Gasabo,147.5409785431547,Long Rain,Long Rains
1417,1417,2020,3,2020-03-01T00:00:00,city,Gasabo,133.05713472493895,Long Rain,Long Rains
1418,1418,2020,4,2020-04-01T00:00:00,city,Gasabo,197.55095372754576,Long Rain,Long Rains
1419,1419,2020,5,2020-05-01T00:00:00,city,Gasabo,39.663147504706416,Long Rain,Long Rains
1420,1420,2020,2,2020-02-01T00:00:00,city,Kicukiro,141.7811033307777,Long Rain,Long Rains
1421,1421,2020,3,2020-03-01T00:00:00,city,Kicukiro,126.14775059038492,Long Rain,Long Rains
1422,1422,2020,4,2020-04-01T00:00:00,city,Kicukiro,195.78677655988196,Long Rain,Long Rains
1423,1423,2020,5,2020-05-01T00:00:00,city,Kicukiro,40.0547403806021,Long Rain,Long Rains
1424,1424,2020,2,2020-02-01T00:00:00,city,Nyarugenge,152.68953411382208,Long Rain,Long Rains
1425,1425,2020,3,2020-03-01T00:00:00,city,Nyarugenge,130.34675339048945,Long Rain,Long Rains
1426,1426,2020,4,2020-04-01T00:00:00,city,Nyarugenge,186.406850055959,Long Rain,Long Rains
1427,1427,2020,5,2020-05-01T00:00:00,city,Nyarugenge,42.57162890989872,Long Rain,Long Rains
1428,1428,2021,2,2021-02-01T00:00:00,city,Gasabo,100.98412889105694,Long Rain,Long Rains
1429,1429,2021,3,2021-03-01T00:00:00,city,Gasabo,124.65366512241076,Long Rain,Long Rains
1430,1430,2021,4,2021-04-01T00:00:00,city,Gasabo,135.40104096926575,Long Rain,Long Rains
1431,1431,2021,5,2021-05-01T00:00:00,city,Gasabo,199.29948319745048,Long Rain,Long Rains
1432,1432,2021,2,2021-02-01T00:00:00,city,Kicukiro,90.51828950431782,Long Rain,Long Rains
1433,1433,2021,3,2021-03-01T00:00:00,city,Kicukiro,116.3771941418834,Long Rain,Long Rains
1434,1434,2021,4,2021-04-01T00:00:00,city,Kicukiro,133.49548939542154,Long Rain,Long Rains
1435,1435,2021,5,2021-05-01T00:00:00,city,Kicukiro,206.66222418305765,Long Rain,Long Rains
1436,1436,2021,2,2021-02-01T00:00:00,city,Nyarugenge,104.49078673300136,Long Rain,Long Rains
1437,1437,2021,3,2021-03-01T00:00:00,city,Nyarugenge,121.34370304666083,Long Rain,Long Rains
1438,1438,2021,4,2021-04-01T00:00:00,city,Nyarugenge,130.31310669792086,Long Rain,Long Rains
1439,1439,2021,5,2021-05-01T00:00:00,city,Nyarugenge,202.1719096142985,Long Rain,Long Rains
1440,1440,2022,2,2022-02-01T00:00:00,city,Gasabo,139.48963164440008,Long Rain,Long Rains
1441,1441,2022,3,2022-03-01T00:00:00,city,Gasabo,120.2368715143993,Long Rain,Long Rains
1442,1442,2022,4,2022-04-01T00:00:00,city,Gasabo,165.76484216462185,Long Rain,Long Rains
1443,1443,2022,5,2022-05-01T00:00:00,city,Gasabo,99.73130485022917,Long Rain,Long Rains
1444,1444,2022,2,2022-02-01T00:00:00,city,Kicukiro,127.90052300632593,Long Rain,Long Rains
1445,1445,2022,3,2022-03-01T00:00:00,city,Kicukiro,108.79021380540584,Long Rain,Long Rains
1446,1446,2022,4,2022-04-01T00:00:00,city,Kicukiro,173.1026533490083,Long Rain,Long Rains
1447,1447,2022,5,2022-05-01T00:00:00,city,Kicukiro,95.25204277469034,Long Rain,Long Rains
1448,1448,2022,2,2022-02-01T00:00:00,city,Nyarugenge,148.09261531604778,Long Rain,Long Rains
1449,1449,2022,3,2022-03-01T00:00:00,city,Nyarugenge,119.37004333400444,Long Rain,Long Rains
1450,1450,2022,4,2022-04-01T00:00:00,city,Nyarugenge,168.8394641433142,Long Rain,Long Rains
1451,1451,2022,5,2022-05-01T00:00:00,city,Nyarugenge,106.13180723021516,Long Rain,Long Rains
1452,1452,2023,2,2023-02-01T00:00:00,city,Gasabo,29.653572463902773,Long Rain,Long Rains
1453,1453,2023,3,2023-03-01T00:00:00,city,Gasabo,160.06439250495478,Long Rain,Long Rains
1454,1454,2023,4,2023-04-01T00:00:00,city,Gasabo,178.06268793199916,Long Rain,Long Rains
1455,1455,2023,5,2023-05-01T00:00:00,city,Gasabo,93.05325239887316,Long Rain,Long Rains
1456,1456,2023,2,2023-02-01T00:00:00,city,Kicukiro,29.57990735418657,Long Rain,Long Rains
1457,1457,2023,3,2023-03-01T00:00:00,city,Kicukiro,150.52491691908176,Long Rain,Long Rains
1458,1458,2023,4,2023-04-01T00:00:00,city,Kicukiro,161.75286919499948,Long Rain,Long Rains
1459,1459,2023,5,2023-05-01T00:00:00,city,Kicukiro,80.70662831302013,Long Rain,Long Rains
1460,1460,2023,2,2023-02-01T00:00:00,city,Nyarugenge,33.255879438820145,Long Rain,Long Rains
1461,1461,2023,3,2023-03-01T00:00:00,city,Nyarugenge,160.58116033435925,Long Rain,Long Rains
1462,1462,2023,4,2023-04-01T00:00:00,city,Nyarugenge,172.60117625416555,Long Rain,Long Rains
1463,1463,2023,5,2023-05-01T00:00:00,city,Nyarugenge,94.98102167450924,Long Rain,Long Rains
1464,1464,2000,9,2000-09-01T00:00:00,city,Gasabo,22.998615497689865,Short Rain,Short Rains
1465,1465,2000,10,2000-10-01T00:00:00,city,Gasabo,113.63806233560656,Short Rain,Short Rains
1466,1466,2000,11,2000-11-01T00:00:00,city,Gasabo,152.5083881861173,Short Rain,Short Rains
1467,1467,2000,9,2000-09-01T00:00:00,city,Kicukiro,18.2665477352359,Short Rain,Short Rains
1468,1468,2000,10,2000-10-01T00:00:00,city,Kicukiro,106.8255254909891,Short Rain,Short Rains
1469,1469,2000,11,2000-11-01T00:00:00,city,Kicukiro,137.64402536215587,Short Rain,Short Rains
1470,1470,2000,9,2000-09-01T00:00:00,city,Nyarugenge,20.47594745813218,Short Rain,Short Rains
1471,1471,2000,10,2000-10-01T00:00:00,city,Nyarugenge,120.22094265936398,Short Rain,Short Rains
1472,1472,2000,11,2000-11-01T00:00:00,city,Nyarugenge,152.2113486834332,Short Rain,Short Rains
1473,1473,2001,9,2001-09-01T00:00:00,city,Gasabo,82.53491577159465,Short Rain,Short Rains
1474,1474,2001,10,2001-10-01T00:00:00,city,Gasabo,213.27759978463655,Short Rain,Short Rains
1475,1475,2001,11,2001-11-01T00:00:00,city,Gasabo,181.24975822464305,Short Rain,Short Rains
1476,1476,2001,9,2001-09-01T00:00:00,city,Kicukiro,83.88709716499721,Short Rain,Short Rains
1477,1477,2001,10,2001-10-01T00:00:00,city,Kicukiro,201.30138058792943,Short Rain,Short Rains
1478,1478,2001,11,2001-11-01T00:00:00,city,Kicukiro,175.04615226816705,Short Rain,Short Rains
1479,1479,2001,9,2001-09-01T00:00:00,city,Nyarugenge,84.78464349497736,Short Rain,Short Rains
1480,1480,2001,10,2001-10-01T00:00:00,city,Nyarugenge,205.7160566837738,Short Rain,Short Rains
1481,1481,2001,11,2001-11-01T00:00:00,city,Nyarugenge,177.01410477140308,Short Rain,Short Rains
1482,1482,2002,9,2002-09-01T00:00:00,city,Gasabo,28.35468855681968,Short Rain,Short Rains
1483,1483,2002,10,2002-10-01T00:00:00,city,Gasabo,101.26466502561723,Short Rain,Short Rains
1484,1484,2002,11,2002-11-01T00:00:00,city,Gasabo,104.14451958992072,Short Rain,Short Rains
1485,1485,2002,9,2002-09-01T00:00:00,city,Kicukiro,24.912861112320783,Short Rain,Short Rains
1486,1486,2002,10,2002-10-01T00:00:00,city,Kicukiro,88.07869288695018,Short Rain,Short Rains
1487,1487,2002,11,2002-11-01T00:00:00,city,Kicukiro,96.11037986113296,Short Rain,Short Rains
1488,1488,2002,9,2002-09-01T00:00:00,city,Nyarugenge,25.50109698058581,Short Rain,Short Rains
1489,1489,2002,10,2002-10-01T00:00:00,city,Nyarugenge,83.12028225403621,Short Rain,Short Rains
1490,1490,2002,11,2002-11-01T00:00:00,city,Nyarugenge,101.72246884737044,Short Rain,Short Rains
1491,1491,2003,9,2003-09-01T00:00:00,city,Gasabo,93.68819416101708,Short Rain,Short Rains
1492,1492,2003,10,2003-10-01T00:00:00,city,Gasabo,112.15376511562766,Short Rain,Short Rains
1493,1493,2003,11,2003-11-01T00:00:00,city,Gasabo,106.75644908711313,Short Rain,Short Rains
1494,1494,2003,9,2003-09-01T00:00:00,city,Kicukiro,89.61046649802894,Short Rain,Short Rains
1495,1495,2003,10,2003-10-01T00:00:00,city,Kicukiro,111.6833730188302,Short Rain,Short Rains
1496,1496,2003,11,2003-11-01T00:00:00,city,Kicukiro,103.35557484057452,Short Rain,Short Rains
1497,1497,2003,9,2003-09-01T00:00:00,city,Nyarugenge,89.74406171794486,Short Rain,Short Rains
1498,1498,2003,10,2003-10-01T00:00:00,city,Nyarugenge,134.6943580042296,Short Rain,Short Rains
1499,1499,2003,11,2003-11-01T00:00:00,city,Nyarugenge,106.87338311552652,Short Rain,Short Rains
1500,1500,2004,9,2004-09-01T00:00:00,city,Gasabo,95.02788302374655,Short Rain,Short Rains
1501,1501,2004,10,2004-10-01T00:00:00,city,Gasabo,112.9737816469871,Short Rain,Short Rains
1502,1502,2004,11,2004-11-01T00:00:00,city,Gasabo,211.07688060181937,Short Rain,Short Rains
1503,1503,2004,9,2004-09-01T00:00:00,city,Kicukiro,93.61398993263288,Short Rain,Short Rains
1504,1504,2004,10,2004-10-01T00:00:00,city,Kicukiro,104.88108772390032,Short Rain,Short Rains
1505,1505,2004,11,2004-11-01T00:00:00,city,Kicukiro,201.7307183505077,Short Rain,Short Rains
1506,1506,2004,9,2004-09-01T00:00:00,city,Nyarugenge,92.05577318664848,Short Rain,Short Rains
1507,1507,2004,10,2004-10-01T00:00:00,city,Nyarugenge,104.94765202134056,Short Rain,Short Rains
1508,1508,2004,11,2004-11-01T00:00:00,city,Nyarugenge,206.86513054968685,Short Rain,Short Rains
1509,1509,2005,9,2005-09-01T00:00:00,city,Gasabo,119.66146808653238,Short Rain,Short Rains
1510,1510,2005,10,2005-10-01T00:00:00,city,Gasabo,213.491688324356,Short Rain,Short Rains
1511,1511,2005,11,2005-11-01T00:00:00,city,Gasabo,75.68009996603362,Short Rain,Short Rains
1512,1512,2005,9,2005-09-01T00:00:00,city,Kicukiro,115.51766188594586,Short Rain,Short Rains
1513,1513,2005,10,2005-10-01T00:00:00,city,Kicukiro,203.9458099380787,Short Rain,Short Rains
1514,1514,2005,11,2005-11-01T00:00:00,city,Kicukiro,73.54441358436314,Short Rain,Short Rains
1515,1515,2005,9,2005-09-01T00:00:00,city,Nyarugenge,121.96955212484772,Short Rain,Short Rains
1516,1516,2005,10,2005-10-01T00:00:00,city,Nyarugenge,205.00042650938727,Short Rain,Short Rains
1517,1517,2005,11,2005-11-01T00:00:00,city,Nyarugenge,74.43101270061679,Short Rain,Short Rains
1518,1518,2006,9,2006-09-01T00:00:00,city,Gasabo,41.10042080693276,Short Rain,Short Rains
1519,1519,2006,10,2006-10-01T00:00:00,city,Gasabo,73.32554548766655,Short Rain,Short Rains
1520,1520,2006,11,2006-11-01T00:00:00,city,Gasabo,208.16697234432863,Short Rain,Short Rains
1521,1521,2006,9,2006-09-01T00:00:00,city,Kicukiro,44.72263584945115,Short Rain,Short Rains
1522,1522,2006,10,2006-10-01T00:00:00,city,Kicukiro,68.8621709967465,Short Rain,Short Rains
1523,1523,2006,11,2006-11-01T00:00:00,city,Kicukiro,200.4529781810892,Short Rain,Short Rains
1524,1524,2006,9,2006-09-01T00:00:00,city,Nyarugenge,41.92291438412526,Short Rain,Short Rains
1525,1525,2006,10,2006-10-01T00:00:00,city,Nyarugenge,75.83833395555659,Short Rain,Short Rains
1526,1526,2006,11,2006-11-01T00:00:00,city,Nyarugenge,217.10668981532436,Short Rain,Short Rains
1527,1527,2007,9,2007-09-01T00:00:00,city,Gasabo,88.89257565227882,Short Rain,Short Rains
1528,1528,2007,10,2007-10-01T00:00:00,city,Gasabo,105.78516055591196,Short Rain,Short Rains
1529,1529,2007,11,2007-11-01T00:00:00,city,Gasabo,111.974966573272,Short Rain,Short Rains
1530,1530,2007,9,2007-09-01T00:00:00,city,Kicukiro,89.29127077509236,Short Rain,Short Rains
1531,1531,2007,10,2007-10-01T00:00:00,city,Kicukiro,105.41298766738814,Short Rain,Short Rains
1532,1532,2007,11,2007-11-01T00:00:00,city,Kicukiro,109.17101344662346,Short Rain,Short Rains
1533,1533,2007,9,2007-09-01T00:00:00,city,Nyarugenge,88.55168556375841,Short Rain,Short Rains
1534,1534,2007,10,2007-10-01T00:00:00,city,Nyarugenge,95.3399597044188,Short Rain,Short Rains
1535,1535,2007,11,2007-11-01T00:00:00,city,Nyarugenge,110.05969131309377,Short Rain,Short Rains
1536,1536,2008,9,2008-09-01T00:00:00,city,Gasabo,65.80181758016232,Short Rain,Short Rains
1537,1537,2008,10,2008-10-01T00:00:00,city,Gasabo,97.34043477079382,Short Rain,Short Rains
1538,1538,2008,11,2008-11-01T00:00:00,city,Gasabo,91.41209320469632,Short Rain,Short Rains
1539,1539,2008,9,2008-09-01T00:00:00,city,Kicukiro,71.06378700015291,Short Rain,Short Rains
1540,1540,2008,10,2008-10-01T00:00:00,city,Kicukiro,95.0772688079172,Short Rain,Short Rains
1541,1541,2008,11,2008-11-01T00:00:00,city,Kicukiro,88.59302448823694,Short Rain,Short Rains
1542,1542,2008,9,2008-09-01T00:00:00,city,Nyarugenge,57.58327417018491,Short Rain,Short Rains
1543,1543,2008,10,2008-10-01T00:00:00,city,Nyarugenge,95.02213848586632,Short Rain,Short Rains
1544,1544,2008,11,2008-11-01T00:00:00,city,Nyarugenge,93.14367552492824,Short Rain,Short Rains
1545,1545,2009,9,2009-09-01T00:00:00,city,Gasabo,22.051953011428225,Short Rain,Short Rains
1546,1546,2009,10,2009-10-01T00:00:00,city,Gasabo,126.79827708177514,Short Rain,Short Rains
1547,1547,2009,11,2009-11-01T00:00:00,city,Gasabo,106.51488445265116,Short Rain,Short Rains
1548,1548,2009,9,2009-09-01T00:00:00,city,Kicukiro,19.125575923718337,Short Rain,Short Rains
1549,1549,2009,10,2009-10-01T00:00:00,city,Kicukiro,119.92376029192882,Short Rain,Short Rains
1550,1550,2009,11,2009-11-01T00:00:00,city,Kicukiro,98.22612178860255,Short Rain,Short Rains
1551,1551,2009,9,2009-09-01T00:00:00,city,Nyarugenge,28.13988169755204,Short Rain,Short Rains
1552,1552,2009,10,2009-10-01T00:00:00,city,Nyarugenge,133.0650709976489,Short Rain,Short Rains
1553,1553,2009,11,2009-11-01T00:00:00,city,Nyarugenge,101.5942647056242,Short Rain,Short Rains
1554,1554,2010,9,2010-09-01T00:00:00,city,Gasabo,69.63908427611848,Short Rain,Short Rains
1555,1555,2010,10,2010-10-01T00:00:00,city,Gasabo,107.96534957547384,Short Rain,Short Rains
1556,1556,2010,11,2010-11-01T00:00:00,city,Gasabo,94.86179628839194,Short Rain,Short Rains
1557,1557,2010,9,2010-09-01T00:00:00,city,Kicukiro,64.58188767501207,Short Rain,Short Rains
1558,1558,2010,10,2010-10-01T00:00:00,city,Kicukiro,114.88836894704636,Short Rain,Short Rains
1559,1559,2010,11,2010-11-01T00:00:00,city,Kicukiro,88.35658380328462,Short Rain,Short Rains
1560,1560,2010,9,2010-09-01T00:00:00,city,Nyarugenge,78.82135448835592,Short Rain,Short Rains
1561,1561,2010,10,2010-10-01T00:00:00,city,Nyarugenge,105.41052222339808,Short Rain,Short Rains
1562,1562,2010,11,2010-11-01T00:00:00,city,Nyarugenge,96.12216828899749,Short Rain,Short Rains
1563,1563,2011,9,2011-09-01T00:00:00,city,Gasabo,163.98949782493247,Short Rain,Short Rains
1564,1564,2011,10,2011-10-01T00:00:00,city,Gasabo,171.71253920585167,Short Rain,Short Rains
1565,1565,2011,11,2011-11-01T00:00:00,city,Gasabo,162.40809417241175,Short Rain,Short Rains
1566,1566,2011,9,2011-09-01T00:00:00,city,Kicukiro,161.31610580982,Short Rain,Short Rains
1567,1567,2011,10,2011-10-01T00:00:00,city,Kicukiro,156.17598716589208,Short Rain,Short Rains
1568,1568,2011,11,2011-11-01T00:00:00,city,Kicukiro,161.96472630142543,Short Rain,Short Rains
1569,1569,2011,9,2011-09-01T00:00:00,city,Nyarugenge,159.38565644191078,Short Rain,Short Rains
1570,1570,2011,10,2011-10-01T00:00:00,city,Nyarugenge,155.95517610237664,Short Rain,Short Rains
1571,1571,2011,11,2011-11-01T00:00:00,city,Nyarugenge,168.48356069927723,Short Rain,Short Rains
1572,1572,2012,9,2012-09-01T00:00:00,city,Gasabo,95.45748028563848,Short Rain,Short Rains
1573,1573,2012,10,2012-10-01T00:00:00,city,Gasabo,178.7638544967131,Short Rain,Short Rains
1574,1574,2012,11,2012-11-01T00:00:00,city,Gasabo,147.46591315224063,Short Rain,Short Rains
1575,1575,2012,9,2012-09-01T00:00:00,city,Kicukiro,89.79462098186632,Short Rain,Short Rains
1576,1576,2012,10,2012-10-01T00:00:00,city,Kicukiro,172.3863742850031,Short Rain,Short Rains
1577,1577,2012,11,2012-11-01T00:00:00,city,Kicukiro,145.75614134336396,Short Rain,Short Rains
1578,1578,2012,9,2012-09-01T00:00:00,city,Nyarugenge,89.71882670748552,Short Rain,Short Rains
1579,1579,2012,10,2012-10-01T00:00:00,city,Nyarugenge,157.96504315408637,Short Rain,Short Rains
1580,1580,2012,11,2012-11-01T00:00:00,city,Nyarugenge,144.66754165001677,Short Rain,Short Rains
1581,1581,2013,9,2013-09-01T00:00:00,city,Gasabo,104.9990577763696,Short Rain,Short Rains
1582,1582,2013,10,2013-10-01T00:00:00,city,Gasabo,90.6006635683406,Short Rain,Short Rains
1583,1583,2013,11,2013-11-01T00:00:00,city,Gasabo,136.7306267579,Short Rain,Short Rains
1584,1584,2013,9,2013-09-01T00:00:00,city,Kicukiro,104.9136085700489,Short Rain,Short Rains
1585,1585,2013,10,2013-10-01T00:00:00,city,Kicukiro,82.08161187213595,Short Rain,Short Rains
1586,1586,2013,11,2013-11-01T00:00:00,city,Kicukiro,133.7724126339237,Short Rain,Short Rains
1587,1587,2013,9,2013-09-01T00:00:00,city,Nyarugenge,116.53429786082916,Short Rain,Short Rains
1588,1588,2013,10,2013-10-01T00:00:00,city,Nyarugenge,87.34010646652683,Short Rain,Short Rains
1589,1589,2013,11,2013-11-01T00:00:00,city,Nyarugenge,135.21400852681612,Short Rain,Short Rains
1590,1590,2014,9,2014-09-01T00:00:00,city,Gasabo,56.30358271838262,Short Rain,Short Rains
1591,1591,2014,10,2014-10-01T00:00:00,city,Gasabo,109.57850019863147,Short Rain,Short Rains
1592,1592,2014,11,2014-11-01T00:00:00,city,Gasabo,115.20495594961255,Short Rain,Short Rains
1593,1593,2014,9,2014-09-01T00:00:00,city,Kicukiro,50.19876724248997,Short Rain,Short Rains
1594,1594,2014,10,2014-10-01T00:00:00,city,Kicukiro,101.8769219375726,Short Rain,Short Rains
1595,1595,2014,11,2014-11-01T00:00:00,city,Kicukiro,113.10762681666684,Short Rain,Short Rains
1596,1596,2014,9,2014-09-01T00:00:00,city,Nyarugenge,59.57417986271656,Short Rain,Short Rains
1597,1597,2014,10,2014-10-01T00:00:00,city,Nyarugenge,107.9765340413316,Short Rain,Short Rains
1598,1598,2014,11,2014-11-01T00:00:00,city,Nyarugenge,114.16464638147382,Short Rain,Short Rains
1599,1599,2015,9,2015-09-01T00:00:00,city,Gasabo,64.735440453362,Short Rain,Short Rains
1600,1600,2015,10,2015-10-01T00:00:00,city,Gasabo,116.346874927615,Short Rain,Short Rains
1601,1601,2015,11,2015-11-01T00:00:00,city,Gasabo,126.80216117419778,Short Rain,Short Rains
1602,1602,2015,9,2015-09-01T00:00:00,city,Kicukiro,58.81428898161904,Short Rain,Short Rains
1603,1603,2015,10,2015-10-01T00:00:00,city,Kicukiro,106.28539601980287,Short Rain,Short Rains
1604,1604,2015,11,2015-11-01T00:00:00,city,Kicukiro,119.8654598598225,Short Rain,Short Rains
1605,1605,2015,9,2015-09-01T00:00:00,city,Nyarugenge,61.15431758647121,Short Rain,Short Rains
1606,1606,2015,10,2015-10-01T00:00:00,city,Nyarugenge,115.75206410902442,Short Rain,Short Rains
1607,1607,2015,11,2015-11-01T00:00:00,city,Nyarugenge,122.38543879704493,Short Rain,Short Rains
1608,1608,2016,9,2016-09-01T00:00:00,city,Gasabo,75.73925028118086,Short Rain,Short Rains
1609,1609,2016,10,2016-10-01T00:00:00,city,Gasabo,148.65281632091964,Short Rain,Short Rains
1610,1610,2016,11,2016-11-01T00:00:00,city,Gasabo,147.73586798957402,Short Rain,Short Rains
1611,1611,2016,9,2016-09-01T00:00:00,city,Kicukiro,72.55339688250127,Short Rain,Short Rains
1612,1612,2016,10,2016-10-01T00:00:00,city,Kicukiro,121.65939573666768,Short Rain,Short Rains
1613,1613,2016,11,2016-11-01T00:00:00,city,Kicukiro,138.14100006005762,Short Rain,Short Rains
1614,1614,2016,9,2016-09-01T00:00:00,city,Nyarugenge,94.73506793608357,Short Rain,Short Rains
1615,1615,2016,10,2016-10-01T00:00:00,city,Nyarugenge,123.64668741057405,Short Rain,Short Rains
1616,1616,2016,11,2016-11-01T00:00:00,city,Nyarugenge,143.28797613413988,Short Rain,Short Rains
1617,1617,2017,9,2017-09-01T00:00:00,city,Gasabo,89.8940552830615,Short Rain,Short Rains
1618,1618,2017,10,2017-10-01T00:00:00,city,Gasabo,134.01284897611188,Short Rain,Short Rains
1619,1619,2017,11,2017-11-01T00:00:00,city,Gasabo,136.119155516351,Short Rain,Short Rains
1620,1620,2017,9,2017-09-01T00:00:00,city,Kicukiro,86.56951428896893,Short Rain,Short Rains
1621,1621,2017,10,2017-10-01T00:00:00,city,Kicukiro,121.1872896939846,Short Rain,Short Rains
1622,1622,2017,11,2017-11-01T00:00:00,city,Kicukiro,142.8609581926776,Short Rain,Short Rains
1623,1623,2017,9,2017-09-01T00:00:00,city,Nyarugenge,98.67837621979308,Short Rain,Short Rains
1624,1624,2017,10,2017-10-01T00:00:00,city,Nyarugenge,132.45768325096736,Short Rain,Short Rains
1625,1625,2017,11,2017-11-01T00:00:00,city,Nyarugenge,139.43990118559833,Short Rain,Short Rains
1626,1626,2018,9,2018-09-01T00:00:00,city,Gasabo,40.51271746813157,Short Rain,Short Rains
1627,1627,2018,10,2018-10-01T00:00:00,city,Gasabo,81.79353407223299,Short Rain,Short Rains
1628,1628,2018,11,2018-11-01T00:00:00,city,Gasabo,116.46659962635306,Short Rain,Short Rains
1629,1629,2018,9,2018-09-01T00:00:00,city,Kicukiro,36.196636119691455,Short Rain,Short Rains
1630,1630,2018,10,2018-10-01T00:00:00,city,Kicukiro,73.62270398367681,Short Rain,Short Rains
1631,1631,2018,11,2018-11-01T00:00:00,city,Kicukiro,111.19205489016996,Short Rain,Short Rains
1632,1632,2018,9,2018-09-01T00:00:00,city,Nyarugenge,48.727771024436734,Short Rain,Short Rains
1633,1633,2018,10,2018-10-01T00:00:00,city,Nyarugenge,83.62727874957004,Short Rain,Short Rains
1634,1634,2018,11,2018-11-01T00:00:00,city,Nyarugenge,118.33975041651092,Short Rain,Short Rains
1635,1635,2019,9,2019-09-01T00:00:00,city,Gasabo,71.56861357468918,Short Rain,Short Rains
1636,1636,2019,10,2019-10-01T00:00:00,city,Gasabo,113.24621957306744,Short Rain,Short Rains
1637,1637,2019,11,2019-11-01T00:00:00,city,Gasabo,130.2180101744471,Short Rain,Short Rains
1638,1638,2019,9,2019-09-01T00:00:00,city,Kicukiro,72.96249808588901,Short Rain,Short Rains
1639,1639,2019,10,2019-10-01T00:00:00,city,Kicukiro,111.19757064359445,Short Rain,Short Rains
1640,1640,2019,11,2019-11-01T00:00:00,city,Kicukiro,124.95025061561262,Short Rain,Short Rains
1641,1641,2019,9,2019-09-01T00:00:00,city,Nyarugenge,76.42216401835107,Short Rain,Short Rains
1642,1642,2019,10,2019-10-01T00:00:00,city,Nyarugenge,118.66359815133356,Short Rain,Short Rains
1643,1643,2019,11,2019-11-01T00:00:00,city,Nyarugenge,127.38273979921256,Short Rain,Short Rains
1644,1644,2020,9,2020-09-01T00:00:00,city,Gasabo,45.38297918358512,Short Rain,Short Rains
1645,1645,2020,10,2020-10-01T00:00:00,city,Gasabo,215.8493015116992,Short Rain,Short Rains
1646,1646,2020,11,2020-11-01T00:00:00,city,Gasabo,122.39922482019868,Short Rain,Short Rains
1647,1647,2020,9,2020-09-01T00:00:00,city,Kicukiro,52.82851460310493,Short Rain,Short Rains
1648,1648,2020,10,2020-10-01T00:00:00,city,Kicukiro,201.8727358721965,Short Rain,Short Rains
1649,1649,2020,11,2020-11-01T00:00:00,city,Kicukiro,117.15946256579812,Short Rain,Short Rains
1650,1650,2020,9,2020-09-01T00:00:00,city,Nyarugenge,56.89902386069298,Short Rain,Short Rains
1651,1651,2020,10,2020-10-01T00:00:00,city,Nyarugenge,206.94302615022235,Short Rain,Short Rains
1652,1652,2020,11,2020-11-01T00:00:00,city,Nyarugenge,121.58117574892916,Short Rain,Short Rains
1653,1653,2021,9,2021-09-01T00:00:00,city,Gasabo,86.28763222967355,Short Rain,Short Rains
1654,1654,2021,10,2021-10-01T00:00:00,city,Gasabo,155.32531703061676,Short Rain,Short Rains
1655,1655,2021,11,2021-11-01T00:00:00,city,Gasabo,98.11241186829928,Short Rain,Short Rains
1656,1656,2021,9,2021-09-01T00:00:00,city,Kicukiro,75.83073448711312,Short Rain,Short Rains
1657,1657,2021,10,2021-10-01T00:00:00,city,Kicukiro,133.9379406775162,Short Rain,Short Rains
1658,1658,2021,11,2021-11-01T00:00:00,city,Kicukiro,96.66868978735316,Short Rain,Short Rains
1659,1659,2021,9,2021-09-01T00:00:00,city,Nyarugenge,89.52195514250646,Short Rain,Short Rains
1660,1660,2021,10,2021-10-01T00:00:00,city,Nyarugenge,151.6637609490251,Short Rain,Short Rains
1661,1661,2021,11,2021-11-01T00:00:00,city,Nyarugenge,101.71989934106844,Short Rain,Short Rains
1662,1662,2022,9,2022-09-01T00:00:00,city,Gasabo,53.30387675797309,Short Rain,Short Rains
1663,1663,2022,10,2022-10-01T00:00:00,city,Gasabo,72.68979126037964,Short Rain,Short Rains
1664,1664,2022,11,2022-11-01T00:00:00,city,Gasabo,137.48953944391957,Short Rain,Short Rains
1665,1665,2022,9,2022-09-01T00:00:00,city,Kicukiro,49.99580911459726,Short Rain,Short Rains
1666,1666,2022,10,2022-10-01T00:00:00,city,Kicukiro,65.37225922568982,Short Rain,Short Rains
1667,1667,2022,11,2022-11-01T00:00:00,city,Kicukiro,128.40664032273466,Short Rain,Short Rains
1668,1668,2022,9,2022-09-01T00:00:00,city,Nyarugenge,52.45177915824198,Short Rain,Short Rains
1669,1669,2022,10,2022-10-01T00:00:00,city,Nyarugenge,72.57395005525038,Short Rain,Short Rains
1670,1670,2022,11,2022-11-01T00:00:00,city,Nyarugenge,133.0312999089559,Short Rain,Short Rains
1671,1671,2023,9,2023-09-01T00:00:00,city,Gasabo,76.26029816786738,Short Rain,Short Rains
1672,1672,2023,10,2023-10-01T00:00:00,city,Gasabo,79.42644942533778,Short Rain,Short Rains
1673,1673,2023,11,2023-11-01T00:00:00,city,Gasabo,154.66644412875044,Short Rain,Short Rains
1674,1674,2023,9,2023-09-01T00:00:00,city,Kicukiro,73.60072551276286,Short Rain,Short Rains
1675,1675,2023,10,2023-10-01T00:00:00,city,Kicukiro,76.99200020880635,Short Rain,Short Rains
1676,1676,2023,11,2023-11-01T00:00:00,city,Kicukiro,137.48825035750625,Short Rain,Short Rains
1677,1677,2023,9,2023-09-01T00:00:00,city,Nyarugenge,75.34509035971311,Short Rain,Short Rains
1678,1678,2023,10,2023-10-01T00:00:00,city,Nyarugenge,82.1857849816657,Short Rain,Short Rains
1679,1679,2023,11,2023-11-01T00:00:00,city,Nyarugenge,122.71766290622472,Short Rain,Short Rains
1680,1680,2000,2,2000-02-01T00:00:00,west,Karongi,71.48639635044356,Long Rain,Long Rains
1681,1681,2000,3,2000-03-01T00:00:00,west,Karongi,116.01708929299588,Long Rain,Long Rains
1682,1682,2000,4,2000-04-01T00:00:00,west,Karongi,113.41628552558488,Long Rain,Long Rains
1683,1683,2000,5,2000-05-01T00:00:00,west,Karongi,76.06477683520177,Long Rain,Long Rains
1684,1684,2000,2,2000-02-01T00:00:00,west,Ngororero,71.37005210468946,Long Rain,Long Rains
1685,1685,2000,3,2000-03-01T00:00:00,west,Ngororero,98.69257409406694,Long Rain,Long Rains
1686,1686,2000,4,2000-04-01T00:00:00,west,Ngororero,112.1213367194508,Long Rain,Long Rains
1687,1687,2000,5,2000-05-01T00:00:00,west,Ngororero,102.64932347937804,Long Rain,Long Rains
1688,1688,2000,2,2000-02-01T00:00:00,west,Nyabihu,68.68328309059142,Long Rain,Long Rains
1689,1689,2000,3,2000-03-01T00:00:00,west,Nyabihu,105.31600334957253,Long Rain,Long Rains
1690,1690,2000,4,2000-04-01T00:00:00,west,Nyabihu,130.88222877126918,Long Rain,Long Rains
1691,1691,2000,5,2000-05-01T00:00:00,west,Nyabihu,107.77562378652723,Long Rain,Long Rains
1692,1692,2000,2,2000-02-01T00:00:00,west,Nyamasheke,85.06609479519882,Long Rain,Long Rains
1693,1693,2000,3,2000-03-01T00:00:00,west,Nyamasheke,154.23459298766974,Long Rain,Long Rains
1694,1694,2000,4,2000-04-01T00:00:00,west,Nyamasheke,148.84070857669823,Long Rain,Long Rains
1695,1695,2000,5,2000-05-01T00:00:00,west,Nyamasheke,83.4570392348006,Long Rain,Long Rains
1696,1696,2000,2,2000-02-01T00:00:00,west,Rubavu,63.03039519628122,Long Rain,Long Rains
1697,1697,2000,3,2000-03-01T00:00:00,west,Rubavu,100.61533557650976,Long Rain,Long Rains
1698,1698,2000,4,2000-04-01T00:00:00,west,Rubavu,110.67261983854657,Long Rain,Long Rains
1699,1699,2000,5,2000-05-01T00:00:00,west,Rubavu,100.23064783841328,Long Rain,Long Rains
1700,1700,2000,2,2000-02-01T00:00:00,west,Rusizi,89.41477670027217,Long Rain,Long Rains
1701,1701,2000,3,2000-03-01T00:00:00,west,Rusizi,174.59254729967293,Long Rain,Long Rains
1702,1702,2000,4,2000-04-01T00:00:00,west,Rusizi,162.57506073809697,Long Rain,Long Rains
1703,1703,2000,5,2000-05-01T00:00:00,west,Rusizi,69.41419777796689,Long Rain,Long Rains
1704,1704,2000,2,2000-02-01T00:00:00,west,Rutsiro,63.03673254851335,Long Rain,Long Rains
1705,1705,2000,3,2000-03-01T00:00:00,west,Rutsiro,101.10555730582256,Long Rain,Long Rains
1706,1706,2000,4,2000-04-01T00:00:00,west,Rutsiro,106.5904388826384,Long Rain,Long Rains
1707,1707,2000,5,2000-05-01T00:00:00,west,Rutsiro,87.38937969101777,Long Rain,Long Rains
1708,1708,2001,2,2001-02-01T00:00:00,west,Karongi,81.56001222702861,Long Rain,Long Rains
1709,1709,2001,3,2001-03-01T00:00:00,west,Karongi,181.69783145337144,Long Rain,Long Rains
1710,1710,2001,4,2001-04-01T00:00:00,west,Karongi,144.10171630628233,Long Rain,Long Rains
1711,1711,2001,5,2001-05-01T00:00:00,west,Karongi,102.8595985841232,Long Rain,Long Rains
1712,1712,2001,2,2001-02-01T00:00:00,west,Ngororero,90.78739432068488,Long Rain,Long Rains
1713,1713,2001,3,2001-03-01T00:00:00,west,Ngororero,197.20324050918157,Long Rain,Long Rains
1714,1714,2001,4,2001-04-01T00:00:00,west,Ngororero,154.0755967448105,Long Rain,Long Rains
1715,1715,2001,5,2001-05-01T00:00:00,west,Ngororero,118.13569622090633,Long Rain,Long Rains
1716,1716,2001,2,2001-02-01T00:00:00,west,Nyabihu,91.51798952559442,Long Rain,Long Rains
1717,1717,2001,3,2001-03-01T00:00:00,west,Nyabihu,192.35105939582257,Long Rain,Long Rains
1718,1718,2001,4,2001-04-01T00:00:00,west,Nyabihu,178.71892286055842,Long Rain,Long Rains
1719,1719,2001,5,2001-05-01T00:00:00,west,Nyabihu,130.10163114786664,Long Rain,Long Rains
1720,1720,2001,2,2001-02-01T00:00:00,west,Nyamasheke,98.39158122275973,Long Rain,Long Rains
1721,1721,2001,3,2001-03-01T00:00:00,west,Nyamasheke,159.37557294351888,Long Rain,Long Rains
1722,1722,2001,4,2001-04-01T00:00:00,west,Nyamasheke,164.80724015188397,Long Rain,Long Rains
1723,1723,2001,5,2001-05-01T00:00:00,west,Nyamasheke,137.86420101471302,Long Rain,Long Rains
1724,1724,2001,2,2001-02-01T00:00:00,west,Rubavu,83.80653469923135,Long Rain,Long Rains
1725,1725,2001,3,2001-03-01T00:00:00,west,Rubavu,180.84266427306648,Long Rain,Long Rains
1726,1726,2001,4,2001-04-01T00:00:00,west,Rubavu,141.1219166402308,Long Rain,Long Rains
1727,1727,2001,5,2001-05-01T00:00:00,west,Rubavu,119.63487902471849,Long Rain,Long Rains
1728,1728,2001,2,2001-02-01T00:00:00,west,Rusizi,108.73793315577257,Long Rain,Long Rains
1729,1729,2001,3,2001-03-01T00:00:00,west,Rusizi,169.80027310613443,Long Rain,Long Rains
1730,1730,2001,4,2001-04-01T00:00:00,west,Rusizi,173.45693318914468,Long Rain,Long Rains
1731,1731,2001,5,2001-05-01T00:00:00,west,Rusizi,129.7691536425971,Long Rain,Long Rains
1732,1732,2001,2,2001-02-01T00:00:00,west,Rutsiro,85.4108887189378,Long Rain,Long Rains
1733,1733,2001,3,2001-03-01T00:00:00,west,Rutsiro,175.83685297727527,Long Rain,Long Rains
1734,1734,2001,4,2001-04-01T00:00:00,west,Rutsiro,146.68821417890874,Long Rain,Long Rains
1735,1735,2001,5,2001-05-01T00:00:00,west,Rutsiro,114.79638699978216,Long Rain,Long Rains
1736,1736,2002,2,2002-02-01T00:00:00,west,Karongi,87.87071833501601,Long Rain,Long Rains
1737,1737,2002,3,2002-03-01T00:00:00,west,Karongi,119.46062263449876,Long Rain,Long Rains
1738,1738,2002,4,2002-04-01T00:00:00,west,Karongi,147.02086551620252,Long Rain,Long Rains
1739,1739,2002,5,2002-05-01T00:00:00,west,Karongi,165.8738288647966,Long Rain,Long Rains
1740,1740,2002,2,2002-02-01T00:00:00,west,Ngororero,86.31743097228008,Long Rain,Long Rains
1741,1741,2002,3,2002-03-01T00:00:00,west,Ngororero,121.91850416867436,Long Rain,Long Rains
1742,1742,2002,4,2002-04-01T00:00:00,west,Ngororero,135.75407889184373,Long Rain,Long Rains
1743,1743,2002,5,2002-05-01T00:00:00,west,Ngororero,201.56231165763504,Long Rain,Long Rains
1744,1744,2002,2,2002-02-01T00:00:00,west,Nyabihu,89.1724585041436,Long Rain,Long Rains
1745,1745,2002,3,2002-03-01T00:00:00,west,Nyabihu,120.3216884781088,Long Rain,Long Rains
1746,1746,2002,4,2002-04-01T00:00:00,west,Nyabihu,139.4821794060713,Long Rain,Long Rains
1747,1747,2002,5,2002-05-01T00:00:00,west,Nyabihu,198.8761063884184,Long Rain,Long Rains
1748,1748,2002,2,2002-02-01T00:00:00,west,Nyamasheke,104.115018819284,Long Rain,Long Rains
1749,1749,2002,3,2002-03-01T00:00:00,west,Nyamasheke,135.08662134294025,Long Rain,Long Rains
1750,1750,2002,4,2002-04-01T00:00:00,west,Nyamasheke,182.6658079904578,Long Rain,Long Rains
1751,1751,2002,5,2002-05-01T00:00:00,west,Nyamasheke,151.32220530977284,Long Rain,Long Rains
1752,1752,2002,2,2002-02-01T00:00:00,west,Rubavu,82.39544354112955,Long Rain,Long Rains
1753,1753,2002,3,2002-03-01T00:00:00,west,Rubavu,112.98737868898591,Long Rain,Long Rains
1754,1754,2002,4,2002-04-01T00:00:00,west,Rubavu,127.97233758367166,Long Rain,Long Rains
1755,1755,2002,5,2002-05-01T00:00:00,west,Rubavu,156.04187180478957,Long Rain,Long Rains
1756,1756,2002,2,2002-02-01T00:00:00,west,Rusizi,118.50248311995692,Long Rain,Long Rains
1757,1757,2002,3,2002-03-01T00:00:00,west,Rusizi,155.83900590759936,Long Rain,Long Rains
1758,1758,2002,4,2002-04-01T00:00:00,west,Rusizi,209.78425513352275,Long Rain,Long Rains
1759,1759,2002,5,2002-05-01T00:00:00,west,Rusizi,135.70167724264437,Long Rain,Long Rains
1760,1760,2002,2,2002-02-01T00:00:00,west,Rutsiro,83.22906504358001,Long Rain,Long Rains
1761,1761,2002,3,2002-03-01T00:00:00,west,Rutsiro,111.59452447110549,Long Rain,Long Rains
1762,1762,2002,4,2002-04-01T00:00:00,west,Rutsiro,146.01335034335227,Long Rain,Long Rains
1763,1763,2002,5,2002-05-01T00:00:00,west,Rutsiro,160.47813249407517,Long Rain,Long Rains
1764,1764,2003,2,2003-02-01T00:00:00,west,Karongi,90.74237606859477,Long Rain,Long Rains
1765,1765,2003,3,2003-03-01T00:00:00,west,Karongi,101.7732560598847,Long Rain,Long Rains
1766,1766,2003,4,2003-04-01T00:00:00,west,Karongi,208.98386470335748,Long Rain,Long Rains
1767,1767,2003,5,2003-05-01T00:00:00,west,Karongi,122.1333340381522,Long Rain,Long Rains
1768,1768,2003,2,2003-02-01T00:00:00,west,Ngororero,78.53522292775217,Long Rain,Long Rains
1769,1769,2003,3,2003-03-01T00:00:00,west,Ngororero,102.28172063820648,Long Rain,Long Rains
1770,1770,2003,4,2003-04-01T00:00:00,west,Ngororero,202.2348314169041,Long Rain,Long Rains
1771,1771,2003,5,2003-05-01T00:00:00,west,Ngororero,146.29288991475516,Long Rain,Long Rains
1772,1772,2003,2,2003-02-01T00:00:00,west,Nyabihu,73.09975407152092,Long Rain,Long Rains
1773,1773,2003,3,2003-03-01T00:00:00,west,Nyabihu,105.60169431331626,Long Rain,Long Rains
1774,1774,2003,4,2003-04-01T00:00:00,west,Nyabihu,213.4369160535977,Long Rain,Long Rains
1775,1775,2003,5,2003-05-01T00:00:00,west,Nyabihu,166.69754012033843,Long Rain,Long Rains
1776,1776,2003,2,2003-02-01T00:00:00,west,Nyamasheke,101.18339108823196,Long Rain,Long Rains
1777,1777,2003,3,2003-03-01T00:00:00,west,Nyamasheke,106.50877335169628,Long Rain,Long Rains
1778,1778,2003,4,2003-04-01T00:00:00,west,Nyamasheke,208.47227053148893,Long Rain,Long Rains
1779,1779,2003,5,2003-05-01T00:00:00,west,Nyamasheke,140.99384343777336,Long Rain,Long Rains
1780,1780,2003,2,2003-02-01T00:00:00,west,Rubavu,70.1410118580098,Long Rain,Long Rains
1781,1781,2003,3,2003-03-01T00:00:00,west,Rubavu,99.32010761383287,Long Rain,Long Rains
1782,1782,2003,4,2003-04-01T00:00:00,west,Rubavu,182.33386048042945,Long Rain,Long Rains
1783,1783,2003,5,2003-05-01T00:00:00,west,Rubavu,135.1648024443721,Long Rain,Long Rains
1784,1784,2003,2,2003-02-01T00:00:00,west,Rusizi,121.54206819439808,Long Rain,Long Rains
1785,1785,2003,3,2003-03-01T00:00:00,west,Rusizi,118.7821662220791,Long Rain,Long Rains
1786,1786,2003,4,2003-04-01T00:00:00,west,Rusizi,188.74976055339587,Long Rain,Long Rains
1787,1787,2003,5,2003-05-01T00:00:00,west,Rusizi,127.05718816701074,Long Rain,Long Rains
1788,1788,2003,2,2003-02-01T00:00:00,west,Rutsiro,81.28433915324364,Long Rain,Long Rains
1789,1789,2003,3,2003-03-01T00:00:00,west,Rutsiro,98.77322238478544,Long Rain,Long Rains
1790,1790,2003,4,2003-04-01T00:00:00,west,Rutsiro,200.9685525521618,Long Rain,Long Rains
1791,1791,2003,5,2003-05-01T00:00:00,west,Rutsiro,122.157928359027,Long Rain,Long Rains
1792,1792,2004,2,2004-02-01T00:00:00,west,Karongi,103.19215327761366,Long Rain,Long Rains
1793,1793,2004,3,2004-03-01T00:00:00,west,Karongi,141.29140731332026,Long Rain,Long Rains
1794,1794,2004,4,2004-04-01T00:00:00,west,Karongi,181.98943244832347,Long Rain,Long Rains
1795,1795,2004,5,2004-05-01T00:00:00,west,Karongi,88.54606257299429,Long Rain,Long Rains
1796,1796,2004,2,2004-02-01T00:00:00,west,Ngororero,115.54529136677772,Long Rain,Long Rains
1797,1797,2004,3,2004-03-01T00:00:00,west,Ngororero,141.03949617683466,Long Rain,Long Rains
1798,1798,2004,4,2004-04-01T00:00:00,west,Ngororero,181.2393924255327,Long Rain,Long Rains
1799,1799,2004,5,2004-05-01T00:00:00,west,Ngororero,106.04922815187402,Long Rain,Long Rains
1800,1800,2004,2,2004-02-01T00:00:00,west,Nyabihu,121.51497045230656,Long Rain,Long Rains
1801,1801,2004,3,2004-03-01T00:00:00,west,Nyabihu,145.71419364633206,Long Rain,Long Rains
1802,1802,2004,4,2004-04-01T00:00:00,west,Nyabihu,201.42052359992476,Long Rain,Long Rains
1803,1803,2004,5,2004-05-01T00:00:00,west,Nyabihu,126.9188462086913,Long Rain,Long Rains
1804,1804,2004,2,2004-02-01T00:00:00,west,Nyamasheke,113.11000134115966,Long Rain,Long Rains
1805,1805,2004,3,2004-03-01T00:00:00,west,Nyamasheke,155.29556207630813,Long Rain,Long Rains
1806,1806,2004,4,2004-04-01T00:00:00,west,Nyamasheke,191.40640315022745,Long Rain,Long Rains
1807,1807,2004,5,2004-05-01T00:00:00,west,Nyamasheke,84.37029376947785,Long Rain,Long Rains
1808,1808,2004,2,2004-02-01T00:00:00,west,Rubavu,111.93344764013938,Long Rain,Long Rains
1809,1809,2004,3,2004-03-01T00:00:00,west,Rubavu,133.8064975103676,Long Rain,Long Rains
1810,1810,2004,4,2004-04-01T00:00:00,west,Rubavu,176.7999237009666,Long Rain,Long Rains
1811,1811,2004,5,2004-05-01T00:00:00,west,Rubavu,115.30810291336498,Long Rain,Long Rains
1812,1812,2004,2,2004-02-01T00:00:00,west,Rusizi,126.46726863483508,Long Rain,Long Rains
1813,1813,2004,3,2004-03-01T00:00:00,west,Rusizi,162.685788208146,Long Rain,Long Rains
1814,1814,2004,4,2004-04-01T00:00:00,west,Rusizi,195.2097781622668,Long Rain,Long Rains
1815,1815,2004,5,2004-05-01T00:00:00,west,Rusizi,72.30389389569898,Long Rain,Long Rains
1816,1816,2004,2,2004-02-01T00:00:00,west,Rutsiro,111.75443945293296,Long Rain,Long Rains
1817,1817,2004,3,2004-03-01T00:00:00,west,Rutsiro,126.93319483642566,Long Rain,Long Rains
1818,1818,2004,4,2004-04-01T00:00:00,west,Rutsiro,178.4484348219604,Long Rain,Long Rains
1819,1819,2004,5,2004-05-01T00:00:00,west,Rutsiro,103.8179690246016,Long Rain,Long Rains
1820,1820,2005,2,2005-02-01T00:00:00,west,Karongi,85.41637215449282,Long Rain,Long Rains
1821,1821,2005,3,2005-03-01T00:00:00,west,Karongi,156.16000549965534,Long Rain,Long Rains
1822,1822,2005,4,2005-04-01T00:00:00,west,Karongi,112.01124989400836,Long Rain,Long Rains
1823,1823,2005,5,2005-05-01T00:00:00,west,Karongi,121.71721515240353,Long Rain,Long Rains
1824,1824,2005,2,2005-02-01T00:00:00,west,Ngororero,93.22136210591488,Long Rain,Long Rains
1825,1825,2005,3,2005-03-01T00:00:00,west,Ngororero,139.29262070737576,Long Rain,Long Rains
1826,1826,2005,4,2005-04-01T00:00:00,west,Ngororero,121.23086454668749,Long Rain,Long Rains
1827,1827,2005,5,2005-05-01T00:00:00,west,Ngororero,108.70489883958702,Long Rain,Long Rains
1828,1828,2005,2,2005-02-01T00:00:00,west,Nyabihu,92.0732161202579,Long Rain,Long Rains
1829,1829,2005,3,2005-03-01T00:00:00,west,Nyabihu,141.70069925105594,Long Rain,Long Rains
1830,1830,2005,4,2005-04-01T00:00:00,west,Nyabihu,139.03089332079176,Long Rain,Long Rains
1831,1831,2005,5,2005-05-01T00:00:00,west,Nyabihu,113.85539742135066,Long Rain,Long Rains
1832,1832,2005,2,2005-02-01T00:00:00,west,Nyamasheke,99.16587116709098,Long Rain,Long Rains
1833,1833,2005,3,2005-03-01T00:00:00,west,Nyamasheke,179.7685391067079,Long Rain,Long Rains
1834,1834,2005,4,2005-04-01T00:00:00,west,Nyamasheke,120.95954668077522,Long Rain,Long Rains
1835,1835,2005,5,2005-05-01T00:00:00,west,Nyamasheke,149.1936140394456,Long Rain,Long Rains
1836,1836,2005,2,2005-02-01T00:00:00,west,Rubavu,77.42598388997938,Long Rain,Long Rains
1837,1837,2005,3,2005-03-01T00:00:00,west,Rubavu,129.9700825688189,Long Rain,Long Rains
1838,1838,2005,4,2005-04-01T00:00:00,west,Rubavu,117.32921652460124,Long Rain,Long Rains
1839,1839,2005,5,2005-05-01T00:00:00,west,Rubavu,92.811554430865,Long Rain,Long Rains
1840,1840,2005,2,2005-02-01T00:00:00,west,Rusizi,110.84552946092606,Long Rain,Long Rains
1841,1841,2005,3,2005-03-01T00:00:00,west,Rusizi,194.11481508023263,Long Rain,Long Rains
1842,1842,2005,4,2005-04-01T00:00:00,west,Rusizi,124.23868904054596,Long Rain,Long Rains
1843,1843,2005,5,2005-05-01T00:00:00,west,Rusizi,142.39287183941417,Long Rain,Long Rains
1844,1844,2005,2,2005-02-01T00:00:00,west,Rutsiro,80.73378830024475,Long Rain,Long Rains
1845,1845,2005,3,2005-03-01T00:00:00,west,Rutsiro,129.11124059969464,Long Rain,Long Rains
1846,1846,2005,4,2005-04-01T00:00:00,west,Rutsiro,112.4214548751016,Long Rain,Long Rains
1847,1847,2005,5,2005-05-01T00:00:00,west,Rutsiro,96.22597467752004,Long Rain,Long Rains
1848,1848,2006,2,2006-02-01T00:00:00,west,Karongi,130.3550600559995,Long Rain,Long Rains
1849,1849,2006,3,2006-03-01T00:00:00,west,Karongi,156.63833297763532,Long Rain,Long Rains
1850,1850,2006,4,2006-04-01T00:00:00,west,Karongi,163.45758261476297,Long Rain,Long Rains
1851,1851,2006,5,2006-05-01T00:00:00,west,Karongi,162.7200969608289,Long Rain,Long Rains
1852,1852,2006,2,2006-02-01T00:00:00,west,Ngororero,128.62423036641542,Long Rain,Long Rains
1853,1853,2006,3,2006-03-01T00:00:00,west,Ngororero,150.4925025517582,Long Rain,Long Rains
1854,1854,2006,4,2006-04-01T00:00:00,west,Ngororero,180.22516128395492,Long Rain,Long Rains
1855,1855,2006,5,2006-05-01T00:00:00,west,Ngororero,167.268898157475,Long Rain,Long Rains
1856,1856,2006,2,2006-02-01T00:00:00,west,Nyabihu,134.37482820791638,Long Rain,Long Rains
1857,1857,2006,3,2006-03-01T00:00:00,west,Nyabihu,152.39062946252488,Long Rain,Long Rains
1858,1858,2006,4,2006-04-01T00:00:00,west,Nyabihu,200.89158846745892,Long Rain,Long Rains
1859,1859,2006,5,2006-05-01T00:00:00,west,Nyabihu,159.646719406704,Long Rain,Long Rains
1860,1860,2006,2,2006-02-01T00:00:00,west,Nyamasheke,152.3922210547182,Long Rain,Long Rains
1861,1861,2006,3,2006-03-01T00:00:00,west,Nyamasheke,176.63783728003813,Long Rain,Long Rains
1862,1862,2006,4,2006-04-01T00:00:00,west,Nyamasheke,183.91083866825133,Long Rain,Long Rains
1863,1863,2006,5,2006-05-01T00:00:00,west,Nyamasheke,175.83571089980376,Long Rain,Long Rains
1864,1864,2006,2,2006-02-01T00:00:00,west,Rubavu,129.30854730050586,Long Rain,Long Rains
1865,1865,2006,3,2006-03-01T00:00:00,west,Rubavu,146.36297712755504,Long Rain,Long Rains
1866,1866,2006,4,2006-04-01T00:00:00,west,Rubavu,166.91793433720147,Long Rain,Long Rains
1867,1867,2006,5,2006-05-01T00:00:00,west,Rubavu,132.32253420545487,Long Rain,Long Rains
1868,1868,2006,2,2006-02-01T00:00:00,west,Rusizi,166.90920979810582,Long Rain,Long Rains
1869,1869,2006,3,2006-03-01T00:00:00,west,Rusizi,188.58570777673165,Long Rain,Long Rains
1870,1870,2006,4,2006-04-01T00:00:00,west,Rusizi,190.5894943449953,Long Rain,Long Rains
1871,1871,2006,5,2006-05-01T00:00:00,west,Rusizi,157.6098647108547,Long Rain,Long Rains
1872,1872,2006,2,2006-02-01T00:00:00,west,Rutsiro,124.31175853811196,Long Rain,Long Rains
1873,1873,2006,3,2006-03-01T00:00:00,west,Rutsiro,143.33380123480765,Long Rain,Long Rains
1874,1874,2006,4,2006-04-01T00:00:00,west,Rutsiro,167.6537439255827,Long Rain,Long Rains
1875,1875,2006,5,2006-05-01T00:00:00,west,Rutsiro,146.99405233575467,Long Rain,Long Rains
1876,1876,2007,2,2007-02-01T00:00:00,west,Karongi,114.90242632499736,Long Rain,Long Rains
1877,1877,2007,3,2007-03-01T00:00:00,west,Karongi,96.12065327748422,Long Rain,Long Rains
1878,1878,2007,4,2007-04-01T00:00:00,west,Karongi,157.54032581209472,Long Rain,Long Rains
1879,1879,2007,5,2007-05-01T00:00:00,west,Karongi,160.85501365538198,Long Rain,Long Rains
1880,1880,2007,2,2007-02-01T00:00:00,west,Ngororero,140.3140452416138,Long Rain,Long Rains
1881,1881,2007,3,2007-03-01T00:00:00,west,Ngororero,114.17521478298195,Long Rain,Long Rains
1882,1882,2007,4,2007-04-01T00:00:00,west,Ngororero,156.7999803682961,Long Rain,Long Rains
1883,1883,2007,5,2007-05-01T00:00:00,west,Ngororero,250.87313289845684,Long Rain,Long Rains
1884,1884,2007,2,2007-02-01T00:00:00,west,Nyabihu,138.5259396308915,Long Rain,Long Rains
1885,1885,2007,3,2007-03-01T00:00:00,west,Nyabihu,113.97471784075763,Long Rain,Long Rains
1886,1886,2007,4,2007-04-01T00:00:00,west,Nyabihu,161.86534362534317,Long Rain,Long Rains
1887,1887,2007,5,2007-05-01T00:00:00,west,Nyabihu,256.58063929525287,Long Rain,Long Rains
1888,1888,2007,2,2007-02-01T00:00:00,west,Nyamasheke,113.54003713980966,Long Rain,Long Rains
1889,1889,2007,3,2007-03-01T00:00:00,west,Nyamasheke,98.28345397765958,Long Rain,Long Rains
1890,1890,2007,4,2007-04-01T00:00:00,west,Nyamasheke,160.44701592758258,Long Rain,Long Rains
1891,1891,2007,5,2007-05-01T00:00:00,west,Nyamasheke,135.2519879232718,Long Rain,Long Rains
1892,1892,2007,2,2007-02-01T00:00:00,west,Rubavu,120.84454968648976,Long Rain,Long Rains
1893,1893,2007,3,2007-03-01T00:00:00,west,Rubavu,106.2611460835106,Long Rain,Long Rains
1894,1894,2007,4,2007-04-01T00:00:00,west,Rubavu,134.61818997555366,Long Rain,Long Rains
1895,1895,2007,5,2007-05-01T00:00:00,west,Rubavu,205.88488567966604,Long Rain,Long Rains
1896,1896,2007,2,2007-02-01T00:00:00,west,Rusizi,130.35086243585928,Long Rain,Long Rains
1897,1897,2007,3,2007-03-01T00:00:00,west,Rusizi,109.68190123082354,Long Rain,Long Rains
1898,1898,2007,4,2007-04-01T00:00:00,west,Rusizi,166.08019858011727,Long Rain,Long Rains
1899,1899,2007,5,2007-05-01T00:00:00,west,Rusizi,122.0522311229626,Long Rain,Long Rains
1900,1900,2007,2,2007-02-01T00:00:00,west,Rutsiro,114.84361715185076,Long Rain,Long Rains
1901,1901,2007,3,2007-03-01T00:00:00,west,Rutsiro,98.49918815588748,Long Rain,Long Rains
1902,1902,2007,4,2007-04-01T00:00:00,west,Rutsiro,141.19120694978568,Long Rain,Long Rains
1903,1903,2007,5,2007-05-01T00:00:00,west,Rutsiro,156.30955368888965,Long Rain,Long Rains
1904,1904,2008,2,2008-02-01T00:00:00,west,Karongi,91.4513057481426,Long Rain,Long Rains
1905,1905,2008,3,2008-03-01T00:00:00,west,Karongi,105.1064478980524,Long Rain,Long Rains
1906,1906,2008,4,2008-04-01T00:00:00,west,Karongi,79.98114948499928,Long Rain,Long Rains
1907,1907,2008,5,2008-05-01T00:00:00,west,Karongi,78.3919844751043,Long Rain,Long Rains
1908,1908,2008,2,2008-02-01T00:00:00,west,Ngororero,80.96396732285667,Long Rain,Long Rains
1909,1909,2008,3,2008-03-01T00:00:00,west,Ngororero,107.64389387926818,Long Rain,Long Rains
1910,1910,2008,4,2008-04-01T00:00:00,west,Ngororero,96.83000963727947,Long Rain,Long Rains
1911,1911,2008,5,2008-05-01T00:00:00,west,Ngororero,96.04003867806249,Long Rain,Long Rains
1912,1912,2008,2,2008-02-01T00:00:00,west,Nyabihu,79.85605005175414,Long Rain,Long Rains
1913,1913,2008,3,2008-03-01T00:00:00,west,Nyabihu,117.42163142343632,Long Rain,Long Rains
1914,1914,2008,4,2008-04-01T00:00:00,west,Nyabihu,126.10416700737986,Long Rain,Long Rains
1915,1915,2008,5,2008-05-01T00:00:00,west,Nyabihu,116.21832017608092,Long Rain,Long Rains
1916,1916,2008,2,2008-02-01T00:00:00,west,Nyamasheke,130.37541445982487,Long Rain,Long Rains
1917,1917,2008,3,2008-03-01T00:00:00,west,Nyamasheke,134.84352890561044,Long Rain,Long Rains
1918,1918,2008,4,2008-04-01T00:00:00,west,Nyamasheke,97.51070123818968,Long Rain,Long Rains
1919,1919,2008,5,2008-05-01T00:00:00,west,Nyamasheke,102.49895357729385,Long Rain,Long Rains
1920,1920,2008,2,2008-02-01T00:00:00,west,Rubavu,69.82660137702597,Long Rain,Long Rains
1921,1921,2008,3,2008-03-01T00:00:00,west,Rubavu,102.7672599958428,Long Rain,Long Rains
1922,1922,2008,4,2008-04-01T00:00:00,west,Rubavu,100.36745031487982,Long Rain,Long Rains
1923,1923,2008,5,2008-05-01T00:00:00,west,Rubavu,95.54614137097776,Long Rain,Long Rains
1924,1924,2008,2,2008-02-01T00:00:00,west,Rusizi,137.8625906131762,Long Rain,Long Rains
1925,1925,2008,3,2008-03-01T00:00:00,west,Rusizi,155.29110828096913,Long Rain,Long Rains
1926,1926,2008,4,2008-04-01T00:00:00,west,Rusizi,117.88563029120884,Long Rain,Long Rains
1927,1927,2008,5,2008-05-01T00:00:00,west,Rusizi,96.51535747302258,Long Rain,Long Rains
1928,1928,2008,2,2008-02-01T00:00:00,west,Rutsiro,77.54905383163913,Long Rain,Long Rains
1929,1929,2008,3,2008-03-01T00:00:00,west,Rutsiro,95.16357936061834,Long Rain,Long Rains
1930,1930,2008,4,2008-04-01T00:00:00,west,Rutsiro,82.47987045695595,Long Rain,Long Rains
1931,1931,2008,5,2008-05-01T00:00:00,west,Rutsiro,84.15608229573473,Long Rain,Long Rains
1932,1932,2009,2,2009-02-01T00:00:00,west,Karongi,129.4646483150718,Long Rain,Long Rains
1933,1933,2009,3,2009-03-01T00:00:00,west,Karongi,114.74099561258538,Long Rain,Long Rains
1934,1934,2009,4,2009-04-01T00:00:00,west,Karongi,109.47738741491229,Long Rain,Long Rains
1935,1935,2009,5,2009-05-01T00:00:00,west,Karongi,139.40164541520255,Long Rain,Long Rains
1936,1936,2009,2,2009-02-01T00:00:00,west,Ngororero,151.5207738055394,Long Rain,Long Rains
1937,1937,2009,3,2009-03-01T00:00:00,west,Ngororero,144.3471089301132,Long Rain,Long Rains
1938,1938,2009,4,2009-04-01T00:00:00,west,Ngororero,149.2235867774138,Long Rain,Long Rains
1939,1939,2009,5,2009-05-01T00:00:00,west,Ngororero,166.0281309007035,Long Rain,Long Rains
1940,1940,2009,2,2009-02-01T00:00:00,west,Nyabihu,132.48355886536805,Long Rain,Long Rains
1941,1941,2009,3,2009-03-01T00:00:00,west,Nyabihu,147.51633967914125,Long Rain,Long Rains
1942,1942,2009,4,2009-04-01T00:00:00,west,Nyabihu,141.66855998070363,Long Rain,Long Rains
1943,1943,2009,5,2009-05-01T00:00:00,west,Nyabihu,135.77310851045584,Long Rain,Long Rains
1944,1944,2009,2,2009-02-01T00:00:00,west,Nyamasheke,145.9959541261196,Long Rain,Long Rains
1945,1945,2009,3,2009-03-01T00:00:00,west,Nyamasheke,126.42370885683364,Long Rain,Long Rains
1946,1946,2009,4,2009-04-01T00:00:00,west,Nyamasheke,120.40193716771806,Long Rain,Long Rains
1947,1947,2009,5,2009-05-01T00:00:00,west,Nyamasheke,161.35834603115035,Long Rain,Long Rains
1948,1948,2009,2,2009-02-01T00:00:00,west,Rubavu,109.4824954304576,Long Rain,Long Rains
1949,1949,2009,3,2009-03-01T00:00:00,west,Rubavu,136.84678754045635,Long Rain,Long Rains
1950,1950,2009,4,2009-04-01T00:00:00,west,Rubavu,109.34721423315756,Long Rain,Long Rains
1951,1951,2009,5,2009-05-01T00:00:00,west,Rubavu,118.33343070777558,Long Rain,Long Rains
1952,1952,2009,2,2009-02-01T00:00:00,west,Rusizi,164.79323089590446,Long Rain,Long Rains
1953,1953,2009,3,2009-03-01T00:00:00,west,Rusizi,150.44470399766092,Long Rain,Long Rains
1954,1954,2009,4,2009-04-01T00:00:00,west,Rusizi,132.24247947456928,Long Rain,Long Rains
1955,1955,2009,5,2009-05-01T00:00:00,west,Rusizi,144.3624573832421,Long Rain,Long Rains
1956,1956,2009,2,2009-02-01T00:00:00,west,Rutsiro,113.91567673821191,Long Rain,Long Rains
1957,1957,2009,3,2009-03-01T00:00:00,west,Rutsiro,120.29493697939144,Long Rain,Long Rains
1958,1958,2009,4,2009-04-01T00:00:00,west,Rutsiro,110.79834985001384,Long Rain,Long Rains
1959,1959,2009,5,2009-05-01T00:00:00,west,Rutsiro,126.7695737424118,Long Rain,Long Rains
1960,1960,2010,2,2010-02-01T00:00:00,west,Karongi,196.3015154060961,Long Rain,Long Rains
1961,1961,2010,3,2010-03-01T00:00:00,west,Karongi,148.6187045899358,Long Rain,Long Rains
1962,1962,2010,4,2010-04-01T00:00:00,west,Karongi,146.746353766932,Long Rain,Long Rains
1963,1963,2010,5,2010-05-01T00:00:00,west,Karongi,122.14683604125872,Long Rain,Long Rains
1964,1964,2010,2,2010-02-01T00:00:00,west,Ngororero,250.491798306487,Long Rain,Long Rains
1965,1965,2010,3,2010-03-01T00:00:00,west,Ngororero,181.56646843984277,Long Rain,Long Rains
1966,1966,2010,4,2010-04-01T00:00:00,west,Ngororero,153.13272885117982,Long Rain,Long Rains
1967,1967,2010,5,2010-05-01T00:00:00,west,Ngororero,134.25113393332637,Long Rain,Long Rains
1968,1968,2010,2,2010-02-01T00:00:00,west,Nyabihu,257.1467396694304,Long Rain,Long Rains
1969,1969,2010,3,2010-03-01T00:00:00,west,Nyabihu,198.29397605492463,Long Rain,Long Rains
1970,1970,2010,4,2010-04-01T00:00:00,west,Nyabihu,181.20814130736736,Long Rain,Long Rains
1971,1971,2010,5,2010-05-01T00:00:00,west,Nyabihu,144.99096344725817,Long Rain,Long Rains
1972,1972,2010,2,2010-02-01T00:00:00,west,Nyamasheke,203.22639119491015,Long Rain,Long Rains
1973,1973,2010,3,2010-03-01T00:00:00,west,Nyamasheke,139.51671080191676,Long Rain,Long Rains
1974,1974,2010,4,2010-04-01T00:00:00,west,Nyamasheke,164.54259124666373,Long Rain,Long Rains
1975,1975,2010,5,2010-05-01T00:00:00,west,Nyamasheke,132.5274305509494,Long Rain,Long Rains
1976,1976,2010,2,2010-02-01T00:00:00,west,Rubavu,216.01823416773857,Long Rain,Long Rains
1977,1977,2010,3,2010-03-01T00:00:00,west,Rubavu,187.38146387089483,Long Rain,Long Rains
1978,1978,2010,4,2010-04-01T00:00:00,west,Rubavu,160.47697287053964,Long Rain,Long Rains
1979,1979,2010,5,2010-05-01T00:00:00,west,Rubavu,123.03925733127492,Long Rain,Long Rains
1980,1980,2010,2,2010-02-01T00:00:00,west,Rusizi,229.27871236336333,Long Rain,Long Rains
1981,1981,2010,3,2010-03-01T00:00:00,west,Rusizi,153.60482211529106,Long Rain,Long Rains
1982,1982,2010,4,2010-04-01T00:00:00,west,Rusizi,178.42560042267905,Long Rain,Long Rains
1983,1983,2010,5,2010-05-01T00:00:00,west,Rusizi,123.8191571397911,Long Rain,Long Rains
1984,1984,2010,2,2010-02-01T00:00:00,west,Rutsiro,198.54806525645756,Long Rain,Long Rains
1985,1985,2010,3,2010-03-01T00:00:00,west,Rutsiro,169.31201953113583,Long Rain,Long Rains
1986,1986,2010,4,2010-04-01T00:00:00,west,Rutsiro,153.42787901936185,Long Rain,Long Rains
1987,1987,2010,5,2010-05-01T00:00:00,west,Rutsiro,120.61663654110193,Long Rain,Long Rains
1988,1988,2011,2,2011-02-01T00:00:00,west,Karongi,108.07618859015516,Long Rain,Long Rains
1989,1989,2011,3,2011-03-01T00:00:00,west,Karongi,142.24892897502576,Long Rain,Long Rains
1990,1990,2011,4,2011-04-01T00:00:00,west,Karongi,109.9596625873769,Long Rain,Long Rains
1991,1991,2011,5,2011-05-01T00:00:00,west,Karongi,106.11188657726304,Long Rain,Long Rains
1992,1992,2011,2,2011-02-01T00:00:00,west,Ngororero,121.34990469891744,Long Rain,Long Rains
1993,1993,2011,3,2011-03-01T00:00:00,west,Ngororero,147.8503147603936,Long Rain,Long Rains
1994,1994,2011,4,2011-04-01T00:00:00,west,Ngororero,124.1021559341138,Long Rain,Long Rains
1995,1995,2011,5,2011-05-01T00:00:00,west,Ngororero,117.4266090222007,Long Rain,Long Rains
1996,1996,2011,2,2011-02-01T00:00:00,west,Nyabihu,126.5443347087798,Long Rain,Long Rains
1997,1997,2011,3,2011-03-01T00:00:00,west,Nyabihu,171.48358510904674,Long Rain,Long Rains
1998,1998,2011,4,2011-04-01T00:00:00,west,Nyabihu,139.8288844378639,Long Rain,Long Rains
1999,1999,2011,5,2011-05-01T00:00:00,west,Nyabihu,126.69995023185916,Long Rain,Long Rains
2000,2000,2011,2,2011-02-01T00:00:00,west,Nyamasheke,116.96367155953976,Long Rain,Long Rains
2001,2001,2011,3,2011-03-01T00:00:00,west,Nyamasheke,163.90427182204922,Long Rain,Long Rains
2002,2002,2011,4,2011-04-01T00:00:00,west,Nyamasheke,133.01432737141155,Long Rain,Long Rains
2003,2003,2011,5,2011-05-01T00:00:00,west,Nyamasheke,111.72708055147169,Long Rain,Long Rains
2004,2004,2011,2,2011-02-01T00:00:00,west,Rubavu,110.80373761499858,Long Rain,Long Rains
2005,2005,2011,3,2011-03-01T00:00:00,west,Rubavu,160.63781402207917,Long Rain,Long Rains
2006,2006,2011,4,2011-04-01T00:00:00,west,Rubavu,116.41788154049824,Long Rain,Long Rains
2007,2007,2011,5,2011-05-01T00:00:00,west,Rubavu,110.93535749105864,Long Rain,Long Rains
2008,2008,2011,2,2011-02-01T00:00:00,west,Rusizi,128.46487120254406,Long Rain,Long Rains
2009,2009,2011,3,2011-03-01T00:00:00,west,Rusizi,175.18732251340245,Long Rain,Long Rains
2010,2010,2011,4,2011-04-01T00:00:00,west,Rusizi,147.60040355329997,Long Rain,Long Rains
2011,2011,2011,5,2011-05-01T00:00:00,west,Rusizi,106.0936700720325,Long Rain,Long Rains
2012,2012,2011,2,2011-02-01T00:00:00,west,Rutsiro,109.4736305532284,Long Rain,Long Rains
2013,2013,2011,3,2011-03-01T00:00:00,west,Rutsiro,143.94910511626847,Long Rain,Long Rains
2014,2014,2011,4,2011-04-01T00:00:00,west,Rutsiro,114.37709862088217,Long Rain,Long Rains
2015,2015,2011,5,2011-05-01T00:00:00,west,Rutsiro,98.24741916279996,Long Rain,Long Rains
2016,2016,2012,2,2012-02-01T00:00:00,west,Karongi,67.7872229467503,Long Rain,Long Rains
2017,2017,2012,3,2012-03-01T00:00:00,west,Karongi,136.03277591958164,Long Rain,Long Rains
2018,2018,2012,4,2012-04-01T00:00:00,west,Karongi,152.39073521151877,Long Rain,Long Rains
2019,2019,2012,5,2012-05-01T00:00:00,west,Karongi,139.17020030848738,Long Rain,Long Rains
2020,2020,2012,2,2012-02-01T00:00:00,west,Ngororero,69.53799114583151,Long Rain,Long Rains
2021,2021,2012,3,2012-03-01T00:00:00,west,Ngororero,136.58246512990775,Long Rain,Long Rains
2022,2022,2012,4,2012-04-01T00:00:00,west,Ngororero,179.9835983726205,Long Rain,Long Rains
2023,2023,2012,5,2012-05-01T00:00:00,west,Ngororero,173.8734159057413,Long Rain,Long Rains
2024,2024,2012,2,2012-02-01T00:00:00,west,Nyabihu,72.53215101380724,Long Rain,Long Rains
2025,2025,2012,3,2012-03-01T00:00:00,west,Nyabihu,136.00185516694907,Long Rain,Long Rains
2026,2026,2012,4,2012-04-01T00:00:00,west,Nyabihu,198.51637162014225,Long Rain,Long Rains
2027,2027,2012,5,2012-05-01T00:00:00,west,Nyabihu,176.9061812317138,Long Rain,Long Rains
2028,2028,2012,2,2012-02-01T00:00:00,west,Nyamasheke,86.89145237291687,Long Rain,Long Rains
2029,2029,2012,3,2012-03-01T00:00:00,west,Nyamasheke,161.1802237341061,Long Rain,Long Rains
2030,2030,2012,4,2012-04-01T00:00:00,west,Nyamasheke,178.7684467749761,Long Rain,Long Rains
2031,2031,2012,5,2012-05-01T00:00:00,west,Nyamasheke,147.56749272476736,Long Rain,Long Rains
2032,2032,2012,2,2012-02-01T00:00:00,west,Rubavu,66.86648968088237,Long Rain,Long Rains
2033,2033,2012,3,2012-03-01T00:00:00,west,Rubavu,135.07761315253805,Long Rain,Long Rains
2034,2034,2012,4,2012-04-01T00:00:00,west,Rubavu,156.0355533615258,Long Rain,Long Rains
2035,2035,2012,5,2012-05-01T00:00:00,west,Rubavu,151.76482889247302,Long Rain,Long Rains
2036,2036,2012,2,2012-02-01T00:00:00,west,Rusizi,112.44754673412932,Long Rain,Long Rains
2037,2037,2012,3,2012-03-01T00:00:00,west,Rusizi,177.39059925661553,Long Rain,Long Rains
2038,2038,2012,4,2012-04-01T00:00:00,west,Rusizi,192.16107725743964,Long Rain,Long Rains
2039,2039,2012,5,2012-05-01T00:00:00,west,Rusizi,132.71249868890777,Long Rain,Long Rains
2040,2040,2012,2,2012-02-01T00:00:00,west,Rutsiro,67.21576680219161,Long Rain,Long Rains
2041,2041,2012,3,2012-03-01T00:00:00,west,Rutsiro,135.4408251739531,Long Rain,Long Rains
2042,2042,2012,4,2012-04-01T00:00:00,west,Rutsiro,153.1162715288422,Long Rain,Long Rains
2043,2043,2012,5,2012-05-01T00:00:00,west,Rutsiro,137.73020073619463,Long Rain,Long Rains
2044,2044,2013,2,2013-02-01T00:00:00,west,Karongi,63.64879559192464,Long Rain,Long Rains
2045,2045,2013,3,2013-03-01T00:00:00,west,Karongi,224.30415338777496,Long Rain,Long Rains
2046,2046,2013,4,2013-04-01T00:00:00,west,Karongi,156.34496770651748,Long Rain,Long Rains
2047,2047,2013,5,2013-05-01T00:00:00,west,Karongi,98.80896271821484,Long Rain,Long Rains
2048,2048,2013,2,2013-02-01T00:00:00,west,Ngororero,86.13021806510615,Long Rain,Long Rains
2049,2049,2013,3,2013-03-01T00:00:00,west,Ngororero,212.31141255544563,Long Rain,Long Rains
2050,2050,2013,4,2013-04-01T00:00:00,west,Ngororero,156.73922127760926,Long Rain,Long Rains
2051,2051,2013,5,2013-05-01T00:00:00,west,Ngororero,110.89189829075475,Long Rain,Long Rains
2052,2052,2013,2,2013-02-01T00:00:00,west,Nyabihu,98.84842131896842,Long Rain,Long Rains
2053,2053,2013,3,2013-03-01T00:00:00,west,Nyabihu,232.76189982398336,Long Rain,Long Rains
2054,2054,2013,4,2013-04-01T00:00:00,west,Nyabihu,169.53756196642368,Long Rain,Long Rains
2055,2055,2013,5,2013-05-01T00:00:00,west,Nyabihu,140.90810879414454,Long Rain,Long Rains
2056,2056,2013,2,2013-02-01T00:00:00,west,Nyamasheke,72.2756301662322,Long Rain,Long Rains
2057,2057,2013,3,2013-03-01T00:00:00,west,Nyamasheke,247.7276230279768,Long Rain,Long Rains
2058,2058,2013,4,2013-04-01T00:00:00,west,Nyamasheke,164.10168066207115,Long Rain,Long Rains
2059,2059,2013,5,2013-05-01T00:00:00,west,Nyamasheke,114.91008079549954,Long Rain,Long Rains
2060,2060,2013,2,2013-02-01T00:00:00,west,Rubavu,83.74055475174534,Long Rain,Long Rains
2061,2061,2013,3,2013-03-01T00:00:00,west,Rubavu,216.139675001741,Long Rain,Long Rains
2062,2062,2013,4,2013-04-01T00:00:00,west,Rubavu,138.5858060857331,Long Rain,Long Rains
2063,2063,2013,5,2013-05-01T00:00:00,west,Rubavu,127.07844345790171,Long Rain,Long Rains
2064,2064,2013,2,2013-02-01T00:00:00,west,Rusizi,80.08800527337695,Long Rain,Long Rains
2065,2065,2013,3,2013-03-01T00:00:00,west,Rusizi,262.7418386353979,Long Rain,Long Rains
2066,2066,2013,4,2013-04-01T00:00:00,west,Rusizi,181.4667625083649,Long Rain,Long Rains
2067,2067,2013,5,2013-05-01T00:00:00,west,Rusizi,111.19228118767826,Long Rain,Long Rains
2068,2068,2013,2,2013-02-01T00:00:00,west,Rutsiro,75.3717567499295,Long Rain,Long Rains
2069,2069,2013,3,2013-03-01T00:00:00,west,Rutsiro,200.5648500518913,Long Rain,Long Rains
2070,2070,2013,4,2013-04-01T00:00:00,west,Rutsiro,140.18941677258348,Long Rain,Long Rains
2071,2071,2013,5,2013-05-01T00:00:00,west,Rutsiro,109.7499725760102,Long Rain,Long Rains
2072,2072,2014,2,2014-02-01T00:00:00,west,Karongi,129.23296082044354,Long Rain,Long Rains
2073,2073,2014,3,2014-03-01T00:00:00,west,Karongi,149.54042533977747,Long Rain,Long Rains
2074,2074,2014,4,2014-04-01T00:00:00,west,Karongi,140.42439452413606,Long Rain,Long Rains
2075,2075,2014,5,2014-05-01T00:00:00,west,Karongi,56.77286905860866,Long Rain,Long Rains
2076,2076,2014,2,2014-02-01T00:00:00,west,Ngororero,141.72155305532397,Long Rain,Long Rains
2077,2077,2014,3,2014-03-01T00:00:00,west,Ngororero,155.22252747387725,Long Rain,Long Rains
2078,2078,2014,4,2014-04-01T00:00:00,west,Ngororero,150.27456100982127,Long Rain,Long Rains
2079,2079,2014,5,2014-05-01T00:00:00,west,Ngororero,60.06339975699035,Long Rain,Long Rains
2080,2080,2014,2,2014-02-01T00:00:00,west,Nyabihu,137.4372616463419,Long Rain,Long Rains
2081,2081,2014,3,2014-03-01T00:00:00,west,Nyabihu,172.28210541785322,Long Rain,Long Rains
2082,2082,2014,4,2014-04-01T00:00:00,west,Nyabihu,171.53478564655887,Long Rain,Long Rains
2083,2083,2014,5,2014-05-01T00:00:00,west,Nyabihu,81.22975853528554,Long Rain,Long Rains
2084,2084,2014,2,2014-02-01T00:00:00,west,Nyamasheke,132.86432334110333,Long Rain,Long Rains
2085,2085,2014,3,2014-03-01T00:00:00,west,Nyamasheke,162.30463226488132,Long Rain,Long Rains
2086,2086,2014,4,2014-04-01T00:00:00,west,Nyamasheke,165.6469305516209,Long Rain,Long Rains
2087,2087,2014,5,2014-05-01T00:00:00,west,Nyamasheke,76.29346355175298,Long Rain,Long Rains
2088,2088,2014,2,2014-02-01T00:00:00,west,Rubavu,121.86898340446017,Long Rain,Long Rains
2089,2089,2014,3,2014-03-01T00:00:00,west,Rubavu,161.34782615667223,Long Rain,Long Rains
2090,2090,2014,4,2014-04-01T00:00:00,west,Rubavu,139.7887185132218,Long Rain,Long Rains
2091,2091,2014,5,2014-05-01T00:00:00,west,Rubavu,74.830458345859,Long Rain,Long Rains
2092,2092,2014,2,2014-02-01T00:00:00,west,Rusizi,150.35481495853418,Long Rain,Long Rains
2093,2093,2014,3,2014-03-01T00:00:00,west,Rusizi,181.48013253456315,Long Rain,Long Rains
2094,2094,2014,4,2014-04-01T00:00:00,west,Rusizi,176.06571361720793,Long Rain,Long Rains
2095,2095,2014,5,2014-05-01T00:00:00,west,Rusizi,80.61022215804832,Long Rain,Long Rains
2096,2096,2014,2,2014-02-01T00:00:00,west,Rutsiro,128.9387487407703,Long Rain,Long Rains
2097,2097,2014,3,2014-03-01T00:00:00,west,Rutsiro,142.48491508529457,Long Rain,Long Rains
2098,2098,2014,4,2014-04-01T00:00:00,west,Rutsiro,133.33877746950307,Long Rain,Long Rains
2099,2099,2014,5,2014-05-01T00:00:00,west,Rutsiro,54.42786828077701,Long Rain,Long Rains
2100,2100,2015,2,2015-02-01T00:00:00,west,Karongi,95.6572989778363,Long Rain,Long Rains
2101,2101,2015,3,2015-03-01T00:00:00,west,Karongi,162.98980914173043,Long Rain,Long Rains
2102,2102,2015,4,2015-04-01T00:00:00,west,Karongi,157.71914986538323,Long Rain,Long Rains
2103,2103,2015,5,2015-05-01T00:00:00,west,Karongi,123.97420949972852,Long Rain,Long Rains
2104,2104,2015,2,2015-02-01T00:00:00,west,Ngororero,102.48601516848116,Long Rain,Long Rains
2105,2105,2015,3,2015-03-01T00:00:00,west,Ngororero,162.93024066600236,Long Rain,Long Rains
2106,2106,2015,4,2015-04-01T00:00:00,west,Ngororero,172.95626600199824,Long Rain,Long Rains
2107,2107,2015,5,2015-05-01T00:00:00,west,Ngororero,156.8687232098169,Long Rain,Long Rains
2108,2108,2015,2,2015-02-01T00:00:00,west,Nyabihu,111.0544052668634,Long Rain,Long Rains
2109,2109,2015,3,2015-03-01T00:00:00,west,Nyabihu,173.27168545107466,Long Rain,Long Rains
2110,2110,2015,4,2015-04-01T00:00:00,west,Nyabihu,176.91511275476086,Long Rain,Long Rains
2111,2111,2015,5,2015-05-01T00:00:00,west,Nyabihu,158.41349423182362,Long Rain,Long Rains
2112,2112,2015,2,2015-02-01T00:00:00,west,Nyamasheke,103.25202841834572,Long Rain,Long Rains
2113,2113,2015,3,2015-03-01T00:00:00,west,Nyamasheke,185.4234204506812,Long Rain,Long Rains
2114,2114,2015,4,2015-04-01T00:00:00,west,Nyamasheke,182.3598602737436,Long Rain,Long Rains
2115,2115,2015,5,2015-05-01T00:00:00,west,Nyamasheke,137.18093367771354,Long Rain,Long Rains
2116,2116,2015,2,2015-02-01T00:00:00,west,Rubavu,98.58924750142744,Long Rain,Long Rains
2117,2117,2015,3,2015-03-01T00:00:00,west,Rubavu,163.9259624625909,Long Rain,Long Rains
2118,2118,2015,4,2015-04-01T00:00:00,west,Rubavu,142.91691408750188,Long Rain,Long Rains
2119,2119,2015,5,2015-05-01T00:00:00,west,Rubavu,140.78731409737833,Long Rain,Long Rains
2120,2120,2015,2,2015-02-01T00:00:00,west,Rusizi,116.11758117627106,Long Rain,Long Rains
2121,2121,2015,3,2015-03-01T00:00:00,west,Rusizi,204.53957009430025,Long Rain,Long Rains
2122,2122,2015,4,2015-04-01T00:00:00,west,Rusizi,183.86024709268983,Long Rain,Long Rains
2123,2123,2015,5,2015-05-01T00:00:00,west,Rusizi,129.38272951196154,Long Rain,Long Rains
2124,2124,2015,2,2015-02-01T00:00:00,west,Rutsiro,97.0688367386684,Long Rain,Long Rains
2125,2125,2015,3,2015-03-01T00:00:00,west,Rutsiro,156.19944885096032,Long Rain,Long Rains
2126,2126,2015,4,2015-04-01T00:00:00,west,Rutsiro,146.75476324521676,Long Rain,Long Rains
2127,2127,2015,5,2015-05-01T00:00:00,west,Rutsiro,123.76482566067205,Long Rain,Long Rains
2128,2128,2016,2,2016-02-01T00:00:00,west,Karongi,66.35286208835,Long Rain,Long Rains
2129,2129,2016,3,2016-03-01T00:00:00,west,Karongi,179.20906972006176,Long Rain,Long Rains
2130,2130,2016,4,2016-04-01T00:00:00,west,Karongi,180.38449257230604,Long Rain,Long Rains
2131,2131,2016,5,2016-05-01T00:00:00,west,Karongi,103.03445875952086,Long Rain,Long Rains
2132,2132,2016,2,2016-02-01T00:00:00,west,Ngororero,60.87016326857993,Long Rain,Long Rains
2133,2133,2016,3,2016-03-01T00:00:00,west,Ngororero,207.60258441527137,Long Rain,Long Rains
2134,2134,2016,4,2016-04-01T00:00:00,west,Ngororero,191.820787497409,Long Rain,Long Rains
2135,2135,2016,5,2016-05-01T00:00:00,west,Ngororero,134.43486247238206,Long Rain,Long Rains
2136,2136,2016,2,2016-02-01T00:00:00,west,Nyabihu,51.14007759604269,Long Rain,Long Rains
2137,2137,2016,3,2016-03-01T00:00:00,west,Nyabihu,217.34773708565493,Long Rain,Long Rains
2138,2138,2016,4,2016-04-01T00:00:00,west,Nyabihu,223.5357521439566,Long Rain,Long Rains
2139,2139,2016,5,2016-05-01T00:00:00,west,Nyabihu,159.15338311357888,Long Rain,Long Rains
2140,2140,2016,2,2016-02-01T00:00:00,west,Nyamasheke,83.58494428167917,Long Rain,Long Rains
2141,2141,2016,3,2016-03-01T00:00:00,west,Nyamasheke,172.50974346379385,Long Rain,Long Rains
2142,2142,2016,4,2016-04-01T00:00:00,west,Nyamasheke,208.9029169007561,Long Rain,Long Rains
2143,2143,2016,5,2016-05-01T00:00:00,west,Nyamasheke,118.46149055347573,Long Rain,Long Rains
2144,2144,2016,2,2016-02-01T00:00:00,west,Rubavu,52.25543860857006,Long Rain,Long Rains
2145,2145,2016,3,2016-03-01T00:00:00,west,Rubavu,188.08629758020743,Long Rain,Long Rains
2146,2146,2016,4,2016-04-01T00:00:00,west,Rubavu,183.95517443630317,Long Rain,Long Rains
2147,2147,2016,5,2016-05-01T00:00:00,west,Rubavu,150.2775413802717,Long Rain,Long Rains
2148,2148,2016,2,2016-02-01T00:00:00,west,Rusizi,92.70353050991666,Long Rain,Long Rains
2149,2149,2016,3,2016-03-01T00:00:00,west,Rusizi,169.78244705239322,Long Rain,Long Rains
2150,2150,2016,4,2016-04-01T00:00:00,west,Rusizi,231.5797501740406,Long Rain,Long Rains
2151,2151,2016,5,2016-05-01T00:00:00,west,Rusizi,108.39995880838964,Long Rain,Long Rains
2152,2152,2016,2,2016-02-01T00:00:00,west,Rutsiro,62.58034582229814,Long Rain,Long Rains
2153,2153,2016,3,2016-03-01T00:00:00,west,Rutsiro,171.08719773884587,Long Rain,Long Rains
2154,2154,2016,4,2016-04-01T00:00:00,west,Rutsiro,185.2690788279168,Long Rain,Long Rains
2155,2155,2016,5,2016-05-01T00:00:00,west,Rutsiro,135.9410557227417,Long Rain,Long Rains
2156,2156,2017,2,2017-02-01T00:00:00,west,Karongi,102.0972408861702,Long Rain,Long Rains
2157,2157,2017,3,2017-03-01T00:00:00,west,Karongi,120.84495399582444,Long Rain,Long Rains
2158,2158,2017,4,2017-04-01T00:00:00,west,Karongi,116.15078518042112,Long Rain,Long Rains
2159,2159,2017,5,2017-05-01T00:00:00,west,Karongi,109.66959880113436,Long Rain,Long Rains
2160,2160,2017,2,2017-02-01T00:00:00,west,Ngororero,99.31526003425256,Long Rain,Long Rains
2161,2161,2017,3,2017-03-01T00:00:00,west,Ngororero,125.69374134306638,Long Rain,Long Rains
2162,2162,2017,4,2017-04-01T00:00:00,west,Ngororero,130.9973596883531,Long Rain,Long Rains
2163,2163,2017,5,2017-05-01T00:00:00,west,Ngororero,129.0950960254243,Long Rain,Long Rains
2164,2164,2017,2,2017-02-01T00:00:00,west,Nyabihu,102.19703370855711,Long Rain,Long Rains
2165,2165,2017,3,2017-03-01T00:00:00,west,Nyabihu,135.67032553131293,Long Rain,Long Rains
2166,2166,2017,4,2017-04-01T00:00:00,west,Nyabihu,144.8082114177998,Long Rain,Long Rains
2167,2167,2017,5,2017-05-01T00:00:00,west,Nyabihu,105.31694925903322,Long Rain,Long Rains
2168,2168,2017,2,2017-02-01T00:00:00,west,Nyamasheke,115.7643221457774,Long Rain,Long Rains
2169,2169,2017,3,2017-03-01T00:00:00,west,Nyamasheke,133.14381046099038,Long Rain,Long Rains
2170,2170,2017,4,2017-04-01T00:00:00,west,Nyamasheke,150.1504611503189,Long Rain,Long Rains
2171,2171,2017,5,2017-05-01T00:00:00,west,Nyamasheke,119.71563585646508,Long Rain,Long Rains
2172,2172,2017,2,2017-02-01T00:00:00,west,Rubavu,93.88486299973404,Long Rain,Long Rains
2173,2173,2017,3,2017-03-01T00:00:00,west,Rubavu,124.27163940239232,Long Rain,Long Rains
2174,2174,2017,4,2017-04-01T00:00:00,west,Rubavu,114.72183901366216,Long Rain,Long Rains
2175,2175,2017,5,2017-05-01T00:00:00,west,Rubavu,81.25512929080573,Long Rain,Long Rains
2176,2176,2017,2,2017-02-01T00:00:00,west,Rusizi,128.09930686696802,Long Rain,Long Rains
2177,2177,2017,3,2017-03-01T00:00:00,west,Rusizi,146.93369694888065,Long Rain,Long Rains
2178,2178,2017,4,2017-04-01T00:00:00,west,Rusizi,157.6880442333565,Long Rain,Long Rains
2179,2179,2017,5,2017-05-01T00:00:00,west,Rusizi,115.5037549229218,Long Rain,Long Rains
2180,2180,2017,2,2017-02-01T00:00:00,west,Rutsiro,100.92365805768767,Long Rain,Long Rains
2181,2181,2017,3,2017-03-01T00:00:00,west,Rutsiro,114.71747001261328,Long Rain,Long Rains
2182,2182,2017,4,2017-04-01T00:00:00,west,Rutsiro,114.58257507303026,Long Rain,Long Rains
2183,2183,2017,5,2017-05-01T00:00:00,west,Rutsiro,97.7734911311293,Long Rain,Long Rains
2184,2184,2018,2,2018-02-01T00:00:00,west,Karongi,107.45150893645516,Long Rain,Long Rains
2185,2185,2018,3,2018-03-01T00:00:00,west,Karongi,214.31134634918425,Long Rain,Long Rains
2186,2186,2018,4,2018-04-01T00:00:00,west,Karongi,238.9367137360613,Long Rain,Long Rains
2187,2187,2018,5,2018-05-01T00:00:00,west,Karongi,124.79845155364266,Long Rain,Long Rains
2188,2188,2018,2,2018-02-01T00:00:00,west,Ngororero,102.55912864488164,Long Rain,Long Rains
2189,2189,2018,3,2018-03-01T00:00:00,west,Ngororero,239.2084451971369,Long Rain,Long Rains
2190,2190,2018,4,2018-04-01T00:00:00,west,Ngororero,274.7618545331076,Long Rain,Long Rains
2191,2191,2018,5,2018-05-01T00:00:00,west,Ngororero,132.1452579508596,Long Rain,Long Rains
2192,2192,2018,2,2018-02-01T00:00:00,west,Nyabihu,124.44257382152732,Long Rain,Long Rains
2193,2193,2018,3,2018-03-01T00:00:00,west,Nyabihu,269.3399788799105,Long Rain,Long Rains
2194,2194,2018,4,2018-04-01T00:00:00,west,Nyabihu,260.67865599195875,Long Rain,Long Rains
2195,2195,2018,5,2018-05-01T00:00:00,west,Nyabihu,148.65903199946558,Long Rain,Long Rains
2196,2196,2018,2,2018-02-01T00:00:00,west,Nyamasheke,151.09219811960173,Long Rain,Long Rains
2197,2197,2018,3,2018-03-01T00:00:00,west,Nyamasheke,236.36908795732447,Long Rain,Long Rains
2198,2198,2018,4,2018-04-01T00:00:00,west,Nyamasheke,242.6858714681817,Long Rain,Long Rains
2199,2199,2018,5,2018-05-01T00:00:00,west,Nyamasheke,144.99027786493912,Long Rain,Long Rains
2200,2200,2018,2,2018-02-01T00:00:00,west,Rubavu,123.40516244554075,Long Rain,Long Rains
2201,2201,2018,3,2018-03-01T00:00:00,west,Rubavu,251.63643310330275,Long Rain,Long Rains
2202,2202,2018,4,2018-04-01T00:00:00,west,Rubavu,192.939909639746,Long Rain,Long Rains
2203,2203,2018,5,2018-05-01T00:00:00,west,Rubavu,119.17325402449814,Long Rain,Long Rains
2204,2204,2018,2,2018-02-01T00:00:00,west,Rusizi,165.52017623921031,Long Rain,Long Rains
2205,2205,2018,3,2018-03-01T00:00:00,west,Rusizi,264.2816604788156,Long Rain,Long Rains
2206,2206,2018,4,2018-04-01T00:00:00,west,Rusizi,247.1237608489272,Long Rain,Long Rains
2207,2207,2018,5,2018-05-01T00:00:00,west,Rusizi,131.53226979939436,Long Rain,Long Rains
2208,2208,2018,2,2018-02-01T00:00:00,west,Rutsiro,119.98875954820122,Long Rain,Long Rains
2209,2209,2018,3,2018-03-01T00:00:00,west,Rutsiro,211.0022382002976,Long Rain,Long Rains
2210,2210,2018,4,2018-04-01T00:00:00,west,Rutsiro,217.9592864162404,Long Rain,Long Rains
2211,2211,2018,5,2018-05-01T00:00:00,west,Rutsiro,116.13375067651556,Long Rain,Long Rains
2212,2212,2019,2,2019-02-01T00:00:00,west,Karongi,57.778835055594094,Long Rain,Long Rains
2213,2213,2019,3,2019-03-01T00:00:00,west,Karongi,101.73784548110244,Long Rain,Long Rains
2214,2214,2019,4,2019-04-01T00:00:00,west,Karongi,137.32539358184852,Long Rain,Long Rains
2215,2215,2019,5,2019-05-01T00:00:00,west,Karongi,132.2556085671639,Long Rain,Long Rains
2216,2216,2019,2,2019-02-01T00:00:00,west,Ngororero,68.70107411573983,Long Rain,Long Rains
2217,2217,2019,3,2019-03-01T00:00:00,west,Ngororero,99.0253025991156,Long Rain,Long Rains
2218,2218,2019,4,2019-04-01T00:00:00,west,Ngororero,153.10204078683657,Long Rain,Long Rains
2219,2219,2019,5,2019-05-01T00:00:00,west,Ngororero,153.55936982490505,Long Rain,Long Rains
2220,2220,2019,2,2019-02-01T00:00:00,west,Nyabihu,70.87416132342305,Long Rain,Long Rains
2221,2221,2019,3,2019-03-01T00:00:00,west,Nyabihu,95.43876251705836,Long Rain,Long Rains
2222,2222,2019,4,2019-04-01T00:00:00,west,Nyabihu,161.21240478671913,Long Rain,Long Rains
2223,2223,2019,5,2019-05-01T00:00:00,west,Nyabihu,175.7139207288093,Long Rain,Long Rains
2224,2224,2019,2,2019-02-01T00:00:00,west,Nyamasheke,70.4851818158552,Long Rain,Long Rains
2225,2225,2019,3,2019-03-01T00:00:00,west,Nyamasheke,113.2199609617494,Long Rain,Long Rains
2226,2226,2019,4,2019-04-01T00:00:00,west,Nyamasheke,168.79754219738558,Long Rain,Long Rains
2227,2227,2019,5,2019-05-01T00:00:00,west,Nyamasheke,152.7642295521835,Long Rain,Long Rains
2228,2228,2019,2,2019-02-01T00:00:00,west,Rubavu,56.58922601933579,Long Rain,Long Rains
2229,2229,2019,3,2019-03-01T00:00:00,west,Rubavu,89.85926997702437,Long Rain,Long Rains
2230,2230,2019,4,2019-04-01T00:00:00,west,Rubavu,122.89543118339162,Long Rain,Long Rains
2231,2231,2019,5,2019-05-01T00:00:00,west,Rubavu,144.05355486167278,Long Rain,Long Rains
2232,2232,2019,2,2019-02-01T00:00:00,west,Rusizi,85.47090676283723,Long Rain,Long Rains
2233,2233,2019,3,2019-03-01T00:00:00,west,Rusizi,122.60117012400734,Long Rain,Long Rains
2234,2234,2019,4,2019-04-01T00:00:00,west,Rusizi,185.309899833796,Long Rain,Long Rains
2235,2235,2019,5,2019-05-01T00:00:00,west,Rusizi,147.33819111387092,Long Rain,Long Rains
2236,2236,2019,2,2019-02-01T00:00:00,west,Rutsiro,55.18609744908058,Long Rain,Long Rains
2237,2237,2019,3,2019-03-01T00:00:00,west,Rutsiro,94.90941431886812,Long Rain,Long Rains
2238,2238,2019,4,2019-04-01T00:00:00,west,Rutsiro,128.40163515879067,Long Rain,Long Rains
2239,2239,2019,5,2019-05-01T00:00:00,west,Rutsiro,130.2378148217892,Long Rain,Long Rains
2240,2240,2020,2,2020-02-01T00:00:00,west,Karongi,81.36500199566477,Long Rain,Long Rains
2241,2241,2020,3,2020-03-01T00:00:00,west,Karongi,130.61969470594406,Long Rain,Long Rains
2242,2242,2020,4,2020-04-01T00:00:00,west,Karongi,200.99432706800167,Long Rain,Long Rains
2243,2243,2020,5,2020-05-01T00:00:00,west,Karongi,97.5682599766136,Long Rain,Long Rains
2244,2244,2020,2,2020-02-01T00:00:00,west,Ngororero,100.11552195802508,Long Rain,Long Rains
2245,2245,2020,3,2020-03-01T00:00:00,west,Ngororero,133.04421827013735,Long Rain,Long Rains
2246,2246,2020,4,2020-04-01T00:00:00,west,Ngororero,214.52794573599343,Long Rain,Long Rains
2247,2247,2020,5,2020-05-01T00:00:00,west,Ngororero,100.67699275118456,Long Rain,Long Rains
2248,2248,2020,2,2020-02-01T00:00:00,west,Nyabihu,81.5215176129531,Long Rain,Long Rains
2249,2249,2020,3,2020-03-01T00:00:00,west,Nyabihu,138.42501989839036,Long Rain,Long Rains
2250,2250,2020,4,2020-04-01T00:00:00,west,Nyabihu,205.529707735738,Long Rain,Long Rains
2251,2251,2020,5,2020-05-01T00:00:00,west,Nyabihu,130.27405430403542,Long Rain,Long Rains
2252,2252,2020,2,2020-02-01T00:00:00,west,Nyamasheke,84.30237780189606,Long Rain,Long Rains
2253,2253,2020,3,2020-03-01T00:00:00,west,Nyamasheke,142.69683181956069,Long Rain,Long Rains
2254,2254,2020,4,2020-04-01T00:00:00,west,Nyamasheke,227.37596826259156,Long Rain,Long Rains
2255,2255,2020,5,2020-05-01T00:00:00,west,Nyamasheke,129.57374299610638,Long Rain,Long Rains
2256,2256,2020,2,2020-02-01T00:00:00,west,Rubavu,69.6805242584782,Long Rain,Long Rains
2257,2257,2020,3,2020-03-01T00:00:00,west,Rubavu,126.07953927975568,Long Rain,Long Rains
2258,2258,2020,4,2020-04-01T00:00:00,west,Rubavu,168.93680048689097,Long Rain,Long Rains
2259,2259,2020,5,2020-05-01T00:00:00,west,Rubavu,118.39974600207964,Long Rain,Long Rains
2260,2260,2020,2,2020-02-01T00:00:00,west,Rusizi,102.51101111356404,Long Rain,Long Rains
2261,2261,2020,3,2020-03-01T00:00:00,west,Rusizi,154.4522106561592,Long Rain,Long Rains
2262,2262,2020,4,2020-04-01T00:00:00,west,Rusizi,242.42121992586516,Long Rain,Long Rains
2263,2263,2020,5,2020-05-01T00:00:00,west,Rusizi,123.08606115002648,Long Rain,Long Rains
2264,2264,2020,2,2020-02-01T00:00:00,west,Rutsiro,75.06770356737422,Long Rain,Long Rains
2265,2265,2020,3,2020-03-01T00:00:00,west,Rutsiro,124.58423852315448,Long Rain,Long Rains
2266,2266,2020,4,2020-04-01T00:00:00,west,Rutsiro,195.5620771184869,Long Rain,Long Rains
2267,2267,2020,5,2020-05-01T00:00:00,west,Rutsiro,94.25198015732047,Long Rain,Long Rains
2268,2268,2021,2,2021-02-01T00:00:00,west,Karongi,128.5269505221629,Long Rain,Long Rains
2269,2269,2021,3,2021-03-01T00:00:00,west,Karongi,132.33881900763788,Long Rain,Long Rains
2270,2270,2021,4,2021-04-01T00:00:00,west,Karongi,94.53166560306656,Long Rain,Long Rains
2271,2271,2021,5,2021-05-01T00:00:00,west,Karongi,113.95796059608372,Long Rain,Long Rains
2272,2272,2021,2,2021-02-01T00:00:00,west,Ngororero,144.64332791704763,Long Rain,Long Rains
2273,2273,2021,3,2021-03-01T00:00:00,west,Ngororero,132.89822018749345,Long Rain,Long Rains
2274,2274,2021,4,2021-04-01T00:00:00,west,Ngororero,106.3330637309826,Long Rain,Long Rains
2275,2275,2021,5,2021-05-01T00:00:00,west,Ngororero,138.1402281174964,Long Rain,Long Rains
2276,2276,2021,2,2021-02-01T00:00:00,west,Nyabihu,153.77793982743867,Long Rain,Long Rains
2277,2277,2021,3,2021-03-01T00:00:00,west,Nyabihu,139.5885510455014,Long Rain,Long Rains
2278,2278,2021,4,2021-04-01T00:00:00,west,Nyabihu,111.93437334244624,Long Rain,Long Rains
2279,2279,2021,5,2021-05-01T00:00:00,west,Nyabihu,124.1418703181576,Long Rain,Long Rains
2280,2280,2021,2,2021-02-01T00:00:00,west,Nyamasheke,140.83774220551769,Long Rain,Long Rains
2281,2281,2021,3,2021-03-01T00:00:00,west,Nyamasheke,154.82380116395748,Long Rain,Long Rains
2282,2282,2021,4,2021-04-01T00:00:00,west,Nyamasheke,115.90193708401874,Long Rain,Long Rains
2283,2283,2021,5,2021-05-01T00:00:00,west,Nyamasheke,122.81126363449042,Long Rain,Long Rains
2284,2284,2021,2,2021-02-01T00:00:00,west,Rubavu,135.51362081053676,Long Rain,Long Rains
2285,2285,2021,3,2021-03-01T00:00:00,west,Rubavu,133.43024947207988,Long Rain,Long Rains
2286,2286,2021,4,2021-04-01T00:00:00,west,Rubavu,89.27812877894033,Long Rain,Long Rains
2287,2287,2021,5,2021-05-01T00:00:00,west,Rubavu,100.66354127975872,Long Rain,Long Rains
2288,2288,2021,2,2021-02-01T00:00:00,west,Rusizi,148.25639823181712,Long Rain,Long Rains
2289,2289,2021,3,2021-03-01T00:00:00,west,Rusizi,170.7074543133652,Long Rain,Long Rains
2290,2290,2021,4,2021-04-01T00:00:00,west,Rusizi,122.93275173269718,Long Rain,Long Rains
2291,2291,2021,5,2021-05-01T00:00:00,west,Rusizi,127.88361889138235,Long Rain,Long Rains
2292,2292,2021,2,2021-02-01T00:00:00,west,Rutsiro,132.44213467729108,Long Rain,Long Rains
2293,2293,2021,3,2021-03-01T00:00:00,west,Rutsiro,127.00924414050732,Long Rain,Long Rains
2294,2294,2021,4,2021-04-01T00:00:00,west,Rutsiro,92.3551408354497,Long Rain,Long Rains
2295,2295,2021,5,2021-05-01T00:00:00,west,Rutsiro,106.12161415938448,Long Rain,Long Rains
2296,2296,2022,2,2022-02-01T00:00:00,west,Karongi,167.96114645729892,Long Rain,Long Rains
2297,2297,2022,3,2022-03-01T00:00:00,west,Karongi,126.75616222751503,Long Rain,Long Rains
2298,2298,2022,4,2022-04-01T00:00:00,west,Karongi,124.17286146116068,Long Rain,Long Rains
2299,2299,2022,5,2022-05-01T00:00:00,west,Karongi,132.45110957259487,Long Rain,Long Rains
2300,2300,2022,2,2022-02-01T00:00:00,west,Ngororero,191.3941287916068,Long Rain,Long Rains
2301,2301,2022,3,2022-03-01T00:00:00,west,Ngororero,120.33763696233332,Long Rain,Long Rains
2302,2302,2022,4,2022-04-01T00:00:00,west,Ngororero,126.14966678042316,Long Rain,Long Rains
2303,2303,2022,5,2022-05-01T00:00:00,west,Ngororero,152.38726145278957,Long Rain,Long Rains
2304,2304,2022,2,2022-02-01T00:00:00,west,Nyabihu,202.822612333678,Long Rain,Long Rains
2305,2305,2022,3,2022-03-01T00:00:00,west,Nyabihu,125.79669141423622,Long Rain,Long Rains
2306,2306,2022,4,2022-04-01T00:00:00,west,Nyabihu,130.4171132130239,Long Rain,Long Rains
2307,2307,2022,5,2022-05-01T00:00:00,west,Nyabihu,176.21933853876942,Long Rain,Long Rains
2308,2308,2022,2,2022-02-01T00:00:00,west,Nyamasheke,166.49696611090152,Long Rain,Long Rains
2309,2309,2022,3,2022-03-01T00:00:00,west,Nyamasheke,147.46639275167777,Long Rain,Long Rains
2310,2310,2022,4,2022-04-01T00:00:00,west,Nyamasheke,148.9254379449436,Long Rain,Long Rains
2311,2311,2022,5,2022-05-01T00:00:00,west,Nyamasheke,169.81975349251437,Long Rain,Long Rains
2312,2312,2022,2,2022-02-01T00:00:00,west,Rubavu,178.65261618039568,Long Rain,Long Rains
2313,2313,2022,3,2022-03-01T00:00:00,west,Rubavu,115.83923472345197,Long Rain,Long Rains
2314,2314,2022,4,2022-04-01T00:00:00,west,Rubavu,107.28101039294572,Long Rain,Long Rains
2315,2315,2022,5,2022-05-01T00:00:00,west,Rubavu,137.81801154376595,Long Rain,Long Rains
2316,2316,2022,2,2022-02-01T00:00:00,west,Rusizi,182.41817431916607,Long Rain,Long Rains
2317,2317,2022,3,2022-03-01T00:00:00,west,Rusizi,161.81872462200303,Long Rain,Long Rains
2318,2318,2022,4,2022-04-01T00:00:00,west,Rusizi,149.3779619260727,Long Rain,Long Rains
2319,2319,2022,5,2022-05-01T00:00:00,west,Rusizi,142.67104455301342,Long Rain,Long Rains
2320,2320,2022,2,2022-02-01T00:00:00,west,Rutsiro,172.43543241472307,Long Rain,Long Rains
2321,2321,2022,3,2022-03-01T00:00:00,west,Rutsiro,114.00872776782604,Long Rain,Long Rains
2322,2322,2022,4,2022-04-01T00:00:00,west,Rutsiro,112.1418597699596,Long Rain,Long Rains
2323,2323,2022,5,2022-05-01T00:00:00,west,Rutsiro,139.19778252881866,Long Rain,Long Rains
2324,2324,2023,2,2023-02-01T00:00:00,west,Karongi,43.229416570846745,Long Rain,Long Rains
2325,2325,2023,3,2023-03-01T00:00:00,west,Karongi,155.2410253483544,Long Rain,Long Rains
2326,2326,2023,4,2023-04-01T00:00:00,west,Karongi,220.7987261023261,Long Rain,Long Rains
2327,2327,2023,5,2023-05-01T00:00:00,west,Karongi,192.08936141530535,Long Rain,Long Rains
2328,2328,2023,2,2023-02-01T00:00:00,west,Ngororero,41.60866090360352,Long Rain,Long Rains
2329,2329,2023,3,2023-03-01T00:00:00,west,Ngororero,166.6902690920289,Long Rain,Long Rains
2330,2330,2023,4,2023-04-01T00:00:00,west,Ngororero,242.121345998162,Long Rain,Long Rains
2331,2331,2023,5,2023-05-01T00:00:00,west,Ngororero,214.76541823967105,Long Rain,Long Rains
2332,2332,2023,2,2023-02-01T00:00:00,west,Nyabihu,39.0965575256842,Long Rain,Long Rains
2333,2333,2023,3,2023-03-01T00:00:00,west,Nyabihu,179.855917472784,Long Rain,Long Rains
2334,2334,2023,4,2023-04-01T00:00:00,west,Nyabihu,255.4076869513695,Long Rain,Long Rains
2335,2335,2023,5,2023-05-01T00:00:00,west,Nyabihu,267.96851421033585,Long Rain,Long Rains
2336,2336,2023,2,2023-02-01T00:00:00,west,Nyamasheke,70.35821712045791,Long Rain,Long Rains
2337,2337,2023,3,2023-03-01T00:00:00,west,Nyamasheke,164.6457393405753,Long Rain,Long Rains
2338,2338,2023,4,2023-04-01T00:00:00,west,Nyamasheke,255.6618915601684,Long Rain,Long Rains
2339,2339,2023,5,2023-05-01T00:00:00,west,Nyamasheke,219.35401295799676,Long Rain,Long Rains
2340,2340,2023,2,2023-02-01T00:00:00,west,Rubavu,36.583916555533975,Long Rain,Long Rains
2341,2341,2023,3,2023-03-01T00:00:00,west,Rubavu,159.2518362294093,Long Rain,Long Rains
2342,2342,2023,4,2023-04-01T00:00:00,west,Rubavu,199.19180980851357,Long Rain,Long Rains
2343,2343,2023,5,2023-05-01T00:00:00,west,Rubavu,218.87878102948136,Long Rain,Long Rains
2344,2344,2023,2,2023-02-01T00:00:00,west,Rusizi,88.6280495713385,Long Rain,Long Rains
2345,2345,2023,3,2023-03-01T00:00:00,west,Rusizi,176.73403865404373,Long Rain,Long Rains
2346,2346,2023,4,2023-04-01T00:00:00,west,Rusizi,255.6239486628289,Long Rain,Long Rains
2347,2347,2023,5,2023-05-01T00:00:00,west,Rusizi,200.60305580198525,Long Rain,Long Rains
2348,2348,2023,2,2023-02-01T00:00:00,west,Rutsiro,40.777923682361454,Long Rain,Long Rains
2349,2349,2023,3,2023-03-01T00:00:00,west,Rutsiro,147.38998557272134,Long Rain,Long Rains
2350,2350,2023,4,2023-04-01T00:00:00,west,Rutsiro,212.5759616715601,Long Rain,Long Rains
2351,2351,2023,5,2023-05-01T00:00:00,west,Rutsiro,188.4932434790624,Long Rain,Long Rains
2352,2352,2000,9,2000-09-01T00:00:00,west,Karongi,65.98135446644216,Short Rain,Short Rains
2353,2353,2000,10,2000-10-01T00:00:00,west,Karongi,127.91180185355778,Short Rain,Short Rains
2354,2354,2000,11,2000-11-01T00:00:00,west,Karongi,176.19092405509784,Short Rain,Short Rains
2355,2355,2000,9,2000-09-01T00:00:00,west,Ngororero,49.99396944039151,Short Rain,Short Rains
2356,2356,2000,10,2000-10-01T00:00:00,west,Ngororero,133.11200565502455,Short Rain,Short Rains
2357,2357,2000,11,2000-11-01T00:00:00,west,Ngororero,196.73039025632468,Short Rain,Short Rains
2358,2358,2000,9,2000-09-01T00:00:00,west,Nyabihu,65.89731999728191,Short Rain,Short Rains
2359,2359,2000,10,2000-10-01T00:00:00,west,Nyabihu,162.20448875427238,Short Rain,Short Rains
2360,2360,2000,11,2000-11-01T00:00:00,west,Nyabihu,208.43464925515647,Short Rain,Short Rains
2361,2361,2000,9,2000-09-01T00:00:00,west,Nyamasheke,83.02841463210036,Short Rain,Short Rains
2362,2362,2000,10,2000-10-01T00:00:00,west,Nyamasheke,158.56508802241405,Short Rain,Short Rains
2363,2363,2000,11,2000-11-01T00:00:00,west,Nyamasheke,203.2606219355889,Short Rain,Short Rains
2364,2364,2000,9,2000-09-01T00:00:00,west,Rubavu,68.93004249826227,Short Rain,Short Rains
2365,2365,2000,10,2000-10-01T00:00:00,west,Rubavu,143.76927984361842,Short Rain,Short Rains
2366,2366,2000,11,2000-11-01T00:00:00,west,Rubavu,191.3060769908754,Short Rain,Short Rains
2367,2367,2000,9,2000-09-01T00:00:00,west,Rusizi,71.58686043196815,Short Rain,Short Rains
2368,2368,2000,10,2000-10-01T00:00:00,west,Rusizi,170.193063597473,Short Rain,Short Rains
2369,2369,2000,11,2000-11-01T00:00:00,west,Rusizi,228.56014937587128,Short Rain,Short Rains
2370,2370,2000,9,2000-09-01T00:00:00,west,Rutsiro,58.22627597647324,Short Rain,Short Rains
2371,2371,2000,10,2000-10-01T00:00:00,west,Rutsiro,118.1332502247653,Short Rain,Short Rains
2372,2372,2000,11,2000-11-01T00:00:00,west,Rutsiro,185.2638589690216,Short Rain,Short Rains
2373,2373,2001,9,2001-09-01T00:00:00,west,Karongi,148.36612311035108,Short Rain,Short Rains
2374,2374,2001,10,2001-10-01T00:00:00,west,Karongi,150.67559311939044,Short Rain,Short Rains
2375,2375,2001,11,2001-11-01T00:00:00,west,Karongi,182.8846145737977,Short Rain,Short Rains
2376,2376,2001,9,2001-09-01T00:00:00,west,Ngororero,102.59263747447062,Short Rain,Short Rains
2377,2377,2001,10,2001-10-01T00:00:00,west,Ngororero,129.5050035413344,Short Rain,Short Rains
2378,2378,2001,11,2001-11-01T00:00:00,west,Ngororero,241.4405610477901,Short Rain,Short Rains
2379,2379,2001,9,2001-09-01T00:00:00,west,Nyabihu,106.522549466001,Short Rain,Short Rains
2380,2380,2001,10,2001-10-01T00:00:00,west,Nyabihu,123.3563087472369,Short Rain,Short Rains
2381,2381,2001,11,2001-11-01T00:00:00,west,Nyabihu,244.1607410774617,Short Rain,Short Rains
2382,2382,2001,9,2001-09-01T00:00:00,west,Nyamasheke,176.5461947069836,Short Rain,Short Rains
2383,2383,2001,10,2001-10-01T00:00:00,west,Nyamasheke,164.45428732945402,Short Rain,Short Rains
2384,2384,2001,11,2001-11-01T00:00:00,west,Nyamasheke,156.0241515560597,Short Rain,Short Rains
2385,2385,2001,9,2001-09-01T00:00:00,west,Rubavu,103.83193602867708,Short Rain,Short Rains
2386,2386,2001,10,2001-10-01T00:00:00,west,Rubavu,110.61470511329566,Short Rain,Short Rains
2387,2387,2001,11,2001-11-01T00:00:00,west,Rubavu,240.1463412276916,Short Rain,Short Rains
2388,2388,2001,9,2001-09-01T00:00:00,west,Rusizi,145.5943487112383,Short Rain,Short Rains
2389,2389,2001,10,2001-10-01T00:00:00,west,Rusizi,166.53968623020432,Short Rain,Short Rains
2390,2390,2001,11,2001-11-01T00:00:00,west,Rusizi,161.217226293108,Short Rain,Short Rains
2391,2391,2001,9,2001-09-01T00:00:00,west,Rutsiro,100.01161873311936,Short Rain,Short Rains
2392,2392,2001,10,2001-10-01T00:00:00,west,Rutsiro,115.10999746210712,Short Rain,Short Rains
2393,2393,2001,11,2001-11-01T00:00:00,west,Rutsiro,234.27939123726517,Short Rain,Short Rains
2394,2394,2002,9,2002-09-01T00:00:00,west,Karongi,70.16622100627731,Short Rain,Short Rains
2395,2395,2002,10,2002-10-01T00:00:00,west,Karongi,123.58894246904885,Short Rain,Short Rains
2396,2396,2002,11,2002-11-01T00:00:00,west,Karongi,107.0447032310201,Short Rain,Short Rains
2397,2397,2002,9,2002-09-01T00:00:00,west,Ngororero,57.91450570643316,Short Rain,Short Rains
2398,2398,2002,10,2002-10-01T00:00:00,west,Ngororero,112.70307777608406,Short Rain,Short Rains
2399,2399,2002,11,2002-11-01T00:00:00,west,Ngororero,126.24640577956828,Short Rain,Short Rains
2400,2400,2002,9,2002-09-01T00:00:00,west,Nyabihu,72.88297210064292,Short Rain,Short Rains
2401,2401,2002,10,2002-10-01T00:00:00,west,Nyabihu,160.0137285752258,Short Rain,Short Rains
2402,2402,2002,11,2002-11-01T00:00:00,west,Nyabihu,147.1145409771806,Short Rain,Short Rains
2403,2403,2002,9,2002-09-01T00:00:00,west,Nyamasheke,80.07309144555296,Short Rain,Short Rains
2404,2404,2002,10,2002-10-01T00:00:00,west,Nyamasheke,151.0834057097416,Short Rain,Short Rains
2405,2405,2002,11,2002-11-01T00:00:00,west,Nyamasheke,129.06918305779178,Short Rain,Short Rains
2406,2406,2002,9,2002-09-01T00:00:00,west,Rubavu,70.99997140803409,Short Rain,Short Rains
2407,2407,2002,10,2002-10-01T00:00:00,west,Rubavu,152.08898473567842,Short Rain,Short Rains
2408,2408,2002,11,2002-11-01T00:00:00,west,Rubavu,138.08011005978577,Short Rain,Short Rains
2409,2409,2002,9,2002-09-01T00:00:00,west,Rusizi,67.64032456560359,Short Rain,Short Rains
2410,2410,2002,10,2002-10-01T00:00:00,west,Rusizi,142.2303659251635,Short Rain,Short Rains
2411,2411,2002,11,2002-11-01T00:00:00,west,Rusizi,151.92160230440746,Short Rain,Short Rains
2412,2412,2002,9,2002-09-01T00:00:00,west,Rutsiro,62.84377607441449,Short Rain,Short Rains
2413,2413,2002,10,2002-10-01T00:00:00,west,Rutsiro,129.08469351818877,Short Rain,Short Rains
2414,2414,2002,11,2002-11-01T00:00:00,west,Rutsiro,115.38570675909637,Short Rain,Short Rains
2415,2415,2003,9,2003-09-01T00:00:00,west,Karongi,129.6570432724492,Short Rain,Short Rains
2416,2416,2003,10,2003-10-01T00:00:00,west,Karongi,172.47924971148043,Short Rain,Short Rains
2417,2417,2003,11,2003-11-01T00:00:00,west,Karongi,130.08082730092897,Short Rain,Short Rains
2418,2418,2003,9,2003-09-01T00:00:00,west,Ngororero,109.88680133241138,Short Rain,Short Rains
2419,2419,2003,10,2003-10-01T00:00:00,west,Ngororero,175.1238224931966,Short Rain,Short Rains
2420,2420,2003,11,2003-11-01T00:00:00,west,Ngororero,130.5791344940104,Short Rain,Short Rains
2421,2421,2003,9,2003-09-01T00:00:00,west,Nyabihu,136.77411861580464,Short Rain,Short Rains
2422,2422,2003,10,2003-10-01T00:00:00,west,Nyabihu,175.23337536847094,Short Rain,Short Rains
2423,2423,2003,11,2003-11-01T00:00:00,west,Nyabihu,139.76940071608726,Short Rain,Short Rains
2424,2424,2003,9,2003-09-01T00:00:00,west,Nyamasheke,127.5577974375385,Short Rain,Short Rains
2425,2425,2003,10,2003-10-01T00:00:00,west,Nyamasheke,182.63238300471195,Short Rain,Short Rains
2426,2426,2003,11,2003-11-01T00:00:00,west,Nyamasheke,152.34031146021613,Short Rain,Short Rains
2427,2427,2003,9,2003-09-01T00:00:00,west,Rubavu,129.5617812668291,Short Rain,Short Rains
2428,2428,2003,10,2003-10-01T00:00:00,west,Rubavu,162.07060775299368,Short Rain,Short Rains
2429,2429,2003,11,2003-11-01T00:00:00,west,Rubavu,127.6962559707481,Short Rain,Short Rains
2430,2430,2003,9,2003-09-01T00:00:00,west,Rusizi,108.20215127728672,Short Rain,Short Rains
2431,2431,2003,10,2003-10-01T00:00:00,west,Rusizi,181.3954568112536,Short Rain,Short Rains
2432,2432,2003,11,2003-11-01T00:00:00,west,Rusizi,168.72885107163714,Short Rain,Short Rains
2433,2433,2003,9,2003-09-01T00:00:00,west,Rutsiro,108.265645603067,Short Rain,Short Rains
2434,2434,2003,10,2003-10-01T00:00:00,west,Rutsiro,174.0475482696264,Short Rain,Short Rains
2435,2435,2003,11,2003-11-01T00:00:00,west,Rutsiro,130.89660453551187,Short Rain,Short Rains
2436,2436,2004,9,2004-09-01T00:00:00,west,Karongi,99.8460033321652,Short Rain,Short Rains
2437,2437,2004,10,2004-10-01T00:00:00,west,Karongi,94.20146180456884,Short Rain,Short Rains
2438,2438,2004,11,2004-11-01T00:00:00,west,Karongi,114.74800800503397,Short Rain,Short Rains
2439,2439,2004,9,2004-09-01T00:00:00,west,Ngororero,92.10310043956818,Short Rain,Short Rains
2440,2440,2004,10,2004-10-01T00:00:00,west,Ngororero,87.92261362587612,Short Rain,Short Rains
2441,2441,2004,11,2004-11-01T00:00:00,west,Ngororero,162.3642282660456,Short Rain,Short Rains
2442,2442,2004,9,2004-09-01T00:00:00,west,Nyabihu,118.89015983333611,Short Rain,Short Rains
2443,2443,2004,10,2004-10-01T00:00:00,west,Nyabihu,104.47359206159528,Short Rain,Short Rains
2444,2444,2004,11,2004-11-01T00:00:00,west,Nyabihu,146.29523744662657,Short Rain,Short Rains
2445,2445,2004,9,2004-09-01T00:00:00,west,Nyamasheke,115.02520235679604,Short Rain,Short Rains
2446,2446,2004,10,2004-10-01T00:00:00,west,Nyamasheke,125.33789015134232,Short Rain,Short Rains
2447,2447,2004,11,2004-11-01T00:00:00,west,Nyamasheke,140.29154966085918,Short Rain,Short Rains
2448,2448,2004,9,2004-09-01T00:00:00,west,Rubavu,114.52144964010878,Short Rain,Short Rains
2449,2449,2004,10,2004-10-01T00:00:00,west,Rubavu,90.01525127199193,Short Rain,Short Rains
2450,2450,2004,11,2004-11-01T00:00:00,west,Rubavu,122.8720868914021,Short Rain,Short Rains
2451,2451,2004,9,2004-09-01T00:00:00,west,Rusizi,111.37369747201,Short Rain,Short Rains
2452,2452,2004,10,2004-10-01T00:00:00,west,Rusizi,129.52812314816146,Short Rain,Short Rains
2453,2453,2004,11,2004-11-01T00:00:00,west,Rusizi,156.1481780396928,Short Rain,Short Rains
2454,2454,2004,9,2004-09-01T00:00:00,west,Rutsiro,90.87344875685308,Short Rain,Short Rains
2455,2455,2004,10,2004-10-01T00:00:00,west,Rutsiro,83.79996196699847,Short Rain,Short Rains
2456,2456,2004,11,2004-11-01T00:00:00,west,Rutsiro,117.5785856237061,Short Rain,Short Rains
2457,2457,2005,9,2005-09-01T00:00:00,west,Karongi,91.59370417665744,Short Rain,Short Rains
2458,2458,2005,10,2005-10-01T00:00:00,west,Karongi,133.4140820279755,Short Rain,Short Rains
2459,2459,2005,11,2005-11-01T00:00:00,west,Karongi,84.361568401416,Short Rain,Short Rains
2460,2460,2005,9,2005-09-01T00:00:00,west,Ngororero,91.59136361638538,Short Rain,Short Rains
2461,2461,2005,10,2005-10-01T00:00:00,west,Ngororero,158.34488381767216,Short Rain,Short Rains
2462,2462,2005,11,2005-11-01T00:00:00,west,Ngororero,80.18368512624761,Short Rain,Short Rains
2463,2463,2005,9,2005-09-01T00:00:00,west,Nyabihu,93.97088344255766,Short Rain,Short Rains
2464,2464,2005,10,2005-10-01T00:00:00,west,Nyabihu,132.17091608860073,Short Rain,Short Rains
2465,2465,2005,11,2005-11-01T00:00:00,west,Nyabihu,86.0668748680278,Short Rain,Short Rains
2466,2466,2005,9,2005-09-01T00:00:00,west,Nyamasheke,91.56778681144156,Short Rain,Short Rains
2467,2467,2005,10,2005-10-01T00:00:00,west,Nyamasheke,125.51030769787135,Short Rain,Short Rains
2468,2468,2005,11,2005-11-01T00:00:00,west,Nyamasheke,109.1456308102087,Short Rain,Short Rains
2469,2469,2005,9,2005-09-01T00:00:00,west,Rubavu,89.22351000207459,Short Rain,Short Rains
2470,2470,2005,10,2005-10-01T00:00:00,west,Rubavu,114.10486497192832,Short Rain,Short Rains
2471,2471,2005,11,2005-11-01T00:00:00,west,Rubavu,84.27573633345678,Short Rain,Short Rains
2472,2472,2005,9,2005-09-01T00:00:00,west,Rusizi,83.04072204568654,Short Rain,Short Rains
2473,2473,2005,10,2005-10-01T00:00:00,west,Rusizi,126.21253631189406,Short Rain,Short Rains
2474,2474,2005,11,2005-11-01T00:00:00,west,Rusizi,117.38844541743627,Short Rain,Short Rains
2475,2475,2005,9,2005-09-01T00:00:00,west,Rutsiro,76.60445440140808,Short Rain,Short Rains
2476,2476,2005,10,2005-10-01T00:00:00,west,Rutsiro,128.151918588828,Short Rain,Short Rains
2477,2477,2005,11,2005-11-01T00:00:00,west,Rutsiro,79.18661622343801,Short Rain,Short Rains
2478,2478,2006,9,2006-09-01T00:00:00,west,Karongi,81.1904160816046,Short Rain,Short Rains
2479,2479,2006,10,2006-10-01T00:00:00,west,Karongi,86.18293657021403,Short Rain,Short Rains
2480,2480,2006,11,2006-11-01T00:00:00,west,Karongi,183.33200641397943,Short Rain,Short Rains
2481,2481,2006,9,2006-09-01T00:00:00,west,Ngororero,65.09321854970173,Short Rain,Short Rains
2482,2482,2006,10,2006-10-01T00:00:00,west,Ngororero,72.84379268341767,Short Rain,Short Rains
2483,2483,2006,11,2006-11-01T00:00:00,west,Ngororero,188.53307026323264,Short Rain,Short Rains
2484,2484,2006,9,2006-09-01T00:00:00,west,Nyabihu,77.4334621136823,Short Rain,Short Rains
2485,2485,2006,10,2006-10-01T00:00:00,west,Nyabihu,96.13393322664209,Short Rain,Short Rains
2486,2486,2006,11,2006-11-01T00:00:00,west,Nyabihu,192.72498239720528,Short Rain,Short Rains
2487,2487,2006,9,2006-09-01T00:00:00,west,Nyamasheke,95.97080627922686,Short Rain,Short Rains
2488,2488,2006,10,2006-10-01T00:00:00,west,Nyamasheke,118.98079537046752,Short Rain,Short Rains
2489,2489,2006,11,2006-11-01T00:00:00,west,Nyamasheke,168.71183097837522,Short Rain,Short Rains
2490,2490,2006,9,2006-09-01T00:00:00,west,Rubavu,80.25416414870737,Short Rain,Short Rains
2491,2491,2006,10,2006-10-01T00:00:00,west,Rubavu,86.15836778342928,Short Rain,Short Rains
2492,2492,2006,11,2006-11-01T00:00:00,west,Rubavu,180.8434407728534,Short Rain,Short Rains
2493,2493,2006,9,2006-09-01T00:00:00,west,Rusizi,80.36865838961278,Short Rain,Short Rains
2494,2494,2006,10,2006-10-01T00:00:00,west,Rusizi,127.101408301066,Short Rain,Short Rains
2495,2495,2006,11,2006-11-01T00:00:00,west,Rusizi,158.58973477915632,Short Rain,Short Rains
2496,2496,2006,9,2006-09-01T00:00:00,west,Rutsiro,75.9079913758239,Short Rain,Short Rains
2497,2497,2006,10,2006-10-01T00:00:00,west,Rutsiro,84.93287798740818,Short Rain,Short Rains
2498,2498,2006,11,2006-11-01T00:00:00,west,Rutsiro,185.4837775728325,Short Rain,Short Rains
2499,2499,2007,9,2007-09-01T00:00:00,west,Karongi,129.186157907852,Short Rain,Short Rains
2500,2500,2007,10,2007-10-01T00:00:00,west,Karongi,113.66810578460242,Short Rain,Short Rains
2501,2501,2007,11,2007-11-01T00:00:00,west,Karongi,118.17610029908236,Short Rain,Short Rains
2502,2502,2007,9,2007-09-01T00:00:00,west,Ngororero,110.04769349788624,Short Rain,Short Rains
2503,2503,2007,10,2007-10-01T00:00:00,west,Ngororero,95.70891743347944,Short Rain,Short Rains
2504,2504,2007,11,2007-11-01T00:00:00,west,Ngororero,138.46339646122192,Short Rain,Short Rains
2505,2505,2007,9,2007-09-01T00:00:00,west,Nyabihu,134.18935426756292,Short Rain,Short Rains
2506,2506,2007,10,2007-10-01T00:00:00,west,Nyabihu,111.868185295412,Short Rain,Short Rains
2507,2507,2007,11,2007-11-01T00:00:00,west,Nyabihu,160.74941182465025,Short Rain,Short Rains
2508,2508,2007,9,2007-09-01T00:00:00,west,Nyamasheke,127.6116927189891,Short Rain,Short Rains
2509,2509,2007,10,2007-10-01T00:00:00,west,Nyamasheke,143.9791429393702,Short Rain,Short Rains
2510,2510,2007,11,2007-11-01T00:00:00,west,Nyamasheke,148.1969579866582,Short Rain,Short Rains
2511,2511,2007,9,2007-09-01T00:00:00,west,Rubavu,135.55213472006432,Short Rain,Short Rains
2512,2512,2007,10,2007-10-01T00:00:00,west,Rubavu,100.35260793571082,Short Rain,Short Rains
2513,2513,2007,11,2007-11-01T00:00:00,west,Rubavu,155.11876913921188,Short Rain,Short Rains
2514,2514,2007,9,2007-09-01T00:00:00,west,Rusizi,101.53567764499456,Short Rain,Short Rains
2515,2515,2007,10,2007-10-01T00:00:00,west,Rusizi,148.6240872701136,Short Rain,Short Rains
2516,2516,2007,11,2007-11-01T00:00:00,west,Rusizi,152.2859548356077,Short Rain,Short Rains
2517,2517,2007,9,2007-09-01T00:00:00,west,Rutsiro,117.61876746794874,Short Rain,Short Rains
2518,2518,2007,10,2007-10-01T00:00:00,west,Rutsiro,104.70591206778792,Short Rain,Short Rains
2519,2519,2007,11,2007-11-01T00:00:00,west,Rutsiro,135.57723914539778,Short Rain,Short Rains
2520,2520,2008,9,2008-09-01T00:00:00,west,Karongi,70.37733105774407,Short Rain,Short Rains
2521,2521,2008,10,2008-10-01T00:00:00,west,Karongi,110.16610708824852,Short Rain,Short Rains
2522,2522,2008,11,2008-11-01T00:00:00,west,Karongi,83.13320222655071,Short Rain,Short Rains
2523,2523,2008,9,2008-09-01T00:00:00,west,Ngororero,71.34786150198198,Short Rain,Short Rains
2524,2524,2008,10,2008-10-01T00:00:00,west,Ngororero,102.7426807873188,Short Rain,Short Rains
2525,2525,2008,11,2008-11-01T00:00:00,west,Ngororero,95.45927514811444,Short Rain,Short Rains
2526,2526,2008,9,2008-09-01T00:00:00,west,Nyabihu,95.3020476127898,Short Rain,Short Rains
2527,2527,2008,10,2008-10-01T00:00:00,west,Nyabihu,134.09024633749223,Short Rain,Short Rains
2528,2528,2008,11,2008-11-01T00:00:00,west,Nyabihu,113.24562565289688,Short Rain,Short Rains
2529,2529,2008,9,2008-09-01T00:00:00,west,Nyamasheke,74.62498626101446,Short Rain,Short Rains
2530,2530,2008,10,2008-10-01T00:00:00,west,Nyamasheke,133.18811233552378,Short Rain,Short Rains
2531,2531,2008,11,2008-11-01T00:00:00,west,Nyamasheke,109.55119894789696,Short Rain,Short Rains
2532,2532,2008,9,2008-09-01T00:00:00,west,Rubavu,96.64256310789712,Short Rain,Short Rains
2533,2533,2008,10,2008-10-01T00:00:00,west,Rubavu,112.27372042536444,Short Rain,Short Rains
2534,2534,2008,11,2008-11-01T00:00:00,west,Rubavu,107.80707763003416,Short Rain,Short Rains
2535,2535,2008,9,2008-09-01T00:00:00,west,Rusizi,69.00134904189906,Short Rain,Short Rains
2536,2536,2008,10,2008-10-01T00:00:00,west,Rusizi,132.71977259675631,Short Rain,Short Rains
2537,2537,2008,11,2008-11-01T00:00:00,west,Rusizi,134.8197932038143,Short Rain,Short Rains
2538,2538,2008,9,2008-09-01T00:00:00,west,Rutsiro,74.52520578714552,Short Rain,Short Rains
2539,2539,2008,10,2008-10-01T00:00:00,west,Rutsiro,108.32043776591638,Short Rain,Short Rains
2540,2540,2008,11,2008-11-01T00:00:00,west,Rutsiro,94.7835990162328,Short Rain,Short Rains
2541,2541,2009,9,2009-09-01T00:00:00,west,Karongi,95.71164946561238,Short Rain,Short Rains
2542,2542,2009,10,2009-10-01T00:00:00,west,Karongi,197.29994705810608,Short Rain,Short Rains
2543,2543,2009,11,2009-11-01T00:00:00,west,Karongi,152.0029552253815,Short Rain,Short Rains
2544,2544,2009,9,2009-09-01T00:00:00,west,Ngororero,71.7990310371068,Short Rain,Short Rains
2545,2545,2009,10,2009-10-01T00:00:00,west,Ngororero,167.37757763534918,Short Rain,Short Rains
2546,2546,2009,11,2009-11-01T00:00:00,west,Ngororero,148.885466752178,Short Rain,Short Rains
2547,2547,2009,9,2009-09-01T00:00:00,west,Nyabihu,85.6849413981379,Short Rain,Short Rains
2548,2548,2009,10,2009-10-01T00:00:00,west,Nyabihu,163.34580078040278,Short Rain,Short Rains
2549,2549,2009,11,2009-11-01T00:00:00,west,Nyabihu,181.30615815915772,Short Rain,Short Rains
2550,2550,2009,9,2009-09-01T00:00:00,west,Nyamasheke,97.51469774662988,Short Rain,Short Rains
2551,2551,2009,10,2009-10-01T00:00:00,west,Nyamasheke,215.05114890133203,Short Rain,Short Rains
2552,2552,2009,11,2009-11-01T00:00:00,west,Nyamasheke,185.25429897144403,Short Rain,Short Rains
2553,2553,2009,9,2009-09-01T00:00:00,west,Rubavu,91.44953712352746,Short Rain,Short Rains
2554,2554,2009,10,2009-10-01T00:00:00,west,Rubavu,146.55747432972484,Short Rain,Short Rains
2555,2555,2009,11,2009-11-01T00:00:00,west,Rubavu,170.2551526173738,Short Rain,Short Rains
2556,2556,2009,9,2009-09-01T00:00:00,west,Rusizi,87.15127000207897,Short Rain,Short Rains
2557,2557,2009,10,2009-10-01T00:00:00,west,Rusizi,183.45259182485609,Short Rain,Short Rains
2558,2558,2009,11,2009-11-01T00:00:00,west,Rusizi,211.04976563323868,Short Rain,Short Rains
2559,2559,2009,9,2009-09-01T00:00:00,west,Rutsiro,92.34568340078144,Short Rain,Short Rains
2560,2560,2009,10,2009-10-01T00:00:00,west,Rutsiro,163.9601404345173,Short Rain,Short Rains
2561,2561,2009,11,2009-11-01T00:00:00,west,Rutsiro,161.1024700125879,Short Rain,Short Rains
2562,2562,2010,9,2010-09-01T00:00:00,west,Karongi,130.88284767395214,Short Rain,Short Rains
2563,2563,2010,10,2010-10-01T00:00:00,west,Karongi,130.7495424188531,Short Rain,Short Rains
2564,2564,2010,11,2010-11-01T00:00:00,west,Karongi,118.49821917647677,Short Rain,Short Rains
2565,2565,2010,9,2010-09-01T00:00:00,west,Ngororero,124.4075302460784,Short Rain,Short Rains
2566,2566,2010,10,2010-10-01T00:00:00,west,Ngororero,137.19556095091414,Short Rain,Short Rains
2567,2567,2010,11,2010-11-01T00:00:00,west,Ngororero,125.98040596694462,Short Rain,Short Rains
2568,2568,2010,9,2010-09-01T00:00:00,west,Nyabihu,127.08493795042196,Short Rain,Short Rains
2569,2569,2010,10,2010-10-01T00:00:00,west,Nyabihu,180.40651397328165,Short Rain,Short Rains
2570,2570,2010,11,2010-11-01T00:00:00,west,Nyabihu,144.41616430059557,Short Rain,Short Rains
2571,2571,2010,9,2010-09-01T00:00:00,west,Nyamasheke,134.53859391973225,Short Rain,Short Rains
2572,2572,2010,10,2010-10-01T00:00:00,west,Nyamasheke,154.93790198636543,Short Rain,Short Rains
2573,2573,2010,11,2010-11-01T00:00:00,west,Nyamasheke,130.9613081738161,Short Rain,Short Rains
2574,2574,2010,9,2010-09-01T00:00:00,west,Rubavu,117.14456024312295,Short Rain,Short Rains
2575,2575,2010,10,2010-10-01T00:00:00,west,Rubavu,142.463637336702,Short Rain,Short Rains
2576,2576,2010,11,2010-11-01T00:00:00,west,Rubavu,137.04788850594315,Short Rain,Short Rains
2577,2577,2010,9,2010-09-01T00:00:00,west,Rusizi,111.51208426345816,Short Rain,Short Rains
2578,2578,2010,10,2010-10-01T00:00:00,west,Rusizi,144.1981609439354,Short Rain,Short Rains
2579,2579,2010,11,2010-11-01T00:00:00,west,Rusizi,142.0134661159962,Short Rain,Short Rains
2580,2580,2010,9,2010-09-01T00:00:00,west,Rutsiro,118.70769234291704,Short Rain,Short Rains
2581,2581,2010,10,2010-10-01T00:00:00,west,Rutsiro,131.26113760557368,Short Rain,Short Rains
2582,2582,2010,11,2010-11-01T00:00:00,west,Rutsiro,127.94405033624602,Short Rain,Short Rains
2583,2583,2011,9,2011-09-01T00:00:00,west,Karongi,141.42620744559335,Short Rain,Short Rains
2584,2584,2011,10,2011-10-01T00:00:00,west,Karongi,145.93500327185004,Short Rain,Short Rains
2585,2585,2011,11,2011-11-01T00:00:00,west,Karongi,156.76494867126783,Short Rain,Short Rains
2586,2586,2011,9,2011-09-01T00:00:00,west,Ngororero,132.37146946717846,Short Rain,Short Rains
2587,2587,2011,10,2011-10-01T00:00:00,west,Ngororero,135.55579912124935,Short Rain,Short Rains
2588,2588,2011,11,2011-11-01T00:00:00,west,Ngororero,187.20306837776863,Short Rain,Short Rains
2589,2589,2011,9,2011-09-01T00:00:00,west,Nyabihu,155.63653985636225,Short Rain,Short Rains
2590,2590,2011,10,2011-10-01T00:00:00,west,Nyabihu,149.49935944725237,Short Rain,Short Rains
2591,2591,2011,11,2011-11-01T00:00:00,west,Nyabihu,183.95667433946173,Short Rain,Short Rains
2592,2592,2011,9,2011-09-01T00:00:00,west,Nyamasheke,143.87476150714494,Short Rain,Short Rains
2593,2593,2011,10,2011-10-01T00:00:00,west,Nyamasheke,181.7840233805247,Short Rain,Short Rains
2594,2594,2011,11,2011-11-01T00:00:00,west,Nyamasheke,157.24258154760903,Short Rain,Short Rains
2595,2595,2011,9,2011-09-01T00:00:00,west,Rubavu,152.73618790733423,Short Rain,Short Rains
2596,2596,2011,10,2011-10-01T00:00:00,west,Rubavu,127.05178008193894,Short Rain,Short Rains
2597,2597,2011,11,2011-11-01T00:00:00,west,Rubavu,155.50532387823554,Short Rain,Short Rains
2598,2598,2011,9,2011-09-01T00:00:00,west,Rusizi,121.1393873661494,Short Rain,Short Rains
2599,2599,2011,10,2011-10-01T00:00:00,west,Rusizi,185.08726099102464,Short Rain,Short Rains
2600,2600,2011,11,2011-11-01T00:00:00,west,Rusizi,189.3125137797921,Short Rain,Short Rains
2601,2601,2011,9,2011-09-01T00:00:00,west,Rutsiro,123.07395215844048,Short Rain,Short Rains
2602,2602,2011,10,2011-10-01T00:00:00,west,Rutsiro,124.05906221998504,Short Rain,Short Rains
2603,2603,2011,11,2011-11-01T00:00:00,west,Rutsiro,160.06793031109558,Short Rain,Short Rains
2604,2604,2012,9,2012-09-01T00:00:00,west,Karongi,89.53897623202768,Short Rain,Short Rains
2605,2605,2012,10,2012-10-01T00:00:00,west,Karongi,155.92568898773723,Short Rain,Short Rains
2606,2606,2012,11,2012-11-01T00:00:00,west,Karongi,121.33638316304652,Short Rain,Short Rains
2607,2607,2012,9,2012-09-01T00:00:00,west,Ngororero,80.36103726395129,Short Rain,Short Rains
2608,2608,2012,10,2012-10-01T00:00:00,west,Ngororero,160.705712133415,Short Rain,Short Rains
2609,2609,2012,11,2012-11-01T00:00:00,west,Ngororero,132.78482115960847,Short Rain,Short Rains
2610,2610,2012,9,2012-09-01T00:00:00,west,Nyabihu,113.48751869103974,Short Rain,Short Rains
2611,2611,2012,10,2012-10-01T00:00:00,west,Nyabihu,172.2572467340949,Short Rain,Short Rains
2612,2612,2012,11,2012-11-01T00:00:00,west,Nyabihu,159.427354429579,Short Rain,Short Rains
2613,2613,2012,9,2012-09-01T00:00:00,west,Nyamasheke,128.4527152685549,Short Rain,Short Rains
2614,2614,2012,10,2012-10-01T00:00:00,west,Nyamasheke,186.76914729549523,Short Rain,Short Rains
2615,2615,2012,11,2012-11-01T00:00:00,west,Nyamasheke,157.33624687384824,Short Rain,Short Rains
2616,2616,2012,9,2012-09-01T00:00:00,west,Rubavu,112.60345038653467,Short Rain,Short Rains
2617,2617,2012,10,2012-10-01T00:00:00,west,Rubavu,142.16332860571814,Short Rain,Short Rains
2618,2618,2012,11,2012-11-01T00:00:00,west,Rubavu,150.26933723049194,Short Rain,Short Rains
2619,2619,2012,9,2012-09-01T00:00:00,west,Rusizi,121.89117283048964,Short Rain,Short Rains
2620,2620,2012,10,2012-10-01T00:00:00,west,Rusizi,194.74135244551223,Short Rain,Short Rains
2621,2621,2012,11,2012-11-01T00:00:00,west,Rusizi,167.24977097872068,Short Rain,Short Rains
2622,2622,2012,9,2012-09-01T00:00:00,west,Rutsiro,82.97848416189457,Short Rain,Short Rains
2623,2623,2012,10,2012-10-01T00:00:00,west,Rutsiro,147.5625436175687,Short Rain,Short Rains
2624,2624,2012,11,2012-11-01T00:00:00,west,Rutsiro,130.7035305493703,Short Rain,Short Rains
2625,2625,2013,9,2013-09-01T00:00:00,west,Karongi,137.68148157458432,Short Rain,Short Rains
2626,2626,2013,10,2013-10-01T00:00:00,west,Karongi,75.82968868196147,Short Rain,Short Rains
2627,2627,2013,11,2013-11-01T00:00:00,west,Karongi,98.37692448470816,Short Rain,Short Rains
2628,2628,2013,9,2013-09-01T00:00:00,west,Ngororero,130.94736133180285,Short Rain,Short Rains
2629,2629,2013,10,2013-10-01T00:00:00,west,Ngororero,73.69585313238477,Short Rain,Short Rains
2630,2630,2013,11,2013-11-01T00:00:00,west,Ngororero,125.47943778622648,Short Rain,Short Rains
2631,2631,2013,9,2013-09-01T00:00:00,west,Nyabihu,128.15243677162795,Short Rain,Short Rains
2632,2632,2013,10,2013-10-01T00:00:00,west,Nyabihu,90.06646445024003,Short Rain,Short Rains
2633,2633,2013,11,2013-11-01T00:00:00,west,Nyabihu,153.74325517332144,Short Rain,Short Rains
2634,2634,2013,9,2013-09-01T00:00:00,west,Nyamasheke,157.6707237351753,Short Rain,Short Rains
2635,2635,2013,10,2013-10-01T00:00:00,west,Nyamasheke,99.58913137175732,Short Rain,Short Rains
2636,2636,2013,11,2013-11-01T00:00:00,west,Nyamasheke,136.26884039776797,Short Rain,Short Rains
2637,2637,2013,9,2013-09-01T00:00:00,west,Rubavu,114.75212845729956,Short Rain,Short Rains
2638,2638,2013,10,2013-10-01T00:00:00,west,Rubavu,82.75418364727433,Short Rain,Short Rains
2639,2639,2013,11,2013-11-01T00:00:00,west,Rubavu,129.47009965665077,Short Rain,Short Rains
2640,2640,2013,9,2013-09-01T00:00:00,west,Rusizi,163.91517852701307,Short Rain,Short Rains
2641,2641,2013,10,2013-10-01T00:00:00,west,Rusizi,111.03782672205384,Short Rain,Short Rains
2642,2642,2013,11,2013-11-01T00:00:00,west,Rusizi,167.30702116868318,Short Rain,Short Rains
2643,2643,2013,9,2013-09-01T00:00:00,west,Rutsiro,120.79143384828431,Short Rain,Short Rains
2644,2644,2013,10,2013-10-01T00:00:00,west,Rutsiro,75.10437153885988,Short Rain,Short Rains
2645,2645,2013,11,2013-11-01T00:00:00,west,Rutsiro,113.36508155468243,Short Rain,Short Rains
2646,2646,2014,9,2014-09-01T00:00:00,west,Karongi,100.57810120816818,Short Rain,Short Rains
2647,2647,2014,10,2014-10-01T00:00:00,west,Karongi,109.79478594059692,Short Rain,Short Rains
2648,2648,2014,11,2014-11-01T00:00:00,west,Karongi,127.83109446102088,Short Rain,Short Rains
2649,2649,2014,9,2014-09-01T00:00:00,west,Ngororero,94.37147673075286,Short Rain,Short Rains
2650,2650,2014,10,2014-10-01T00:00:00,west,Ngororero,117.88492668501118,Short Rain,Short Rains
2651,2651,2014,11,2014-11-01T00:00:00,west,Ngororero,146.2339479495599,Short Rain,Short Rains
2652,2652,2014,9,2014-09-01T00:00:00,west,Nyabihu,110.40993261920788,Short Rain,Short Rains
2653,2653,2014,10,2014-10-01T00:00:00,west,Nyabihu,137.10312137264887,Short Rain,Short Rains
2654,2654,2014,11,2014-11-01T00:00:00,west,Nyabihu,169.28601564230306,Short Rain,Short Rains
2655,2655,2014,9,2014-09-01T00:00:00,west,Nyamasheke,118.19494742928862,Short Rain,Short Rains
2656,2656,2014,10,2014-10-01T00:00:00,west,Nyamasheke,128.24195332932442,Short Rain,Short Rains
2657,2657,2014,11,2014-11-01T00:00:00,west,Nyamasheke,146.0357230423655,Short Rain,Short Rains
2658,2658,2014,9,2014-09-01T00:00:00,west,Rubavu,105.51718405666622,Short Rain,Short Rains
2659,2659,2014,10,2014-10-01T00:00:00,west,Rubavu,109.0861209312958,Short Rain,Short Rains
2660,2660,2014,11,2014-11-01T00:00:00,west,Rubavu,154.56301571467435,Short Rain,Short Rains
2661,2661,2014,9,2014-09-01T00:00:00,west,Rusizi,107.62465382323823,Short Rain,Short Rains
2662,2662,2014,10,2014-10-01T00:00:00,west,Rusizi,132.01565848110766,Short Rain,Short Rains
2663,2663,2014,11,2014-11-01T00:00:00,west,Rusizi,149.338683920254,Short Rain,Short Rains
2664,2664,2014,9,2014-09-01T00:00:00,west,Rutsiro,92.0201839739444,Short Rain,Short Rains
2665,2665,2014,10,2014-10-01T00:00:00,west,Rutsiro,103.6620179676462,Short Rain,Short Rains
2666,2666,2014,11,2014-11-01T00:00:00,west,Rutsiro,132.71249886236154,Short Rain,Short Rains
2667,2667,2015,9,2015-09-01T00:00:00,west,Karongi,120.02944988067836,Short Rain,Short Rains
2668,2668,2015,10,2015-10-01T00:00:00,west,Karongi,154.14807416831928,Short Rain,Short Rains
2669,2669,2015,11,2015-11-01T00:00:00,west,Karongi,154.54661633134043,Short Rain,Short Rains
2670,2670,2015,9,2015-09-01T00:00:00,west,Ngororero,97.31443041295964,Short Rain,Short Rains
2671,2671,2015,10,2015-10-01T00:00:00,west,Ngororero,133.334648434289,Short Rain,Short Rains
2672,2672,2015,11,2015-11-01T00:00:00,west,Ngororero,175.2556322195605,Short Rain,Short Rains
2673,2673,2015,9,2015-09-01T00:00:00,west,Nyabihu,120.56301165608237,Short Rain,Short Rains
2674,2674,2015,10,2015-10-01T00:00:00,west,Nyabihu,158.91693816995857,Short Rain,Short Rains
2675,2675,2015,11,2015-11-01T00:00:00,west,Nyabihu,202.3963508787494,Short Rain,Short Rains
2676,2676,2015,9,2015-09-01T00:00:00,west,Nyamasheke,135.63550135801643,Short Rain,Short Rains
2677,2677,2015,10,2015-10-01T00:00:00,west,Nyamasheke,207.99534131360545,Short Rain,Short Rains
2678,2678,2015,11,2015-11-01T00:00:00,west,Nyamasheke,187.5998166685392,Short Rain,Short Rains
2679,2679,2015,9,2015-09-01T00:00:00,west,Rubavu,118.18687437354384,Short Rain,Short Rains
2680,2680,2015,10,2015-10-01T00:00:00,west,Rubavu,135.62166378052282,Short Rain,Short Rains
2681,2681,2015,11,2015-11-01T00:00:00,west,Rubavu,169.13430212714542,Short Rain,Short Rains
2682,2682,2015,9,2015-09-01T00:00:00,west,Rusizi,130.77189323494588,Short Rain,Short Rains
2683,2683,2015,10,2015-10-01T00:00:00,west,Rusizi,229.8443684043456,Short Rain,Short Rains
2684,2684,2015,11,2015-11-01T00:00:00,west,Rusizi,207.70039478228315,Short Rain,Short Rains
2685,2685,2015,9,2015-09-01T00:00:00,west,Rutsiro,109.90151308497812,Short Rain,Short Rains
2686,2686,2015,10,2015-10-01T00:00:00,west,Rutsiro,136.7905142092533,Short Rain,Short Rains
2687,2687,2015,11,2015-11-01T00:00:00,west,Rutsiro,154.64667613836352,Short Rain,Short Rains
2688,2688,2016,9,2016-09-01T00:00:00,west,Karongi,120.49788608082562,Short Rain,Short Rains
2689,2689,2016,10,2016-10-01T00:00:00,west,Karongi,145.57537877689404,Short Rain,Short Rains
2690,2690,2016,11,2016-11-01T00:00:00,west,Karongi,184.87857367433935,Short Rain,Short Rains
2691,2691,2016,9,2016-09-01T00:00:00,west,Ngororero,124.0463031642874,Short Rain,Short Rains
2692,2692,2016,10,2016-10-01T00:00:00,west,Ngororero,169.75057700531846,Short Rain,Short Rains
2693,2693,2016,11,2016-11-01T00:00:00,west,Ngororero,202.35423710977904,Short Rain,Short Rains
2694,2694,2016,9,2016-09-01T00:00:00,west,Nyabihu,127.0307614121254,Short Rain,Short Rains
2695,2695,2016,10,2016-10-01T00:00:00,west,Nyabihu,231.61371254834503,Short Rain,Short Rains
2696,2696,2016,11,2016-11-01T00:00:00,west,Nyabihu,222.58884702531032,Short Rain,Short Rains
2697,2697,2016,9,2016-09-01T00:00:00,west,Nyamasheke,116.24546974661804,Short Rain,Short Rains
2698,2698,2016,10,2016-10-01T00:00:00,west,Nyamasheke,167.13797135739208,Short Rain,Short Rains
2699,2699,2016,11,2016-11-01T00:00:00,west,Nyamasheke,204.252949395952,Short Rain,Short Rains
2700,2700,2016,9,2016-09-01T00:00:00,west,Rubavu,114.28375556407111,Short Rain,Short Rains
2701,2701,2016,10,2016-10-01T00:00:00,west,Rubavu,192.59704476947945,Short Rain,Short Rains
2702,2702,2016,11,2016-11-01T00:00:00,west,Rubavu,202.32391996542376,Short Rain,Short Rains
2703,2703,2016,9,2016-09-01T00:00:00,west,Rusizi,102.9740505240458,Short Rain,Short Rains
2704,2704,2016,10,2016-10-01T00:00:00,west,Rusizi,166.91858096863382,Short Rain,Short Rains
2705,2705,2016,11,2016-11-01T00:00:00,west,Rusizi,216.271853136959,Short Rain,Short Rains
2706,2706,2016,9,2016-09-01T00:00:00,west,Rutsiro,106.53996591757038,Short Rain,Short Rains
2707,2707,2016,10,2016-10-01T00:00:00,west,Rutsiro,152.8712916721839,Short Rain,Short Rains
2708,2708,2016,11,2016-11-01T00:00:00,west,Rutsiro,195.1417226214764,Short Rain,Short Rains
2709,2709,2017,9,2017-09-01T00:00:00,west,Karongi,141.35117769334846,Short Rain,Short Rains
2710,2710,2017,10,2017-10-01T00:00:00,west,Karongi,119.599679704577,Short Rain,Short Rains
2711,2711,2017,11,2017-11-01T00:00:00,west,Karongi,162.3080951449614,Short Rain,Short Rains
2712,2712,2017,9,2017-09-01T00:00:00,west,Ngororero,134.7381120596439,Short Rain,Short Rains
2713,2713,2017,10,2017-10-01T00:00:00,west,Ngororero,135.4070455017771,Short Rain,Short Rains
2714,2714,2017,11,2017-11-01T00:00:00,west,Ngororero,171.44039211896973,Short Rain,Short Rains
2715,2715,2017,9,2017-09-01T00:00:00,west,Nyabihu,145.2151098662826,Short Rain,Short Rains
2716,2716,2017,10,2017-10-01T00:00:00,west,Nyabihu,167.19959632904303,Short Rain,Short Rains
2717,2717,2017,11,2017-11-01T00:00:00,west,Nyabihu,195.553825034535,Short Rain,Short Rains
2718,2718,2017,9,2017-09-01T00:00:00,west,Nyamasheke,149.80090096454998,Short Rain,Short Rains
2719,2719,2017,10,2017-10-01T00:00:00,west,Nyamasheke,143.38978179243506,Short Rain,Short Rains
2720,2720,2017,11,2017-11-01T00:00:00,west,Nyamasheke,186.38809549333507,Short Rain,Short Rains
2721,2721,2017,9,2017-09-01T00:00:00,west,Rubavu,134.59314635776738,Short Rain,Short Rains
2722,2722,2017,10,2017-10-01T00:00:00,west,Rubavu,144.4978477681786,Short Rain,Short Rains
2723,2723,2017,11,2017-11-01T00:00:00,west,Rubavu,181.48607191476995,Short Rain,Short Rains
2724,2724,2017,9,2017-09-01T00:00:00,west,Rusizi,134.1372370399218,Short Rain,Short Rains
2725,2725,2017,10,2017-10-01T00:00:00,west,Rusizi,144.1360100256719,Short Rain,Short Rains
2726,2726,2017,11,2017-11-01T00:00:00,west,Rusizi,187.06858041021127,Short Rain,Short Rains
2727,2727,2017,9,2017-09-01T00:00:00,west,Rutsiro,130.81414899160055,Short Rain,Short Rains
2728,2728,2017,10,2017-10-01T00:00:00,west,Rutsiro,125.71085520558684,Short Rain,Short Rains
2729,2729,2017,11,2017-11-01T00:00:00,west,Rutsiro,163.41031454846745,Short Rain,Short Rains
2730,2730,2018,9,2018-09-01T00:00:00,west,Karongi,94.55670375998837,Short Rain,Short Rains
2731,2731,2018,10,2018-10-01T00:00:00,west,Karongi,105.99053092086557,Short Rain,Short Rains
2732,2732,2018,11,2018-11-01T00:00:00,west,Karongi,150.0392592489305,Short Rain,Short Rains
2733,2733,2018,9,2018-09-01T00:00:00,west,Ngororero,92.9795393269166,Short Rain,Short Rains
2734,2734,2018,10,2018-10-01T00:00:00,west,Ngororero,97.98541174562156,Short Rain,Short Rains
2735,2735,2018,11,2018-11-01T00:00:00,west,Ngororero,160.83303426545524,Short Rain,Short Rains
2736,2736,2018,9,2018-09-01T00:00:00,west,Nyabihu,137.5480970106235,Short Rain,Short Rains
2737,2737,2018,10,2018-10-01T00:00:00,west,Nyabihu,119.07025858943577,Short Rain,Short Rains
2738,2738,2018,11,2018-11-01T00:00:00,west,Nyabihu,184.5548574485322,Short Rain,Short Rains
2739,2739,2018,9,2018-09-01T00:00:00,west,Nyamasheke,114.39610356456362,Short Rain,Short Rains
2740,2740,2018,10,2018-10-01T00:00:00,west,Nyamasheke,129.45883081209843,Short Rain,Short Rains
2741,2741,2018,11,2018-11-01T00:00:00,west,Nyamasheke,186.76078162876684,Short Rain,Short Rains
2742,2742,2018,9,2018-09-01T00:00:00,west,Rubavu,129.88562847362448,Short Rain,Short Rains
2743,2743,2018,10,2018-10-01T00:00:00,west,Rubavu,107.45422063256616,Short Rain,Short Rains
2744,2744,2018,11,2018-11-01T00:00:00,west,Rubavu,180.8696825286073,Short Rain,Short Rains
2745,2745,2018,9,2018-09-01T00:00:00,west,Rusizi,105.83614720865856,Short Rain,Short Rains
2746,2746,2018,10,2018-10-01T00:00:00,west,Rusizi,132.9701513613673,Short Rain,Short Rains
2747,2747,2018,11,2018-11-01T00:00:00,west,Rusizi,207.71219885301556,Short Rain,Short Rains
2748,2748,2018,9,2018-09-01T00:00:00,west,Rutsiro,97.30201124889872,Short Rain,Short Rains
2749,2749,2018,10,2018-10-01T00:00:00,west,Rutsiro,101.81096347038591,Short Rain,Short Rains
2750,2750,2018,11,2018-11-01T00:00:00,west,Rutsiro,169.40871240163884,Short Rain,Short Rains
2751,2751,2019,9,2019-09-01T00:00:00,west,Karongi,114.48714529424224,Short Rain,Short Rains
2752,2752,2019,10,2019-10-01T00:00:00,west,Karongi,110.52169987912016,Short Rain,Short Rains
2753,2753,2019,11,2019-11-01T00:00:00,west,Karongi,156.58544225343977,Short Rain,Short Rains
2754,2754,2019,9,2019-09-01T00:00:00,west,Ngororero,115.15330021512936,Short Rain,Short Rains
2755,2755,2019,10,2019-10-01T00:00:00,west,Ngororero,126.9239611191496,Short Rain,Short Rains
2756,2756,2019,11,2019-11-01T00:00:00,west,Ngororero,181.99142023322048,Short Rain,Short Rains
2757,2757,2019,9,2019-09-01T00:00:00,west,Nyabihu,132.251434671265,Short Rain,Short Rains
2758,2758,2019,10,2019-10-01T00:00:00,west,Nyabihu,135.61599307737976,Short Rain,Short Rains
2759,2759,2019,11,2019-11-01T00:00:00,west,Nyabihu,198.32960024097844,Short Rain,Short Rains
2760,2760,2019,9,2019-09-01T00:00:00,west,Nyamasheke,106.37070954412908,Short Rain,Short Rains
2761,2761,2019,10,2019-10-01T00:00:00,west,Nyamasheke,138.3637638219601,Short Rain,Short Rains
2762,2762,2019,11,2019-11-01T00:00:00,west,Nyamasheke,186.89489100544031,Short Rain,Short Rains
2763,2763,2019,9,2019-09-01T00:00:00,west,Rubavu,122.53163329608525,Short Rain,Short Rains
2764,2764,2019,10,2019-10-01T00:00:00,west,Rubavu,101.01494083974036,Short Rain,Short Rains
2765,2765,2019,11,2019-11-01T00:00:00,west,Rubavu,177.80374241435405,Short Rain,Short Rains
2766,2766,2019,9,2019-09-01T00:00:00,west,Rusizi,88.33142946451736,Short Rain,Short Rains
2767,2767,2019,10,2019-10-01T00:00:00,west,Rusizi,152.86350048829118,Short Rain,Short Rains
2768,2768,2019,11,2019-11-01T00:00:00,west,Rusizi,196.74247601451737,Short Rain,Short Rains
2769,2769,2019,9,2019-09-01T00:00:00,west,Rutsiro,116.59942322310464,Short Rain,Short Rains
2770,2770,2019,10,2019-10-01T00:00:00,west,Rutsiro,101.07262438660764,Short Rain,Short Rains
2771,2771,2019,11,2019-11-01T00:00:00,west,Rutsiro,166.08971927252404,Short Rain,Short Rains
2772,2772,2020,9,2020-09-01T00:00:00,west,Karongi,120.18068081099028,Short Rain,Short Rains
2773,2773,2020,10,2020-10-01T00:00:00,west,Karongi,117.67932655222458,Short Rain,Short Rains
2774,2774,2020,11,2020-11-01T00:00:00,west,Karongi,124.6925685398952,Short Rain,Short Rains
2775,2775,2020,9,2020-09-01T00:00:00,west,Ngororero,97.56798761300747,Short Rain,Short Rains
2776,2776,2020,10,2020-10-01T00:00:00,west,Ngororero,156.80474935631094,Short Rain,Short Rains
2777,2777,2020,11,2020-11-01T00:00:00,west,Ngororero,148.26198840007334,Short Rain,Short Rains
2778,2778,2020,9,2020-09-01T00:00:00,west,Nyabihu,102.07132276773795,Short Rain,Short Rains
2779,2779,2020,10,2020-10-01T00:00:00,west,Nyabihu,160.83047655356629,Short Rain,Short Rains
2780,2780,2020,11,2020-11-01T00:00:00,west,Nyabihu,154.3543633695441,Short Rain,Short Rains
2781,2781,2020,9,2020-09-01T00:00:00,west,Nyamasheke,120.23355230646906,Short Rain,Short Rains
2782,2782,2020,10,2020-10-01T00:00:00,west,Nyamasheke,133.42921942533746,Short Rain,Short Rains
2783,2783,2020,11,2020-11-01T00:00:00,west,Nyamasheke,132.88923653209423,Short Rain,Short Rains
2784,2784,2020,9,2020-09-01T00:00:00,west,Rubavu,100.3740155590088,Short Rain,Short Rains
2785,2785,2020,10,2020-10-01T00:00:00,west,Rubavu,128.90209860505277,Short Rain,Short Rains
2786,2786,2020,11,2020-11-01T00:00:00,west,Rubavu,126.81996782457368,Short Rain,Short Rains
2787,2787,2020,9,2020-09-01T00:00:00,west,Rusizi,102.22044752589504,Short Rain,Short Rains
2788,2788,2020,10,2020-10-01T00:00:00,west,Rusizi,138.40575200290655,Short Rain,Short Rains
2789,2789,2020,11,2020-11-01T00:00:00,west,Rusizi,144.30833913336954,Short Rain,Short Rains
2790,2790,2020,9,2020-09-01T00:00:00,west,Rutsiro,103.4737254446534,Short Rain,Short Rains
2791,2791,2020,10,2020-10-01T00:00:00,west,Rutsiro,111.63663012211995,Short Rain,Short Rains
2792,2792,2020,11,2020-11-01T00:00:00,west,Rutsiro,130.4256909120001,Short Rain,Short Rains
2793,2793,2021,9,2021-09-01T00:00:00,west,Karongi,103.48017925626569,Short Rain,Short Rains
2794,2794,2021,10,2021-10-01T00:00:00,west,Karongi,110.57552907934192,Short Rain,Short Rains
2795,2795,2021,11,2021-11-01T00:00:00,west,Karongi,115.42678687474066,Short Rain,Short Rains
2796,2796,2021,9,2021-09-01T00:00:00,west,Ngororero,108.31658296103504,Short Rain,Short Rains
2797,2797,2021,10,2021-10-01T00:00:00,west,Ngororero,106.97954838696,Short Rain,Short Rains
2798,2798,2021,11,2021-11-01T00:00:00,west,Ngororero,125.89266493790709,Short Rain,Short Rains
2799,2799,2021,9,2021-09-01T00:00:00,west,Nyabihu,122.32372234203052,Short Rain,Short Rains
2800,2800,2021,10,2021-10-01T00:00:00,west,Nyabihu,121.52157164778374,Short Rain,Short Rains
2801,2801,2021,11,2021-11-01T00:00:00,west,Nyabihu,131.8029948187704,Short Rain,Short Rains
2802,2802,2021,9,2021-09-01T00:00:00,west,Nyamasheke,95.89282986471925,Short Rain,Short Rains
2803,2803,2021,10,2021-10-01T00:00:00,west,Nyamasheke,126.67764536415854,Short Rain,Short Rains
2804,2804,2021,11,2021-11-01T00:00:00,west,Nyamasheke,136.3839039291928,Short Rain,Short Rains
2805,2805,2021,9,2021-09-01T00:00:00,west,Rubavu,110.27028943321838,Short Rain,Short Rains
2806,2806,2021,10,2021-10-01T00:00:00,west,Rubavu,110.62678795005544,Short Rain,Short Rains
2807,2807,2021,11,2021-11-01T00:00:00,west,Rubavu,120.04595094712062,Short Rain,Short Rains
2808,2808,2021,9,2021-09-01T00:00:00,west,Rusizi,83.75339357265001,Short Rain,Short Rains
2809,2809,2021,10,2021-10-01T00:00:00,west,Rusizi,131.63685653436843,Short Rain,Short Rains
2810,2810,2021,11,2021-11-01T00:00:00,west,Rusizi,150.37340658626334,Short Rain,Short Rains
2811,2811,2021,9,2021-09-01T00:00:00,west,Rutsiro,102.19683042663716,Short Rain,Short Rains
2812,2812,2021,10,2021-10-01T00:00:00,west,Rutsiro,103.12286327382944,Short Rain,Short Rains
2813,2813,2021,11,2021-11-01T00:00:00,west,Rutsiro,121.75242673384768,Short Rain,Short Rains
2814,2814,2022,9,2022-09-01T00:00:00,west,Karongi,98.63448476429046,Short Rain,Short Rains
2815,2815,2022,10,2022-10-01T00:00:00,west,Karongi,115.84407235702028,Short Rain,Short Rains
2816,2816,2022,11,2022-11-01T00:00:00,west,Karongi,165.2117000223668,Short Rain,Short Rains
2817,2817,2022,9,2022-09-01T00:00:00,west,Ngororero,83.05701643121188,Short Rain,Short Rains
2818,2818,2022,10,2022-10-01T00:00:00,west,Ngororero,113.1233477349962,Short Rain,Short Rains
2819,2819,2022,11,2022-11-01T00:00:00,west,Ngororero,173.27158555282392,Short Rain,Short Rains
2820,2820,2022,9,2022-09-01T00:00:00,west,Nyabihu,106.50611715761104,Short Rain,Short Rains
2821,2821,2022,10,2022-10-01T00:00:00,west,Nyabihu,150.62830903082332,Short Rain,Short Rains
2822,2822,2022,11,2022-11-01T00:00:00,west,Nyabihu,195.05991308182544,Short Rain,Short Rains
2823,2823,2022,9,2022-09-01T00:00:00,west,Nyamasheke,112.803772207474,Short Rain,Short Rains
2824,2824,2022,10,2022-10-01T00:00:00,west,Nyamasheke,143.93098773043076,Short Rain,Short Rains
2825,2825,2022,11,2022-11-01T00:00:00,west,Nyamasheke,192.5858252160347,Short Rain,Short Rains
2826,2826,2022,9,2022-09-01T00:00:00,west,Rubavu,97.69038427897196,Short Rain,Short Rains
2827,2827,2022,10,2022-10-01T00:00:00,west,Rubavu,137.85017088436342,Short Rain,Short Rains
2828,2828,2022,11,2022-11-01T00:00:00,west,Rubavu,195.32983174489752,Short Rain,Short Rains
2829,2829,2022,9,2022-09-01T00:00:00,west,Rusizi,96.9575739065774,Short Rain,Short Rains
2830,2830,2022,10,2022-10-01T00:00:00,west,Rusizi,144.9202746680682,Short Rain,Short Rains
2831,2831,2022,11,2022-11-01T00:00:00,west,Rusizi,205.96422595248583,Short Rain,Short Rains
2832,2832,2022,9,2022-09-01T00:00:00,west,Rutsiro,88.35586448754702,Short Rain,Short Rains
2833,2833,2022,10,2022-10-01T00:00:00,west,Rutsiro,122.11271555103195,Short Rain,Short Rains
2834,2834,2022,11,2022-11-01T00:00:00,west,Rutsiro,180.75861860984617,Short Rain,Short Rains
2835,2835,2023,9,2023-09-01T00:00:00,west,Karongi,106.27078712883038,Short Rain,Short Rains
2836,2836,2023,10,2023-10-01T00:00:00,west,Karongi,74.1072391482098,Short Rain,Short Rains
2837,2837,2023,11,2023-11-01T00:00:00,west,Karongi,107.79292289847686,Short Rain,Short Rains
2838,2838,2023,9,2023-09-01T00:00:00,west,Ngororero,113.38281791901623,Short Rain,Short Rains
2839,2839,2023,10,2023-10-01T00:00:00,west,Ngororero,83.8716576305835,Short Rain,Short Rains
2840,2840,2023,11,2023-11-01T00:00:00,west,Ngororero,148.68954739091785,Short Rain,Short Rains
2841,2841,2023,9,2023-09-01T00:00:00,west,Nyabihu,128.50134539094148,Short Rain,Short Rains
2842,2842,2023,10,2023-10-01T00:00:00,west,Nyabihu,108.07132661636535,Short Rain,Short Rains
2843,2843,2023,11,2023-11-01T00:00:00,west,Nyabihu,199.3562739414093,Short Rain,Short Rains
2844,2844,2023,9,2023-09-01T00:00:00,west,Nyamasheke,116.7613013924547,Short Rain,Short Rains
2845,2845,2023,10,2023-10-01T00:00:00,west,Nyamasheke,113.05780487775722,Short Rain,Short Rains
2846,2846,2023,11,2023-11-01T00:00:00,west,Nyamasheke,133.2661850164551,Short Rain,Short Rains
2847,2847,2023,9,2023-09-01T00:00:00,west,Rubavu,108.53098382578722,Short Rain,Short Rains
2848,2848,2023,10,2023-10-01T00:00:00,west,Rubavu,93.49425351042056,Short Rain,Short Rains
2849,2849,2023,11,2023-11-01T00:00:00,west,Rubavu,167.00364162871722,Short Rain,Short Rains
2850,2850,2023,9,2023-09-01T00:00:00,west,Rusizi,105.65350798461988,Short Rain,Short Rains
2851,2851,2023,10,2023-10-01T00:00:00,west,Rusizi,122.14065662630088,Short Rain,Short Rains
2852,2852,2023,11,2023-11-01T00:00:00,west,Rusizi,146.48699561105045,Short Rain,Short Rains
2853,2853,2023,9,2023-09-01T00:00:00,west,Rutsiro,101.07355915215751,Short Rain,Short Rains
2854,2854,2023,10,2023-10-01T00:00:00,west,Rutsiro,76.1360645625211,Short Rain,Short Rains
2855,2855,2023,11,2023-11-01T00:00:00,west,Rutsiro,124.85540252769236,Short Rain,Short Rains
2856,2856,2000,2,2000-02-01T00:00:00,north,Burera,53.33174132918254,Long Rain,Long Rains
2857,2857,2000,3,2000-03-01T00:00:00,north,Burera,97.81218459835334,Long Rain,Long Rains
2858,2858,2000,4,2000-04-01T00:00:00,north,Burera,125.2353251504834,Long Rain,Long Rains
2859,2859,2000,5,2000-05-01T00:00:00,north,Burera,65.29518430367781,Long Rain,Long Rains
2860,2860,2000,2,2000-02-01T00:00:00,north,Gakenke,56.94065472151583,Long Rain,Long Rains
2861,2861,2000,3,2000-03-01T00:00:00,north,Gakenke,96.74150043025612,Long Rain,Long Rains
2862,2862,2000,4,2000-04-01T00:00:00,north,Gakenke,106.768286379787,Long Rain,Long Rains
2863,2863,2000,5,2000-05-01T00:00:00,north,Gakenke,77.71921444199577,Long Rain,Long Rains
2864,2864,2000,2,2000-02-01T00:00:00,north,Gicumbi,51.33343049388471,Long Rain,Long Rains
2865,2865,2000,3,2000-03-01T00:00:00,north,Gicumbi,104.80772750860284,Long Rain,Long Rains
2866,2866,2000,4,2000-04-01T00:00:00,north,Gicumbi,105.86975533866725,Long Rain,Long Rains
2867,2867,2000,5,2000-05-01T00:00:00,north,Gicumbi,87.82385058116724,Long Rain,Long Rains
2868,2868,2000,2,2000-02-01T00:00:00,north,Musanze,60.47044121870418,Long Rain,Long Rains
2869,2869,2000,3,2000-03-01T00:00:00,north,Musanze,109.16349820215058,Long Rain,Long Rains
2870,2870,2000,4,2000-04-01T00:00:00,north,Musanze,147.2537870076973,Long Rain,Long Rains
2871,2871,2000,5,2000-05-01T00:00:00,north,Musanze,98.38405558975568,Long Rain,Long Rains
2872,2872,2000,2,2000-02-01T00:00:00,north,Rulindo,54.51375289632204,Long Rain,Long Rains
2873,2873,2000,3,2000-03-01T00:00:00,north,Rulindo,101.45712638467604,Long Rain,Long Rains
2874,2874,2000,4,2000-04-01T00:00:00,north,Rulindo,106.33341309634424,Long Rain,Long Rains
2875,2875,2000,5,2000-05-01T00:00:00,north,Rulindo,81.20887384287464,Long Rain,Long Rains
2876,2876,2001,2,2001-02-01T00:00:00,north,Burera,74.25708954011435,Long Rain,Long Rains
2877,2877,2001,3,2001-03-01T00:00:00,north,Burera,180.09651387715587,Long Rain,Long Rains
2878,2878,2001,4,2001-04-01T00:00:00,north,Burera,160.32358071142312,Long Rain,Long Rains
2879,2879,2001,5,2001-05-01T00:00:00,north,Burera,77.31025111741401,Long Rain,Long Rains
2880,2880,2001,2,2001-02-01T00:00:00,north,Gakenke,79.37207040646342,Long Rain,Long Rains
2881,2881,2001,3,2001-03-01T00:00:00,north,Gakenke,202.89437607200165,Long Rain,Long Rains
2882,2882,2001,4,2001-04-01T00:00:00,north,Gakenke,154.20607234524007,Long Rain,Long Rains
2883,2883,2001,5,2001-05-01T00:00:00,north,Gakenke,81.90780558499111,Long Rain,Long Rains
2884,2884,2001,2,2001-02-01T00:00:00,north,Gicumbi,65.96642985074905,Long Rain,Long Rains
2885,2885,2001,3,2001-03-01T00:00:00,north,Gicumbi,207.1361976174492,Long Rain,Long Rains
2886,2886,2001,4,2001-04-01T00:00:00,north,Gicumbi,132.85001759099677,Long Rain,Long Rains
2887,2887,2001,5,2001-05-01T00:00:00,north,Gicumbi,77.95636633383505,Long Rain,Long Rains
2888,2888,2001,2,2001-02-01T00:00:00,north,Musanze,85.11113453242389,Long Rain,Long Rains
2889,2889,2001,3,2001-03-01T00:00:00,north,Musanze,206.1513781475165,Long Rain,Long Rains
2890,2890,2001,4,2001-04-01T00:00:00,north,Musanze,180.57503599204296,Long Rain,Long Rains
2891,2891,2001,5,2001-05-01T00:00:00,north,Musanze,118.68601747284728,Long Rain,Long Rains
2892,2892,2001,2,2001-02-01T00:00:00,north,Rulindo,74.28451247830809,Long Rain,Long Rains
2893,2893,2001,3,2001-03-01T00:00:00,north,Rulindo,232.75771113180676,Long Rain,Long Rains
2894,2894,2001,4,2001-04-01T00:00:00,north,Rulindo,126.74579643382472,Long Rain,Long Rains
2895,2895,2001,5,2001-05-01T00:00:00,north,Rulindo,82.2824223355459,Long Rain,Long Rains
2896,2896,2002,2,2002-02-01T00:00:00,north,Burera,87.6060148675075,Long Rain,Long Rains
2897,2897,2002,3,2002-03-01T00:00:00,north,Burera,111.58192742619848,Long Rain,Long Rains
2898,2898,2002,4,2002-04-01T00:00:00,north,Burera,121.66231514685764,Long Rain,Long Rains
2899,2899,2002,5,2002-05-01T00:00:00,north,Burera,166.57353710030708,Long Rain,Long Rains
2900,2900,2002,2,2002-02-01T00:00:00,north,Gakenke,79.42859281399711,Long Rain,Long Rains
2901,2901,2002,3,2002-03-01T00:00:00,north,Gakenke,120.02182742512484,Long Rain,Long Rains
2902,2902,2002,4,2002-04-01T00:00:00,north,Gakenke,125.56620364061268,Long Rain,Long Rains
2903,2903,2002,5,2002-05-01T00:00:00,north,Gakenke,183.0817932595461,Long Rain,Long Rains
2904,2904,2002,2,2002-02-01T00:00:00,north,Gicumbi,72.44963358039261,Long Rain,Long Rains
2905,2905,2002,3,2002-03-01T00:00:00,north,Gicumbi,132.94666130093538,Long Rain,Long Rains
2906,2906,2002,4,2002-04-01T00:00:00,north,Gicumbi,142.64242913190787,Long Rain,Long Rains
2907,2907,2002,5,2002-05-01T00:00:00,north,Gicumbi,179.48281108938968,Long Rain,Long Rains
2908,2908,2002,2,2002-02-01T00:00:00,north,Musanze,99.6839250699982,Long Rain,Long Rains
2909,2909,2002,3,2002-03-01T00:00:00,north,Musanze,123.2227512860642,Long Rain,Long Rains
2910,2910,2002,4,2002-04-01T00:00:00,north,Musanze,142.9457127791076,Long Rain,Long Rains
2911,2911,2002,5,2002-05-01T00:00:00,north,Musanze,198.66063222837468,Long Rain,Long Rains
2912,2912,2002,2,2002-02-01T00:00:00,north,Rulindo,76.51212135011689,Long Rain,Long Rains
2913,2913,2002,3,2002-03-01T00:00:00,north,Rulindo,134.7612940061113,Long Rain,Long Rains
2914,2914,2002,4,2002-04-01T00:00:00,north,Rulindo,138.01441642429666,Long Rain,Long Rains
2915,2915,2002,5,2002-05-01T00:00:00,north,Rulindo,184.4807130948197,Long Rain,Long Rains
2916,2916,2003,2,2003-02-01T00:00:00,north,Burera,60.07012180882356,Long Rain,Long Rains
2917,2917,2003,3,2003-03-01T00:00:00,north,Burera,99.0110335902736,Long Rain,Long Rains
2918,2918,2003,4,2003-04-01T00:00:00,north,Burera,203.88453816144892,Long Rain,Long Rains
2919,2919,2003,5,2003-05-01T00:00:00,north,Burera,133.81646127825218,Long Rain,Long Rains
2920,2920,2003,2,2003-02-01T00:00:00,north,Gakenke,63.32915706040618,Long Rain,Long Rains
2921,2921,2003,3,2003-03-01T00:00:00,north,Gakenke,99.9055398424785,Long Rain,Long Rains
2922,2922,2003,4,2003-04-01T00:00:00,north,Gakenke,190.45501850150325,Long Rain,Long Rains
2923,2923,2003,5,2003-05-01T00:00:00,north,Gakenke,148.63928981676986,Long Rain,Long Rains
2924,2924,2003,2,2003-02-01T00:00:00,north,Gicumbi,61.0888461833551,Long Rain,Long Rains
2925,2925,2003,3,2003-03-01T00:00:00,north,Gicumbi,102.80879292344952,Long Rain,Long Rains
2926,2926,2003,4,2003-04-01T00:00:00,north,Gicumbi,183.753384218304,Long Rain,Long Rains
2927,2927,2003,5,2003-05-01T00:00:00,north,Gicumbi,128.77335933374056,Long Rain,Long Rains
2928,2928,2003,2,2003-02-01T00:00:00,north,Musanze,75.25158643678398,Long Rain,Long Rains
2929,2929,2003,3,2003-03-01T00:00:00,north,Musanze,114.06368285044616,Long Rain,Long Rains
2930,2930,2003,4,2003-04-01T00:00:00,north,Musanze,218.6160154074309,Long Rain,Long Rains
2931,2931,2003,5,2003-05-01T00:00:00,north,Musanze,161.1830399805243,Long Rain,Long Rains
2932,2932,2003,2,2003-02-01T00:00:00,north,Rulindo,62.55406086424337,Long Rain,Long Rains
2933,2933,2003,3,2003-03-01T00:00:00,north,Rulindo,106.26332172452892,Long Rain,Long Rains
2934,2934,2003,4,2003-04-01T00:00:00,north,Rulindo,182.81125577411228,Long Rain,Long Rains
2935,2935,2003,5,2003-05-01T00:00:00,north,Rulindo,144.80294142807622,Long Rain,Long Rains
2936,2936,2004,2,2004-02-01T00:00:00,north,Burera,120.95866279820844,Long Rain,Long Rains
2937,2937,2004,3,2004-03-01T00:00:00,north,Burera,127.24326684582554,Long Rain,Long Rains
2938,2938,2004,4,2004-04-01T00:00:00,north,Burera,198.6383108364122,Long Rain,Long Rains
2939,2939,2004,5,2004-05-01T00:00:00,north,Burera,73.65409853512386,Long Rain,Long Rains
2940,2940,2004,2,2004-02-01T00:00:00,north,Gakenke,112.21172913853756,Long Rain,Long Rains
2941,2941,2004,3,2004-03-01T00:00:00,north,Gakenke,135.69097720215527,Long Rain,Long Rains
2942,2942,2004,4,2004-04-01T00:00:00,north,Gakenke,191.71731524102287,Long Rain,Long Rains
2943,2943,2004,5,2004-05-01T00:00:00,north,Gakenke,70.89712457278502,Long Rain,Long Rains
2944,2944,2004,2,2004-02-01T00:00:00,north,Gicumbi,106.37874256814,Long Rain,Long Rains
2945,2945,2004,3,2004-03-01T00:00:00,north,Gicumbi,140.43075843470598,Long Rain,Long Rains
2946,2946,2004,4,2004-04-01T00:00:00,north,Gicumbi,203.8793942040754,Long Rain,Long Rains
2947,2947,2004,5,2004-05-01T00:00:00,north,Gicumbi,72.64493228868126,Long Rain,Long Rains
2948,2948,2004,2,2004-02-01T00:00:00,north,Musanze,134.42168732026647,Long Rain,Long Rains
2949,2949,2004,3,2004-03-01T00:00:00,north,Musanze,149.55561839523514,Long Rain,Long Rains
2950,2950,2004,4,2004-04-01T00:00:00,north,Musanze,210.8932702496333,Long Rain,Long Rains
2951,2951,2004,5,2004-05-01T00:00:00,north,Musanze,116.99241987010896,Long Rain,Long Rains
2952,2952,2004,2,2004-02-01T00:00:00,north,Rulindo,110.59866815926496,Long Rain,Long Rains
2953,2953,2004,3,2004-03-01T00:00:00,north,Rulindo,149.31017586975622,Long Rain,Long Rains
2954,2954,2004,4,2004-04-01T00:00:00,north,Rulindo,201.0632028658501,Long Rain,Long Rains
2955,2955,2004,5,2004-05-01T00:00:00,north,Rulindo,69.71424184543132,Long Rain,Long Rains
2956,2956,2005,2,2005-02-01T00:00:00,north,Burera,77.01437860665644,Long Rain,Long Rains
2957,2957,2005,3,2005-03-01T00:00:00,north,Burera,150.8424381944511,Long Rain,Long Rains
2958,2958,2005,4,2005-04-01T00:00:00,north,Burera,135.02708754394348,Long Rain,Long Rains
2959,2959,2005,5,2005-05-01T00:00:00,north,Burera,90.54782998935448,Long Rain,Long Rains
2960,2960,2005,2,2005-02-01T00:00:00,north,Gakenke,81.82842377591996,Long Rain,Long Rains
2961,2961,2005,3,2005-03-01T00:00:00,north,Gakenke,151.01596728833238,Long Rain,Long Rains
2962,2962,2005,4,2005-04-01T00:00:00,north,Gakenke,126.14477672074622,Long Rain,Long Rains
2963,2963,2005,5,2005-05-01T00:00:00,north,Gakenke,93.83123419948596,Long Rain,Long Rains
2964,2964,2005,2,2005-02-01T00:00:00,north,Gicumbi,72.40076580703179,Long Rain,Long Rains
2965,2965,2005,3,2005-03-01T00:00:00,north,Gicumbi,173.30000531401896,Long Rain,Long Rains
2966,2966,2005,4,2005-04-01T00:00:00,north,Gicumbi,130.31934280632777,Long Rain,Long Rains
2967,2967,2005,5,2005-05-01T00:00:00,north,Gicumbi,122.83556987225292,Long Rain,Long Rains
2968,2968,2005,2,2005-02-01T00:00:00,north,Musanze,92.2864094241731,Long Rain,Long Rains
2969,2969,2005,3,2005-03-01T00:00:00,north,Musanze,157.05215618267007,Long Rain,Long Rains
2970,2970,2005,4,2005-04-01T00:00:00,north,Musanze,147.41753812067512,Long Rain,Long Rains
2971,2971,2005,5,2005-05-01T00:00:00,north,Musanze,106.42757916362233,Long Rain,Long Rains
2972,2972,2005,2,2005-02-01T00:00:00,north,Rulindo,83.09955839212094,Long Rain,Long Rains
2973,2973,2005,3,2005-03-01T00:00:00,north,Rulindo,171.9322369156935,Long Rain,Long Rains
2974,2974,2005,4,2005-04-01T00:00:00,north,Rulindo,127.4219565522035,Long Rain,Long Rains
2975,2975,2005,5,2005-05-01T00:00:00,north,Rulindo,117.12296672979446,Long Rain,Long Rains
2976,2976,2006,2,2006-02-01T00:00:00,north,Burera,104.04343041034448,Long Rain,Long Rains
2977,2977,2006,3,2006-03-01T00:00:00,north,Burera,137.6239018764144,Long Rain,Long Rains
2978,2978,2006,4,2006-04-01T00:00:00,north,Burera,202.76572795206687,Long Rain,Long Rains
2979,2979,2006,5,2006-05-01T00:00:00,north,Burera,148.0018130534234,Long Rain,Long Rains
2980,2980,2006,2,2006-02-01T00:00:00,north,Gakenke,111.1675447293794,Long Rain,Long Rains
2981,2981,2006,3,2006-03-01T00:00:00,north,Gakenke,142.54781966041986,Long Rain,Long Rains
2982,2982,2006,4,2006-04-01T00:00:00,north,Gakenke,201.0128184838753,Long Rain,Long Rains
2983,2983,2006,5,2006-05-01T00:00:00,north,Gakenke,160.1779996634914,Long Rain,Long Rains
2984,2984,2006,2,2006-02-01T00:00:00,north,Gicumbi,98.0178008546006,Long Rain,Long Rains
2985,2985,2006,3,2006-03-01T00:00:00,north,Gicumbi,139.19488602254927,Long Rain,Long Rains
2986,2986,2006,4,2006-04-01T00:00:00,north,Gicumbi,217.10607419461232,Long Rain,Long Rains
2987,2987,2006,5,2006-05-01T00:00:00,north,Gicumbi,145.40205998212397,Long Rain,Long Rains
2988,2988,2006,2,2006-02-01T00:00:00,north,Musanze,131.36115060696466,Long Rain,Long Rains
2989,2989,2006,3,2006-03-01T00:00:00,north,Musanze,156.47175148035672,Long Rain,Long Rains
2990,2990,2006,4,2006-04-01T00:00:00,north,Musanze,207.51970282822623,Long Rain,Long Rains
2991,2991,2006,5,2006-05-01T00:00:00,north,Musanze,164.54005393638565,Long Rain,Long Rains
2992,2992,2006,2,2006-02-01T00:00:00,north,Rulindo,106.31171633212377,Long Rain,Long Rains
2993,2993,2006,3,2006-03-01T00:00:00,north,Rulindo,145.78938556792608,Long Rain,Long Rains
2994,2994,2006,4,2006-04-01T00:00:00,north,Rulindo,212.82063145186115,Long Rain,Long Rains
2995,2995,2006,5,2006-05-01T00:00:00,north,Rulindo,158.12440178786215,Long Rain,Long Rains
2996,2996,2007,2,2007-02-01T00:00:00,north,Burera,122.56841065247644,Long Rain,Long Rains
2997,2997,2007,3,2007-03-01T00:00:00,north,Burera,110.1583299186388,Long Rain,Long Rains
2998,2998,2007,4,2007-04-01T00:00:00,north,Burera,142.03433360973392,Long Rain,Long Rains
2999,2999,2007,5,2007-05-01T00:00:00,north,Burera,201.21216190227736,Long Rain,Long Rains
3000,3000,2007,2,2007-02-01T00:00:00,north,Gakenke,127.85888084542664,Long Rain,Long Rains
3001,3001,2007,3,2007-03-01T00:00:00,north,Gakenke,113.1293516724618,Long Rain,Long Rains
3002,3002,2007,4,2007-04-01T00:00:00,north,Gakenke,155.87669605044724,Long Rain,Long Rains
3003,3003,2007,5,2007-05-01T00:00:00,north,Gakenke,242.77895093115777,Long Rain,Long Rains
3004,3004,2007,2,2007-02-01T00:00:00,north,Gicumbi,114.6905515857033,Long Rain,Long Rains
3005,3005,2007,3,2007-03-01T00:00:00,north,Gicumbi,121.15858704669772,Long Rain,Long Rains
3006,3006,2007,4,2007-04-01T00:00:00,north,Gicumbi,148.53812989780883,Long Rain,Long Rains
3007,3007,2007,5,2007-05-01T00:00:00,north,Gicumbi,220.16474495038787,Long Rain,Long Rains
3008,3008,2007,2,2007-02-01T00:00:00,north,Musanze,134.78398064594276,Long Rain,Long Rains
3009,3009,2007,3,2007-03-01T00:00:00,north,Musanze,118.74761773338588,Long Rain,Long Rains
3010,3010,2007,4,2007-04-01T00:00:00,north,Musanze,163.94088181633722,Long Rain,Long Rains
3011,3011,2007,5,2007-05-01T00:00:00,north,Musanze,252.53308476222435,Long Rain,Long Rains
3012,3012,2007,2,2007-02-01T00:00:00,north,Rulindo,119.51128208132498,Long Rain,Long Rains
3013,3013,2007,3,2007-03-01T00:00:00,north,Rulindo,120.54771530082424,Long Rain,Long Rains
3014,3014,2007,4,2007-04-01T00:00:00,north,Rulindo,155.22861763909845,Long Rain,Long Rains
3015,3015,2007,5,2007-05-01T00:00:00,north,Rulindo,245.6989490065845,Long Rain,Long Rains
3016,3016,2008,2,2008-02-01T00:00:00,north,Burera,78.6720380553922,Long Rain,Long Rains
3017,3017,2008,3,2008-03-01T00:00:00,north,Burera,142.66249422648806,Long Rain,Long Rains
3018,3018,2008,4,2008-04-01T00:00:00,north,Burera,116.45215124611306,Long Rain,Long Rains
3019,3019,2008,5,2008-05-01T00:00:00,north,Burera,109.20022979792958,Long Rain,Long Rains
3020,3020,2008,2,2008-02-01T00:00:00,north,Gakenke,80.77057561055052,Long Rain,Long Rains
3021,3021,2008,3,2008-03-01T00:00:00,north,Gakenke,135.6245671955301,Long Rain,Long Rains
3022,3022,2008,4,2008-04-01T00:00:00,north,Gakenke,113.9266088393172,Long Rain,Long Rains
3023,3023,2008,5,2008-05-01T00:00:00,north,Gakenke,111.8133953650221,Long Rain,Long Rains
3024,3024,2008,2,2008-02-01T00:00:00,north,Gicumbi,70.638260479996,Long Rain,Long Rains
3025,3025,2008,3,2008-03-01T00:00:00,north,Gicumbi,156.0398233213403,Long Rain,Long Rains
3026,3026,2008,4,2008-04-01T00:00:00,north,Gicumbi,102.96147208257806,Long Rain,Long Rains
3027,3027,2008,5,2008-05-01T00:00:00,north,Gicumbi,95.7032348498634,Long Rain,Long Rains
3028,3028,2008,2,2008-02-01T00:00:00,north,Musanze,85.07520437355352,Long Rain,Long Rains
3029,3029,2008,3,2008-03-01T00:00:00,north,Musanze,139.1471767533227,Long Rain,Long Rains
3030,3030,2008,4,2008-04-01T00:00:00,north,Musanze,136.49468936464692,Long Rain,Long Rains
3031,3031,2008,5,2008-05-01T00:00:00,north,Musanze,117.53519459187387,Long Rain,Long Rains
3032,3032,2008,2,2008-02-01T00:00:00,north,Rulindo,75.3474429524499,Long Rain,Long Rains
3033,3033,2008,3,2008-03-01T00:00:00,north,Rulindo,149.62396760306956,Long Rain,Long Rains
3034,3034,2008,4,2008-04-01T00:00:00,north,Rulindo,108.03909694668349,Long Rain,Long Rains
3035,3035,2008,5,2008-05-01T00:00:00,north,Rulindo,107.11676587980504,Long Rain,Long Rains
3036,3036,2009,2,2009-02-01T00:00:00,north,Burera,143.57870792130657,Long Rain,Long Rains
3037,3037,2009,3,2009-03-01T00:00:00,north,Burera,136.92388721505537,Long Rain,Long Rains
3038,3038,2009,4,2009-04-01T00:00:00,north,Burera,136.82332681411927,Long Rain,Long Rains
3039,3039,2009,5,2009-05-01T00:00:00,north,Burera,105.84891955847864,Long Rain,Long Rains
3040,3040,2009,2,2009-02-01T00:00:00,north,Gakenke,157.51871534576392,Long Rain,Long Rains
3041,3041,2009,3,2009-03-01T00:00:00,north,Gakenke,154.96151770786062,Long Rain,Long Rains
3042,3042,2009,4,2009-04-01T00:00:00,north,Gakenke,164.34882007780277,Long Rain,Long Rains
3043,3043,2009,5,2009-05-01T00:00:00,north,Gakenke,154.9400844116846,Long Rain,Long Rains
3044,3044,2009,2,2009-02-01T00:00:00,north,Gicumbi,167.29115786612024,Long Rain,Long Rains
3045,3045,2009,3,2009-03-01T00:00:00,north,Gicumbi,115.16535399548012,Long Rain,Long Rains
3046,3046,2009,4,2009-04-01T00:00:00,north,Gicumbi,150.8028239607881,Long Rain,Long Rains
3047,3047,2009,5,2009-05-01T00:00:00,north,Gicumbi,137.70699277173108,Long Rain,Long Rains
3048,3048,2009,2,2009-02-01T00:00:00,north,Musanze,138.59002658677338,Long Rain,Long Rains
3049,3049,2009,3,2009-03-01T00:00:00,north,Musanze,158.38800985801666,Long Rain,Long Rains
3050,3050,2009,4,2009-04-01T00:00:00,north,Musanze,143.29008857359142,Long Rain,Long Rains
3051,3051,2009,5,2009-05-01T00:00:00,north,Musanze,123.22867283508629,Long Rain,Long Rains
3052,3052,2009,2,2009-02-01T00:00:00,north,Rulindo,177.10598667919535,Long Rain,Long Rains
3053,3053,2009,3,2009-03-01T00:00:00,north,Rulindo,139.59027154105053,Long Rain,Long Rains
3054,3054,2009,4,2009-04-01T00:00:00,north,Rulindo,165.83095402463172,Long Rain,Long Rains
3055,3055,2009,5,2009-05-01T00:00:00,north,Rulindo,162.74444920421675,Long Rain,Long Rains
3056,3056,2010,2,2010-02-01T00:00:00,north,Burera,270.80546821034244,Long Rain,Long Rains
3057,3057,2010,3,2010-03-01T00:00:00,north,Burera,167.21355207142653,Long Rain,Long Rains
3058,3058,2010,4,2010-04-01T00:00:00,north,Burera,160.29096984205478,Long Rain,Long Rains
3059,3059,2010,5,2010-05-01T00:00:00,north,Burera,89.89242251245741,Long Rain,Long Rains
3060,3060,2010,2,2010-02-01T00:00:00,north,Gakenke,261.9201243836675,Long Rain,Long Rains
3061,3061,2010,3,2010-03-01T00:00:00,north,Gakenke,173.33061543775253,Long Rain,Long Rains
3062,3062,2010,4,2010-04-01T00:00:00,north,Gakenke,157.03310218264727,Long Rain,Long Rains
3063,3063,2010,5,2010-05-01T00:00:00,north,Gakenke,95.7115236312143,Long Rain,Long Rains
3064,3064,2010,2,2010-02-01T00:00:00,north,Gicumbi,229.621323993448,Long Rain,Long Rains
3065,3065,2010,3,2010-03-01T00:00:00,north,Gicumbi,150.8037733945344,Long Rain,Long Rains
3066,3066,2010,4,2010-04-01T00:00:00,north,Gicumbi,147.60159425459207,Long Rain,Long Rains
3067,3067,2010,5,2010-05-01T00:00:00,north,Gicumbi,93.83655783077664,Long Rain,Long Rains
3068,3068,2010,2,2010-02-01T00:00:00,north,Musanze,277.4232029976645,Long Rain,Long Rains
3069,3069,2010,3,2010-03-01T00:00:00,north,Musanze,205.28685369618688,Long Rain,Long Rains
3070,3070,2010,4,2010-04-01T00:00:00,north,Musanze,181.5801232290992,Long Rain,Long Rains
3071,3071,2010,5,2010-05-01T00:00:00,north,Musanze,124.57777198338144,Long Rain,Long Rains
3072,3072,2010,2,2010-02-01T00:00:00,north,Rulindo,250.58941527561967,Long Rain,Long Rains
3073,3073,2010,3,2010-03-01T00:00:00,north,Rulindo,159.20394400507988,Long Rain,Long Rains
3074,3074,2010,4,2010-04-01T00:00:00,north,Rulindo,153.00142254804788,Long Rain,Long Rains
3075,3075,2010,5,2010-05-01T00:00:00,north,Rulindo,94.2222536596702,Long Rain,Long Rains
3076,3076,2011,2,2011-02-01T00:00:00,north,Burera,105.7001454786197,Long Rain,Long Rains
3077,3077,2011,3,2011-03-01T00:00:00,north,Burera,149.6773198395588,Long Rain,Long Rains
3078,3078,2011,4,2011-04-01T00:00:00,north,Burera,134.73582944185023,Long Rain,Long Rains
3079,3079,2011,5,2011-05-01T00:00:00,north,Burera,110.21565898481136,Long Rain,Long Rains
3080,3080,2011,2,2011-02-01T00:00:00,north,Gakenke,114.58922867549862,Long Rain,Long Rains
3081,3081,2011,3,2011-03-01T00:00:00,north,Gakenke,149.12140907699447,Long Rain,Long Rains
3082,3082,2011,4,2011-04-01T00:00:00,north,Gakenke,129.10468090328686,Long Rain,Long Rains
3083,3083,2011,5,2011-05-01T00:00:00,north,Gakenke,116.42247942227634,Long Rain,Long Rains
3084,3084,2011,2,2011-02-01T00:00:00,north,Gicumbi,114.4405774538824,Long Rain,Long Rains
3085,3085,2011,3,2011-03-01T00:00:00,north,Gicumbi,147.31296646387523,Long Rain,Long Rains
3086,3086,2011,4,2011-04-01T00:00:00,north,Gicumbi,156.38996856383326,Long Rain,Long Rains
3087,3087,2011,5,2011-05-01T00:00:00,north,Gicumbi,102.7225944094117,Long Rain,Long Rains
3088,3088,2011,2,2011-02-01T00:00:00,north,Musanze,120.23880409422028,Long Rain,Long Rains
3089,3089,2011,3,2011-03-01T00:00:00,north,Musanze,187.1602743424914,Long Rain,Long Rains
3090,3090,2011,4,2011-04-01T00:00:00,north,Musanze,142.85051129121152,Long Rain,Long Rains
3091,3091,2011,5,2011-05-01T00:00:00,north,Musanze,125.39050861969125,Long Rain,Long Rains
3092,3092,2011,2,2011-02-01T00:00:00,north,Rulindo,119.59336014510022,Long Rain,Long Rains
3093,3093,2011,3,2011-03-01T00:00:00,north,Rulindo,150.70720810250037,Long Rain,Long Rains
3094,3094,2011,4,2011-04-01T00:00:00,north,Rulindo,143.63101982192205,Long Rain,Long Rains
3095,3095,2011,5,2011-05-01T00:00:00,north,Rulindo,117.41950220253302,Long Rain,Long Rains
3096,3096,2012,2,2012-02-01T00:00:00,north,Burera,63.00788058287595,Long Rain,Long Rains
3097,3097,2012,3,2012-03-01T00:00:00,north,Burera,118.26131119215432,Long Rain,Long Rains
3098,3098,2012,4,2012-04-01T00:00:00,north,Burera,213.72615842380205,Long Rain,Long Rains
3099,3099,2012,5,2012-05-01T00:00:00,north,Burera,171.60788118308375,Long Rain,Long Rains
3100,3100,2012,2,2012-02-01T00:00:00,north,Gakenke,68.42342140984726,Long Rain,Long Rains
3101,3101,2012,3,2012-03-01T00:00:00,north,Gakenke,125.9968221218572,Long Rain,Long Rains
3102,3102,2012,4,2012-04-01T00:00:00,north,Gakenke,207.0735300392085,Long Rain,Long Rains
3103,3103,2012,5,2012-05-01T00:00:00,north,Gakenke,165.05923432232038,Long Rain,Long Rains
3104,3104,2012,2,2012-02-01T00:00:00,north,Gicumbi,67.22377409107591,Long Rain,Long Rains
3105,3105,2012,3,2012-03-01T00:00:00,north,Gicumbi,117.33236087698366,Long Rain,Long Rains
3106,3106,2012,4,2012-04-01T00:00:00,north,Gicumbi,246.0953523268029,Long Rain,Long Rains
3107,3107,2012,5,2012-05-01T00:00:00,north,Gicumbi,177.56572184327638,Long Rain,Long Rains
3108,3108,2012,2,2012-02-01T00:00:00,north,Musanze,67.66184644518583,Long Rain,Long Rains
3109,3109,2012,3,2012-03-01T00:00:00,north,Musanze,134.8926516615519,Long Rain,Long Rains
3110,3110,2012,4,2012-04-01T00:00:00,north,Musanze,221.0966417209522,Long Rain,Long Rains
3111,3111,2012,5,2012-05-01T00:00:00,north,Musanze,194.8937573246672,Long Rain,Long Rains
3112,3112,2012,2,2012-02-01T00:00:00,north,Rulindo,68.98159075944642,Long Rain,Long Rains
3113,3113,2012,3,2012-03-01T00:00:00,north,Rulindo,129.4389101461782,Long Rain,Long Rains
3114,3114,2012,4,2012-04-01T00:00:00,north,Rulindo,227.16774876015117,Long Rain,Long Rains
3115,3115,2012,5,2012-05-01T00:00:00,north,Rulindo,191.49775167479984,Long Rain,Long Rains
3116,3116,2013,2,2013-02-01T00:00:00,north,Burera,84.9605326970615,Long Rain,Long Rains
3117,3117,2013,3,2013-03-01T00:00:00,north,Burera,209.70927026708333,Long Rain,Long Rains
3118,3118,2013,4,2013-04-01T00:00:00,north,Burera,167.16916526620548,Long Rain,Long Rains
3119,3119,2013,5,2013-05-01T00:00:00,north,Burera,90.6754527349382,Long Rain,Long Rains
3120,3120,2013,2,2013-02-01T00:00:00,north,Gakenke,87.81242895271356,Long Rain,Long Rains
3121,3121,2013,3,2013-03-01T00:00:00,north,Gakenke,218.43881092540855,Long Rain,Long Rains
3122,3122,2013,4,2013-04-01T00:00:00,north,Gakenke,157.27773667489228,Long Rain,Long Rains
3123,3123,2013,5,2013-05-01T00:00:00,north,Gakenke,89.82874710981051,Long Rain,Long Rains
3124,3124,2013,2,2013-02-01T00:00:00,north,Gicumbi,79.55644571138531,Long Rain,Long Rains
3125,3125,2013,3,2013-03-01T00:00:00,north,Gicumbi,216.91950462839475,Long Rain,Long Rains
3126,3126,2013,4,2013-04-01T00:00:00,north,Gicumbi,160.63409900041455,Long Rain,Long Rains
3127,3127,2013,5,2013-05-01T00:00:00,north,Gicumbi,85.48878066448695,Long Rain,Long Rains
3128,3128,2013,2,2013-02-01T00:00:00,north,Musanze,92.32059686554004,Long Rain,Long Rains
3129,3129,2013,3,2013-03-01T00:00:00,north,Musanze,245.76636236537527,Long Rain,Long Rains
3130,3130,2013,4,2013-04-01T00:00:00,north,Musanze,187.03740569019,Long Rain,Long Rains
3131,3131,2013,5,2013-05-01T00:00:00,north,Musanze,130.13323181446106,Long Rain,Long Rains
3132,3132,2013,2,2013-02-01T00:00:00,north,Rulindo,80.18754757540157,Long Rain,Long Rains
3133,3133,2013,3,2013-03-01T00:00:00,north,Rulindo,221.61616166126305,Long Rain,Long Rains
3134,3134,2013,4,2013-04-01T00:00:00,north,Rulindo,156.9313143918929,Long Rain,Long Rains
3135,3135,2013,5,2013-05-01T00:00:00,north,Rulindo,77.4497711326087,Long Rain,Long Rains
3136,3136,2014,2,2014-02-01T00:00:00,north,Burera,116.44424683476764,Long Rain,Long Rains
3137,3137,2014,3,2014-03-01T00:00:00,north,Burera,154.6805412807571,Long Rain,Long Rains
3138,3138,2014,4,2014-04-01T00:00:00,north,Burera,162.98225159229668,Long Rain,Long Rains
3139,3139,2014,5,2014-05-01T00:00:00,north,Burera,38.05864614490485,Long Rain,Long Rains
3140,3140,2014,2,2014-02-01T00:00:00,north,Gakenke,123.07263648246314,Long Rain,Long Rains
3141,3141,2014,3,2014-03-01T00:00:00,north,Gakenke,155.67808251529894,Long Rain,Long Rains
3142,3142,2014,4,2014-04-01T00:00:00,north,Gakenke,154.88824500304617,Long Rain,Long Rains
3143,3143,2014,5,2014-05-01T00:00:00,north,Gakenke,41.685443277331984,Long Rain,Long Rains
3144,3144,2014,2,2014-02-01T00:00:00,north,Gicumbi,101.01725943736584,Long Rain,Long Rains
3145,3145,2014,3,2014-03-01T00:00:00,north,Gicumbi,144.16765783490624,Long Rain,Long Rains
3146,3146,2014,4,2014-04-01T00:00:00,north,Gicumbi,147.15663921569862,Long Rain,Long Rains
3147,3147,2014,5,2014-05-01T00:00:00,north,Gicumbi,36.56709240782332,Long Rain,Long Rains
3148,3148,2014,2,2014-02-01T00:00:00,north,Musanze,134.13920098271737,Long Rain,Long Rains
3149,3149,2014,3,2014-03-01T00:00:00,north,Musanze,184.28867449154905,Long Rain,Long Rains
3150,3150,2014,4,2014-04-01T00:00:00,north,Musanze,175.30397869277462,Long Rain,Long Rains
3151,3151,2014,5,2014-05-01T00:00:00,north,Musanze,66.07899444639925,Long Rain,Long Rains
3152,3152,2014,2,2014-02-01T00:00:00,north,Rulindo,106.86221050994534,Long Rain,Long Rains
3153,3153,2014,3,2014-03-01T00:00:00,north,Rulindo,151.5892767157694,Long Rain,Long Rains
3154,3154,2014,4,2014-04-01T00:00:00,north,Rulindo,147.32911551224387,Long Rain,Long Rains
3155,3155,2014,5,2014-05-01T00:00:00,north,Rulindo,40.03657882960447,Long Rain,Long Rains
3156,3156,2015,2,2015-02-01T00:00:00,north,Burera,77.2815677785037,Long Rain,Long Rains
3157,3157,2015,3,2015-03-01T00:00:00,north,Burera,163.57987063398318,Long Rain,Long Rains
3158,3158,2015,4,2015-04-01T00:00:00,north,Burera,175.16182576793125,Long Rain,Long Rains
3159,3159,2015,5,2015-05-01T00:00:00,north,Burera,97.755263390007,Long Rain,Long Rains
3160,3160,2015,2,2015-02-01T00:00:00,north,Gakenke,91.35442944185358,Long Rain,Long Rains
3161,3161,2015,3,2015-03-01T00:00:00,north,Gakenke,164.5622570391416,Long Rain,Long Rains
3162,3162,2015,4,2015-04-01T00:00:00,north,Gakenke,174.20636352320747,Long Rain,Long Rains
3163,3163,2015,5,2015-05-01T00:00:00,north,Gakenke,101.08399508597282,Long Rain,Long Rains
3164,3164,2015,2,2015-02-01T00:00:00,north,Gicumbi,65.7370239333312,Long Rain,Long Rains
3165,3165,2015,3,2015-03-01T00:00:00,north,Gicumbi,151.5634504265769,Long Rain,Long Rains
3166,3166,2015,4,2015-04-01T00:00:00,north,Gicumbi,204.4543154528452,Long Rain,Long Rains
3167,3167,2015,5,2015-05-01T00:00:00,north,Gicumbi,75.78588939320186,Long Rain,Long Rains
3168,3168,2015,2,2015-02-01T00:00:00,north,Musanze,106.74560899674472,Long Rain,Long Rains
3169,3169,2015,3,2015-03-01T00:00:00,north,Musanze,184.17882534558132,Long Rain,Long Rains
3170,3170,2015,4,2015-04-01T00:00:00,north,Musanze,176.6412756085528,Long Rain,Long Rains
3171,3171,2015,5,2015-05-01T00:00:00,north,Musanze,132.30987910993096,Long Rain,Long Rains
3172,3172,2015,2,2015-02-01T00:00:00,north,Rulindo,80.74933605218713,Long Rain,Long Rains
3173,3173,2015,3,2015-03-01T00:00:00,north,Rulindo,159.75935138687618,Long Rain,Long Rains
3174,3174,2015,4,2015-04-01T00:00:00,north,Rulindo,193.22059861296432,Long Rain,Long Rains
3175,3175,2015,5,2015-05-01T00:00:00,north,Rulindo,83.6520997794278,Long Rain,Long Rains
3176,3176,2016,2,2016-02-01T00:00:00,north,Burera,37.26339475923365,Long Rain,Long Rains
3177,3177,2016,3,2016-03-01T00:00:00,north,Burera,192.93408582006413,Long Rain,Long Rains
3178,3178,2016,4,2016-04-01T00:00:00,north,Burera,212.70090915796047,Long Rain,Long Rains
3179,3179,2016,5,2016-05-01T00:00:00,north,Burera,84.08067631558835,Long Rain,Long Rains
3180,3180,2016,2,2016-02-01T00:00:00,north,Gakenke,44.15686840703879,Long Rain,Long Rains
3181,3181,2016,3,2016-03-01T00:00:00,north,Gakenke,208.2940638096319,Long Rain,Long Rains
3182,3182,2016,4,2016-04-01T00:00:00,north,Gakenke,207.8339187048864,Long Rain,Long Rains
3183,3183,2016,5,2016-05-01T00:00:00,north,Gakenke,83.52012330679268,Long Rain,Long Rains
3184,3184,2016,2,2016-02-01T00:00:00,north,Gicumbi,46.733843462111565,Long Rain,Long Rains
3185,3185,2016,3,2016-03-01T00:00:00,north,Gicumbi,188.84297102019264,Long Rain,Long Rains
3186,3186,2016,4,2016-04-01T00:00:00,north,Gicumbi,203.1872297288547,Long Rain,Long Rains
3187,3187,2016,5,2016-05-01T00:00:00,north,Gicumbi,57.00396804520772,Long Rain,Long Rains
3188,3188,2016,2,2016-02-01T00:00:00,north,Musanze,42.07380432815122,Long Rain,Long Rains
3189,3189,2016,3,2016-03-01T00:00:00,north,Musanze,225.355325237551,Long Rain,Long Rains
3190,3190,2016,4,2016-04-01T00:00:00,north,Musanze,230.1394772538429,Long Rain,Long Rains
3191,3191,2016,5,2016-05-01T00:00:00,north,Musanze,138.5537163927704,Long Rain,Long Rains
3192,3192,2016,2,2016-02-01T00:00:00,north,Rulindo,48.22439029629177,Long Rain,Long Rains
3193,3193,2016,3,2016-03-01T00:00:00,north,Rulindo,205.26510725546623,Long Rain,Long Rains
3194,3194,2016,4,2016-04-01T00:00:00,north,Rulindo,210.26172082625243,Long Rain,Long Rains
3195,3195,2016,5,2016-05-01T00:00:00,north,Rulindo,56.593061485840416,Long Rain,Long Rains
3196,3196,2017,2,2017-02-01T00:00:00,north,Burera,75.07796063907934,Long Rain,Long Rains
3197,3197,2017,3,2017-03-01T00:00:00,north,Burera,117.34411615774113,Long Rain,Long Rains
3198,3198,2017,4,2017-04-01T00:00:00,north,Burera,139.26615498151392,Long Rain,Long Rains
3199,3199,2017,5,2017-05-01T00:00:00,north,Burera,94.14489193773464,Long Rain,Long Rains
3200,3200,2017,2,2017-02-01T00:00:00,north,Gakenke,78.1569107792013,Long Rain,Long Rains
3201,3201,2017,3,2017-03-01T00:00:00,north,Gakenke,128.23279346614245,Long Rain,Long Rains
3202,3202,2017,4,2017-04-01T00:00:00,north,Gakenke,145.26002576867288,Long Rain,Long Rains
3203,3203,2017,5,2017-05-01T00:00:00,north,Gakenke,115.31977239039378,Long Rain,Long Rains
3204,3204,2017,2,2017-02-01T00:00:00,north,Gicumbi,64.70747682282668,Long Rain,Long Rains
3205,3205,2017,3,2017-03-01T00:00:00,north,Gicumbi,118.22053035889364,Long Rain,Long Rains
3206,3206,2017,4,2017-04-01T00:00:00,north,Gicumbi,134.6542373645418,Long Rain,Long Rains
3207,3207,2017,5,2017-05-01T00:00:00,north,Gicumbi,125.28606427318788,Long Rain,Long Rains
3208,3208,2017,2,2017-02-01T00:00:00,north,Musanze,94.90758296949956,Long Rain,Long Rains
3209,3209,2017,3,2017-03-01T00:00:00,north,Musanze,140.51146479669828,Long Rain,Long Rains
3210,3210,2017,4,2017-04-01T00:00:00,north,Musanze,144.17168358713113,Long Rain,Long Rains
3211,3211,2017,5,2017-05-01T00:00:00,north,Musanze,87.35434827266998,Long Rain,Long Rains
3212,3212,2017,2,2017-02-01T00:00:00,north,Rulindo,68.7590541077563,Long Rain,Long Rains
3213,3213,2017,3,2017-03-01T00:00:00,north,Rulindo,126.7266949123442,Long Rain,Long Rains
3214,3214,2017,4,2017-04-01T00:00:00,north,Rulindo,154.15639611915552,Long Rain,Long Rains
3215,3215,2017,5,2017-05-01T00:00:00,north,Rulindo,127.05194077668212,Long Rain,Long Rains
3216,3216,2018,2,2018-02-01T00:00:00,north,Burera,84.26343739470688,Long Rain,Long Rains
3217,3217,2018,3,2018-03-01T00:00:00,north,Burera,243.86483127163845,Long Rain,Long Rains
3218,3218,2018,4,2018-04-01T00:00:00,north,Burera,313.3229029121062,Long Rain,Long Rains
3219,3219,2018,5,2018-05-01T00:00:00,north,Burera,137.82979651361882,Long Rain,Long Rains
3220,3220,2018,2,2018-02-01T00:00:00,north,Gakenke,77.85245191780677,Long Rain,Long Rains
3221,3221,2018,3,2018-03-01T00:00:00,north,Gakenke,253.22178104683812,Long Rain,Long Rains
3222,3222,2018,4,2018-04-01T00:00:00,north,Gakenke,301.8765204114284,Long Rain,Long Rains
3223,3223,2018,5,2018-05-01T00:00:00,north,Gakenke,132.11356170480016,Long Rain,Long Rains
3224,3224,2018,2,2018-02-01T00:00:00,north,Gicumbi,52.65657556217109,Long Rain,Long Rains
3225,3225,2018,3,2018-03-01T00:00:00,north,Gicumbi,237.8580661396489,Long Rain,Long Rains
3226,3226,2018,4,2018-04-01T00:00:00,north,Gicumbi,340.2019560558468,Long Rain,Long Rains
3227,3227,2018,5,2018-05-01T00:00:00,north,Gicumbi,151.5132507038038,Long Rain,Long Rains
3228,3228,2018,2,2018-02-01T00:00:00,north,Musanze,123.28625227208047,Long Rain,Long Rains
3229,3229,2018,3,2018-03-01T00:00:00,north,Musanze,279.3259958723041,Long Rain,Long Rains
3230,3230,2018,4,2018-04-01T00:00:00,north,Musanze,281.8867488442329,Long Rain,Long Rains
3231,3231,2018,5,2018-05-01T00:00:00,north,Musanze,144.12970615519012,Long Rain,Long Rains
3232,3232,2018,2,2018-02-01T00:00:00,north,Rulindo,54.28779155379112,Long Rain,Long Rains
3233,3233,2018,3,2018-03-01T00:00:00,north,Rulindo,244.5743947418134,Long Rain,Long Rains
3234,3234,2018,4,2018-04-01T00:00:00,north,Rulindo,327.7315183294825,Long Rain,Long Rains
3235,3235,2018,5,2018-05-01T00:00:00,north,Rulindo,145.44753632442882,Long Rain,Long Rains
3236,3236,2019,2,2019-02-01T00:00:00,north,Burera,70.39538570090488,Long Rain,Long Rains
3237,3237,2019,3,2019-03-01T00:00:00,north,Burera,87.44884778985306,Long Rain,Long Rains
3238,3238,2019,4,2019-04-01T00:00:00,north,Burera,159.28296036705265,Long Rain,Long Rains
3239,3239,2019,5,2019-05-01T00:00:00,north,Burera,134.1667379409875,Long Rain,Long Rains
3240,3240,2019,2,2019-02-01T00:00:00,north,Gakenke,69.24401771814611,Long Rain,Long Rains
3241,3241,2019,3,2019-03-01T00:00:00,north,Gakenke,92.56122933608708,Long Rain,Long Rains
3242,3242,2019,4,2019-04-01T00:00:00,north,Gakenke,170.44565848648995,Long Rain,Long Rains
3243,3243,2019,5,2019-05-01T00:00:00,north,Gakenke,158.86732701995547,Long Rain,Long Rains
3244,3244,2019,2,2019-02-01T00:00:00,north,Gicumbi,66.99264984034917,Long Rain,Long Rains
3245,3245,2019,3,2019-03-01T00:00:00,north,Gicumbi,92.46259032486616,Long Rain,Long Rains
3246,3246,2019,4,2019-04-01T00:00:00,north,Gicumbi,166.87886340104865,Long Rain,Long Rains
3247,3247,2019,5,2019-05-01T00:00:00,north,Gicumbi,163.4061126504291,Long Rain,Long Rains
3248,3248,2019,2,2019-02-01T00:00:00,north,Musanze,77.49688395447353,Long Rain,Long Rains
3249,3249,2019,3,2019-03-01T00:00:00,north,Musanze,96.64397328586676,Long Rain,Long Rains
3250,3250,2019,4,2019-04-01T00:00:00,north,Musanze,170.1645070153314,Long Rain,Long Rains
3251,3251,2019,5,2019-05-01T00:00:00,north,Musanze,179.20302915855586,Long Rain,Long Rains
3252,3252,2019,2,2019-02-01T00:00:00,north,Rulindo,66.3996673530843,Long Rain,Long Rains
3253,3253,2019,3,2019-03-01T00:00:00,north,Rulindo,95.637003668163,Long Rain,Long Rains
3254,3254,2019,4,2019-04-01T00:00:00,north,Rulindo,173.42131369897712,Long Rain,Long Rains
3255,3255,2019,5,2019-05-01T00:00:00,north,Rulindo,171.86061087582073,Long Rain,Long Rains
3256,3256,2020,2,2020-02-01T00:00:00,north,Burera,81.32787196402751,Long Rain,Long Rains
3257,3257,2020,3,2020-03-01T00:00:00,north,Burera,134.58374912032022,Long Rain,Long Rains
3258,3258,2020,4,2020-04-01T00:00:00,north,Burera,214.51679162211215,Long Rain,Long Rains
3259,3259,2020,5,2020-05-01T00:00:00,north,Burera,56.7469358362167,Long Rain,Long Rains
3260,3260,2020,2,2020-02-01T00:00:00,north,Gakenke,111.30667769595804,Long Rain,Long Rains
3261,3261,2020,3,2020-03-01T00:00:00,north,Gakenke,138.77983063909275,Long Rain,Long Rains
3262,3262,2020,4,2020-04-01T00:00:00,north,Gakenke,216.46340180774865,Long Rain,Long Rains
3263,3263,2020,5,2020-05-01T00:00:00,north,Gakenke,53.48747834043343,Long Rain,Long Rains
3264,3264,2020,2,2020-02-01T00:00:00,north,Gicumbi,114.67456194210126,Long Rain,Long Rains
3265,3265,2020,3,2020-03-01T00:00:00,north,Gicumbi,132.7327826876686,Long Rain,Long Rains
3266,3266,2020,4,2020-04-01T00:00:00,north,Gicumbi,227.75075811939303,Long Rain,Long Rains
3267,3267,2020,5,2020-05-01T00:00:00,north,Gicumbi,43.80688030497518,Long Rain,Long Rains
3268,3268,2020,2,2020-02-01T00:00:00,north,Musanze,84.86177252866922,Long Rain,Long Rains
3269,3269,2020,3,2020-03-01T00:00:00,north,Musanze,149.64648390902013,Long Rain,Long Rains
3270,3270,2020,4,2020-04-01T00:00:00,north,Musanze,212.7024051969204,Long Rain,Long Rains
3271,3271,2020,5,2020-05-01T00:00:00,north,Musanze,116.1502943373927,Long Rain,Long Rains
3272,3272,2020,2,2020-02-01T00:00:00,north,Rulindo,132.62957992750682,Long Rain,Long Rains
3273,3273,2020,3,2020-03-01T00:00:00,north,Rulindo,130.73076864848244,Long Rain,Long Rains
3274,3274,2020,4,2020-04-01T00:00:00,north,Rulindo,230.2642047887005,Long Rain,Long Rains
3275,3275,2020,5,2020-05-01T00:00:00,north,Rulindo,41.86226370268968,Long Rain,Long Rains
3276,3276,2021,2,2021-02-01T00:00:00,north,Burera,117.31952613814693,Long Rain,Long Rains
3277,3277,2021,3,2021-03-01T00:00:00,north,Burera,124.67504725446942,Long Rain,Long Rains
3278,3278,2021,4,2021-04-01T00:00:00,north,Burera,132.6782482528744,Long Rain,Long Rains
3279,3279,2021,5,2021-05-01T00:00:00,north,Burera,110.5921328386315,Long Rain,Long Rains
3280,3280,2021,2,2021-02-01T00:00:00,north,Gakenke,133.21838683043194,Long Rain,Long Rains
3281,3281,2021,3,2021-03-01T00:00:00,north,Gakenke,128.7042397843035,Long Rain,Long Rains
3282,3282,2021,4,2021-04-01T00:00:00,north,Gakenke,134.1328783520421,Long Rain,Long Rains
3283,3283,2021,5,2021-05-01T00:00:00,north,Gakenke,154.70091497535563,Long Rain,Long Rains
3284,3284,2021,2,2021-02-01T00:00:00,north,Gicumbi,101.26365006592432,Long Rain,Long Rains
3285,3285,2021,3,2021-03-01T00:00:00,north,Gicumbi,130.27237627331084,Long Rain,Long Rains
3286,3286,2021,4,2021-04-01T00:00:00,north,Gicumbi,147.33564599743096,Long Rain,Long Rains
3287,3287,2021,5,2021-05-01T00:00:00,north,Gicumbi,178.88241556078984,Long Rain,Long Rains
3288,3288,2021,2,2021-02-01T00:00:00,north,Musanze,154.5180453574247,Long Rain,Long Rains
3289,3289,2021,3,2021-03-01T00:00:00,north,Musanze,142.96774620808569,Long Rain,Long Rains
3290,3290,2021,4,2021-04-01T00:00:00,north,Musanze,126.26201278198562,Long Rain,Long Rains
3291,3291,2021,5,2021-05-01T00:00:00,north,Musanze,119.27301550723588,Long Rain,Long Rains
3292,3292,2021,2,2021-02-01T00:00:00,north,Rulindo,115.44794300213944,Long Rain,Long Rains
3293,3293,2021,3,2021-03-01T00:00:00,north,Rulindo,133.83216894990196,Long Rain,Long Rains
3294,3294,2021,4,2021-04-01T00:00:00,north,Rulindo,150.5913729219552,Long Rain,Long Rains
3295,3295,2021,5,2021-05-01T00:00:00,north,Rulindo,194.91533125501488,Long Rain,Long Rains
3296,3296,2022,2,2022-02-01T00:00:00,north,Burera,186.4132123832886,Long Rain,Long Rains
3297,3297,2022,3,2022-03-01T00:00:00,north,Burera,120.5050092093822,Long Rain,Long Rains
3298,3298,2022,4,2022-04-01T00:00:00,north,Burera,134.93902422602807,Long Rain,Long Rains
3299,3299,2022,5,2022-05-01T00:00:00,north,Burera,173.75518886691583,Long Rain,Long Rains
3300,3300,2022,2,2022-02-01T00:00:00,north,Gakenke,190.2869851091536,Long Rain,Long Rains
3301,3301,2022,3,2022-03-01T00:00:00,north,Gakenke,126.56392066255276,Long Rain,Long Rains
3302,3302,2022,4,2022-04-01T00:00:00,north,Gakenke,131.23562818513514,Long Rain,Long Rains
3303,3303,2022,5,2022-05-01T00:00:00,north,Gakenke,164.93620743891924,Long Rain,Long Rains
3304,3304,2022,2,2022-02-01T00:00:00,north,Gicumbi,155.5950062338429,Long Rain,Long Rains
3305,3305,2022,3,2022-03-01T00:00:00,north,Gicumbi,124.55955198949884,Long Rain,Long Rains
3306,3306,2022,4,2022-04-01T00:00:00,north,Gicumbi,148.55141092875672,Long Rain,Long Rains
3307,3307,2022,5,2022-05-01T00:00:00,north,Gicumbi,138.38629320943036,Long Rain,Long Rains
3308,3308,2022,2,2022-02-01T00:00:00,north,Musanze,200.7123722559609,Long Rain,Long Rains
3309,3309,2022,3,2022-03-01T00:00:00,north,Musanze,131.97323427205615,Long Rain,Long Rains
3310,3310,2022,4,2022-04-01T00:00:00,north,Musanze,136.0143688871701,Long Rain,Long Rains
3311,3311,2022,5,2022-05-01T00:00:00,north,Musanze,184.3216324118233,Long Rain,Long Rains
3312,3312,2022,2,2022-02-01T00:00:00,north,Rulindo,170.35951341803022,Long Rain,Long Rains
3313,3313,2022,3,2022-03-01T00:00:00,north,Rulindo,130.913825809853,Long Rain,Long Rains
3314,3314,2022,4,2022-04-01T00:00:00,north,Rulindo,139.0670386196209,Long Rain,Long Rains
3315,3315,2022,5,2022-05-01T00:00:00,north,Rulindo,150.75811114616937,Long Rain,Long Rains
3316,3316,2023,2,2023-02-01T00:00:00,north,Burera,36.06446816698153,Long Rain,Long Rains
3317,3317,2023,3,2023-03-01T00:00:00,north,Burera,171.12601364947707,Long Rain,Long Rains
3318,3318,2023,4,2023-04-01T00:00:00,north,Burera,211.7218496418729,Long Rain,Long Rains
3319,3319,2023,5,2023-05-01T00:00:00,north,Burera,208.28250305478156,Long Rain,Long Rains
3320,3320,2023,2,2023-02-01T00:00:00,north,Gakenke,34.323625606366015,Long Rain,Long Rains
3321,3321,2023,3,2023-03-01T00:00:00,north,Gakenke,179.4987299350668,Long Rain,Long Rains
3322,3322,2023,4,2023-04-01T00:00:00,north,Gakenke,220.07817521120324,Long Rain,Long Rains
3323,3323,2023,5,2023-05-01T00:00:00,north,Gakenke,213.38556683132725,Long Rain,Long Rains
3324,3324,2023,2,2023-02-01T00:00:00,north,Gicumbi,29.603269109727623,Long Rain,Long Rains
3325,3325,2023,3,2023-03-01T00:00:00,north,Gicumbi,168.62561869668622,Long Rain,Long Rains
3326,3326,2023,4,2023-04-01T00:00:00,north,Gicumbi,226.628786617177,Long Rain,Long Rains
3327,3327,2023,5,2023-05-01T00:00:00,north,Gicumbi,162.62506095635638,Long Rain,Long Rains
3328,3328,2023,2,2023-02-01T00:00:00,north,Musanze,38.31041579110143,Long Rain,Long Rains
3329,3329,2023,3,2023-03-01T00:00:00,north,Musanze,190.6523159230828,Long Rain,Long Rains
3330,3330,2023,4,2023-04-01T00:00:00,north,Musanze,247.76211345853383,Long Rain,Long Rains
3331,3331,2023,5,2023-05-01T00:00:00,north,Musanze,264.93904610485214,Long Rain,Long Rains
3332,3332,2023,2,2023-02-01T00:00:00,north,Rulindo,31.221162624490457,Long Rain,Long Rains
3333,3333,2023,3,2023-03-01T00:00:00,north,Rulindo,177.32256306469336,Long Rain,Long Rains
3334,3334,2023,4,2023-04-01T00:00:00,north,Rulindo,228.17423915731737,Long Rain,Long Rains
3335,3335,2023,5,2023-05-01T00:00:00,north,Rulindo,177.86558339008985,Long Rain,Long Rains
3336,3336,2000,9,2000-09-01T00:00:00,north,Burera,50.17774949243249,Short Rain,Short Rains
3337,3337,2000,10,2000-10-01T00:00:00,north,Burera,172.14205216210303,Short Rain,Short Rains
3338,3338,2000,11,2000-11-01T00:00:00,north,Burera,170.69160906945703,Short Rain,Short Rains
3339,3339,2000,9,2000-09-01T00:00:00,north,Gakenke,36.98949371941155,Short Rain,Short Rains
3340,3340,2000,10,2000-10-01T00:00:00,north,Gakenke,141.73102597607607,Short Rain,Short Rains
3341,3341,2000,11,2000-11-01T00:00:00,north,Gakenke,162.44273880498992,Short Rain,Short Rains
3342,3342,2000,9,2000-09-01T00:00:00,north,Gicumbi,36.76308600480081,Short Rain,Short Rains
3343,3343,2000,10,2000-10-01T00:00:00,north,Gicumbi,164.2455576554788,Short Rain,Short Rains
3344,3344,2000,11,2000-11-01T00:00:00,north,Gicumbi,168.82512010646303,Short Rain,Short Rains
3345,3345,2000,9,2000-09-01T00:00:00,north,Musanze,69.84795370891065,Short Rain,Short Rains
3346,3346,2000,10,2000-10-01T00:00:00,north,Musanze,193.95869278563524,Short Rain,Short Rains
3347,3347,2000,11,2000-11-01T00:00:00,north,Musanze,205.6256593499789,Short Rain,Short Rains
3348,3348,2000,9,2000-09-01T00:00:00,north,Rulindo,34.901466032354854,Short Rain,Short Rains
3349,3349,2000,10,2000-10-01T00:00:00,north,Rulindo,146.46488343105878,Short Rain,Short Rains
3350,3350,2000,11,2000-11-01T00:00:00,north,Rulindo,163.80817090229814,Short Rain,Short Rains
3351,3351,2001,9,2001-09-01T00:00:00,north,Burera,122.65222294710624,Short Rain,Short Rains
3352,3352,2001,10,2001-10-01T00:00:00,north,Burera,133.55602167120654,Short Rain,Short Rains
3353,3353,2001,11,2001-11-01T00:00:00,north,Burera,191.18419736292185,Short Rain,Short Rains
3354,3354,2001,9,2001-09-01T00:00:00,north,Gakenke,90.47809170048508,Short Rain,Short Rains
3355,3355,2001,10,2001-10-01T00:00:00,north,Gakenke,138.14327016785094,Short Rain,Short Rains
3356,3356,2001,11,2001-11-01T00:00:00,north,Gakenke,191.4106862622136,Short Rain,Short Rains
3357,3357,2001,9,2001-09-01T00:00:00,north,Gicumbi,112.07989786197864,Short Rain,Short Rains
3358,3358,2001,10,2001-10-01T00:00:00,north,Gicumbi,209.85306563008095,Short Rain,Short Rains
3359,3359,2001,11,2001-11-01T00:00:00,north,Gicumbi,180.60613104901896,Short Rain,Short Rains
3360,3360,2001,9,2001-09-01T00:00:00,north,Musanze,116.83379089315925,Short Rain,Short Rains
3361,3361,2001,10,2001-10-01T00:00:00,north,Musanze,144.18711717037837,Short Rain,Short Rains
3362,3362,2001,11,2001-11-01T00:00:00,north,Musanze,221.17333606948063,Short Rain,Short Rains
3363,3363,2001,9,2001-09-01T00:00:00,north,Rulindo,100.3533084825887,Short Rain,Short Rains
3364,3364,2001,10,2001-10-01T00:00:00,north,Rulindo,197.5837896744274,Short Rain,Short Rains
3365,3365,2001,11,2001-11-01T00:00:00,north,Rulindo,176.1370689572648,Short Rain,Short Rains
3366,3366,2002,9,2002-09-01T00:00:00,north,Burera,77.88356966363884,Short Rain,Short Rains
3367,3367,2002,10,2002-10-01T00:00:00,north,Burera,162.03768837857706,Short Rain,Short Rains
3368,3368,2002,11,2002-11-01T00:00:00,north,Burera,121.34385472928447,Short Rain,Short Rains
3369,3369,2002,9,2002-09-01T00:00:00,north,Gakenke,53.45985715363544,Short Rain,Short Rains
3370,3370,2002,10,2002-10-01T00:00:00,north,Gakenke,123.06187440322714,Short Rain,Short Rains
3371,3371,2002,11,2002-11-01T00:00:00,north,Gakenke,119.06542689766644,Short Rain,Short Rains
3372,3372,2002,9,2002-09-01T00:00:00,north,Gicumbi,52.14292152791835,Short Rain,Short Rains
3373,3373,2002,10,2002-10-01T00:00:00,north,Gicumbi,143.61536360951084,Short Rain,Short Rains
3374,3374,2002,11,2002-11-01T00:00:00,north,Gicumbi,112.13976898166624,Short Rain,Short Rains
3375,3375,2002,9,2002-09-01T00:00:00,north,Musanze,81.2616473215238,Short Rain,Short Rains
3376,3376,2002,10,2002-10-01T00:00:00,north,Musanze,187.70236760569875,Short Rain,Short Rains
3377,3377,2002,11,2002-11-01T00:00:00,north,Musanze,143.86347591766645,Short Rain,Short Rains
3378,3378,2002,9,2002-09-01T00:00:00,north,Rulindo,46.52595679041852,Short Rain,Short Rains
3379,3379,2002,10,2002-10-01T00:00:00,north,Rulindo,119.26491008215233,Short Rain,Short Rains
3380,3380,2002,11,2002-11-01T00:00:00,north,Rulindo,112.77112737022044,Short Rain,Short Rains
3381,3381,2003,9,2003-09-01T00:00:00,north,Burera,148.92251114974692,Short Rain,Short Rains
3382,3382,2003,10,2003-10-01T00:00:00,north,Burera,149.13955413821512,Short Rain,Short Rains
3383,3383,2003,11,2003-11-01T00:00:00,north,Burera,121.17512918287252,Short Rain,Short Rains
3384,3384,2003,9,2003-09-01T00:00:00,north,Gakenke,111.53284259725083,Short Rain,Short Rains
3385,3385,2003,10,2003-10-01T00:00:00,north,Gakenke,145.96913644467926,Short Rain,Short Rains
3386,3386,2003,11,2003-11-01T00:00:00,north,Gakenke,118.71691850327906,Short Rain,Short Rains
3387,3387,2003,9,2003-09-01T00:00:00,north,Gicumbi,127.60634844351308,Short Rain,Short Rains
3388,3388,2003,10,2003-10-01T00:00:00,north,Gicumbi,139.8860692845899,Short Rain,Short Rains
3389,3389,2003,11,2003-11-01T00:00:00,north,Gicumbi,114.15128748311906,Short Rain,Short Rains
3390,3390,2003,9,2003-09-01T00:00:00,north,Musanze,157.60524728359093,Short Rain,Short Rains
3391,3391,2003,10,2003-10-01T00:00:00,north,Musanze,188.84162789422112,Short Rain,Short Rains
3392,3392,2003,11,2003-11-01T00:00:00,north,Musanze,137.55325252203886,Short Rain,Short Rains
3393,3393,2003,9,2003-09-01T00:00:00,north,Rulindo,112.61709949633752,Short Rain,Short Rains
3394,3394,2003,10,2003-10-01T00:00:00,north,Rulindo,141.20312723662067,Short Rain,Short Rains
3395,3395,2003,11,2003-11-01T00:00:00,north,Rulindo,118.35566460827748,Short Rain,Short Rains
3396,3396,2004,9,2004-09-01T00:00:00,north,Burera,128.37034988188822,Short Rain,Short Rains
3397,3397,2004,10,2004-10-01T00:00:00,north,Burera,110.29539774818782,Short Rain,Short Rains
3398,3398,2004,11,2004-11-01T00:00:00,north,Burera,133.44799079543242,Short Rain,Short Rains
3399,3399,2004,9,2004-09-01T00:00:00,north,Gakenke,96.50821869617867,Short Rain,Short Rains
3400,3400,2004,10,2004-10-01T00:00:00,north,Gakenke,101.21537628218653,Short Rain,Short Rains
3401,3401,2004,11,2004-11-01T00:00:00,north,Gakenke,166.7452188079978,Short Rain,Short Rains
3402,3402,2004,9,2004-09-01T00:00:00,north,Gicumbi,114.14136513238088,Short Rain,Short Rains
3403,3403,2004,10,2004-10-01T00:00:00,north,Gicumbi,114.46497378317554,Short Rain,Short Rains
3404,3404,2004,11,2004-11-01T00:00:00,north,Gicumbi,180.0433662871503,Short Rain,Short Rains
3405,3405,2004,9,2004-09-01T00:00:00,north,Musanze,132.3467497170655,Short Rain,Short Rains
3406,3406,2004,10,2004-10-01T00:00:00,north,Musanze,126.5539090164676,Short Rain,Short Rains
3407,3407,2004,11,2004-11-01T00:00:00,north,Musanze,143.95486006212428,Short Rain,Short Rains
3408,3408,2004,9,2004-09-01T00:00:00,north,Rulindo,103.40291932650976,Short Rain,Short Rains
3409,3409,2004,10,2004-10-01T00:00:00,north,Rulindo,110.9564826738814,Short Rain,Short Rains
3410,3410,2004,11,2004-11-01T00:00:00,north,Rulindo,194.6452744740012,Short Rain,Short Rains
3411,3411,2005,9,2005-09-01T00:00:00,north,Burera,103.38187395487792,Short Rain,Short Rains
3412,3412,2005,10,2005-10-01T00:00:00,north,Burera,164.14396826343966,Short Rain,Short Rains
3413,3413,2005,11,2005-11-01T00:00:00,north,Burera,76.17508971542767,Short Rain,Short Rains
3414,3414,2005,9,2005-09-01T00:00:00,north,Gakenke,95.40719532206931,Short Rain,Short Rains
3415,3415,2005,10,2005-10-01T00:00:00,north,Gakenke,160.4218957304196,Short Rain,Short Rains
3416,3416,2005,11,2005-11-01T00:00:00,north,Gakenke,73.39342358153864,Short Rain,Short Rains
3417,3417,2005,9,2005-09-01T00:00:00,north,Gicumbi,131.83759711759552,Short Rain,Short Rains
3418,3418,2005,10,2005-10-01T00:00:00,north,Gicumbi,197.81403802424555,Short Rain,Short Rains
3419,3419,2005,11,2005-11-01T00:00:00,north,Gicumbi,74.69270181263207,Short Rain,Short Rains
3420,3420,2005,9,2005-09-01T00:00:00,north,Musanze,101.34178105692914,Short Rain,Short Rains
3421,3421,2005,10,2005-10-01T00:00:00,north,Musanze,153.319639037336,Short Rain,Short Rains
3422,3422,2005,11,2005-11-01T00:00:00,north,Musanze,86.58735424101418,Short Rain,Short Rains
3423,3423,2005,9,2005-09-01T00:00:00,north,Rulindo,128.43037373465637,Short Rain,Short Rains
3424,3424,2005,10,2005-10-01T00:00:00,north,Rulindo,195.3706240383565,Short Rain,Short Rains
3425,3425,2005,11,2005-11-01T00:00:00,north,Rulindo,74.72411484365415,Short Rain,Short Rains
3426,3426,2006,9,2006-09-01T00:00:00,north,Burera,69.88412567313993,Short Rain,Short Rains
3427,3427,2006,10,2006-10-01T00:00:00,north,Burera,98.50381653668876,Short Rain,Short Rains
3428,3428,2006,11,2006-11-01T00:00:00,north,Burera,176.02403847176305,Short Rain,Short Rains
3429,3429,2006,9,2006-09-01T00:00:00,north,Gakenke,52.56631535530617,Short Rain,Short Rains
3430,3430,2006,10,2006-10-01T00:00:00,north,Gakenke,80.02036256311611,Short Rain,Short Rains
3431,3431,2006,11,2006-11-01T00:00:00,north,Gakenke,176.31096564757743,Short Rain,Short Rains
3432,3432,2006,9,2006-09-01T00:00:00,north,Gicumbi,55.35349613410709,Short Rain,Short Rains
3433,3433,2006,10,2006-10-01T00:00:00,north,Gicumbi,92.31411113467205,Short Rain,Short Rains
3434,3434,2006,11,2006-11-01T00:00:00,north,Gicumbi,189.8768903666909,Short Rain,Short Rains
3435,3435,2006,9,2006-09-01T00:00:00,north,Musanze,78.33915050128618,Short Rain,Short Rains
3436,3436,2006,10,2006-10-01T00:00:00,north,Musanze,119.3308142977527,Short Rain,Short Rains
3437,3437,2006,11,2006-11-01T00:00:00,north,Musanze,194.5567489936148,Short Rain,Short Rains
3438,3438,2006,9,2006-09-01T00:00:00,north,Rulindo,47.65496359755784,Short Rain,Short Rains
3439,3439,2006,10,2006-10-01T00:00:00,north,Rulindo,87.56186028831799,Short Rain,Short Rains
3440,3440,2006,11,2006-11-01T00:00:00,north,Rulindo,196.7302263349346,Short Rain,Short Rains
3441,3441,2007,9,2007-09-01T00:00:00,north,Burera,132.7977499082397,Short Rain,Short Rains
3442,3442,2007,10,2007-10-01T00:00:00,north,Burera,111.15782547354576,Short Rain,Short Rains
3443,3443,2007,11,2007-11-01T00:00:00,north,Burera,127.072432072128,Short Rain,Short Rains
3444,3444,2007,9,2007-09-01T00:00:00,north,Gakenke,99.21496458715384,Short Rain,Short Rains
3445,3445,2007,10,2007-10-01T00:00:00,north,Gakenke,99.38911861499304,Short Rain,Short Rains
3446,3446,2007,11,2007-11-01T00:00:00,north,Gakenke,126.78683971099709,Short Rain,Short Rains
3447,3447,2007,9,2007-09-01T00:00:00,north,Gicumbi,118.12140403759142,Short Rain,Short Rains
3448,3448,2007,10,2007-10-01T00:00:00,north,Gicumbi,103.83516476090551,Short Rain,Short Rains
3449,3449,2007,11,2007-11-01T00:00:00,north,Gicumbi,121.51800762845342,Short Rain,Short Rains
3450,3450,2007,9,2007-09-01T00:00:00,north,Musanze,139.74116402553304,Short Rain,Short Rains
3451,3451,2007,10,2007-10-01T00:00:00,north,Musanze,132.2969255802235,Short Rain,Short Rains
3452,3452,2007,11,2007-11-01T00:00:00,north,Musanze,152.6414900465128,Short Rain,Short Rains
3453,3453,2007,9,2007-09-01T00:00:00,north,Rulindo,103.62350037852988,Short Rain,Short Rains
3454,3454,2007,10,2007-10-01T00:00:00,north,Rulindo,101.05634696865246,Short Rain,Short Rains
3455,3455,2007,11,2007-11-01T00:00:00,north,Rulindo,121.22070022507502,Short Rain,Short Rains
3456,3456,2008,9,2008-09-01T00:00:00,north,Burera,76.31511462519491,Short Rain,Short Rains
3457,3457,2008,10,2008-10-01T00:00:00,north,Burera,130.10966483412304,Short Rain,Short Rains
3458,3458,2008,11,2008-11-01T00:00:00,north,Burera,104.61431225702172,Short Rain,Short Rains
3459,3459,2008,9,2008-09-01T00:00:00,north,Gakenke,64.17643232582219,Short Rain,Short Rains
3460,3460,2008,10,2008-10-01T00:00:00,north,Gakenke,116.9240084361529,Short Rain,Short Rains
3461,3461,2008,11,2008-11-01T00:00:00,north,Gakenke,97.26721700074302,Short Rain,Short Rains
3462,3462,2008,9,2008-09-01T00:00:00,north,Gicumbi,75.16507338798013,Short Rain,Short Rains
3463,3463,2008,10,2008-10-01T00:00:00,north,Gicumbi,119.28291799258773,Short Rain,Short Rains
3464,3464,2008,11,2008-11-01T00:00:00,north,Gicumbi,98.09993347143016,Short Rain,Short Rains
3465,3465,2008,9,2008-09-01T00:00:00,north,Musanze,90.68631166345496,Short Rain,Short Rains
3466,3466,2008,10,2008-10-01T00:00:00,north,Musanze,157.65277400876536,Short Rain,Short Rains
3467,3467,2008,11,2008-11-01T00:00:00,north,Musanze,118.50350570096133,Short Rain,Short Rains
3468,3468,2008,9,2008-09-01T00:00:00,north,Rulindo,59.202690223285146,Short Rain,Short Rains
3469,3469,2008,10,2008-10-01T00:00:00,north,Rulindo,108.13383761987016,Short Rain,Short Rains
3470,3470,2008,11,2008-11-01T00:00:00,north,Rulindo,95.15803251053092,Short Rain,Short Rains
3471,3471,2009,9,2009-09-01T00:00:00,north,Burera,78.72284470864335,Short Rain,Short Rains
3472,3472,2009,10,2009-10-01T00:00:00,north,Burera,129.2370279037286,Short Rain,Short Rains
3473,3473,2009,11,2009-11-01T00:00:00,north,Burera,126.1498558569534,Short Rain,Short Rains
3474,3474,2009,9,2009-09-01T00:00:00,north,Gakenke,54.62544367786004,Short Rain,Short Rains
3475,3475,2009,10,2009-10-01T00:00:00,north,Gakenke,141.1424032900259,Short Rain,Short Rains
3476,3476,2009,11,2009-11-01T00:00:00,north,Gakenke,128.4248568503475,Short Rain,Short Rains
3477,3477,2009,9,2009-09-01T00:00:00,north,Gicumbi,40.49005253038426,Short Rain,Short Rains
3478,3478,2009,10,2009-10-01T00:00:00,north,Gicumbi,117.3612266032443,Short Rain,Short Rains
3479,3479,2009,11,2009-11-01T00:00:00,north,Gicumbi,117.96460759067432,Short Rain,Short Rains
3480,3480,2009,9,2009-09-01T00:00:00,north,Musanze,97.17873631667663,Short Rain,Short Rains
3481,3481,2009,10,2009-10-01T00:00:00,north,Musanze,179.99285119624105,Short Rain,Short Rains
3482,3482,2009,11,2009-11-01T00:00:00,north,Musanze,176.14288284707095,Short Rain,Short Rains
3483,3483,2009,9,2009-09-01T00:00:00,north,Rulindo,42.54997847084335,Short Rain,Short Rains
3484,3484,2009,10,2009-10-01T00:00:00,north,Rulindo,136.44476542776505,Short Rain,Short Rains
3485,3485,2009,11,2009-11-01T00:00:00,north,Rulindo,112.4141563408962,Short Rain,Short Rains
3486,3486,2010,9,2010-09-01T00:00:00,north,Burera,102.24656496599958,Short Rain,Short Rains
3487,3487,2010,10,2010-10-01T00:00:00,north,Burera,197.8881797243548,Short Rain,Short Rains
3488,3488,2010,11,2010-11-01T00:00:00,north,Burera,118.36033333336368,Short Rain,Short Rains
3489,3489,2010,9,2010-09-01T00:00:00,north,Gakenke,106.27511511720412,Short Rain,Short Rains
3490,3490,2010,10,2010-10-01T00:00:00,north,Gakenke,154.1565442871975,Short Rain,Short Rains
3491,3491,2010,11,2010-11-01T00:00:00,north,Gakenke,109.28312219428466,Short Rain,Short Rains
3492,3492,2010,9,2010-09-01T00:00:00,north,Gicumbi,82.92793416910092,Short Rain,Short Rains
3493,3493,2010,10,2010-10-01T00:00:00,north,Gicumbi,140.95734557371918,Short Rain,Short Rains
3494,3494,2010,11,2010-11-01T00:00:00,north,Gicumbi,105.57872287874233,Short Rain,Short Rains
3495,3495,2010,9,2010-09-01T00:00:00,north,Musanze,120.90199479311762,Short Rain,Short Rains
3496,3496,2010,10,2010-10-01T00:00:00,north,Musanze,227.58223690434065,Short Rain,Short Rains
3497,3497,2010,11,2010-11-01T00:00:00,north,Musanze,145.57680728461116,Short Rain,Short Rains
3498,3498,2010,9,2010-09-01T00:00:00,north,Rulindo,94.86063898890032,Short Rain,Short Rains
3499,3499,2010,10,2010-10-01T00:00:00,north,Rulindo,127.45835178616537,Short Rain,Short Rains
3500,3500,2010,11,2010-11-01T00:00:00,north,Rulindo,102.18582642308202,Short Rain,Short Rains
3501,3501,2011,9,2011-09-01T00:00:00,north,Burera,175.67599880143007,Short Rain,Short Rains
3502,3502,2011,10,2011-10-01T00:00:00,north,Burera,171.1530601108498,Short Rain,Short Rains
3503,3503,2011,11,2011-11-01T00:00:00,north,Burera,147.6377631457854,Short Rain,Short Rains
3504,3504,2011,9,2011-09-01T00:00:00,north,Gakenke,140.41914615849947,Short Rain,Short Rains
3505,3505,2011,10,2011-10-01T00:00:00,north,Gakenke,147.12585116948813,Short Rain,Short Rains
3506,3506,2011,11,2011-11-01T00:00:00,north,Gakenke,159.06872780599218,Short Rain,Short Rains
3507,3507,2011,9,2011-09-01T00:00:00,north,Gicumbi,190.59783984873704,Short Rain,Short Rains
3508,3508,2011,10,2011-10-01T00:00:00,north,Gicumbi,196.16574400037456,Short Rain,Short Rains
3509,3509,2011,11,2011-11-01T00:00:00,north,Gicumbi,144.56735240331162,Short Rain,Short Rains
3510,3510,2011,9,2011-09-01T00:00:00,north,Musanze,167.64082904305118,Short Rain,Short Rains
3511,3511,2011,10,2011-10-01T00:00:00,north,Musanze,176.40305379742566,Short Rain,Short Rains
3512,3512,2011,11,2011-11-01T00:00:00,north,Musanze,181.7018520365111,Short Rain,Short Rains
3513,3513,2011,9,2011-09-01T00:00:00,north,Rulindo,162.93959007369878,Short Rain,Short Rains
3514,3514,2011,10,2011-10-01T00:00:00,north,Rulindo,170.61077575798495,Short Rain,Short Rains
3515,3515,2011,11,2011-11-01T00:00:00,north,Rulindo,151.1750677353339,Short Rain,Short Rains
3516,3516,2012,9,2012-09-01T00:00:00,north,Burera,114.98715180273908,Short Rain,Short Rains
3517,3517,2012,10,2012-10-01T00:00:00,north,Burera,174.5797266742067,Short Rain,Short Rains
3518,3518,2012,11,2012-11-01T00:00:00,north,Burera,127.36936504144798,Short Rain,Short Rains
3519,3519,2012,9,2012-09-01T00:00:00,north,Gakenke,89.09416725792408,Short Rain,Short Rains
3520,3520,2012,10,2012-10-01T00:00:00,north,Gakenke,161.03949421988628,Short Rain,Short Rains
3521,3521,2012,11,2012-11-01T00:00:00,north,Gakenke,125.64781605300898,Short Rain,Short Rains
3522,3522,2012,9,2012-09-01T00:00:00,north,Gicumbi,113.99027624203772,Short Rain,Short Rains
3523,3523,2012,10,2012-10-01T00:00:00,north,Gicumbi,176.1018562837121,Short Rain,Short Rains
3524,3524,2012,11,2012-11-01T00:00:00,north,Gicumbi,143.97502732023486,Short Rain,Short Rains
3525,3525,2012,9,2012-09-01T00:00:00,north,Musanze,125.7223331969299,Short Rain,Short Rains
3526,3526,2012,10,2012-10-01T00:00:00,north,Musanze,205.6257212357096,Short Rain,Short Rains
3527,3527,2012,11,2012-11-01T00:00:00,north,Musanze,154.68294127832203,Short Rain,Short Rains
3528,3528,2012,9,2012-09-01T00:00:00,north,Rulindo,99.70719601824857,Short Rain,Short Rains
3529,3529,2012,10,2012-10-01T00:00:00,north,Rulindo,162.40431398417988,Short Rain,Short Rains
3530,3530,2012,11,2012-11-01T00:00:00,north,Rulindo,139.95081953985965,Short Rain,Short Rains
3531,3531,2013,9,2013-09-01T00:00:00,north,Burera,118.08878138054976,Short Rain,Short Rains
3532,3532,2013,10,2013-10-01T00:00:00,north,Burera,107.96535211042732,Short Rain,Short Rains
3533,3533,2013,11,2013-11-01T00:00:00,north,Burera,171.3628038392644,Short Rain,Short Rains
3534,3534,2013,9,2013-09-01T00:00:00,north,Gakenke,111.38173971276342,Short Rain,Short Rains
3535,3535,2013,10,2013-10-01T00:00:00,north,Gakenke,96.71680042685676,Short Rain,Short Rains
3536,3536,2013,11,2013-11-01T00:00:00,north,Gakenke,147.48848585862297,Short Rain,Short Rains
3537,3537,2013,9,2013-09-01T00:00:00,north,Gicumbi,121.86640668614362,Short Rain,Short Rains
3538,3538,2013,10,2013-10-01T00:00:00,north,Gicumbi,92.4497061950165,Short Rain,Short Rains
3539,3539,2013,11,2013-11-01T00:00:00,north,Gicumbi,144.1804773811146,Short Rain,Short Rains
3540,3540,2013,9,2013-09-01T00:00:00,north,Musanze,122.93969687441025,Short Rain,Short Rains
3541,3541,2013,10,2013-10-01T00:00:00,north,Musanze,117.59388752815148,Short Rain,Short Rains
3542,3542,2013,11,2013-11-01T00:00:00,north,Musanze,182.3138186266933,Short Rain,Short Rains
3543,3543,2013,9,2013-09-01T00:00:00,north,Rulindo,111.04304322671152,Short Rain,Short Rains
3544,3544,2013,10,2013-10-01T00:00:00,north,Rulindo,99.74670793583388,Short Rain,Short Rains
3545,3545,2013,11,2013-11-01T00:00:00,north,Rulindo,142.57538474923365,Short Rain,Short Rains
3546,3546,2014,9,2014-09-01T00:00:00,north,Burera,109.75603092197608,Short Rain,Short Rains
3547,3547,2014,10,2014-10-01T00:00:00,north,Burera,142.78793902925543,Short Rain,Short Rains
3548,3548,2014,11,2014-11-01T00:00:00,north,Burera,138.3489836548236,Short Rain,Short Rains
3549,3549,2014,9,2014-09-01T00:00:00,north,Gakenke,96.48804459639074,Short Rain,Short Rains
3550,3550,2014,10,2014-10-01T00:00:00,north,Gakenke,129.38805358311666,Short Rain,Short Rains
3551,3551,2014,11,2014-11-01T00:00:00,north,Gakenke,131.70396308184394,Short Rain,Short Rains
3552,3552,2014,9,2014-09-01T00:00:00,north,Gicumbi,89.23995455027654,Short Rain,Short Rains
3553,3553,2014,10,2014-10-01T00:00:00,north,Gicumbi,125.73634545511486,Short Rain,Short Rains
3554,3554,2014,11,2014-11-01T00:00:00,north,Gicumbi,122.02886804260528,Short Rain,Short Rains
3555,3555,2014,9,2014-09-01T00:00:00,north,Musanze,117.04527302531568,Short Rain,Short Rains
3556,3556,2014,10,2014-10-01T00:00:00,north,Musanze,165.83720823571844,Short Rain,Short Rains
3557,3557,2014,11,2014-11-01T00:00:00,north,Musanze,166.92178564202297,Short Rain,Short Rains
3558,3558,2014,9,2014-09-01T00:00:00,north,Rulindo,85.90464038627282,Short Rain,Short Rains
3559,3559,2014,10,2014-10-01T00:00:00,north,Rulindo,123.038908377695,Short Rain,Short Rains
3560,3560,2014,11,2014-11-01T00:00:00,north,Rulindo,118.85334006734642,Short Rain,Short Rains
3561,3561,2015,9,2015-09-01T00:00:00,north,Burera,109.91193218831091,Short Rain,Short Rains
3562,3562,2015,10,2015-10-01T00:00:00,north,Burera,161.36503484456827,Short Rain,Short Rains
3563,3563,2015,11,2015-11-01T00:00:00,north,Burera,155.947236618157,Short Rain,Short Rains
3564,3564,2015,9,2015-09-01T00:00:00,north,Gakenke,88.98271203756265,Short Rain,Short Rains
3565,3565,2015,10,2015-10-01T00:00:00,north,Gakenke,142.78404392970674,Short Rain,Short Rains
3566,3566,2015,11,2015-11-01T00:00:00,north,Gakenke,164.4203111397024,Short Rain,Short Rains
3567,3567,2015,9,2015-09-01T00:00:00,north,Gicumbi,83.41864454125204,Short Rain,Short Rains
3568,3568,2015,10,2015-10-01T00:00:00,north,Gicumbi,135.24634693220614,Short Rain,Short Rains
3569,3569,2015,11,2015-11-01T00:00:00,north,Gicumbi,141.61446584606406,Short Rain,Short Rains
3570,3570,2015,9,2015-09-01T00:00:00,north,Musanze,126.66723129132288,Short Rain,Short Rains
3571,3571,2015,10,2015-10-01T00:00:00,north,Musanze,192.21618938825608,Short Rain,Short Rains
3572,3572,2015,11,2015-11-01T00:00:00,north,Musanze,198.33714237481485,Short Rain,Short Rains
3573,3573,2015,9,2015-09-01T00:00:00,north,Rulindo,80.88984602667175,Short Rain,Short Rains
3574,3574,2015,10,2015-10-01T00:00:00,north,Rulindo,143.4693788122187,Short Rain,Short Rains
3575,3575,2015,11,2015-11-01T00:00:00,north,Rulindo,145.5597394963755,Short Rain,Short Rains
3576,3576,2016,9,2016-09-01T00:00:00,north,Burera,123.76401511134551,Short Rain,Short Rains
3577,3577,2016,10,2016-10-01T00:00:00,north,Burera,213.4340760761124,Short Rain,Short Rains
3578,3578,2016,11,2016-11-01T00:00:00,north,Burera,192.0332884599037,Short Rain,Short Rains
3579,3579,2016,9,2016-09-01T00:00:00,north,Gakenke,117.30488211160404,Short Rain,Short Rains
3580,3580,2016,10,2016-10-01T00:00:00,north,Gakenke,210.80847861498532,Short Rain,Short Rains
3581,3581,2016,11,2016-11-01T00:00:00,north,Gakenke,182.3769234959712,Short Rain,Short Rains
3582,3582,2016,9,2016-09-01T00:00:00,north,Gicumbi,104.72461718705168,Short Rain,Short Rains
3583,3583,2016,10,2016-10-01T00:00:00,north,Gicumbi,179.70794390078086,Short Rain,Short Rains
3584,3584,2016,11,2016-11-01T00:00:00,north,Gicumbi,165.99318129982072,Short Rain,Short Rains
3585,3585,2016,9,2016-09-01T00:00:00,north,Musanze,133.88424766156376,Short Rain,Short Rains
3586,3586,2016,10,2016-10-01T00:00:00,north,Musanze,263.9453195047926,Short Rain,Short Rains
3587,3587,2016,11,2016-11-01T00:00:00,north,Musanze,218.1111108517921,Short Rain,Short Rains
3588,3588,2016,9,2016-09-01T00:00:00,north,Rulindo,104.98583737685634,Short Rain,Short Rains
3589,3589,2016,10,2016-10-01T00:00:00,north,Rulindo,192.3482645214528,Short Rain,Short Rains
3590,3590,2016,11,2016-11-01T00:00:00,north,Rulindo,163.26294583519237,Short Rain,Short Rains
3591,3591,2017,9,2017-09-01T00:00:00,north,Burera,143.01412451222555,Short Rain,Short Rains
3592,3592,2017,10,2017-10-01T00:00:00,north,Burera,188.530918002361,Short Rain,Short Rains
3593,3593,2017,11,2017-11-01T00:00:00,north,Burera,155.50673661008204,Short Rain,Short Rains
3594,3594,2017,9,2017-09-01T00:00:00,north,Gakenke,120.83197358790306,Short Rain,Short Rains
3595,3595,2017,10,2017-10-01T00:00:00,north,Gakenke,154.20254099168002,Short Rain,Short Rains
3596,3596,2017,11,2017-11-01T00:00:00,north,Gakenke,145.83764193194463,Short Rain,Short Rains
3597,3597,2017,9,2017-09-01T00:00:00,north,Gicumbi,119.46596185359812,Short Rain,Short Rains
3598,3598,2017,10,2017-10-01T00:00:00,north,Gicumbi,162.7232588555347,Short Rain,Short Rains
3599,3599,2017,11,2017-11-01T00:00:00,north,Gicumbi,129.0291776712246,Short Rain,Short Rains
3600,3600,2017,9,2017-09-01T00:00:00,north,Musanze,144.39139830823385,Short Rain,Short Rains
3601,3601,2017,10,2017-10-01T00:00:00,north,Musanze,201.0559701148072,Short Rain,Short Rains
3602,3602,2017,11,2017-11-01T00:00:00,north,Musanze,200.2748964612284,Short Rain,Short Rains
3603,3603,2017,9,2017-09-01T00:00:00,north,Rulindo,116.1595067964774,Short Rain,Short Rains
3604,3604,2017,10,2017-10-01T00:00:00,north,Rulindo,158.7456134396453,Short Rain,Short Rains
3605,3605,2017,11,2017-11-01T00:00:00,north,Rulindo,130.2791220222611,Short Rain,Short Rains
3606,3606,2018,9,2018-09-01T00:00:00,north,Burera,118.90027226992753,Short Rain,Short Rains
3607,3607,2018,10,2018-10-01T00:00:00,north,Burera,112.51417440645233,Short Rain,Short Rains
3608,3608,2018,11,2018-11-01T00:00:00,north,Burera,142.89563008358604,Short Rain,Short Rains
3609,3609,2018,9,2018-09-01T00:00:00,north,Gakenke,90.12894977971538,Short Rain,Short Rains
3610,3610,2018,10,2018-10-01T00:00:00,north,Gakenke,101.80201414210184,Short Rain,Short Rains
3611,3611,2018,11,2018-11-01T00:00:00,north,Gakenke,137.1356733878212,Short Rain,Short Rains
3612,3612,2018,9,2018-09-01T00:00:00,north,Gicumbi,66.48423037007093,Short Rain,Short Rains
3613,3613,2018,10,2018-10-01T00:00:00,north,Gicumbi,102.83973706098598,Short Rain,Short Rains
3614,3614,2018,11,2018-11-01T00:00:00,north,Gicumbi,128.65535648547797,Short Rain,Short Rains
3615,3615,2018,9,2018-09-01T00:00:00,north,Musanze,137.89858740340864,Short Rain,Short Rains
3616,3616,2018,10,2018-10-01T00:00:00,north,Musanze,129.67405860973966,Short Rain,Short Rains
3617,3617,2018,11,2018-11-01T00:00:00,north,Musanze,177.50504374618842,Short Rain,Short Rains
3618,3618,2018,9,2018-09-01T00:00:00,north,Rulindo,62.32498357718662,Short Rain,Short Rains
3619,3619,2018,10,2018-10-01T00:00:00,north,Rulindo,101.0254584503256,Short Rain,Short Rains
3620,3620,2018,11,2018-11-01T00:00:00,north,Rulindo,125.66675838365413,Short Rain,Short Rains
3621,3621,2019,9,2019-09-01T00:00:00,north,Burera,104.97072222413722,Short Rain,Short Rains
3622,3622,2019,10,2019-10-01T00:00:00,north,Burera,142.57102133627507,Short Rain,Short Rains
3623,3623,2019,11,2019-11-01T00:00:00,north,Burera,157.1833442373958,Short Rain,Short Rains
3624,3624,2019,9,2019-09-01T00:00:00,north,Gakenke,92.07306400527273,Short Rain,Short Rains
3625,3625,2019,10,2019-10-01T00:00:00,north,Gakenke,136.544467744822,Short Rain,Short Rains
3626,3626,2019,11,2019-11-01T00:00:00,north,Gakenke,160.21643760252434,Short Rain,Short Rains
3627,3627,2019,9,2019-09-01T00:00:00,north,Gicumbi,87.62566058529323,Short Rain,Short Rains
3628,3628,2019,10,2019-10-01T00:00:00,north,Gicumbi,126.14624507248143,Short Rain,Short Rains
3629,3629,2019,11,2019-11-01T00:00:00,north,Gicumbi,146.8231530242428,Short Rain,Short Rains
3630,3630,2019,9,2019-09-01T00:00:00,north,Musanze,123.18675339945771,Short Rain,Short Rains
3631,3631,2019,10,2019-10-01T00:00:00,north,Musanze,161.00271350143132,Short Rain,Short Rains
3632,3632,2019,11,2019-11-01T00:00:00,north,Musanze,185.05467661536653,Short Rain,Short Rains
3633,3633,2019,9,2019-09-01T00:00:00,north,Rulindo,82.2081918657339,Short Rain,Short Rains
3634,3634,2019,10,2019-10-01T00:00:00,north,Rulindo,129.731053075774,Short Rain,Short Rains
3635,3635,2019,11,2019-11-01T00:00:00,north,Rulindo,144.7018576185388,Short Rain,Short Rains
3636,3636,2020,9,2020-09-01T00:00:00,north,Burera,105.92791178441333,Short Rain,Short Rains
3637,3637,2020,10,2020-10-01T00:00:00,north,Burera,202.84205363289777,Short Rain,Short Rains
3638,3638,2020,11,2020-11-01T00:00:00,north,Burera,138.48623251646856,Short Rain,Short Rains
3639,3639,2020,9,2020-09-01T00:00:00,north,Gakenke,75.3164263991549,Short Rain,Short Rains
3640,3640,2020,10,2020-10-01T00:00:00,north,Gakenke,206.8273467338642,Short Rain,Short Rains
3641,3641,2020,11,2020-11-01T00:00:00,north,Gakenke,135.4061974627489,Short Rain,Short Rains
3642,3642,2020,9,2020-09-01T00:00:00,north,Gicumbi,68.42405184382466,Short Rain,Short Rains
3643,3643,2020,10,2020-10-01T00:00:00,north,Gicumbi,216.8726541379695,Short Rain,Short Rains
3644,3644,2020,11,2020-11-01T00:00:00,north,Gicumbi,122.95521847899025,Short Rain,Short Rains
3645,3645,2020,9,2020-09-01T00:00:00,north,Musanze,112.97764360675193,Short Rain,Short Rains
3646,3646,2020,10,2020-10-01T00:00:00,north,Musanze,196.5357553583743,Short Rain,Short Rains
3647,3647,2020,11,2020-11-01T00:00:00,north,Musanze,154.8193429612707,Short Rain,Short Rains
3648,3648,2020,9,2020-09-01T00:00:00,north,Rulindo,61.02844056059286,Short Rain,Short Rains
3649,3649,2020,10,2020-10-01T00:00:00,north,Rulindo,218.6232331026442,Short Rain,Short Rains
3650,3650,2020,11,2020-11-01T00:00:00,north,Rulindo,127.33800942548991,Short Rain,Short Rains
3651,3651,2021,9,2021-09-01T00:00:00,north,Burera,116.90042318742236,Short Rain,Short Rains
3652,3652,2021,10,2021-10-01T00:00:00,north,Burera,133.83760794457834,Short Rain,Short Rains
3653,3653,2021,11,2021-11-01T00:00:00,north,Burera,103.56079853515897,Short Rain,Short Rains
3654,3654,2021,9,2021-09-01T00:00:00,north,Gakenke,100.90062031397878,Short Rain,Short Rains
3655,3655,2021,10,2021-10-01T00:00:00,north,Gakenke,136.85073301849496,Short Rain,Short Rains
3656,3656,2021,11,2021-11-01T00:00:00,north,Gakenke,106.752875893822,Short Rain,Short Rains
3657,3657,2021,9,2021-09-01T00:00:00,north,Gicumbi,102.777947208074,Short Rain,Short Rains
3658,3658,2021,10,2021-10-01T00:00:00,north,Gicumbi,159.78484277955812,Short Rain,Short Rains
3659,3659,2021,11,2021-11-01T00:00:00,north,Gicumbi,88.16006277312378,Short Rain,Short Rains
3660,3660,2021,9,2021-09-01T00:00:00,north,Musanze,123.60191141159969,Short Rain,Short Rains
3661,3661,2021,10,2021-10-01T00:00:00,north,Musanze,143.69240131911332,Short Rain,Short Rains
3662,3662,2021,11,2021-11-01T00:00:00,north,Musanze,124.54270097424656,Short Rain,Short Rains
3663,3663,2021,9,2021-09-01T00:00:00,north,Rulindo,98.89418101959096,Short Rain,Short Rains
3664,3664,2021,10,2021-10-01T00:00:00,north,Rulindo,173.2911170810102,Short Rain,Short Rains
3665,3665,2021,11,2021-11-01T00:00:00,north,Rulindo,94.18643326734716,Short Rain,Short Rains
3666,3666,2022,9,2022-09-01T00:00:00,north,Burera,112.73215020823682,Short Rain,Short Rains
3667,3667,2022,10,2022-10-01T00:00:00,north,Burera,127.32011808057044,Short Rain,Short Rains
3668,3668,2022,11,2022-11-01T00:00:00,north,Burera,170.6974834933205,Short Rain,Short Rains
3669,3669,2022,9,2022-09-01T00:00:00,north,Gakenke,92.24935430408613,Short Rain,Short Rains
3670,3670,2022,10,2022-10-01T00:00:00,north,Gakenke,112.9268205934445,Short Rain,Short Rains
3671,3671,2022,11,2022-11-01T00:00:00,north,Gakenke,158.76800830251514,Short Rain,Short Rains
3672,3672,2022,9,2022-09-01T00:00:00,north,Gicumbi,83.1748532174333,Short Rain,Short Rains
3673,3673,2022,10,2022-10-01T00:00:00,north,Gicumbi,92.9132100722038,Short Rain,Short Rains
3674,3674,2022,11,2022-11-01T00:00:00,north,Gicumbi,144.36941044632204,Short Rain,Short Rains
3675,3675,2022,9,2022-09-01T00:00:00,north,Musanze,125.64739758612622,Short Rain,Short Rains
3676,3676,2022,10,2022-10-01T00:00:00,north,Musanze,163.2061034996657,Short Rain,Short Rains
3677,3677,2022,11,2022-11-01T00:00:00,north,Musanze,191.42482403409525,Short Rain,Short Rains
3678,3678,2022,9,2022-09-01T00:00:00,north,Rulindo,80.87215246087305,Short Rain,Short Rains
3679,3679,2022,10,2022-10-01T00:00:00,north,Rulindo,93.817349957517,Short Rain,Short Rains
3680,3680,2022,11,2022-11-01T00:00:00,north,Rulindo,147.60931597018617,Short Rain,Short Rains
3681,3681,2023,9,2023-09-01T00:00:00,north,Burera,119.70013398933956,Short Rain,Short Rains
3682,3682,2023,10,2023-10-01T00:00:00,north,Burera,99.50385714592582,Short Rain,Short Rains
3683,3683,2023,11,2023-11-01T00:00:00,north,Burera,154.42175720656434,Short Rain,Short Rains
3684,3684,2023,9,2023-09-01T00:00:00,north,Gakenke,109.96185907606989,Short Rain,Short Rains
3685,3685,2023,10,2023-10-01T00:00:00,north,Gakenke,89.59705015780487,Short Rain,Short Rains
3686,3686,2023,11,2023-11-01T00:00:00,north,Gakenke,151.59252950503807,Short Rain,Short Rains
3687,3687,2023,9,2023-09-01T00:00:00,north,Gicumbi,98.55956755529952,Short Rain,Short Rains
3688,3688,2023,10,2023-10-01T00:00:00,north,Gicumbi,90.09968569100204,Short Rain,Short Rains
3689,3689,2023,11,2023-11-01T00:00:00,north,Gicumbi,146.95916870940636,Short Rain,Short Rains
3690,3690,2023,9,2023-09-01T00:00:00,north,Musanze,137.31147903965294,Short Rain,Short Rains
3691,3691,2023,10,2023-10-01T00:00:00,north,Musanze,122.58824565568618,Short Rain,Short Rains
3692,3692,2023,11,2023-11-01T00:00:00,north,Musanze,190.89379966475263,Short Rain,Short Rains
3693,3693,2023,9,2023-09-01T00:00:00,north,Rulindo,98.0518486994269,Short Rain,Short Rains
3694,3694,2023,10,2023-10-01T00:00:00,north,Rulindo,85.96404190079892,Short Rain,Short Rains
3695,3695,2023,11,2023-11-01T00:00:00,north,Rulindo,150.55792827918077,Short Rain,Short Rains
3696,3696,2000,2,2000-02-01T00:00:00,south,Gisagara,78.69349321014435,Long Rain,Long Rains
3697,3697,2000,3,2000-03-01T00:00:00,south,Gisagara,154.56284708824444,Long Rain,Long Rains
3698,3698,2000,4,2000-04-01T00:00:00,south,Gisagara,103.21654841086308,Long Rain,Long Rains
3699,3699,2000,5,2000-05-01T00:00:00,south,Gisagara,51.83813972451781,Long Rain,Long Rains
3700,3700,2000,2,2000-02-01T00:00:00,south,Huye,75.46877693060372,Long Rain,Long Rains
3701,3701,2000,3,2000-03-01T00:00:00,south,Huye,135.75356678392802,Long Rain,Long Rains
3702,3702,2000,4,2000-04-01T00:00:00,south,Huye,109.67078779324024,Long Rain,Long Rains
3703,3703,2000,5,2000-05-01T00:00:00,south,Huye,66.15482548059809,Long Rain,Long Rains
3704,3704,2000,2,2000-02-01T00:00:00,south,Kamonyi,52.787475110935134,Long Rain,Long Rains
3705,3705,2000,3,2000-03-01T00:00:00,south,Kamonyi,94.54709884120774,Long Rain,Long Rains
3706,3706,2000,4,2000-04-01T00:00:00,south,Kamonyi,97.59929578819798,Long Rain,Long Rains
3707,3707,2000,5,2000-05-01T00:00:00,south,Kamonyi,73.77007265484012,Long Rain,Long Rains
3708,3708,2000,2,2000-02-01T00:00:00,south,Muhanga,61.43938468984307,Long Rain,Long Rains
3709,3709,2000,3,2000-03-01T00:00:00,south,Muhanga,96.65452105289602,Long Rain,Long Rains
3710,3710,2000,4,2000-04-01T00:00:00,south,Muhanga,101.30805800939432,Long Rain,Long Rains
3711,3711,2000,5,2000-05-01T00:00:00,south,Muhanga,79.91129931391788,Long Rain,Long Rains
3712,3712,2000,2,2000-02-01T00:00:00,south,Nyamagabe,94.75653390764826,Long Rain,Long Rains
3713,3713,2000,3,2000-03-01T00:00:00,south,Nyamagabe,141.24872419175855,Long Rain,Long Rains
3714,3714,2000,4,2000-04-01T00:00:00,south,Nyamagabe,149.19575710235353,Long Rain,Long Rains
3715,3715,2000,5,2000-05-01T00:00:00,south,Nyamagabe,96.11250352965877,Long Rain,Long Rains
3716,3716,2000,2,2000-02-01T00:00:00,south,Nyanza,65.62942502092365,Long Rain,Long Rains
3717,3717,2000,3,2000-03-01T00:00:00,south,Nyanza,124.67791109634156,Long Rain,Long Rains
3718,3718,2000,4,2000-04-01T00:00:00,south,Nyanza,100.28571514779657,Long Rain,Long Rains
3719,3719,2000,5,2000-05-01T00:00:00,south,Nyanza,59.80163970254264,Long Rain,Long Rains
3720,3720,2000,2,2000-02-01T00:00:00,south,Nyaruguru,96.6693734944598,Long Rain,Long Rains
3721,3721,2000,3,2000-03-01T00:00:00,south,Nyaruguru,152.86924832421735,Long Rain,Long Rains
3722,3722,2000,4,2000-04-01T00:00:00,south,Nyaruguru,161.63962738805836,Long Rain,Long Rains
3723,3723,2000,5,2000-05-01T00:00:00,south,Nyaruguru,71.9173624045792,Long Rain,Long Rains
3724,3724,2000,2,2000-02-01T00:00:00,south,Ruhango,57.66523113083576,Long Rain,Long Rains
3725,3725,2000,3,2000-03-01T00:00:00,south,Ruhango,107.1167095673071,Long Rain,Long Rains
3726,3726,2000,4,2000-04-01T00:00:00,south,Ruhango,102.41534374997984,Long Rain,Long Rains
3727,3727,2000,5,2000-05-01T00:00:00,south,Ruhango,58.9999841928519,Long Rain,Long Rains
3728,3728,2001,2,2001-02-01T00:00:00,south,Gisagara,82.43182882826392,Long Rain,Long Rains
3729,3729,2001,3,2001-03-01T00:00:00,south,Gisagara,153.17932987530156,Long Rain,Long Rains
3730,3730,2001,4,2001-04-01T00:00:00,south,Gisagara,153.93907041256102,Long Rain,Long Rains
3731,3731,2001,5,2001-05-01T00:00:00,south,Gisagara,93.6168943855318,Long Rain,Long Rains
3732,3732,2001,2,2001-02-01T00:00:00,south,Huye,72.45970967951767,Long Rain,Long Rains
3733,3733,2001,3,2001-03-01T00:00:00,south,Huye,160.18405171449584,Long Rain,Long Rains
3734,3734,2001,4,2001-04-01T00:00:00,south,Huye,149.34415980761452,Long Rain,Long Rains
3735,3735,2001,5,2001-05-01T00:00:00,south,Huye,108.51625877501056,Long Rain,Long Rains
3736,3736,2001,2,2001-02-01T00:00:00,south,Kamonyi,67.52503027385977,Long Rain,Long Rains
3737,3737,2001,3,2001-03-01T00:00:00,south,Kamonyi,230.5026042969848,Long Rain,Long Rains
3738,3738,2001,4,2001-04-01T00:00:00,south,Kamonyi,94.34341590249608,Long Rain,Long Rains
3739,3739,2001,5,2001-05-01T00:00:00,south,Kamonyi,68.66615051695345,Long Rain,Long Rains
3740,3740,2001,2,2001-02-01T00:00:00,south,Muhanga,77.76024064092218,Long Rain,Long Rains
3741,3741,2001,3,2001-03-01T00:00:00,south,Muhanga,220.4606119468551,Long Rain,Long Rains
3742,3742,2001,4,2001-04-01T00:00:00,south,Muhanga,118.12844480559978,Long Rain,Long Rains
3743,3743,2001,5,2001-05-01T00:00:00,south,Muhanga,82.61425569039129,Long Rain,Long Rains
3744,3744,2001,2,2001-02-01T00:00:00,south,Nyamagabe,83.30212128479396,Long Rain,Long Rains
3745,3745,2001,3,2001-03-01T00:00:00,south,Nyamagabe,167.76489483559112,Long Rain,Long Rains
3746,3746,2001,4,2001-04-01T00:00:00,south,Nyamagabe,176.16284216094945,Long Rain,Long Rains
3747,3747,2001,5,2001-05-01T00:00:00,south,Nyamagabe,127.42978610193308,Long Rain,Long Rains
3748,3748,2001,2,2001-02-01T00:00:00,south,Nyanza,66.53704563508586,Long Rain,Long Rains
3749,3749,2001,3,2001-03-01T00:00:00,south,Nyanza,193.95628153303744,Long Rain,Long Rains
3750,3750,2001,4,2001-04-01T00:00:00,south,Nyanza,123.7244964207491,Long Rain,Long Rains
3751,3751,2001,5,2001-05-01T00:00:00,south,Nyanza,85.78490574122792,Long Rain,Long Rains
3752,3752,2001,2,2001-02-01T00:00:00,south,Nyaruguru,96.52676313687596,Long Rain,Long Rains
3753,3753,2001,3,2001-03-01T00:00:00,south,Nyaruguru,155.60898778887577,Long Rain,Long Rains
3754,3754,2001,4,2001-04-01T00:00:00,south,Nyaruguru,192.00909232319185,Long Rain,Long Rains
3755,3755,2001,5,2001-05-01T00:00:00,south,Nyaruguru,118.1682546279985,Long Rain,Long Rains
3756,3756,2001,2,2001-02-01T00:00:00,south,Ruhango,64.99258388547688,Long Rain,Long Rains
3757,3757,2001,3,2001-03-01T00:00:00,south,Ruhango,211.89553281424,Long Rain,Long Rains
3758,3758,2001,4,2001-04-01T00:00:00,south,Ruhango,111.39665010605226,Long Rain,Long Rains
3759,3759,2001,5,2001-05-01T00:00:00,south,Ruhango,72.14036784553704,Long Rain,Long Rains
3760,3760,2002,2,2002-02-01T00:00:00,south,Gisagara,88.2380078366458,Long Rain,Long Rains
3761,3761,2002,3,2002-03-01T00:00:00,south,Gisagara,168.90948355937044,Long Rain,Long Rains
3762,3762,2002,4,2002-04-01T00:00:00,south,Gisagara,222.17738068477672,Long Rain,Long Rains
3763,3763,2002,5,2002-05-01T00:00:00,south,Gisagara,150.41262393356806,Long Rain,Long Rains
3764,3764,2002,2,2002-02-01T00:00:00,south,Huye,86.9928660643392,Long Rain,Long Rains
3765,3765,2002,3,2002-03-01T00:00:00,south,Huye,147.25816634126758,Long Rain,Long Rains
3766,3766,2002,4,2002-04-01T00:00:00,south,Huye,208.13694689207583,Long Rain,Long Rains
3767,3767,2002,5,2002-05-01T00:00:00,south,Huye,182.89968180696343,Long Rain,Long Rains
3768,3768,2002,2,2002-02-01T00:00:00,south,Kamonyi,71.84788671400096,Long Rain,Long Rains
3769,3769,2002,3,2002-03-01T00:00:00,south,Kamonyi,127.9888002589837,Long Rain,Long Rains
3770,3770,2002,4,2002-04-01T00:00:00,south,Kamonyi,141.32905107464012,Long Rain,Long Rains
3771,3771,2002,5,2002-05-01T00:00:00,south,Kamonyi,160.48921500053984,Long Rain,Long Rains
3772,3772,2002,2,2002-02-01T00:00:00,south,Muhanga,79.92502939837712,Long Rain,Long Rains
3773,3773,2002,3,2002-03-01T00:00:00,south,Muhanga,126.8509887224444,Long Rain,Long Rains
3774,3774,2002,4,2002-04-01T00:00:00,south,Muhanga,132.37009649186132,Long Rain,Long Rains
3775,3775,2002,5,2002-05-01T00:00:00,south,Muhanga,178.58292950441933,Long Rain,Long Rains
3776,3776,2002,2,2002-02-01T00:00:00,south,Nyamagabe,106.32980475605716,Long Rain,Long Rains
3777,3777,2002,3,2002-03-01T00:00:00,south,Nyamagabe,133.48016951098174,Long Rain,Long Rains
3778,3778,2002,4,2002-04-01T00:00:00,south,Nyamagabe,202.612321835085,Long Rain,Long Rains
3779,3779,2002,5,2002-05-01T00:00:00,south,Nyamagabe,194.8120876649608,Long Rain,Long Rains
3780,3780,2002,2,2002-02-01T00:00:00,south,Nyanza,77.13221809229002,Long Rain,Long Rains
3781,3781,2002,3,2002-03-01T00:00:00,south,Nyanza,143.9769248956856,Long Rain,Long Rains
3782,3782,2002,4,2002-04-01T00:00:00,south,Nyanza,171.98218776001832,Long Rain,Long Rains
3783,3783,2002,5,2002-05-01T00:00:00,south,Nyanza,176.6416137167866,Long Rain,Long Rains
3784,3784,2002,2,2002-02-01T00:00:00,south,Nyaruguru,111.12120223172056,Long Rain,Long Rains
3785,3785,2002,3,2002-03-01T00:00:00,south,Nyaruguru,148.7368663238067,Long Rain,Long Rains
3786,3786,2002,4,2002-04-01T00:00:00,south,Nyaruguru,253.22974866626924,Long Rain,Long Rains
3787,3787,2002,5,2002-05-01T00:00:00,south,Nyaruguru,176.2611998582372,Long Rain,Long Rains
3788,3788,2002,2,2002-02-01T00:00:00,south,Ruhango,73.86837430711823,Long Rain,Long Rains
3789,3789,2002,3,2002-03-01T00:00:00,south,Ruhango,127.73699756132386,Long Rain,Long Rains
3790,3790,2002,4,2002-04-01T00:00:00,south,Ruhango,142.892059213009,Long Rain,Long Rains
3791,3791,2002,5,2002-05-01T00:00:00,south,Ruhango,170.0776763450495,Long Rain,Long Rains
3792,3792,2003,2,2003-02-01T00:00:00,south,Gisagara,96.60084691380544,Long Rain,Long Rains
3793,3793,2003,3,2003-03-01T00:00:00,south,Gisagara,98.00707330068325,Long Rain,Long Rains
3794,3794,2003,4,2003-04-01T00:00:00,south,Gisagara,161.09967269062193,Long Rain,Long Rains
3795,3795,2003,5,2003-05-01T00:00:00,south,Gisagara,103.7316741590504,Long Rain,Long Rains
3796,3796,2003,2,2003-02-01T00:00:00,south,Huye,88.95449131413926,Long Rain,Long Rains
3797,3797,2003,3,2003-03-01T00:00:00,south,Huye,95.2961635737264,Long Rain,Long Rains
3798,3798,2003,4,2003-04-01T00:00:00,south,Huye,165.88017951248878,Long Rain,Long Rains
3799,3799,2003,5,2003-05-01T00:00:00,south,Huye,120.82242277612806,Long Rain,Long Rains
3800,3800,2003,2,2003-02-01T00:00:00,south,Kamonyi,62.45016875100483,Long Rain,Long Rains
3801,3801,2003,3,2003-03-01T00:00:00,south,Kamonyi,93.2051665636497,Long Rain,Long Rains
3802,3802,2003,4,2003-04-01T00:00:00,south,Kamonyi,171.13858196385004,Long Rain,Long Rains
3803,3803,2003,5,2003-05-01T00:00:00,south,Kamonyi,98.97026136511788,Long Rain,Long Rains
3804,3804,2003,2,2003-02-01T00:00:00,south,Muhanga,71.85567217354249,Long Rain,Long Rains
3805,3805,2003,3,2003-03-01T00:00:00,south,Muhanga,100.71737573905835,Long Rain,Long Rains
3806,3806,2003,4,2003-04-01T00:00:00,south,Muhanga,185.09323561991565,Long Rain,Long Rains
3807,3807,2003,5,2003-05-01T00:00:00,south,Muhanga,116.14461400238862,Long Rain,Long Rains
3808,3808,2003,2,2003-02-01T00:00:00,south,Nyamagabe,108.15373671784604,Long Rain,Long Rains
3809,3809,2003,3,2003-03-01T00:00:00,south,Nyamagabe,102.86289601323432,Long Rain,Long Rains
3810,3810,2003,4,2003-04-01T00:00:00,south,Nyamagabe,220.2571978346909,Long Rain,Long Rains
3811,3811,2003,5,2003-05-01T00:00:00,south,Nyamagabe,144.4495412928918,Long Rain,Long Rains
3812,3812,2003,2,2003-02-01T00:00:00,south,Nyanza,79.11861825807384,Long Rain,Long Rains
3813,3813,2003,3,2003-03-01T00:00:00,south,Nyanza,90.53784115767196,Long Rain,Long Rains
3814,3814,2003,4,2003-04-01T00:00:00,south,Nyanza,163.60316522303765,Long Rain,Long Rains
3815,3815,2003,5,2003-05-01T00:00:00,south,Nyanza,104.56376152150888,Long Rain,Long Rains
3816,3816,2003,2,2003-02-01T00:00:00,south,Nyaruguru,115.97251560994648,Long Rain,Long Rains
3817,3817,2003,3,2003-03-01T00:00:00,south,Nyaruguru,104.22095449383866,Long Rain,Long Rains
3818,3818,2003,4,2003-04-01T00:00:00,south,Nyaruguru,201.04989007530915,Long Rain,Long Rains
3819,3819,2003,5,2003-05-01T00:00:00,south,Nyaruguru,136.1557549248917,Long Rain,Long Rains
3820,3820,2003,2,2003-02-01T00:00:00,south,Ruhango,72.7359711386833,Long Rain,Long Rains
3821,3821,2003,3,2003-03-01T00:00:00,south,Ruhango,90.87956971102986,Long Rain,Long Rains
3822,3822,2003,4,2003-04-01T00:00:00,south,Ruhango,171.30410981965983,Long Rain,Long Rains
3823,3823,2003,5,2003-05-01T00:00:00,south,Ruhango,90.34041790232207,Long Rain,Long Rains
3824,3824,2004,2,2004-02-01T00:00:00,south,Gisagara,114.30958044758114,Long Rain,Long Rains
3825,3825,2004,3,2004-03-01T00:00:00,south,Gisagara,163.35152768378904,Long Rain,Long Rains
3826,3826,2004,4,2004-04-01T00:00:00,south,Gisagara,200.98757164628893,Long Rain,Long Rains
3827,3827,2004,5,2004-05-01T00:00:00,south,Gisagara,54.28293305302067,Long Rain,Long Rains
3828,3828,2004,2,2004-02-01T00:00:00,south,Huye,108.96280541418383,Long Rain,Long Rains
3829,3829,2004,3,2004-03-01T00:00:00,south,Huye,151.32587205920686,Long Rain,Long Rains
3830,3830,2004,4,2004-04-01T00:00:00,south,Huye,191.40482554022267,Long Rain,Long Rains
3831,3831,2004,5,2004-05-01T00:00:00,south,Huye,64.30717038214304,Long Rain,Long Rains
3832,3832,2004,2,2004-02-01T00:00:00,south,Kamonyi,100.93619528482944,Long Rain,Long Rains
3833,3833,2004,3,2004-03-01T00:00:00,south,Kamonyi,148.07820877556762,Long Rain,Long Rains
3834,3834,2004,4,2004-04-01T00:00:00,south,Kamonyi,178.47630169399747,Long Rain,Long Rains
3835,3835,2004,5,2004-05-01T00:00:00,south,Kamonyi,57.13213870873621,Long Rain,Long Rains
3836,3836,2004,2,2004-02-01T00:00:00,south,Muhanga,106.26191086539713,Long Rain,Long Rains
3837,3837,2004,3,2004-03-01T00:00:00,south,Muhanga,144.29565817053873,Long Rain,Long Rains
3838,3838,2004,4,2004-04-01T00:00:00,south,Muhanga,178.44957377241494,Long Rain,Long Rains
3839,3839,2004,5,2004-05-01T00:00:00,south,Muhanga,66.4274153924064,Long Rain,Long Rains
3840,3840,2004,2,2004-02-01T00:00:00,south,Nyamagabe,118.28518129212075,Long Rain,Long Rains
3841,3841,2004,3,2004-03-01T00:00:00,south,Nyamagabe,163.83704504940354,Long Rain,Long Rains
3842,3842,2004,4,2004-04-01T00:00:00,south,Nyamagabe,213.2113779332837,Long Rain,Long Rains
3843,3843,2004,5,2004-05-01T00:00:00,south,Nyamagabe,90.46119616862684,Long Rain,Long Rains
3844,3844,2004,2,2004-02-01T00:00:00,south,Nyanza,102.81849064013058,Long Rain,Long Rains
3845,3845,2004,3,2004-03-01T00:00:00,south,Nyanza,152.650466245217,Long Rain,Long Rains
3846,3846,2004,4,2004-04-01T00:00:00,south,Nyanza,189.81754309107092,Long Rain,Long Rains
3847,3847,2004,5,2004-05-01T00:00:00,south,Nyanza,60.48393667309256,Long Rain,Long Rains
3848,3848,2004,2,2004-02-01T00:00:00,south,Nyaruguru,131.46993595363438,Long Rain,Long Rains
3849,3849,2004,3,2004-03-01T00:00:00,south,Nyaruguru,162.6116054193768,Long Rain,Long Rains
3850,3850,2004,4,2004-04-01T00:00:00,south,Nyaruguru,216.52145879277168,Long Rain,Long Rains
3851,3851,2004,5,2004-05-01T00:00:00,south,Nyaruguru,71.636392506439,Long Rain,Long Rains
3852,3852,2004,2,2004-02-01T00:00:00,south,Ruhango,96.95388521829352,Long Rain,Long Rains
3853,3853,2004,3,2004-03-01T00:00:00,south,Ruhango,148.47269789806825,Long Rain,Long Rains
3854,3854,2004,4,2004-04-01T00:00:00,south,Ruhango,181.5682645386201,Long Rain,Long Rains
3855,3855,2004,5,2004-05-01T00:00:00,south,Ruhango,58.77647533863481,Long Rain,Long Rains
3856,3856,2005,2,2005-02-01T00:00:00,south,Gisagara,80.47164922288468,Long Rain,Long Rains
3857,3857,2005,3,2005-03-01T00:00:00,south,Gisagara,171.213757179741,Long Rain,Long Rains
3858,3858,2005,4,2005-04-01T00:00:00,south,Gisagara,105.814158252871,Long Rain,Long Rains
3859,3859,2005,5,2005-05-01T00:00:00,south,Gisagara,131.87317006535267,Long Rain,Long Rains
3860,3860,2005,2,2005-02-01T00:00:00,south,Huye,81.47161143617083,Long Rain,Long Rains
3861,3861,2005,3,2005-03-01T00:00:00,south,Huye,168.71482140610038,Long Rain,Long Rains
3862,3862,2005,4,2005-04-01T00:00:00,south,Huye,105.73792545572744,Long Rain,Long Rains
3863,3863,2005,5,2005-05-01T00:00:00,south,Huye,146.09063893718226,Long Rain,Long Rains
3864,3864,2005,2,2005-02-01T00:00:00,south,Kamonyi,79.47532461122485,Long Rain,Long Rains
3865,3865,2005,3,2005-03-01T00:00:00,south,Kamonyi,154.46196267067444,Long Rain,Long Rains
3866,3866,2005,4,2005-04-01T00:00:00,south,Kamonyi,103.85382713558089,Long Rain,Long Rains
3867,3867,2005,5,2005-05-01T00:00:00,south,Kamonyi,92.38344370226756,Long Rain,Long Rains
3868,3868,2005,2,2005-02-01T00:00:00,south,Muhanga,86.08417880738274,Long Rain,Long Rains
3869,3869,2005,3,2005-03-01T00:00:00,south,Muhanga,156.10545476222546,Long Rain,Long Rains
3870,3870,2005,4,2005-04-01T00:00:00,south,Muhanga,109.58327676397413,Long Rain,Long Rains
3871,3871,2005,5,2005-05-01T00:00:00,south,Muhanga,89.69066188907465,Long Rain,Long Rains
3872,3872,2005,2,2005-02-01T00:00:00,south,Nyamagabe,104.90896165696464,Long Rain,Long Rains
3873,3873,2005,3,2005-03-01T00:00:00,south,Nyamagabe,181.0161115283649,Long Rain,Long Rains
3874,3874,2005,4,2005-04-01T00:00:00,south,Nyamagabe,131.38695922326383,Long Rain,Long Rains
3875,3875,2005,5,2005-05-01T00:00:00,south,Nyamagabe,198.35313647375892,Long Rain,Long Rains
3876,3876,2005,2,2005-02-01T00:00:00,south,Nyanza,77.3323662495606,Long Rain,Long Rains
3877,3877,2005,3,2005-03-01T00:00:00,south,Nyanza,161.32562956674118,Long Rain,Long Rains
3878,3878,2005,4,2005-04-01T00:00:00,south,Nyanza,104.44592167274584,Long Rain,Long Rains
3879,3879,2005,5,2005-05-01T00:00:00,south,Nyanza,130.35071448088732,Long Rain,Long Rains
3880,3880,2005,2,2005-02-01T00:00:00,south,Nyaruguru,101.08955035159894,Long Rain,Long Rains
3881,3881,2005,3,2005-03-01T00:00:00,south,Nyaruguru,193.09020021436572,Long Rain,Long Rains
3882,3882,2005,4,2005-04-01T00:00:00,south,Nyaruguru,131.90202152009098,Long Rain,Long Rains
3883,3883,2005,5,2005-05-01T00:00:00,south,Nyaruguru,173.42403588500943,Long Rain,Long Rains
3884,3884,2005,2,2005-02-01T00:00:00,south,Ruhango,74.87091503750544,Long Rain,Long Rains
3885,3885,2005,3,2005-03-01T00:00:00,south,Ruhango,155.814318814018,Long Rain,Long Rains
3886,3886,2005,4,2005-04-01T00:00:00,south,Ruhango,105.29161674410167,Long Rain,Long Rains
3887,3887,2005,5,2005-05-01T00:00:00,south,Ruhango,98.6737064646624,Long Rain,Long Rains
3888,3888,2006,2,2006-02-01T00:00:00,south,Gisagara,121.50397278466896,Long Rain,Long Rains
3889,3889,2006,3,2006-03-01T00:00:00,south,Gisagara,157.08599502838044,Long Rain,Long Rains
3890,3890,2006,4,2006-04-01T00:00:00,south,Gisagara,224.211844711811,Long Rain,Long Rains
3891,3891,2006,5,2006-05-01T00:00:00,south,Gisagara,166.02222052659758,Long Rain,Long Rains
3892,3892,2006,2,2006-02-01T00:00:00,south,Huye,124.89756687724316,Long Rain,Long Rains
3893,3893,2006,3,2006-03-01T00:00:00,south,Huye,153.43483143152903,Long Rain,Long Rains
3894,3894,2006,4,2006-04-01T00:00:00,south,Huye,217.29589753427112,Long Rain,Long Rains
3895,3895,2006,5,2006-05-01T00:00:00,south,Huye,179.96739042679286,Long Rain,Long Rains
3896,3896,2006,2,2006-02-01T00:00:00,south,Kamonyi,104.11123275453384,Long Rain,Long Rains
3897,3897,2006,3,2006-03-01T00:00:00,south,Kamonyi,141.4169440373207,Long Rain,Long Rains
3898,3898,2006,4,2006-04-01T00:00:00,south,Kamonyi,187.6878759720912,Long Rain,Long Rains
3899,3899,2006,5,2006-05-01T00:00:00,south,Kamonyi,129.12394014886098,Long Rain,Long Rains
3900,3900,2006,2,2006-02-01T00:00:00,south,Muhanga,119.1944513655306,Long Rain,Long Rains
3901,3901,2006,3,2006-03-01T00:00:00,south,Muhanga,147.80395722910572,Long Rain,Long Rains
3902,3902,2006,4,2006-04-01T00:00:00,south,Muhanga,176.5559398951421,Long Rain,Long Rains
3903,3903,2006,5,2006-05-01T00:00:00,south,Muhanga,140.44870764733514,Long Rain,Long Rains
3904,3904,2006,2,2006-02-01T00:00:00,south,Nyamagabe,156.36059891162714,Long Rain,Long Rains
3905,3905,2006,3,2006-03-01T00:00:00,south,Nyamagabe,177.4568914113546,Long Rain,Long Rains
3906,3906,2006,4,2006-04-01T00:00:00,south,Nyamagabe,220.44642767769167,Long Rain,Long Rains
3907,3907,2006,5,2006-05-01T00:00:00,south,Nyamagabe,200.94718301826,Long Rain,Long Rains
3908,3908,2006,2,2006-02-01T00:00:00,south,Nyanza,112.35155820437522,Long Rain,Long Rains
3909,3909,2006,3,2006-03-01T00:00:00,south,Nyanza,145.4567843092219,Long Rain,Long Rains
3910,3910,2006,4,2006-04-01T00:00:00,south,Nyanza,210.47217468745356,Long Rain,Long Rains
3911,3911,2006,5,2006-05-01T00:00:00,south,Nyanza,138.1010946421888,Long Rain,Long Rains
3912,3912,2006,2,2006-02-01T00:00:00,south,Nyaruguru,156.81532700481776,Long Rain,Long Rains
3913,3913,2006,3,2006-03-01T00:00:00,south,Nyaruguru,181.66815141627535,Long Rain,Long Rains
3914,3914,2006,4,2006-04-01T00:00:00,south,Nyaruguru,242.7329691913534,Long Rain,Long Rains
3915,3915,2006,5,2006-05-01T00:00:00,south,Nyaruguru,194.62663693846864,Long Rain,Long Rains
3916,3916,2006,2,2006-02-01T00:00:00,south,Ruhango,108.01277394366484,Long Rain,Long Rains
3917,3917,2006,3,2006-03-01T00:00:00,south,Ruhango,141.70992902439468,Long Rain,Long Rains
3918,3918,2006,4,2006-04-01T00:00:00,south,Ruhango,186.3077506582664,Long Rain,Long Rains
3919,3919,2006,5,2006-05-01T00:00:00,south,Ruhango,121.24333054634404,Long Rain,Long Rains
3920,3920,2007,2,2007-02-01T00:00:00,south,Gisagara,132.20588348290536,Long Rain,Long Rains
3921,3921,2007,3,2007-03-01T00:00:00,south,Gisagara,91.64342935644562,Long Rain,Long Rains
3922,3922,2007,4,2007-04-01T00:00:00,south,Gisagara,199.55651547643805,Long Rain,Long Rains
3923,3923,2007,5,2007-05-01T00:00:00,south,Gisagara,178.56686397948909,Long Rain,Long Rains
3924,3924,2007,2,2007-02-01T00:00:00,south,Huye,129.29970962848793,Long Rain,Long Rains
3925,3925,2007,3,2007-03-01T00:00:00,south,Huye,96.39756612726624,Long Rain,Long Rains
3926,3926,2007,4,2007-04-01T00:00:00,south,Huye,195.04226154318445,Long Rain,Long Rains
3927,3927,2007,5,2007-05-01T00:00:00,south,Huye,212.9860645266413,Long Rain,Long Rains
3928,3928,2007,2,2007-02-01T00:00:00,south,Kamonyi,117.93280321355223,Long Rain,Long Rains
3929,3929,2007,3,2007-03-01T00:00:00,south,Kamonyi,111.43173027080913,Long Rain,Long Rains
3930,3930,2007,4,2007-04-01T00:00:00,south,Kamonyi,153.62220748028,Long Rain,Long Rains
3931,3931,2007,5,2007-05-01T00:00:00,south,Kamonyi,268.1364775521172,Long Rain,Long Rains
3932,3932,2007,2,2007-02-01T00:00:00,south,Muhanga,132.08207688700506,Long Rain,Long Rains
3933,3933,2007,3,2007-03-01T00:00:00,south,Muhanga,116.72606873573396,Long Rain,Long Rains
3934,3934,2007,4,2007-04-01T00:00:00,south,Muhanga,154.71121586949343,Long Rain,Long Rains
3935,3935,2007,5,2007-05-01T00:00:00,south,Muhanga,253.1982058561185,Long Rain,Long Rains
3936,3936,2007,2,2007-02-01T00:00:00,south,Nyamagabe,140.48544341811905,Long Rain,Long Rains
3937,3937,2007,3,2007-03-01T00:00:00,south,Nyamagabe,102.12738423710864,Long Rain,Long Rains
3938,3938,2007,4,2007-04-01T00:00:00,south,Nyamagabe,198.1087166937508,Long Rain,Long Rains
3939,3939,2007,5,2007-05-01T00:00:00,south,Nyamagabe,197.87600264846265,Long Rain,Long Rains
3940,3940,2007,2,2007-02-01T00:00:00,south,Nyanza,117.53619158659674,Long Rain,Long Rains
3941,3941,2007,3,2007-03-01T00:00:00,south,Nyanza,98.50574930049056,Long Rain,Long Rains
3942,3942,2007,4,2007-04-01T00:00:00,south,Nyanza,176.09962331212236,Long Rain,Long Rains
3943,3943,2007,5,2007-05-01T00:00:00,south,Nyanza,221.70275509915535,Long Rain,Long Rains
3944,3944,2007,2,2007-02-01T00:00:00,south,Nyaruguru,153.7797903696665,Long Rain,Long Rains
3945,3945,2007,3,2007-03-01T00:00:00,south,Nyaruguru,98.3329462523575,Long Rain,Long Rains
3946,3946,2007,4,2007-04-01T00:00:00,south,Nyaruguru,222.60216863877147,Long Rain,Long Rains
3947,3947,2007,5,2007-05-01T00:00:00,south,Nyaruguru,175.6065430917168,Long Rain,Long Rains
3948,3948,2007,2,2007-02-01T00:00:00,south,Ruhango,113.7156413183187,Long Rain,Long Rains
3949,3949,2007,3,2007-03-01T00:00:00,south,Ruhango,104.32946916363932,Long Rain,Long Rains
3950,3950,2007,4,2007-04-01T00:00:00,south,Ruhango,168.03283304714756,Long Rain,Long Rains
3951,3951,2007,5,2007-05-01T00:00:00,south,Ruhango,236.0136151435821,Long Rain,Long Rains
3952,3952,2008,2,2008-02-01T00:00:00,south,Gisagara,121.10592819324968,Long Rain,Long Rains
3953,3953,2008,3,2008-03-01T00:00:00,south,Gisagara,136.69732138593346,Long Rain,Long Rains
3954,3954,2008,4,2008-04-01T00:00:00,south,Gisagara,134.52929579865335,Long Rain,Long Rains
3955,3955,2008,5,2008-05-01T00:00:00,south,Gisagara,71.46286311468685,Long Rain,Long Rains
3956,3956,2008,2,2008-02-01T00:00:00,south,Huye,114.31224007226568,Long Rain,Long Rains
3957,3957,2008,3,2008-03-01T00:00:00,south,Huye,120.0261444315928,Long Rain,Long Rains
3958,3958,2008,4,2008-04-01T00:00:00,south,Huye,128.54779186750042,Long Rain,Long Rains
3959,3959,2008,5,2008-05-01T00:00:00,south,Huye,82.96791081505152,Long Rain,Long Rains
3960,3960,2008,2,2008-02-01T00:00:00,south,Kamonyi,71.52855664370801,Long Rain,Long Rains
3961,3961,2008,3,2008-03-01T00:00:00,south,Kamonyi,125.47897975219324,Long Rain,Long Rains
3962,3962,2008,4,2008-04-01T00:00:00,south,Kamonyi,92.64095993022232,Long Rain,Long Rains
3963,3963,2008,5,2008-05-01T00:00:00,south,Kamonyi,58.46745097300207,Long Rain,Long Rains
3964,3964,2008,2,2008-02-01T00:00:00,south,Muhanga,76.95098989866669,Long Rain,Long Rains
3965,3965,2008,3,2008-03-01T00:00:00,south,Muhanga,120.26822617323292,Long Rain,Long Rains
3966,3966,2008,4,2008-04-01T00:00:00,south,Muhanga,92.855158244084,Long Rain,Long Rains
3967,3967,2008,5,2008-05-01T00:00:00,south,Muhanga,69.19130018745825,Long Rain,Long Rains
3968,3968,2008,2,2008-02-01T00:00:00,south,Nyamagabe,132.1601482357656,Long Rain,Long Rains
3969,3969,2008,3,2008-03-01T00:00:00,south,Nyamagabe,128.75008725098752,Long Rain,Long Rains
3970,3970,2008,4,2008-04-01T00:00:00,south,Nyamagabe,124.06956434666884,Long Rain,Long Rains
3971,3971,2008,5,2008-05-01T00:00:00,south,Nyamagabe,95.75042424915983,Long Rain,Long Rains
3972,3972,2008,2,2008-02-01T00:00:00,south,Nyanza,98.47486036750738,Long Rain,Long Rains
3973,3973,2008,3,2008-03-01T00:00:00,south,Nyanza,114.01914021441256,Long Rain,Long Rains
3974,3974,2008,4,2008-04-01T00:00:00,south,Nyanza,114.79108497631276,Long Rain,Long Rains
3975,3975,2008,5,2008-05-01T00:00:00,south,Nyanza,77.05437572153546,Long Rain,Long Rains
3976,3976,2008,2,2008-02-01T00:00:00,south,Nyaruguru,141.5767395928789,Long Rain,Long Rains
3977,3977,2008,3,2008-03-01T00:00:00,south,Nyaruguru,138.912121663106,Long Rain,Long Rains
3978,3978,2008,4,2008-04-01T00:00:00,south,Nyaruguru,148.6001336181299,Long Rain,Long Rains
3979,3979,2008,5,2008-05-01T00:00:00,south,Nyaruguru,91.99333248452662,Long Rain,Long Rains
3980,3980,2008,2,2008-02-01T00:00:00,south,Ruhango,79.03017645346685,Long Rain,Long Rains
3981,3981,2008,3,2008-03-01T00:00:00,south,Ruhango,111.1994397123599,Long Rain,Long Rains
3982,3982,2008,4,2008-04-01T00:00:00,south,Ruhango,98.4454984829114,Long Rain,Long Rains
3983,3983,2008,5,2008-05-01T00:00:00,south,Ruhango,60.056061695615725,Long Rain,Long Rains
3984,3984,2009,2,2009-02-01T00:00:00,south,Gisagara,155.50092202691198,Long Rain,Long Rains
3985,3985,2009,3,2009-03-01T00:00:00,south,Gisagara,133.84204524396253,Long Rain,Long Rains
3986,3986,2009,4,2009-04-01T00:00:00,south,Gisagara,140.37096878778976,Long Rain,Long Rains
3987,3987,2009,5,2009-05-01T00:00:00,south,Gisagara,117.8625598758403,Long Rain,Long Rains
3988,3988,2009,2,2009-02-01T00:00:00,south,Huye,149.86233812085672,Long Rain,Long Rains
3989,3989,2009,3,2009-03-01T00:00:00,south,Huye,125.42326543312788,Long Rain,Long Rains
3990,3990,2009,4,2009-04-01T00:00:00,south,Huye,135.82124154847884,Long Rain,Long Rains
3991,3991,2009,5,2009-05-01T00:00:00,south,Huye,124.23385345357136,Long Rain,Long Rains
3992,3992,2009,2,2009-02-01T00:00:00,south,Kamonyi,174.85865501018787,Long Rain,Long Rains
3993,3993,2009,3,2009-03-01T00:00:00,south,Kamonyi,147.60374503850545,Long Rain,Long Rains
3994,3994,2009,4,2009-04-01T00:00:00,south,Kamonyi,168.12209044113936,Long Rain,Long Rains
3995,3995,2009,5,2009-05-01T00:00:00,south,Kamonyi,186.79266115714765,Long Rain,Long Rains
3996,3996,2009,2,2009-02-01T00:00:00,south,Muhanga,175.7290501390319,Long Rain,Long Rains
3997,3997,2009,3,2009-03-01T00:00:00,south,Muhanga,155.32620031293246,Long Rain,Long Rains
3998,3998,2009,4,2009-04-01T00:00:00,south,Muhanga,162.3756037746471,Long Rain,Long Rains
3999,3999,2009,5,2009-05-01T00:00:00,south,Muhanga,180.86239479544875,Long Rain,Long Rains
4000,4000,2009,2,2009-02-01T00:00:00,south,Nyamagabe,164.8497419981324,Long Rain,Long Rains
4001,4001,2009,3,2009-03-01T00:00:00,south,Nyamagabe,126.29938973594132,Long Rain,Long Rains
4002,4002,2009,4,2009-04-01T00:00:00,south,Nyamagabe,132.33882057234874,Long Rain,Long Rains
4003,4003,2009,5,2009-05-01T00:00:00,south,Nyamagabe,164.0314152626699,Long Rain,Long Rains
4004,4004,2009,2,2009-02-01T00:00:00,south,Nyanza,143.83799123812568,Long Rain,Long Rains
4005,4005,2009,3,2009-03-01T00:00:00,south,Nyanza,134.16655128811226,Long Rain,Long Rains
4006,4006,2009,4,2009-04-01T00:00:00,south,Nyanza,137.8037228031053,Long Rain,Long Rains
4007,4007,2009,5,2009-05-01T00:00:00,south,Nyanza,123.89519453821714,Long Rain,Long Rains
4008,4008,2009,2,2009-02-01T00:00:00,south,Nyaruguru,180.59819509179272,Long Rain,Long Rains
4009,4009,2009,3,2009-03-01T00:00:00,south,Nyaruguru,138.2315814440948,Long Rain,Long Rains
4010,4010,2009,4,2009-04-01T00:00:00,south,Nyaruguru,148.81936909433884,Long Rain,Long Rains
4011,4011,2009,5,2009-05-01T00:00:00,south,Nyaruguru,136.46994998178823,Long Rain,Long Rains
4012,4012,2009,2,2009-02-01T00:00:00,south,Ruhango,149.35889257333693,Long Rain,Long Rains
4013,4013,2009,3,2009-03-01T00:00:00,south,Ruhango,144.99184360447936,Long Rain,Long Rains
4014,4014,2009,4,2009-04-01T00:00:00,south,Ruhango,147.4798709777079,Long Rain,Long Rains
4015,4015,2009,5,2009-05-01T00:00:00,south,Ruhango,139.86620052773875,Long Rain,Long Rains
4016,4016,2010,2,2010-02-01T00:00:00,south,Gisagara,234.82644227509348,Long Rain,Long Rains
4017,4017,2010,3,2010-03-01T00:00:00,south,Gisagara,128.26575673282937,Long Rain,Long Rains
4018,4018,2010,4,2010-04-01T00:00:00,south,Gisagara,179.0126815657514,Long Rain,Long Rains
4019,4019,2010,5,2010-05-01T00:00:00,south,Gisagara,146.739933446026,Long Rain,Long Rains
4020,4020,2010,2,2010-02-01T00:00:00,south,Huye,230.78877411249456,Long Rain,Long Rains
4021,4021,2010,3,2010-03-01T00:00:00,south,Huye,129.58478833569862,Long Rain,Long Rains
4022,4022,2010,4,2010-04-01T00:00:00,south,Huye,173.32123720131077,Long Rain,Long Rains
4023,4023,2010,5,2010-05-01T00:00:00,south,Huye,148.21159424516802,Long Rain,Long Rains
4024,4024,2010,2,2010-02-01T00:00:00,south,Kamonyi,226.34218286808127,Long Rain,Long Rains
4025,4025,2010,3,2010-03-01T00:00:00,south,Kamonyi,147.91358278424707,Long Rain,Long Rains
4026,4026,2010,4,2010-04-01T00:00:00,south,Kamonyi,140.42053277354557,Long Rain,Long Rains
4027,4027,2010,5,2010-05-01T00:00:00,south,Kamonyi,85.56091964359517,Long Rain,Long Rains
4028,4028,2010,2,2010-02-01T00:00:00,south,Muhanga,248.57274537452503,Long Rain,Long Rains
4029,4029,2010,3,2010-03-01T00:00:00,south,Muhanga,161.40555350429213,Long Rain,Long Rains
4030,4030,2010,4,2010-04-01T00:00:00,south,Muhanga,143.5400012237349,Long Rain,Long Rains
4031,4031,2010,5,2010-05-01T00:00:00,south,Muhanga,97.02982264038955,Long Rain,Long Rains
4032,4032,2010,2,2010-02-01T00:00:00,south,Nyamagabe,251.1363113005204,Long Rain,Long Rains
4033,4033,2010,3,2010-03-01T00:00:00,south,Nyamagabe,140.06377092859648,Long Rain,Long Rains
4034,4034,2010,4,2010-04-01T00:00:00,south,Nyamagabe,195.56986242818888,Long Rain,Long Rains
4035,4035,2010,5,2010-05-01T00:00:00,south,Nyamagabe,151.76026869909518,Long Rain,Long Rains
4036,4036,2010,2,2010-02-01T00:00:00,south,Nyanza,217.4442767775243,Long Rain,Long Rains
4037,4037,2010,3,2010-03-01T00:00:00,south,Nyanza,131.1088271670024,Long Rain,Long Rains
4038,4038,2010,4,2010-04-01T00:00:00,south,Nyanza,149.55972010779428,Long Rain,Long Rains
4039,4039,2010,5,2010-05-01T00:00:00,south,Nyanza,126.86170127361314,Long Rain,Long Rains
4040,4040,2010,2,2010-02-01T00:00:00,south,Nyaruguru,248.0404116109623,Long Rain,Long Rains
4041,4041,2010,3,2010-03-01T00:00:00,south,Nyaruguru,138.8227546023152,Long Rain,Long Rains
4042,4042,2010,4,2010-04-01T00:00:00,south,Nyaruguru,241.3073867800062,Long Rain,Long Rains
4043,4043,2010,5,2010-05-01T00:00:00,south,Nyaruguru,151.7892717884317,Long Rain,Long Rains
4044,4044,2010,2,2010-02-01T00:00:00,south,Ruhango,208.31955230426507,Long Rain,Long Rains
4045,4045,2010,3,2010-03-01T00:00:00,south,Ruhango,138.68399405801168,Long Rain,Long Rains
4046,4046,2010,4,2010-04-01T00:00:00,south,Ruhango,143.72669003445068,Long Rain,Long Rains
4047,4047,2010,5,2010-05-01T00:00:00,south,Ruhango,103.42123127556856,Long Rain,Long Rains
4048,4048,2011,2,2011-02-01T00:00:00,south,Gisagara,82.952612150334,Long Rain,Long Rains
4049,4049,2011,3,2011-03-01T00:00:00,south,Gisagara,101.41580793137052,Long Rain,Long Rains
4050,4050,2011,4,2011-04-01T00:00:00,south,Gisagara,136.9449634336981,Long Rain,Long Rains
4051,4051,2011,5,2011-05-01T00:00:00,south,Gisagara,94.90036781531296,Long Rain,Long Rains
4052,4052,2011,2,2011-02-01T00:00:00,south,Huye,84.25892370256804,Long Rain,Long Rains
4053,4053,2011,3,2011-03-01T00:00:00,south,Huye,97.58010152434282,Long Rain,Long Rains
4054,4054,2011,4,2011-04-01T00:00:00,south,Huye,138.539622382013,Long Rain,Long Rains
4055,4055,2011,5,2011-05-01T00:00:00,south,Huye,101.86470496802175,Long Rain,Long Rains
4056,4056,2011,2,2011-02-01T00:00:00,south,Kamonyi,97.42672882641808,Long Rain,Long Rains
4057,4057,2011,3,2011-03-01T00:00:00,south,Kamonyi,119.87713235402327,Long Rain,Long Rains
4058,4058,2011,4,2011-04-01T00:00:00,south,Kamonyi,125.136078565735,Long Rain,Long Rains
4059,4059,2011,5,2011-05-01T00:00:00,south,Kamonyi,102.50465094748554,Long Rain,Long Rains
4060,4060,2011,2,2011-02-01T00:00:00,south,Muhanga,107.13218671801658,Long Rain,Long Rains
4061,4061,2011,3,2011-03-01T00:00:00,south,Muhanga,133.84606336874947,Long Rain,Long Rains
4062,4062,2011,4,2011-04-01T00:00:00,south,Muhanga,124.70382809772016,Long Rain,Long Rains
4063,4063,2011,5,2011-05-01T00:00:00,south,Muhanga,96.73731166056928,Long Rain,Long Rains
4064,4064,2011,2,2011-02-01T00:00:00,south,Nyamagabe,108.33014293965238,Long Rain,Long Rains
4065,4065,2011,3,2011-03-01T00:00:00,south,Nyamagabe,126.8840306857941,Long Rain,Long Rains
4066,4066,2011,4,2011-04-01T00:00:00,south,Nyamagabe,142.3352137953176,Long Rain,Long Rains
4067,4067,2011,5,2011-05-01T00:00:00,south,Nyamagabe,115.74158091947643,Long Rain,Long Rains
4068,4068,2011,2,2011-02-01T00:00:00,south,Nyanza,80.3818299704667,Long Rain,Long Rains
4069,4069,2011,3,2011-03-01T00:00:00,south,Nyanza,95.11093866350208,Long Rain,Long Rains
4070,4070,2011,4,2011-04-01T00:00:00,south,Nyanza,127.73542119722514,Long Rain,Long Rains
4071,4071,2011,5,2011-05-01T00:00:00,south,Nyanza,98.90970359197983,Long Rain,Long Rains
4072,4072,2011,2,2011-02-01T00:00:00,south,Nyaruguru,105.15180158949155,Long Rain,Long Rains
4073,4073,2011,3,2011-03-01T00:00:00,south,Nyaruguru,122.69655604560154,Long Rain,Long Rains
4074,4074,2011,4,2011-04-01T00:00:00,south,Nyaruguru,149.33378598650634,Long Rain,Long Rains
4075,4075,2011,5,2011-05-01T00:00:00,south,Nyaruguru,107.52758436399284,Long Rain,Long Rains
4076,4076,2011,2,2011-02-01T00:00:00,south,Ruhango,83.20068852215823,Long Rain,Long Rains
4077,4077,2011,3,2011-03-01T00:00:00,south,Ruhango,105.2575109515686,Long Rain,Long Rains
4078,4078,2011,4,2011-04-01T00:00:00,south,Ruhango,121.41738023509416,Long Rain,Long Rains
4079,4079,2011,5,2011-05-01T00:00:00,south,Ruhango,90.066895140998,Long Rain,Long Rains
4080,4080,2012,2,2012-02-01T00:00:00,south,Gisagara,76.50896197568649,Long Rain,Long Rains
4081,4081,2012,3,2012-03-01T00:00:00,south,Gisagara,106.4489429102828,Long Rain,Long Rains
4082,4082,2012,4,2012-04-01T00:00:00,south,Gisagara,136.58097790093555,Long Rain,Long Rains
4083,4083,2012,5,2012-05-01T00:00:00,south,Gisagara,164.54783346632664,Long Rain,Long Rains
4084,4084,2012,2,2012-02-01T00:00:00,south,Huye,72.13414121218894,Long Rain,Long Rains
4085,4085,2012,3,2012-03-01T00:00:00,south,Huye,105.4226628149637,Long Rain,Long Rains
4086,4086,2012,4,2012-04-01T00:00:00,south,Huye,132.85911894818392,Long Rain,Long Rains
4087,4087,2012,5,2012-05-01T00:00:00,south,Huye,180.31633186180696,Long Rain,Long Rains
4088,4088,2012,2,2012-02-01T00:00:00,south,Kamonyi,63.03808998482915,Long Rain,Long Rains
4089,4089,2012,3,2012-03-01T00:00:00,south,Kamonyi,127.56211822950682,Long Rain,Long Rains
4090,4090,2012,4,2012-04-01T00:00:00,south,Kamonyi,175.85402190143654,Long Rain,Long Rains
4091,4091,2012,5,2012-05-01T00:00:00,south,Kamonyi,167.58571436222763,Long Rain,Long Rains
4092,4092,2012,2,2012-02-01T00:00:00,south,Muhanga,68.98159993631488,Long Rain,Long Rains
4093,4093,2012,3,2012-03-01T00:00:00,south,Muhanga,135.9383055393988,Long Rain,Long Rains
4094,4094,2012,4,2012-04-01T00:00:00,south,Muhanga,175.0613730256149,Long Rain,Long Rains
4095,4095,2012,5,2012-05-01T00:00:00,south,Muhanga,156.5486628158908,Long Rain,Long Rains
4096,4096,2012,2,2012-02-01T00:00:00,south,Nyamagabe,95.21990384948948,Long Rain,Long Rains
4097,4097,2012,3,2012-03-01T00:00:00,south,Nyamagabe,145.56974104304788,Long Rain,Long Rains
4098,4098,2012,4,2012-04-01T00:00:00,south,Nyamagabe,170.10770438880382,Long Rain,Long Rains
4099,4099,2012,5,2012-05-01T00:00:00,south,Nyamagabe,187.19476958872605,Long Rain,Long Rains
4100,4100,2012,2,2012-02-01T00:00:00,south,Nyanza,59.527088623765806,Long Rain,Long Rains
4101,4101,2012,3,2012-03-01T00:00:00,south,Nyanza,107.38662288791396,Long Rain,Long Rains
4102,4102,2012,4,2012-04-01T00:00:00,south,Nyanza,133.65227493889012,Long Rain,Long Rains
4103,4103,2012,5,2012-05-01T00:00:00,south,Nyanza,159.14296798326137,Long Rain,Long Rains
4104,4104,2012,2,2012-02-01T00:00:00,south,Nyaruguru,111.35798763952364,Long Rain,Long Rains
4105,4105,2012,3,2012-03-01T00:00:00,south,Nyaruguru,129.39886915940616,Long Rain,Long Rains
4106,4106,2012,4,2012-04-01T00:00:00,south,Nyaruguru,184.26304791517123,Long Rain,Long Rains
4107,4107,2012,5,2012-05-01T00:00:00,south,Nyaruguru,173.08355217249982,Long Rain,Long Rains
4108,4108,2012,2,2012-02-01T00:00:00,south,Ruhango,58.69869280614019,Long Rain,Long Rains
4109,4109,2012,3,2012-03-01T00:00:00,south,Ruhango,123.1026648872302,Long Rain,Long Rains
4110,4110,2012,4,2012-04-01T00:00:00,south,Ruhango,145.90337910865915,Long Rain,Long Rains
4111,4111,2012,5,2012-05-01T00:00:00,south,Ruhango,132.44553180363667,Long Rain,Long Rains
4112,4112,2013,2,2013-02-01T00:00:00,south,Gisagara,55.19590615759284,Long Rain,Long Rains
4113,4113,2013,3,2013-03-01T00:00:00,south,Gisagara,232.2418410681218,Long Rain,Long Rains
4114,4114,2013,4,2013-04-01T00:00:00,south,Gisagara,222.10195639257856,Long Rain,Long Rains
4115,4115,2013,5,2013-05-01T00:00:00,south,Gisagara,71.94140011090252,Long Rain,Long Rains
4116,4116,2013,2,2013-02-01T00:00:00,south,Huye,49.769661999622784,Long Rain,Long Rains
4117,4117,2013,3,2013-03-01T00:00:00,south,Huye,238.5935735341734,Long Rain,Long Rains
4118,4118,2013,4,2013-04-01T00:00:00,south,Huye,214.9481935541008,Long Rain,Long Rains
4119,4119,2013,5,2013-05-01T00:00:00,south,Huye,86.65031776461747,Long Rain,Long Rains
4120,4120,2013,2,2013-02-01T00:00:00,south,Kamonyi,63.567559837624565,Long Rain,Long Rains
4121,4121,2013,3,2013-03-01T00:00:00,south,Kamonyi,210.88587794431623,Long Rain,Long Rains
4122,4122,2013,4,2013-04-01T00:00:00,south,Kamonyi,133.47883365640132,Long Rain,Long Rains
4123,4123,2013,5,2013-05-01T00:00:00,south,Kamonyi,55.17164056537877,Long Rain,Long Rains
4124,4124,2013,2,2013-02-01T00:00:00,south,Muhanga,75.74913623489921,Long Rain,Long Rains
4125,4125,2013,3,2013-03-01T00:00:00,south,Muhanga,215.8960832542037,Long Rain,Long Rains
4126,4126,2013,4,2013-04-01T00:00:00,south,Muhanga,147.28192460988194,Long Rain,Long Rains
4127,4127,2013,5,2013-05-01T00:00:00,south,Muhanga,70.5675627654215,Long Rain,Long Rains
4128,4128,2013,2,2013-02-01T00:00:00,south,Nyamagabe,60.72424753799877,Long Rain,Long Rains
4129,4129,2013,3,2013-03-01T00:00:00,south,Nyamagabe,258.4914608522544,Long Rain,Long Rains
4130,4130,2013,4,2013-04-01T00:00:00,south,Nyamagabe,209.5906791090433,Long Rain,Long Rains
4131,4131,2013,5,2013-05-01T00:00:00,south,Nyamagabe,112.06047014570564,Long Rain,Long Rains
4132,4132,2013,2,2013-02-01T00:00:00,south,Nyanza,45.657026717442015,Long Rain,Long Rains
4133,4133,2013,3,2013-03-01T00:00:00,south,Nyanza,227.20155111070503,Long Rain,Long Rains
4134,4134,2013,4,2013-04-01T00:00:00,south,Nyanza,196.3562701482625,Long Rain,Long Rains
4135,4135,2013,5,2013-05-01T00:00:00,south,Nyanza,70.77105470191049,Long Rain,Long Rains
4136,4136,2013,2,2013-02-01T00:00:00,south,Nyaruguru,62.09258025776926,Long Rain,Long Rains
4137,4137,2013,3,2013-03-01T00:00:00,south,Nyaruguru,242.6788526797297,Long Rain,Long Rains
4138,4138,2013,4,2013-04-01T00:00:00,south,Nyaruguru,250.98980472486176,Long Rain,Long Rains
4139,4139,2013,5,2013-05-01T00:00:00,south,Nyaruguru,109.77858323587382,Long Rain,Long Rains
4140,4140,2013,2,2013-02-01T00:00:00,south,Ruhango,49.19876287856989,Long Rain,Long Rains
4141,4141,2013,3,2013-03-01T00:00:00,south,Ruhango,215.22181609798557,Long Rain,Long Rains
4142,4142,2013,4,2013-04-01T00:00:00,south,Ruhango,168.3775452555696,Long Rain,Long Rains
4143,4143,2013,5,2013-05-01T00:00:00,south,Ruhango,59.46453324794697,Long Rain,Long Rains
4144,4144,2014,2,2014-02-01T00:00:00,south,Gisagara,139.40908769493694,Long Rain,Long Rains
4145,4145,2014,3,2014-03-01T00:00:00,south,Gisagara,141.8303064446106,Long Rain,Long Rains
4146,4146,2014,4,2014-04-01T00:00:00,south,Gisagara,129.59670145454086,Long Rain,Long Rains
4147,4147,2014,5,2014-05-01T00:00:00,south,Gisagara,51.013116091519954,Long Rain,Long Rains
4148,4148,2014,2,2014-02-01T00:00:00,south,Huye,135.98486094575364,Long Rain,Long Rains
4149,4149,2014,3,2014-03-01T00:00:00,south,Huye,142.08913920434134,Long Rain,Long Rains
4150,4150,2014,4,2014-04-01T00:00:00,south,Huye,138.21924551570137,Long Rain,Long Rains
4151,4151,2014,5,2014-05-01T00:00:00,south,Huye,60.454659993448175,Long Rain,Long Rains
4152,4152,2014,2,2014-02-01T00:00:00,south,Kamonyi,109.5112198001096,Long Rain,Long Rains
4153,4153,2014,3,2014-03-01T00:00:00,south,Kamonyi,139.83633096651758,Long Rain,Long Rains
4154,4154,2014,4,2014-04-01T00:00:00,south,Kamonyi,123.94896097805648,Long Rain,Long Rains
4155,4155,2014,5,2014-05-01T00:00:00,south,Kamonyi,35.78822594993086,Long Rain,Long Rains
4156,4156,2014,2,2014-02-01T00:00:00,south,Muhanga,133.2558529728266,Long Rain,Long Rains
4157,4157,2014,3,2014-03-01T00:00:00,south,Muhanga,152.81956453974877,Long Rain,Long Rains
4158,4158,2014,4,2014-04-01T00:00:00,south,Muhanga,134.84707298143616,Long Rain,Long Rains
4159,4159,2014,5,2014-05-01T00:00:00,south,Muhanga,45.98459745061073,Long Rain,Long Rains
4160,4160,2014,2,2014-02-01T00:00:00,south,Nyamagabe,151.76060116991022,Long Rain,Long Rains
4161,4161,2014,3,2014-03-01T00:00:00,south,Nyamagabe,159.9300703103683,Long Rain,Long Rains
4162,4162,2014,4,2014-04-01T00:00:00,south,Nyamagabe,166.47710787388286,Long Rain,Long Rains
4163,4163,2014,5,2014-05-01T00:00:00,south,Nyamagabe,78.36263994742518,Long Rain,Long Rains
4164,4164,2014,2,2014-02-01T00:00:00,south,Nyanza,125.4935231911786,Long Rain,Long Rains
4165,4165,2014,3,2014-03-01T00:00:00,south,Nyanza,138.12235582814242,Long Rain,Long Rains
4166,4166,2014,4,2014-04-01T00:00:00,south,Nyanza,132.80334243541472,Long Rain,Long Rains
4167,4167,2014,5,2014-05-01T00:00:00,south,Nyanza,50.24547953777587,Long Rain,Long Rains
4168,4168,2014,2,2014-02-01T00:00:00,south,Nyaruguru,152.26569554508342,Long Rain,Long Rains
4169,4169,2014,3,2014-03-01T00:00:00,south,Nyaruguru,162.66873380119344,Long Rain,Long Rains
4170,4170,2014,4,2014-04-01T00:00:00,south,Nyaruguru,170.76040954748348,Long Rain,Long Rains
4171,4171,2014,5,2014-05-01T00:00:00,south,Nyaruguru,78.30865125774079,Long Rain,Long Rains
4172,4172,2014,2,2014-02-01T00:00:00,south,Ruhango,119.10890260244943,Long Rain,Long Rains
4173,4173,2014,3,2014-03-01T00:00:00,south,Ruhango,139.5715575995548,Long Rain,Long Rains
4174,4174,2014,4,2014-04-01T00:00:00,south,Ruhango,136.29460846836,Long Rain,Long Rains
4175,4175,2014,5,2014-05-01T00:00:00,south,Ruhango,41.78705850745127,Long Rain,Long Rains
4176,4176,2015,2,2015-02-01T00:00:00,south,Gisagara,95.19318135195792,Long Rain,Long Rains
4177,4177,2015,3,2015-03-01T00:00:00,south,Gisagara,169.4286148841368,Long Rain,Long Rains
4178,4178,2015,4,2015-04-01T00:00:00,south,Gisagara,191.3964137126814,Long Rain,Long Rains
4179,4179,2015,5,2015-05-01T00:00:00,south,Gisagara,102.3790504066461,Long Rain,Long Rains
4180,4180,2015,2,2015-02-01T00:00:00,south,Huye,97.0597390806072,Long Rain,Long Rains
4181,4181,2015,3,2015-03-01T00:00:00,south,Huye,166.89414507296317,Long Rain,Long Rains
4182,4182,2015,4,2015-04-01T00:00:00,south,Huye,177.57003872028193,Long Rain,Long Rains
4183,4183,2015,5,2015-05-01T00:00:00,south,Huye,128.21731011110043,Long Rain,Long Rains
4184,4184,2015,2,2015-02-01T00:00:00,south,Kamonyi,82.19606378418251,Long Rain,Long Rains
4185,4185,2015,3,2015-03-01T00:00:00,south,Kamonyi,141.1656800766606,Long Rain,Long Rains
4186,4186,2015,4,2015-04-01T00:00:00,south,Kamonyi,166.66207302923962,Long Rain,Long Rains
4187,4187,2015,5,2015-05-01T00:00:00,south,Kamonyi,84.39514390381727,Long Rain,Long Rains
4188,4188,2015,2,2015-02-01T00:00:00,south,Muhanga,93.21589127034196,Long Rain,Long Rains
4189,4189,2015,3,2015-03-01T00:00:00,south,Muhanga,159.47814324595714,Long Rain,Long Rains
4190,4190,2015,4,2015-04-01T00:00:00,south,Muhanga,173.3117477097423,Long Rain,Long Rains
4191,4191,2015,5,2015-05-01T00:00:00,south,Muhanga,112.52138818246968,Long Rain,Long Rains
4192,4192,2015,2,2015-02-01T00:00:00,south,Nyamagabe,111.52473152341231,Long Rain,Long Rains
4193,4193,2015,3,2015-03-01T00:00:00,south,Nyamagabe,176.19345479749384,Long Rain,Long Rains
4194,4194,2015,4,2015-04-01T00:00:00,south,Nyamagabe,184.9209010934225,Long Rain,Long Rains
4195,4195,2015,5,2015-05-01T00:00:00,south,Nyamagabe,144.6911881584451,Long Rain,Long Rains
4196,4196,2015,2,2015-02-01T00:00:00,south,Nyanza,90.3657581180152,Long Rain,Long Rains
4197,4197,2015,3,2015-03-01T00:00:00,south,Nyanza,153.98733951990667,Long Rain,Long Rains
4198,4198,2015,4,2015-04-01T00:00:00,south,Nyanza,162.7185444959411,Long Rain,Long Rains
4199,4199,2015,5,2015-05-01T00:00:00,south,Nyanza,121.08364432271954,Long Rain,Long Rains
4200,4200,2015,2,2015-02-01T00:00:00,south,Nyaruguru,118.10466113004348,Long Rain,Long Rains
4201,4201,2015,3,2015-03-01T00:00:00,south,Nyaruguru,190.94881480308487,Long Rain,Long Rains
4202,4202,2015,4,2015-04-01T00:00:00,south,Nyaruguru,198.99997200442,Long Rain,Long Rains
4203,4203,2015,5,2015-05-01T00:00:00,south,Nyaruguru,143.0389463942757,Long Rain,Long Rains
4204,4204,2015,2,2015-02-01T00:00:00,south,Ruhango,84.10032981892083,Long Rain,Long Rains
4205,4205,2015,3,2015-03-01T00:00:00,south,Ruhango,148.94322057374598,Long Rain,Long Rains
4206,4206,2015,4,2015-04-01T00:00:00,south,Ruhango,165.37080854220923,Long Rain,Long Rains
4207,4207,2015,5,2015-05-01T00:00:00,south,Ruhango,104.52524546429004,Long Rain,Long Rains
4208,4208,2016,2,2016-02-01T00:00:00,south,Gisagara,81.62168861190132,Long Rain,Long Rains
4209,4209,2016,3,2016-03-01T00:00:00,south,Gisagara,195.67992718706665,Long Rain,Long Rains
4210,4210,2016,4,2016-04-01T00:00:00,south,Gisagara,222.35078270894687,Long Rain,Long Rains
4211,4211,2016,5,2016-05-01T00:00:00,south,Gisagara,63.003624191344834,Long Rain,Long Rains
4212,4212,2016,2,2016-02-01T00:00:00,south,Huye,77.54954997727732,Long Rain,Long Rains
4213,4213,2016,3,2016-03-01T00:00:00,south,Huye,189.0105091325807,Long Rain,Long Rains
4214,4214,2016,4,2016-04-01T00:00:00,south,Huye,227.42356667999127,Long Rain,Long Rains
4215,4215,2016,5,2016-05-01T00:00:00,south,Huye,75.07042370390883,Long Rain,Long Rains
4216,4216,2016,2,2016-02-01T00:00:00,south,Kamonyi,56.625957012000086,Long Rain,Long Rains
4217,4217,2016,3,2016-03-01T00:00:00,south,Kamonyi,192.7327332013243,Long Rain,Long Rains
4218,4218,2016,4,2016-04-01T00:00:00,south,Kamonyi,181.7375302462248,Long Rain,Long Rains
4219,4219,2016,5,2016-05-01T00:00:00,south,Kamonyi,50.17697042926311,Long Rain,Long Rains
4220,4220,2016,2,2016-02-01T00:00:00,south,Muhanga,57.556438443959536,Long Rain,Long Rains
4221,4221,2016,3,2016-03-01T00:00:00,south,Muhanga,211.6808107724433,Long Rain,Long Rains
4222,4222,2016,4,2016-04-01T00:00:00,south,Muhanga,183.0655235333098,Long Rain,Long Rains
4223,4223,2016,5,2016-05-01T00:00:00,south,Muhanga,75.44191341816507,Long Rain,Long Rains
4224,4224,2016,2,2016-02-01T00:00:00,south,Nyamagabe,84.24298163011797,Long Rain,Long Rains
4225,4225,2016,3,2016-03-01T00:00:00,south,Nyamagabe,184.3590374386525,Long Rain,Long Rains
4226,4226,2016,4,2016-04-01T00:00:00,south,Nyamagabe,224.61952327698992,Long Rain,Long Rains
4227,4227,2016,5,2016-05-01T00:00:00,south,Nyamagabe,98.48120434248466,Long Rain,Long Rains
4228,4228,2016,2,2016-02-01T00:00:00,south,Nyanza,71.00883882171924,Long Rain,Long Rains
4229,4229,2016,3,2016-03-01T00:00:00,south,Nyanza,195.71007943798128,Long Rain,Long Rains
4230,4230,2016,4,2016-04-01T00:00:00,south,Nyanza,195.00540900223467,Long Rain,Long Rains
4231,4231,2016,5,2016-05-01T00:00:00,south,Nyanza,61.56177221560554,Long Rain,Long Rains
4232,4232,2016,2,2016-02-01T00:00:00,south,Nyaruguru,90.7283377429923,Long Rain,Long Rains
4233,4233,2016,3,2016-03-01T00:00:00,south,Nyaruguru,176.34041237727448,Long Rain,Long Rains
4234,4234,2016,4,2016-04-01T00:00:00,south,Nyaruguru,266.6472110383372,Long Rain,Long Rains
4235,4235,2016,5,2016-05-01T00:00:00,south,Nyaruguru,94.33912215298275,Long Rain,Long Rains
4236,4236,2016,2,2016-02-01T00:00:00,south,Ruhango,58.29103802976375,Long Rain,Long Rains
4237,4237,2016,3,2016-03-01T00:00:00,south,Ruhango,197.3153824710801,Long Rain,Long Rains
4238,4238,2016,4,2016-04-01T00:00:00,south,Ruhango,181.96759033632105,Long Rain,Long Rains
4239,4239,2016,5,2016-05-01T00:00:00,south,Ruhango,64.80756410563919,Long Rain,Long Rains
4240,4240,2017,2,2017-02-01T00:00:00,south,Gisagara,106.83049721055546,Long Rain,Long Rains
4241,4241,2017,3,2017-03-01T00:00:00,south,Gisagara,136.6731535589993,Long Rain,Long Rains
4242,4242,2017,4,2017-04-01T00:00:00,south,Gisagara,155.7601867959858,Long Rain,Long Rains
4243,4243,2017,5,2017-05-01T00:00:00,south,Gisagara,160.39011006983128,Long Rain,Long Rains
4244,4244,2017,2,2017-02-01T00:00:00,south,Huye,102.22402949982914,Long Rain,Long Rains
4245,4245,2017,3,2017-03-01T00:00:00,south,Huye,126.55398401545165,Long Rain,Long Rains
4246,4246,2017,4,2017-04-01T00:00:00,south,Huye,151.5392403525175,Long Rain,Long Rains
4247,4247,2017,5,2017-05-01T00:00:00,south,Huye,189.5420660721964,Long Rain,Long Rains
4248,4248,2017,2,2017-02-01T00:00:00,south,Kamonyi,73.99321559902053,Long Rain,Long Rains
4249,4249,2017,3,2017-03-01T00:00:00,south,Kamonyi,107.77002292422476,Long Rain,Long Rains
4250,4250,2017,4,2017-04-01T00:00:00,south,Kamonyi,128.37124841742852,Long Rain,Long Rains
4251,4251,2017,5,2017-05-01T00:00:00,south,Kamonyi,131.12318717485985,Long Rain,Long Rains
4252,4252,2017,2,2017-02-01T00:00:00,south,Muhanga,88.61098713436883,Long Rain,Long Rains
4253,4253,2017,3,2017-03-01T00:00:00,south,Muhanga,122.25968930257824,Long Rain,Long Rains
4254,4254,2017,4,2017-04-01T00:00:00,south,Muhanga,131.56050510914184,Long Rain,Long Rains
4255,4255,2017,5,2017-05-01T00:00:00,south,Muhanga,130.8020408217894,Long Rain,Long Rains
4256,4256,2017,2,2017-02-01T00:00:00,south,Nyamagabe,118.79800159178436,Long Rain,Long Rains
4257,4257,2017,3,2017-03-01T00:00:00,south,Nyamagabe,132.68173460285516,Long Rain,Long Rains
4258,4258,2017,4,2017-04-01T00:00:00,south,Nyamagabe,155.9285193773841,Long Rain,Long Rains
4259,4259,2017,5,2017-05-01T00:00:00,south,Nyamagabe,161.30609024441193,Long Rain,Long Rains
4260,4260,2017,2,2017-02-01T00:00:00,south,Nyanza,89.06163946332262,Long Rain,Long Rains
4261,4261,2017,3,2017-03-01T00:00:00,south,Nyanza,118.45530990779174,Long Rain,Long Rains
4262,4262,2017,4,2017-04-01T00:00:00,south,Nyanza,135.6678716050708,Long Rain,Long Rains
4263,4263,2017,5,2017-05-01T00:00:00,south,Nyanza,172.25042007779902,Long Rain,Long Rains
4264,4264,2017,2,2017-02-01T00:00:00,south,Nyaruguru,130.47769191435816,Long Rain,Long Rains
4265,4265,2017,3,2017-03-01T00:00:00,south,Nyaruguru,149.45183261915943,Long Rain,Long Rains
4266,4266,2017,4,2017-04-01T00:00:00,south,Nyaruguru,182.0729956587728,Long Rain,Long Rains
4267,4267,2017,5,2017-05-01T00:00:00,south,Nyaruguru,179.99049245674192,Long Rain,Long Rains
4268,4268,2017,2,2017-02-01T00:00:00,south,Ruhango,82.67017760682847,Long Rain,Long Rains
4269,4269,2017,3,2017-03-01T00:00:00,south,Ruhango,113.31033409705029,Long Rain,Long Rains
4270,4270,2017,4,2017-04-01T00:00:00,south,Ruhango,125.01090471338112,Long Rain,Long Rains
4271,4271,2017,5,2017-05-01T00:00:00,south,Ruhango,136.65526150436716,Long Rain,Long Rains
4272,4272,2018,2,2018-02-01T00:00:00,south,Gisagara,61.11448893803431,Long Rain,Long Rains
4273,4273,2018,3,2018-03-01T00:00:00,south,Gisagara,216.34693610914564,Long Rain,Long Rains
4274,4274,2018,4,2018-04-01T00:00:00,south,Gisagara,333.6722226566725,Long Rain,Long Rains
4275,4275,2018,5,2018-05-01T00:00:00,south,Gisagara,111.742455495715,Long Rain,Long Rains
4276,4276,2018,2,2018-02-01T00:00:00,south,Huye,64.78319999873936,Long Rain,Long Rains
4277,4277,2018,3,2018-03-01T00:00:00,south,Huye,214.245922571686,Long Rain,Long Rains
4278,4278,2018,4,2018-04-01T00:00:00,south,Huye,313.87691657855265,Long Rain,Long Rains
4279,4279,2018,5,2018-05-01T00:00:00,south,Huye,139.56344976399626,Long Rain,Long Rains
4280,4280,2018,2,2018-02-01T00:00:00,south,Kamonyi,54.37815741513879,Long Rain,Long Rains
4281,4281,2018,3,2018-03-01T00:00:00,south,Kamonyi,215.48261392725203,Long Rain,Long Rains
4282,4282,2018,4,2018-04-01T00:00:00,south,Kamonyi,277.1715846645315,Long Rain,Long Rains
4283,4283,2018,5,2018-05-01T00:00:00,south,Kamonyi,140.88630719348598,Long Rain,Long Rains
4284,4284,2018,2,2018-02-01T00:00:00,south,Muhanga,73.49835860353488,Long Rain,Long Rains
4285,4285,2018,3,2018-03-01T00:00:00,south,Muhanga,235.83757163151205,Long Rain,Long Rains
4286,4286,2018,4,2018-04-01T00:00:00,south,Muhanga,283.5948876910325,Long Rain,Long Rains
4287,4287,2018,5,2018-05-01T00:00:00,south,Muhanga,126.10083719648904,Long Rain,Long Rains
4288,4288,2018,2,2018-02-01T00:00:00,south,Nyamagabe,114.61793958300376,Long Rain,Long Rains
4289,4289,2018,3,2018-03-01T00:00:00,south,Nyamagabe,228.38373216254212,Long Rain,Long Rains
4290,4290,2018,4,2018-04-01T00:00:00,south,Nyamagabe,311.5113600768852,Long Rain,Long Rains
4291,4291,2018,5,2018-05-01T00:00:00,south,Nyamagabe,171.4462529849989,Long Rain,Long Rains
4292,4292,2018,2,2018-02-01T00:00:00,south,Nyanza,61.3304608642587,Long Rain,Long Rains
4293,4293,2018,3,2018-03-01T00:00:00,south,Nyanza,210.3440264539339,Long Rain,Long Rains
4294,4294,2018,4,2018-04-01T00:00:00,south,Nyanza,301.0896075166356,Long Rain,Long Rains
4295,4295,2018,5,2018-05-01T00:00:00,south,Nyanza,134.01282811941326,Long Rain,Long Rains
4296,4296,2018,2,2018-02-01T00:00:00,south,Nyaruguru,110.72274642954106,Long Rain,Long Rains
4297,4297,2018,3,2018-03-01T00:00:00,south,Nyaruguru,260.6738629137932,Long Rain,Long Rains
4298,4298,2018,4,2018-04-01T00:00:00,south,Nyaruguru,325.61070498964955,Long Rain,Long Rains
4299,4299,2018,5,2018-05-01T00:00:00,south,Nyaruguru,149.9920649095853,Long Rain,Long Rains
4300,4300,2018,2,2018-02-01T00:00:00,south,Ruhango,61.39686921564797,Long Rain,Long Rains
4301,4301,2018,3,2018-03-01T00:00:00,south,Ruhango,211.9835159456488,Long Rain,Long Rains
4302,4302,2018,4,2018-04-01T00:00:00,south,Ruhango,291.7978333670981,Long Rain,Long Rains
4303,4303,2018,5,2018-05-01T00:00:00,south,Ruhango,128.49834610218775,Long Rain,Long Rains
4304,4304,2019,2,2019-02-01T00:00:00,south,Gisagara,82.79371522211724,Long Rain,Long Rains
4305,4305,2019,3,2019-03-01T00:00:00,south,Gisagara,105.99277484001738,Long Rain,Long Rains
4306,4306,2019,4,2019-04-01T00:00:00,south,Gisagara,194.8872560448584,Long Rain,Long Rains
4307,4307,2019,5,2019-05-01T00:00:00,south,Gisagara,194.1305970351017,Long Rain,Long Rains
4308,4308,2019,2,2019-02-01T00:00:00,south,Huye,75.48375253061565,Long Rain,Long Rains
4309,4309,2019,3,2019-03-01T00:00:00,south,Huye,104.57233479033354,Long Rain,Long Rains
4310,4310,2019,4,2019-04-01T00:00:00,south,Huye,192.20919538645748,Long Rain,Long Rains
4311,4311,2019,5,2019-05-01T00:00:00,south,Huye,211.53907592375623,Long Rain,Long Rains
4312,4312,2019,2,2019-02-01T00:00:00,south,Kamonyi,64.41011116556537,Long Rain,Long Rains
4313,4313,2019,3,2019-03-01T00:00:00,south,Kamonyi,90.4640058769671,Long Rain,Long Rains
4314,4314,2019,4,2019-04-01T00:00:00,south,Kamonyi,145.4796383507562,Long Rain,Long Rains
4315,4315,2019,5,2019-05-01T00:00:00,south,Kamonyi,158.66971387548418,Long Rain,Long Rains
4316,4316,2019,2,2019-02-01T00:00:00,south,Muhanga,69.53418464434847,Long Rain,Long Rains
4317,4317,2019,3,2019-03-01T00:00:00,south,Muhanga,99.63553185549966,Long Rain,Long Rains
4318,4318,2019,4,2019-04-01T00:00:00,south,Muhanga,151.38253388148135,Long Rain,Long Rains
4319,4319,2019,5,2019-05-01T00:00:00,south,Muhanga,147.85546887677788,Long Rain,Long Rains
4320,4320,2019,2,2019-02-01T00:00:00,south,Nyamagabe,73.38316975080514,Long Rain,Long Rains
4321,4321,2019,3,2019-03-01T00:00:00,south,Nyamagabe,107.234040388141,Long Rain,Long Rains
4322,4322,2019,4,2019-04-01T00:00:00,south,Nyamagabe,194.6452464365053,Long Rain,Long Rains
4323,4323,2019,5,2019-05-01T00:00:00,south,Nyamagabe,171.67030532283903,Long Rain,Long Rains
4324,4324,2019,2,2019-02-01T00:00:00,south,Nyanza,71.72860828926828,Long Rain,Long Rains
4325,4325,2019,3,2019-03-01T00:00:00,south,Nyanza,96.03992881765195,Long Rain,Long Rains
4326,4326,2019,4,2019-04-01T00:00:00,south,Nyanza,173.9813154790595,Long Rain,Long Rains
4327,4327,2019,5,2019-05-01T00:00:00,south,Nyanza,184.31083823054567,Long Rain,Long Rains
4328,4328,2019,2,2019-02-01T00:00:00,south,Nyaruguru,80.78110674909145,Long Rain,Long Rains
4329,4329,2019,3,2019-03-01T00:00:00,south,Nyaruguru,113.91576382816442,Long Rain,Long Rains
4330,4330,2019,4,2019-04-01T00:00:00,south,Nyaruguru,221.6238612777565,Long Rain,Long Rains
4331,4331,2019,5,2019-05-01T00:00:00,south,Nyaruguru,183.9726190562409,Long Rain,Long Rains
4332,4332,2019,2,2019-02-01T00:00:00,south,Ruhango,66.46871729077931,Long Rain,Long Rains
4333,4333,2019,3,2019-03-01T00:00:00,south,Ruhango,94.15751101017668,Long Rain,Long Rains
4334,4334,2019,4,2019-04-01T00:00:00,south,Ruhango,152.48729280843392,Long Rain,Long Rains
4335,4335,2019,5,2019-05-01T00:00:00,south,Ruhango,140.66032142766375,Long Rain,Long Rains
4336,4336,2020,2,2020-02-01T00:00:00,south,Gisagara,163.24438514632286,Long Rain,Long Rains
4337,4337,2020,3,2020-03-01T00:00:00,south,Gisagara,164.8205903902756,Long Rain,Long Rains
4338,4338,2020,4,2020-04-01T00:00:00,south,Gisagara,214.8250986579734,Long Rain,Long Rains
4339,4339,2020,5,2020-05-01T00:00:00,south,Gisagara,83.31566982848882,Long Rain,Long Rains
4340,4340,2020,2,2020-02-01T00:00:00,south,Huye,147.98829835707178,Long Rain,Long Rains
4341,4341,2020,3,2020-03-01T00:00:00,south,Huye,152.79174681439378,Long Rain,Long Rains
4342,4342,2020,4,2020-04-01T00:00:00,south,Huye,217.32678845050864,Long Rain,Long Rains
4343,4343,2020,5,2020-05-01T00:00:00,south,Huye,96.83311885513513,Long Rain,Long Rains
4344,4344,2020,2,2020-02-01T00:00:00,south,Kamonyi,144.58579173785998,Long Rain,Long Rains
4345,4345,2020,3,2020-03-01T00:00:00,south,Kamonyi,126.74441717742586,Long Rain,Long Rains
4346,4346,2020,4,2020-04-01T00:00:00,south,Kamonyi,186.79638440590975,Long Rain,Long Rains
4347,4347,2020,5,2020-05-01T00:00:00,south,Kamonyi,48.057405680969325,Long Rain,Long Rains
4348,4348,2020,2,2020-02-01T00:00:00,south,Muhanga,139.9324028670671,Long Rain,Long Rains
4349,4349,2020,3,2020-03-01T00:00:00,south,Muhanga,132.02268946287663,Long Rain,Long Rains
4350,4350,2020,4,2020-04-01T00:00:00,south,Muhanga,210.89941384720063,Long Rain,Long Rains
4351,4351,2020,5,2020-05-01T00:00:00,south,Muhanga,62.93786509248075,Long Rain,Long Rains
4352,4352,2020,2,2020-02-01T00:00:00,south,Nyamagabe,114.17489331410694,Long Rain,Long Rains
4353,4353,2020,3,2020-03-01T00:00:00,south,Nyamagabe,149.1910345960297,Long Rain,Long Rains
4354,4354,2020,4,2020-04-01T00:00:00,south,Nyamagabe,254.28151921751072,Long Rain,Long Rains
4355,4355,2020,5,2020-05-01T00:00:00,south,Nyamagabe,127.98512705457904,Long Rain,Long Rains
4356,4356,2020,2,2020-02-01T00:00:00,south,Nyanza,140.72303311774192,Long Rain,Long Rains
4357,4357,2020,3,2020-03-01T00:00:00,south,Nyanza,143.53136008913762,Long Rain,Long Rains
4358,4358,2020,4,2020-04-01T00:00:00,south,Nyanza,207.27581003357693,Long Rain,Long Rains
4359,4359,2020,5,2020-05-01T00:00:00,south,Nyanza,73.02329776719684,Long Rain,Long Rains
4360,4360,2020,2,2020-02-01T00:00:00,south,Nyaruguru,145.13725034904218,Long Rain,Long Rains
4361,4361,2020,3,2020-03-01T00:00:00,south,Nyaruguru,161.91981966860206,Long Rain,Long Rains
4362,4362,2020,4,2020-04-01T00:00:00,south,Nyaruguru,281.5812832117888,Long Rain,Long Rains
4363,4363,2020,5,2020-05-01T00:00:00,south,Nyaruguru,130.59414267818738,Long Rain,Long Rains
4364,4364,2020,2,2020-02-01T00:00:00,south,Ruhango,136.2806009758123,Long Rain,Long Rains
4365,4365,2020,3,2020-03-01T00:00:00,south,Ruhango,134.12327349964397,Long Rain,Long Rains
4366,4366,2020,4,2020-04-01T00:00:00,south,Ruhango,206.88324638853075,Long Rain,Long Rains
4367,4367,2020,5,2020-05-01T00:00:00,south,Ruhango,62.871381051340286,Long Rain,Long Rains
4368,4368,2021,2,2021-02-01T00:00:00,south,Gisagara,114.50064111038486,Long Rain,Long Rains
4369,4369,2021,3,2021-03-01T00:00:00,south,Gisagara,135.89385805806774,Long Rain,Long Rains
4370,4370,2021,4,2021-04-01T00:00:00,south,Gisagara,155.6603508020416,Long Rain,Long Rains
4371,4371,2021,5,2021-05-01T00:00:00,south,Gisagara,218.29063966326305,Long Rain,Long Rains
4372,4372,2021,2,2021-02-01T00:00:00,south,Huye,122.8314177102974,Long Rain,Long Rains
4373,4373,2021,3,2021-03-01T00:00:00,south,Huye,136.4723460310312,Long Rain,Long Rains
4374,4374,2021,4,2021-04-01T00:00:00,south,Huye,145.79967197032525,Long Rain,Long Rains
4375,4375,2021,5,2021-05-01T00:00:00,south,Huye,257.7643990833544,Long Rain,Long Rains
4376,4376,2021,2,2021-02-01T00:00:00,south,Kamonyi,108.98441522105904,Long Rain,Long Rains
4377,4377,2021,3,2021-03-01T00:00:00,south,Kamonyi,117.85498797690636,Long Rain,Long Rains
4378,4378,2021,4,2021-04-01T00:00:00,south,Kamonyi,118.29993394290234,Long Rain,Long Rains
4379,4379,2021,5,2021-05-01T00:00:00,south,Kamonyi,188.4152743248997,Long Rain,Long Rains
4380,4380,2021,2,2021-02-01T00:00:00,south,Muhanga,130.80426171799988,Long Rain,Long Rains
4381,4381,2021,3,2021-03-01T00:00:00,south,Muhanga,129.6182077605159,Long Rain,Long Rains
4382,4382,2021,4,2021-04-01T00:00:00,south,Muhanga,117.88016894327144,Long Rain,Long Rains
4383,4383,2021,5,2021-05-01T00:00:00,south,Muhanga,175.02333974363646,Long Rain,Long Rains
4384,4384,2021,2,2021-02-01T00:00:00,south,Nyamagabe,150.11223580048764,Long Rain,Long Rains
4385,4385,2021,3,2021-03-01T00:00:00,south,Nyamagabe,145.45364991426678,Long Rain,Long Rains
4386,4386,2021,4,2021-04-01T00:00:00,south,Nyamagabe,128.81835272310886,Long Rain,Long Rains
4387,4387,2021,5,2021-05-01T00:00:00,south,Nyamagabe,190.17797833192816,Long Rain,Long Rains
4388,4388,2021,2,2021-02-01T00:00:00,south,Nyanza,111.52845934190248,Long Rain,Long Rains
4389,4389,2021,3,2021-03-01T00:00:00,south,Nyanza,128.03108681887866,Long Rain,Long Rains
4390,4390,2021,4,2021-04-01T00:00:00,south,Nyanza,127.89388258105691,Long Rain,Long Rains
4391,4391,2021,5,2021-05-01T00:00:00,south,Nyanza,240.95722718729672,Long Rain,Long Rains
4392,4392,2021,2,2021-02-01T00:00:00,south,Nyaruguru,150.0103582302169,Long Rain,Long Rains
4393,4393,2021,3,2021-03-01T00:00:00,south,Nyaruguru,146.40903369165616,Long Rain,Long Rains
4394,4394,2021,4,2021-04-01T00:00:00,south,Nyaruguru,149.31683526668976,Long Rain,Long Rains
4395,4395,2021,5,2021-05-01T00:00:00,south,Nyaruguru,204.7305667936451,Long Rain,Long Rains
4396,4396,2021,2,2021-02-01T00:00:00,south,Ruhango,107.50034050437044,Long Rain,Long Rains
4397,4397,2021,3,2021-03-01T00:00:00,south,Ruhango,123.66185245015404,Long Rain,Long Rains
4398,4398,2021,4,2021-04-01T00:00:00,south,Ruhango,117.81114888475976,Long Rain,Long Rains
4399,4399,2021,5,2021-05-01T00:00:00,south,Ruhango,182.6614558644233,Long Rain,Long Rains
4400,4400,2022,2,2022-02-01T00:00:00,south,Gisagara,149.957606548139,Long Rain,Long Rains
4401,4401,2022,3,2022-03-01T00:00:00,south,Gisagara,140.14593702135176,Long Rain,Long Rains
4402,4402,2022,4,2022-04-01T00:00:00,south,Gisagara,190.78457399661332,Long Rain,Long Rains
4403,4403,2022,5,2022-05-01T00:00:00,south,Gisagara,127.15039713035726,Long Rain,Long Rains
4404,4404,2022,2,2022-02-01T00:00:00,south,Huye,150.56589944170278,Long Rain,Long Rains
4405,4405,2022,3,2022-03-01T00:00:00,south,Huye,142.00076035268734,Long Rain,Long Rains
4406,4406,2022,4,2022-04-01T00:00:00,south,Huye,186.75680081262448,Long Rain,Long Rains
4407,4407,2022,5,2022-05-01T00:00:00,south,Huye,152.16110252819217,Long Rain,Long Rains
4408,4408,2022,2,2022-02-01T00:00:00,south,Kamonyi,151.16367298169692,Long Rain,Long Rains
4409,4409,2022,3,2022-03-01T00:00:00,south,Kamonyi,119.15600933011724,Long Rain,Long Rains
4410,4410,2022,4,2022-04-01T00:00:00,south,Kamonyi,145.4515570528641,Long Rain,Long Rains
4411,4411,2022,5,2022-05-01T00:00:00,south,Kamonyi,119.71258926006996,Long Rain,Long Rains
4412,4412,2022,2,2022-02-01T00:00:00,south,Muhanga,180.11324319557596,Long Rain,Long Rains
4413,4413,2022,3,2022-03-01T00:00:00,south,Muhanga,127.3210570801799,Long Rain,Long Rains
4414,4414,2022,4,2022-04-01T00:00:00,south,Muhanga,123.8002412259858,Long Rain,Long Rains
4415,4415,2022,5,2022-05-01T00:00:00,south,Muhanga,133.4394521889797,Long Rain,Long Rains
4416,4416,2022,2,2022-02-01T00:00:00,south,Nyamagabe,184.50051673816472,Long Rain,Long Rains
4417,4417,2022,3,2022-03-01T00:00:00,south,Nyamagabe,145.83689507364943,Long Rain,Long Rains
4418,4418,2022,4,2022-04-01T00:00:00,south,Nyamagabe,155.65262669766346,Long Rain,Long Rains
4419,4419,2022,5,2022-05-01T00:00:00,south,Nyamagabe,158.93920594250625,Long Rain,Long Rains
4420,4420,2022,2,2022-02-01T00:00:00,south,Nyanza,144.4011582282089,Long Rain,Long Rains
4421,4421,2022,3,2022-03-01T00:00:00,south,Nyanza,127.89187105494416,Long Rain,Long Rains
4422,4422,2022,4,2022-04-01T00:00:00,south,Nyanza,170.78077256294767,Long Rain,Long Rains
4423,4423,2022,5,2022-05-01T00:00:00,south,Nyanza,135.4457896644205,Long Rain,Long Rains
4424,4424,2022,2,2022-02-01T00:00:00,south,Nyaruguru,184.85707347221864,Long Rain,Long Rains
4425,4425,2022,3,2022-03-01T00:00:00,south,Nyaruguru,161.1185578754391,Long Rain,Long Rains
4426,4426,2022,4,2022-04-01T00:00:00,south,Nyaruguru,180.05033464728484,Long Rain,Long Rains
4427,4427,2022,5,2022-05-01T00:00:00,south,Nyaruguru,136.40856489378172,Long Rain,Long Rains
4428,4428,2022,2,2022-02-01T00:00:00,south,Ruhango,146.5445098023424,Long Rain,Long Rains
4429,4429,2022,3,2022-03-01T00:00:00,south,Ruhango,123.6994590944184,Long Rain,Long Rains
4430,4430,2022,4,2022-04-01T00:00:00,south,Ruhango,159.5112792514027,Long Rain,Long Rains
4431,4431,2022,5,2022-05-01T00:00:00,south,Ruhango,118.75256671838213,Long Rain,Long Rains
4432,4432,2023,2,2023-02-01T00:00:00,south,Gisagara,55.85073851270991,Long Rain,Long Rains
4433,4433,2023,3,2023-03-01T00:00:00,south,Gisagara,171.38769208855987,Long Rain,Long Rains
4434,4434,2023,4,2023-04-01T00:00:00,south,Gisagara,234.66708638168768,Long Rain,Long Rains
4435,4435,2023,5,2023-05-01T00:00:00,south,Gisagara,89.64280483264044,Long Rain,Long Rains
4436,4436,2023,2,2023-02-01T00:00:00,south,Huye,51.24369080289373,Long Rain,Long Rains
4437,4437,2023,3,2023-03-01T00:00:00,south,Huye,166.3864744704904,Long Rain,Long Rains
4438,4438,2023,4,2023-04-01T00:00:00,south,Huye,224.6767451929975,Long Rain,Long Rains
4439,4439,2023,5,2023-05-01T00:00:00,south,Huye,112.02061249629529,Long Rain,Long Rains
4440,4440,2023,2,2023-02-01T00:00:00,south,Kamonyi,33.26926842523746,Long Rain,Long Rains
4441,4441,2023,3,2023-03-01T00:00:00,south,Kamonyi,155.53576312602152,Long Rain,Long Rains
4442,4442,2023,4,2023-04-01T00:00:00,south,Kamonyi,194.69470065617784,Long Rain,Long Rains
4443,4443,2023,5,2023-05-01T00:00:00,south,Kamonyi,123.7539781196346,Long Rain,Long Rains
4444,4444,2023,2,2023-02-01T00:00:00,south,Muhanga,37.65344937261892,Long Rain,Long Rains
4445,4445,2023,3,2023-03-01T00:00:00,south,Muhanga,170.20608841443456,Long Rain,Long Rains
4446,4446,2023,4,2023-04-01T00:00:00,south,Muhanga,230.13237090823415,Long Rain,Long Rains
4447,4447,2023,5,2023-05-01T00:00:00,south,Muhanga,170.8908145309412,Long Rain,Long Rains
4448,4448,2023,2,2023-02-01T00:00:00,south,Nyamagabe,61.0964940247654,Long Rain,Long Rains
4449,4449,2023,3,2023-03-01T00:00:00,south,Nyamagabe,174.53567908683797,Long Rain,Long Rains
4450,4450,2023,4,2023-04-01T00:00:00,south,Nyamagabe,280.140606093062,Long Rain,Long Rains
4451,4451,2023,5,2023-05-01T00:00:00,south,Nyamagabe,216.58007620718348,Long Rain,Long Rains
4452,4452,2023,2,2023-02-01T00:00:00,south,Nyanza,41.71648795527059,Long Rain,Long Rains
4453,4453,2023,3,2023-03-01T00:00:00,south,Nyanza,158.37574306474446,Long Rain,Long Rains
4454,4454,2023,4,2023-04-01T00:00:00,south,Nyanza,221.15831504945456,Long Rain,Long Rains
4455,4455,2023,5,2023-05-01T00:00:00,south,Nyanza,116.40857594985192,Long Rain,Long Rains
4456,4456,2023,2,2023-02-01T00:00:00,south,Nyaruguru,77.92706287479685,Long Rain,Long Rains
4457,4457,2023,3,2023-03-01T00:00:00,south,Nyaruguru,187.6295426051989,Long Rain,Long Rains
4458,4458,2023,4,2023-04-01T00:00:00,south,Nyaruguru,275.0321135853141,Long Rain,Long Rains
4459,4459,2023,5,2023-05-01T00:00:00,south,Nyaruguru,158.22823683072184,Long Rain,Long Rains
4460,4460,2023,2,2023-02-01T00:00:00,south,Ruhango,37.06537545073101,Long Rain,Long Rains
4461,4461,2023,3,2023-03-01T00:00:00,south,Ruhango,159.8396571384061,Long Rain,Long Rains
4462,4462,2023,4,2023-04-01T00:00:00,south,Ruhango,218.3884963051411,Long Rain,Long Rains
4463,4463,2023,5,2023-05-01T00:00:00,south,Ruhango,121.51918254350532,Long Rain,Long Rains
4464,4464,2000,9,2000-09-01T00:00:00,south,Gisagara,31.744195026130864,Short Rain,Short Rains
4465,4465,2000,10,2000-10-01T00:00:00,south,Gisagara,108.07395168528568,Short Rain,Short Rains
4466,4466,2000,11,2000-11-01T00:00:00,south,Gisagara,190.72428697932588,Short Rain,Short Rains
4467,4467,2000,9,2000-09-01T00:00:00,south,Huye,39.15135402036105,Short Rain,Short Rains
4468,4468,2000,10,2000-10-01T00:00:00,south,Huye,107.38167764065372,Short Rain,Short Rains
4469,4469,2000,11,2000-11-01T00:00:00,south,Huye,170.8885364168497,Short Rain,Short Rains
4470,4470,2000,9,2000-09-01T00:00:00,south,Kamonyi,27.179925230422,Short Rain,Short Rains
4471,4471,2000,10,2000-10-01T00:00:00,south,Kamonyi,118.2683335532623,Short Rain,Short Rains
4472,4472,2000,11,2000-11-01T00:00:00,south,Kamonyi,156.2323679094821,Short Rain,Short Rains
4473,4473,2000,9,2000-09-01T00:00:00,south,Muhanga,36.12165407414639,Short Rain,Short Rains
4474,4474,2000,10,2000-10-01T00:00:00,south,Muhanga,122.46700745926168,Short Rain,Short Rains
4475,4475,2000,11,2000-11-01T00:00:00,south,Muhanga,172.80053237091812,Short Rain,Short Rains
4476,4476,2000,9,2000-09-01T00:00:00,south,Nyamagabe,59.015403887299215,Short Rain,Short Rains
4477,4477,2000,10,2000-10-01T00:00:00,south,Nyamagabe,140.65599873894433,Short Rain,Short Rains
4478,4478,2000,11,2000-11-01T00:00:00,south,Nyamagabe,207.15225139328908,Short Rain,Short Rains
4479,4479,2000,9,2000-09-01T00:00:00,south,Nyanza,35.15960545916307,Short Rain,Short Rains
4480,4480,2000,10,2000-10-01T00:00:00,south,Nyanza,104.4958523687633,Short Rain,Short Rains
4481,4481,2000,11,2000-11-01T00:00:00,south,Nyanza,155.19207943120162,Short Rain,Short Rains
4482,4482,2000,9,2000-09-01T00:00:00,south,Nyaruguru,48.04344265421113,Short Rain,Short Rains
4483,4483,2000,10,2000-10-01T00:00:00,south,Nyaruguru,150.6282515498633,Short Rain,Short Rains
4484,4484,2000,11,2000-11-01T00:00:00,south,Nyaruguru,238.0681962035269,Short Rain,Short Rains
4485,4485,2000,9,2000-09-01T00:00:00,south,Ruhango,34.093716799168135,Short Rain,Short Rains
4486,4486,2000,10,2000-10-01T00:00:00,south,Ruhango,114.4019265820559,Short Rain,Short Rains
4487,4487,2000,11,2000-11-01T00:00:00,south,Ruhango,150.86626363469958,Short Rain,Short Rains
4488,4488,2001,9,2001-09-01T00:00:00,south,Gisagara,132.09822370165574,Short Rain,Short Rains
4489,4489,2001,10,2001-10-01T00:00:00,south,Gisagara,173.84203128150344,Short Rain,Short Rains
4490,4490,2001,11,2001-11-01T00:00:00,south,Gisagara,180.02596987098403,Short Rain,Short Rains
4491,4491,2001,9,2001-09-01T00:00:00,south,Huye,133.87771963267008,Short Rain,Short Rains
4492,4492,2001,10,2001-10-01T00:00:00,south,Huye,162.6769104620107,Short Rain,Short Rains
4493,4493,2001,11,2001-11-01T00:00:00,south,Huye,162.5984614798166,Short Rain,Short Rains
4494,4494,2001,9,2001-09-01T00:00:00,south,Kamonyi,78.84855254225359,Short Rain,Short Rains
4495,4495,2001,10,2001-10-01T00:00:00,south,Kamonyi,191.46773998790613,Short Rain,Short Rains
4496,4496,2001,11,2001-11-01T00:00:00,south,Kamonyi,177.9086031609603,Short Rain,Short Rains
4497,4497,2001,9,2001-09-01T00:00:00,south,Muhanga,90.95452908250012,Short Rain,Short Rains
4498,4498,2001,10,2001-10-01T00:00:00,south,Muhanga,167.93366153458453,Short Rain,Short Rains
4499,4499,2001,11,2001-11-01T00:00:00,south,Muhanga,195.64526703468803,Short Rain,Short Rains
4500,4500,2001,9,2001-09-01T00:00:00,south,Nyamagabe,167.30551142141942,Short Rain,Short Rains
4501,4501,2001,10,2001-10-01T00:00:00,south,Nyamagabe,173.87742618265133,Short Rain,Short Rains
4502,4502,2001,11,2001-11-01T00:00:00,south,Nyamagabe,168.1192442232554,Short Rain,Short Rains
4503,4503,2001,9,2001-09-01T00:00:00,south,Nyanza,102.67117122128526,Short Rain,Short Rains
4504,4504,2001,10,2001-10-01T00:00:00,south,Nyanza,168.26060794432104,Short Rain,Short Rains
4505,4505,2001,11,2001-11-01T00:00:00,south,Nyanza,184.1512922270072,Short Rain,Short Rains
4506,4506,2001,9,2001-09-01T00:00:00,south,Nyaruguru,159.07200919396516,Short Rain,Short Rains
4507,4507,2001,10,2001-10-01T00:00:00,south,Nyaruguru,178.16938150317227,Short Rain,Short Rains
4508,4508,2001,11,2001-11-01T00:00:00,south,Nyaruguru,180.0645835925121,Short Rain,Short Rains
4509,4509,2001,9,2001-09-01T00:00:00,south,Ruhango,98.58658806157516,Short Rain,Short Rains
4510,4510,2001,10,2001-10-01T00:00:00,south,Ruhango,179.1707116309406,Short Rain,Short Rains
4511,4511,2001,11,2001-11-01T00:00:00,south,Ruhango,185.5664534715972,Short Rain,Short Rains
4512,4512,2002,9,2002-09-01T00:00:00,south,Gisagara,35.5618825013935,Short Rain,Short Rains
4513,4513,2002,10,2002-10-01T00:00:00,south,Gisagara,105.54861889596722,Short Rain,Short Rains
4514,4514,2002,11,2002-11-01T00:00:00,south,Gisagara,123.29141402268696,Short Rain,Short Rains
4515,4515,2002,9,2002-09-01T00:00:00,south,Huye,42.06255136719108,Short Rain,Short Rains
4516,4516,2002,10,2002-10-01T00:00:00,south,Huye,100.16986796015432,Short Rain,Short Rains
4517,4517,2002,11,2002-11-01T00:00:00,south,Huye,114.04000007663235,Short Rain,Short Rains
4518,4518,2002,9,2002-09-01T00:00:00,south,Kamonyi,30.29892214695624,Short Rain,Short Rains
4519,4519,2002,10,2002-10-01T00:00:00,south,Kamonyi,80.8446735055626,Short Rain,Short Rains
4520,4520,2002,11,2002-11-01T00:00:00,south,Kamonyi,104.75834296027352,Short Rain,Short Rains
4521,4521,2002,9,2002-09-01T00:00:00,south,Muhanga,43.10771842906063,Short Rain,Short Rains
4522,4522,2002,10,2002-10-01T00:00:00,south,Muhanga,87.86128479171317,Short Rain,Short Rains
4523,4523,2002,11,2002-11-01T00:00:00,south,Muhanga,117.44378554488432,Short Rain,Short Rains
4524,4524,2002,9,2002-09-01T00:00:00,south,Nyamagabe,62.974929395858965,Short Rain,Short Rains
4525,4525,2002,10,2002-10-01T00:00:00,south,Nyamagabe,130.65591471369254,Short Rain,Short Rains
4526,4526,2002,11,2002-11-01T00:00:00,south,Nyamagabe,135.12044226933904,Short Rain,Short Rains
4527,4527,2002,9,2002-09-01T00:00:00,south,Nyanza,37.17495197017861,Short Rain,Short Rains
4528,4528,2002,10,2002-10-01T00:00:00,south,Nyanza,90.37228979631784,Short Rain,Short Rains
4529,4529,2002,11,2002-11-01T00:00:00,south,Nyanza,113.48065154765298,Short Rain,Short Rains
4530,4530,2002,9,2002-09-01T00:00:00,south,Nyaruguru,51.33236464651002,Short Rain,Short Rains
4531,4531,2002,10,2002-10-01T00:00:00,south,Nyaruguru,138.16560952676554,Short Rain,Short Rains
4532,4532,2002,11,2002-11-01T00:00:00,south,Nyaruguru,150.68566924968846,Short Rain,Short Rains
4533,4533,2002,9,2002-09-01T00:00:00,south,Ruhango,39.83096084277426,Short Rain,Short Rains
4534,4534,2002,10,2002-10-01T00:00:00,south,Ruhango,86.14608926434322,Short Rain,Short Rains
4535,4535,2002,11,2002-11-01T00:00:00,south,Ruhango,105.57907225125258,Short Rain,Short Rains
4536,4536,2003,9,2003-09-01T00:00:00,south,Gisagara,77.02441512354713,Short Rain,Short Rains
4537,4537,2003,10,2003-10-01T00:00:00,south,Gisagara,154.8702374296496,Short Rain,Short Rains
4538,4538,2003,11,2003-11-01T00:00:00,south,Gisagara,126.23771165998572,Short Rain,Short Rains
4539,4539,2003,9,2003-09-01T00:00:00,south,Huye,82.22648685106992,Short Rain,Short Rains
4540,4540,2003,10,2003-10-01T00:00:00,south,Huye,150.8823752896539,Short Rain,Short Rains
4541,4541,2003,11,2003-11-01T00:00:00,south,Huye,119.60183412796444,Short Rain,Short Rains
4542,4542,2003,9,2003-09-01T00:00:00,south,Kamonyi,85.73047910873507,Short Rain,Short Rains
4543,4543,2003,10,2003-10-01T00:00:00,south,Kamonyi,135.09062750268586,Short Rain,Short Rains
4544,4544,2003,11,2003-11-01T00:00:00,south,Kamonyi,113.9284374462318,Short Rain,Short Rains
4545,4545,2003,9,2003-09-01T00:00:00,south,Muhanga,97.24507006745304,Short Rain,Short Rains
4546,4546,2003,10,2003-10-01T00:00:00,south,Muhanga,149.26573455554836,Short Rain,Short Rains
4547,4547,2003,11,2003-11-01T00:00:00,south,Muhanga,120.54938954290198,Short Rain,Short Rains
4548,4548,2003,9,2003-09-01T00:00:00,south,Nyamagabe,114.99093928286884,Short Rain,Short Rains
4549,4549,2003,10,2003-10-01T00:00:00,south,Nyamagabe,188.7517031810548,Short Rain,Short Rains
4550,4550,2003,11,2003-11-01T00:00:00,south,Nyamagabe,148.83888701934717,Short Rain,Short Rains
4551,4551,2003,9,2003-09-01T00:00:00,south,Nyanza,82.62216320471836,Short Rain,Short Rains
4552,4552,2003,10,2003-10-01T00:00:00,south,Nyanza,144.03323221997005,Short Rain,Short Rains
4553,4553,2003,11,2003-11-01T00:00:00,south,Nyanza,115.691284109805,Short Rain,Short Rains
4554,4554,2003,9,2003-09-01T00:00:00,south,Nyaruguru,82.45036631642314,Short Rain,Short Rains
4555,4555,2003,10,2003-10-01T00:00:00,south,Nyaruguru,190.02640106288897,Short Rain,Short Rains
4556,4556,2003,11,2003-11-01T00:00:00,south,Nyaruguru,167.7066387200842,Short Rain,Short Rains
4557,4557,2003,9,2003-09-01T00:00:00,south,Ruhango,84.390461327476,Short Rain,Short Rains
4558,4558,2003,10,2003-10-01T00:00:00,south,Ruhango,144.87209916466128,Short Rain,Short Rains
4559,4559,2003,11,2003-11-01T00:00:00,south,Ruhango,113.19476159591164,Short Rain,Short Rains
4560,4560,2004,9,2004-09-01T00:00:00,south,Gisagara,70.0990163034262,Short Rain,Short Rains
4561,4561,2004,10,2004-10-01T00:00:00,south,Gisagara,119.96311856680718,Short Rain,Short Rains
4562,4562,2004,11,2004-11-01T00:00:00,south,Gisagara,155.0175681134183,Short Rain,Short Rains
4563,4563,2004,9,2004-09-01T00:00:00,south,Huye,73.7524791969916,Short Rain,Short Rains
4564,4564,2004,10,2004-10-01T00:00:00,south,Huye,112.0503380843776,Short Rain,Short Rains
4565,4565,2004,11,2004-11-01T00:00:00,south,Huye,137.586968385379,Short Rain,Short Rains
4566,4566,2004,9,2004-09-01T00:00:00,south,Kamonyi,82.48951747665504,Short Rain,Short Rains
4567,4567,2004,10,2004-10-01T00:00:00,south,Kamonyi,97.89426957719402,Short Rain,Short Rains
4568,4568,2004,11,2004-11-01T00:00:00,south,Kamonyi,207.32030535245292,Short Rain,Short Rains
4569,4569,2004,9,2004-09-01T00:00:00,south,Muhanga,91.72156054350502,Short Rain,Short Rains
4570,4570,2004,10,2004-10-01T00:00:00,south,Muhanga,88.96951383761272,Short Rain,Short Rains
4571,4571,2004,11,2004-11-01T00:00:00,south,Muhanga,190.5038556175307,Short Rain,Short Rains
4572,4572,2004,9,2004-09-01T00:00:00,south,Nyamagabe,98.39560043762862,Short Rain,Short Rains
4573,4573,2004,10,2004-10-01T00:00:00,south,Nyamagabe,116.57536298586558,Short Rain,Short Rains
4574,4574,2004,11,2004-11-01T00:00:00,south,Nyamagabe,129.48949686501803,Short Rain,Short Rains
4575,4575,2004,9,2004-09-01T00:00:00,south,Nyanza,68.1006300461157,Short Rain,Short Rains
4576,4576,2004,10,2004-10-01T00:00:00,south,Nyanza,114.23314970875586,Short Rain,Short Rains
4577,4577,2004,11,2004-11-01T00:00:00,south,Nyanza,171.61923439151226,Short Rain,Short Rains
4578,4578,2004,9,2004-09-01T00:00:00,south,Nyaruguru,90.40488738881898,Short Rain,Short Rains
4579,4579,2004,10,2004-10-01T00:00:00,south,Nyaruguru,121.10493785842672,Short Rain,Short Rains
4580,4580,2004,11,2004-11-01T00:00:00,south,Nyaruguru,147.74217010744644,Short Rain,Short Rains
4581,4581,2004,9,2004-09-01T00:00:00,south,Ruhango,76.16266429518588,Short Rain,Short Rains
4582,4582,2004,10,2004-10-01T00:00:00,south,Ruhango,95.59298491540837,Short Rain,Short Rains
4583,4583,2004,11,2004-11-01T00:00:00,south,Ruhango,172.9214393678739,Short Rain,Short Rains
4584,4584,2005,9,2005-09-01T00:00:00,south,Gisagara,83.80750169187533,Short Rain,Short Rains
4585,4585,2005,10,2005-10-01T00:00:00,south,Gisagara,142.50602522670306,Short Rain,Short Rains
4586,4586,2005,11,2005-11-01T00:00:00,south,Gisagara,85.85984035743634,Short Rain,Short Rains
4587,4587,2005,9,2005-09-01T00:00:00,south,Huye,79.2781828926046,Short Rain,Short Rains
4588,4588,2005,10,2005-10-01T00:00:00,south,Huye,141.212820325482,Short Rain,Short Rains
4589,4589,2005,11,2005-11-01T00:00:00,south,Huye,81.46290119842895,Short Rain,Short Rains
4590,4590,2005,9,2005-09-01T00:00:00,south,Kamonyi,108.507824916467,Short Rain,Short Rains
4591,4591,2005,10,2005-10-01T00:00:00,south,Kamonyi,181.88665664529452,Short Rain,Short Rains
4592,4592,2005,11,2005-11-01T00:00:00,south,Kamonyi,74.6466602543781,Short Rain,Short Rains
4593,4593,2005,9,2005-09-01T00:00:00,south,Muhanga,104.48997432771016,Short Rain,Short Rains
4594,4594,2005,10,2005-10-01T00:00:00,south,Muhanga,166.29171962947305,Short Rain,Short Rains
4595,4595,2005,11,2005-11-01T00:00:00,south,Muhanga,77.53138525154127,Short Rain,Short Rains
4596,4596,2005,9,2005-09-01T00:00:00,south,Nyamagabe,84.38197474764347,Short Rain,Short Rains
4597,4597,2005,10,2005-10-01T00:00:00,south,Nyamagabe,149.544500713899,Short Rain,Short Rains
4598,4598,2005,11,2005-11-01T00:00:00,south,Nyamagabe,111.44449618001843,Short Rain,Short Rains
4599,4599,2005,9,2005-09-01T00:00:00,south,Nyanza,82.32145952232077,Short Rain,Short Rains
4600,4600,2005,10,2005-10-01T00:00:00,south,Nyanza,157.8406794585957,Short Rain,Short Rains
4601,4601,2005,11,2005-11-01T00:00:00,south,Nyanza,81.48482081681432,Short Rain,Short Rains
4602,4602,2005,9,2005-09-01T00:00:00,south,Nyaruguru,85.61585394070681,Short Rain,Short Rains
4603,4603,2005,10,2005-10-01T00:00:00,south,Nyaruguru,131.97739090469338,Short Rain,Short Rains
4604,4604,2005,11,2005-11-01T00:00:00,south,Nyaruguru,115.60237425197693,Short Rain,Short Rains
4605,4605,2005,9,2005-09-01T00:00:00,south,Ruhango,96.05600130079108,Short Rain,Short Rains
4606,4606,2005,10,2005-10-01T00:00:00,south,Ruhango,156.13175736495052,Short Rain,Short Rains
4607,4607,2005,11,2005-11-01T00:00:00,south,Ruhango,79.07960877271331,Short Rain,Short Rains
4608,4608,2006,9,2006-09-01T00:00:00,south,Gisagara,47.98639543622642,Short Rain,Short Rains
4609,4609,2006,10,2006-10-01T00:00:00,south,Gisagara,95.48534628455567,Short Rain,Short Rains
4610,4610,2006,11,2006-11-01T00:00:00,south,Gisagara,227.88463593232257,Short Rain,Short Rains
4611,4611,2006,9,2006-09-01T00:00:00,south,Huye,45.62538577131814,Short Rain,Short Rains
4612,4612,2006,10,2006-10-01T00:00:00,south,Huye,87.46628587566012,Short Rain,Short Rains
4613,4613,2006,11,2006-11-01T00:00:00,south,Huye,205.55025241476335,Short Rain,Short Rains
4614,4614,2006,9,2006-09-01T00:00:00,south,Kamonyi,39.99112675476482,Short Rain,Short Rains
4615,4615,2006,10,2006-10-01T00:00:00,south,Kamonyi,69.14530629739087,Short Rain,Short Rains
4616,4616,2006,11,2006-11-01T00:00:00,south,Kamonyi,185.7845950848572,Short Rain,Short Rains
4617,4617,2006,9,2006-09-01T00:00:00,south,Muhanga,49.39182166932055,Short Rain,Short Rains
4618,4618,2006,10,2006-10-01T00:00:00,south,Muhanga,66.9416831299436,Short Rain,Short Rains
4619,4619,2006,11,2006-11-01T00:00:00,south,Muhanga,177.117867225796,Short Rain,Short Rains
4620,4620,2006,9,2006-09-01T00:00:00,south,Nyamagabe,70.11221170344564,Short Rain,Short Rains
4621,4621,2006,10,2006-10-01T00:00:00,south,Nyamagabe,96.49288158269516,Short Rain,Short Rains
4622,4622,2006,11,2006-11-01T00:00:00,south,Nyamagabe,213.84762545864257,Short Rain,Short Rains
4623,4623,2006,9,2006-09-01T00:00:00,south,Nyanza,45.43732567573918,Short Rain,Short Rains
4624,4624,2006,10,2006-10-01T00:00:00,south,Nyanza,78.10570250620985,Short Rain,Short Rains
4625,4625,2006,11,2006-11-01T00:00:00,south,Nyanza,216.56071311694728,Short Rain,Short Rains
4626,4626,2006,9,2006-09-01T00:00:00,south,Nyaruguru,55.23944498193543,Short Rain,Short Rains
4627,4627,2006,10,2006-10-01T00:00:00,south,Nyaruguru,116.15152462296628,Short Rain,Short Rains
4628,4628,2006,11,2006-11-01T00:00:00,south,Nyaruguru,185.4002488573826,Short Rain,Short Rains
4629,4629,2006,9,2006-09-01T00:00:00,south,Ruhango,46.65906373230787,Short Rain,Short Rains
4630,4630,2006,10,2006-10-01T00:00:00,south,Ruhango,66.77228870002801,Short Rain,Short Rains
4631,4631,2006,11,2006-11-01T00:00:00,south,Ruhango,189.1026868715903,Short Rain,Short Rains
4632,4632,2007,9,2007-09-01T00:00:00,south,Gisagara,74.19166097091035,Short Rain,Short Rains
4633,4633,2007,10,2007-10-01T00:00:00,south,Gisagara,121.4230291806544,Short Rain,Short Rains
4634,4634,2007,11,2007-11-01T00:00:00,south,Gisagara,141.30016411575804,Short Rain,Short Rains
4635,4635,2007,9,2007-09-01T00:00:00,south,Huye,81.60168562974664,Short Rain,Short Rains
4636,4636,2007,10,2007-10-01T00:00:00,south,Huye,104.7973230548395,Short Rain,Short Rains
4637,4637,2007,11,2007-11-01T00:00:00,south,Huye,124.25614532994952,Short Rain,Short Rains
4638,4638,2007,9,2007-09-01T00:00:00,south,Kamonyi,83.71227478455275,Short Rain,Short Rains
4639,4639,2007,10,2007-10-01T00:00:00,south,Kamonyi,85.46126330673334,Short Rain,Short Rains
4640,4640,2007,11,2007-11-01T00:00:00,south,Kamonyi,107.36783500675335,Short Rain,Short Rains
4641,4641,2007,9,2007-09-01T00:00:00,south,Muhanga,94.46073797733928,Short Rain,Short Rains
4642,4642,2007,10,2007-10-01T00:00:00,south,Muhanga,85.20194459346209,Short Rain,Short Rains
4643,4643,2007,11,2007-11-01T00:00:00,south,Muhanga,119.81828909361818,Short Rain,Short Rains
4644,4644,2007,9,2007-09-01T00:00:00,south,Nyamagabe,108.82054329309932,Short Rain,Short Rains
4645,4645,2007,10,2007-10-01T00:00:00,south,Nyamagabe,117.0732095550048,Short Rain,Short Rains
4646,4646,2007,11,2007-11-01T00:00:00,south,Nyamagabe,129.53672534951818,Short Rain,Short Rains
4647,4647,2007,9,2007-09-01T00:00:00,south,Nyanza,84.14825841208193,Short Rain,Short Rains
4648,4648,2007,10,2007-10-01T00:00:00,south,Nyanza,91.19367375599847,Short Rain,Short Rains
4649,4649,2007,11,2007-11-01T00:00:00,south,Nyanza,122.03484870999938,Short Rain,Short Rains
4650,4650,2007,9,2007-09-01T00:00:00,south,Nyaruguru,86.73428936660756,Short Rain,Short Rains
4651,4651,2007,10,2007-10-01T00:00:00,south,Nyaruguru,135.9104034295922,Short Rain,Short Rains
4652,4652,2007,11,2007-11-01T00:00:00,south,Nyaruguru,144.1456178589966,Short Rain,Short Rains
4653,4653,2007,9,2007-09-01T00:00:00,south,Ruhango,89.59529620169556,Short Rain,Short Rains
4654,4654,2007,10,2007-10-01T00:00:00,south,Ruhango,80.41426129065243,Short Rain,Short Rains
4655,4655,2007,11,2007-11-01T00:00:00,south,Ruhango,108.1262969439651,Short Rain,Short Rains
4656,4656,2008,9,2008-09-01T00:00:00,south,Gisagara,49.21399046182806,Short Rain,Short Rains
4657,4657,2008,10,2008-10-01T00:00:00,south,Gisagara,110.0897342186647,Short Rain,Short Rains
4658,4658,2008,11,2008-11-01T00:00:00,south,Gisagara,96.47012775339547,Short Rain,Short Rains
4659,4659,2008,9,2008-09-01T00:00:00,south,Huye,45.85480572373561,Short Rain,Short Rains
4660,4660,2008,10,2008-10-01T00:00:00,south,Huye,103.02628611161391,Short Rain,Short Rains
4661,4661,2008,11,2008-11-01T00:00:00,south,Huye,83.12550307892617,Short Rain,Short Rains
4662,4662,2008,9,2008-09-01T00:00:00,south,Kamonyi,44.51588527390956,Short Rain,Short Rains
4663,4663,2008,10,2008-10-01T00:00:00,south,Kamonyi,89.13096934556077,Short Rain,Short Rains
4664,4664,2008,11,2008-11-01T00:00:00,south,Kamonyi,90.11901961541552,Short Rain,Short Rains
4665,4665,2008,9,2008-09-01T00:00:00,south,Muhanga,52.8208622736838,Short Rain,Short Rains
4666,4666,2008,10,2008-10-01T00:00:00,south,Muhanga,95.15524387438724,Short Rain,Short Rains
4667,4667,2008,11,2008-11-01T00:00:00,south,Muhanga,90.96892224550427,Short Rain,Short Rains
4668,4668,2008,9,2008-09-01T00:00:00,south,Nyamagabe,60.19661826638903,Short Rain,Short Rains
4669,4669,2008,10,2008-10-01T00:00:00,south,Nyamagabe,122.16721180113808,Short Rain,Short Rains
4670,4670,2008,11,2008-11-01T00:00:00,south,Nyamagabe,99.88697052874268,Short Rain,Short Rains
4671,4671,2008,9,2008-09-01T00:00:00,south,Nyanza,41.563974650906566,Short Rain,Short Rains
4672,4672,2008,10,2008-10-01T00:00:00,south,Nyanza,93.60270220923474,Short Rain,Short Rains
4673,4673,2008,11,2008-11-01T00:00:00,south,Nyanza,87.57791309503665,Short Rain,Short Rains
4674,4674,2008,9,2008-09-01T00:00:00,south,Nyaruguru,59.23517299391864,Short Rain,Short Rains
4675,4675,2008,10,2008-10-01T00:00:00,south,Nyaruguru,129.55354029974023,Short Rain,Short Rains
4676,4676,2008,11,2008-11-01T00:00:00,south,Nyaruguru,110.4727074290165,Short Rain,Short Rains
4677,4677,2008,9,2008-09-01T00:00:00,south,Ruhango,44.0294966778682,Short Rain,Short Rains
4678,4678,2008,10,2008-10-01T00:00:00,south,Ruhango,87.41677343100196,Short Rain,Short Rains
4679,4679,2008,11,2008-11-01T00:00:00,south,Ruhango,89.04464208992832,Short Rain,Short Rains
4680,4680,2009,9,2009-09-01T00:00:00,south,Gisagara,59.35451452851658,Short Rain,Short Rains
4681,4681,2009,10,2009-10-01T00:00:00,south,Gisagara,176.15277624950363,Short Rain,Short Rains
4682,4682,2009,11,2009-11-01T00:00:00,south,Gisagara,162.71711930444366,Short Rain,Short Rains
4683,4683,2009,9,2009-09-01T00:00:00,south,Huye,64.04815319891874,Short Rain,Short Rains
4684,4684,2009,10,2009-10-01T00:00:00,south,Huye,171.47758692836217,Short Rain,Short Rains
4685,4685,2009,11,2009-11-01T00:00:00,south,Huye,148.46611965049817,Short Rain,Short Rains
4686,4686,2009,9,2009-09-01T00:00:00,south,Kamonyi,44.75791586533934,Short Rain,Short Rains
4687,4687,2009,10,2009-10-01T00:00:00,south,Kamonyi,134.8112126868805,Short Rain,Short Rains
4688,4688,2009,11,2009-11-01T00:00:00,south,Kamonyi,101.4522241292064,Short Rain,Short Rains
4689,4689,2009,9,2009-09-01T00:00:00,south,Muhanga,57.46548606119372,Short Rain,Short Rains
4690,4690,2009,10,2009-10-01T00:00:00,south,Muhanga,148.08109476195622,Short Rain,Short Rains
4691,4691,2009,11,2009-11-01T00:00:00,south,Muhanga,118.3008418782878,Short Rain,Short Rains
4692,4692,2009,9,2009-09-01T00:00:00,south,Nyamagabe,79.71148860392859,Short Rain,Short Rains
4693,4693,2009,10,2009-10-01T00:00:00,south,Nyamagabe,204.49755994366805,Short Rain,Short Rains
4694,4694,2009,11,2009-11-01T00:00:00,south,Nyamagabe,184.6890802798729,Short Rain,Short Rains
4695,4695,2009,9,2009-09-01T00:00:00,south,Nyanza,59.24114267283243,Short Rain,Short Rains
4696,4696,2009,10,2009-10-01T00:00:00,south,Nyanza,157.84661032246035,Short Rain,Short Rains
4697,4697,2009,11,2009-11-01T00:00:00,south,Nyanza,132.65422333371816,Short Rain,Short Rains
4698,4698,2009,9,2009-09-01T00:00:00,south,Nyaruguru,61.01134091055281,Short Rain,Short Rains
4699,4699,2009,10,2009-10-01T00:00:00,south,Nyaruguru,171.2324851312802,Short Rain,Short Rains
4700,4700,2009,11,2009-11-01T00:00:00,south,Nyaruguru,204.17172405710312,Short Rain,Short Rains
4701,4701,2009,9,2009-09-01T00:00:00,south,Ruhango,61.571750185813976,Short Rain,Short Rains
4702,4702,2009,10,2009-10-01T00:00:00,south,Ruhango,153.2619679586932,Short Rain,Short Rains
4703,4703,2009,11,2009-11-01T00:00:00,south,Ruhango,112.88343162922702,Short Rain,Short Rains
4704,4704,2010,9,2010-09-01T00:00:00,south,Gisagara,82.73526062423015,Short Rain,Short Rains
4705,4705,2010,10,2010-10-01T00:00:00,south,Gisagara,110.11290704275356,Short Rain,Short Rains
4706,4706,2010,11,2010-11-01T00:00:00,south,Gisagara,118.95126174071363,Short Rain,Short Rains
4707,4707,2010,9,2010-09-01T00:00:00,south,Huye,83.47842875922207,Short Rain,Short Rains
4708,4708,2010,10,2010-10-01T00:00:00,south,Huye,108.67867249707376,Short Rain,Short Rains
4709,4709,2010,11,2010-11-01T00:00:00,south,Huye,105.73704695246632,Short Rain,Short Rains
4710,4710,2010,9,2010-09-01T00:00:00,south,Kamonyi,86.65492402044683,Short Rain,Short Rains
4711,4711,2010,10,2010-10-01T00:00:00,south,Kamonyi,94.99042131414916,Short Rain,Short Rains
4712,4712,2010,11,2010-11-01T00:00:00,south,Kamonyi,102.51749690810088,Short Rain,Short Rains
4713,4713,2010,9,2010-09-01T00:00:00,south,Muhanga,106.49001434524934,Short Rain,Short Rains
4714,4714,2010,10,2010-10-01T00:00:00,south,Muhanga,111.76225281674984,Short Rain,Short Rains
4715,4715,2010,11,2010-11-01T00:00:00,south,Muhanga,112.73609608105274,Short Rain,Short Rains
4716,4716,2010,9,2010-09-01T00:00:00,south,Nyamagabe,107.73241911431452,Short Rain,Short Rains
4717,4717,2010,10,2010-10-01T00:00:00,south,Nyamagabe,131.57556667445746,Short Rain,Short Rains
4718,4718,2010,11,2010-11-01T00:00:00,south,Nyamagabe,127.9132535259744,Short Rain,Short Rains
4719,4719,2010,9,2010-09-01T00:00:00,south,Nyanza,79.42338484080248,Short Rain,Short Rains
4720,4720,2010,10,2010-10-01T00:00:00,south,Nyanza,109.00638701895632,Short Rain,Short Rains
4721,4721,2010,11,2010-11-01T00:00:00,south,Nyanza,103.99940352288743,Short Rain,Short Rains
4722,4722,2010,9,2010-09-01T00:00:00,south,Nyaruguru,94.10178192623204,Short Rain,Short Rains
4723,4723,2010,10,2010-10-01T00:00:00,south,Nyaruguru,128.38999422447316,Short Rain,Short Rains
4724,4724,2010,11,2010-11-01T00:00:00,south,Nyaruguru,160.11079468272345,Short Rain,Short Rains
4725,4725,2010,9,2010-09-01T00:00:00,south,Ruhango,88.66500317490116,Short Rain,Short Rains
4726,4726,2010,10,2010-10-01T00:00:00,south,Ruhango,102.7844492750462,Short Rain,Short Rains
4727,4727,2010,11,2010-11-01T00:00:00,south,Ruhango,104.36315026815052,Short Rain,Short Rains
4728,4728,2011,9,2011-09-01T00:00:00,south,Gisagara,87.95387942978095,Short Rain,Short Rains
4729,4729,2011,10,2011-10-01T00:00:00,south,Gisagara,161.40227750912453,Short Rain,Short Rains
4730,4730,2011,11,2011-11-01T00:00:00,south,Gisagara,236.70151971099463,Short Rain,Short Rains
4731,4731,2011,9,2011-09-01T00:00:00,south,Huye,90.99254946649611,Short Rain,Short Rains
4732,4732,2011,10,2011-10-01T00:00:00,south,Huye,158.59225102384076,Short Rain,Short Rains
4733,4733,2011,11,2011-11-01T00:00:00,south,Huye,213.17103918348224,Short Rain,Short Rains
4734,4734,2011,9,2011-09-01T00:00:00,south,Kamonyi,130.96486001454355,Short Rain,Short Rains
4735,4735,2011,10,2011-10-01T00:00:00,south,Kamonyi,136.4241312304174,Short Rain,Short Rains
4736,4736,2011,11,2011-11-01T00:00:00,south,Kamonyi,167.54010863344362,Short Rain,Short Rains
4737,4737,2011,9,2011-09-01T00:00:00,south,Muhanga,129.38980094952532,Short Rain,Short Rains
4738,4738,2011,10,2011-10-01T00:00:00,south,Muhanga,130.9777565194442,Short Rain,Short Rains
4739,4739,2011,11,2011-11-01T00:00:00,south,Muhanga,176.8708589713762,Short Rain,Short Rains
4740,4740,2011,9,2011-09-01T00:00:00,south,Nyamagabe,121.6055247241123,Short Rain,Short Rains
4741,4741,2011,10,2011-10-01T00:00:00,south,Nyamagabe,174.72162919599367,Short Rain,Short Rains
4742,4742,2011,11,2011-11-01T00:00:00,south,Nyamagabe,212.3798786213881,Short Rain,Short Rains
4743,4743,2011,9,2011-09-01T00:00:00,south,Nyanza,98.02047881743144,Short Rain,Short Rains
4744,4744,2011,10,2011-10-01T00:00:00,south,Nyanza,148.52943874944532,Short Rain,Short Rains
4745,4745,2011,11,2011-11-01T00:00:00,south,Nyanza,186.99486380976697,Short Rain,Short Rains
4746,4746,2011,9,2011-09-01T00:00:00,south,Nyaruguru,94.68771472983066,Short Rain,Short Rains
4747,4747,2011,10,2011-10-01T00:00:00,south,Nyaruguru,177.30099365729413,Short Rain,Short Rains
4748,4748,2011,11,2011-11-01T00:00:00,south,Nyaruguru,271.62462485867513,Short Rain,Short Rains
4749,4749,2011,9,2011-09-01T00:00:00,south,Ruhango,110.89831050621622,Short Rain,Short Rains
4750,4750,2011,10,2011-10-01T00:00:00,south,Ruhango,139.08471163775872,Short Rain,Short Rains
4751,4751,2011,11,2011-11-01T00:00:00,south,Ruhango,164.29162531859083,Short Rain,Short Rains
4752,4752,2012,9,2012-09-01T00:00:00,south,Gisagara,90.5024905191679,Short Rain,Short Rains
4753,4753,2012,10,2012-10-01T00:00:00,south,Gisagara,159.14247471646334,Short Rain,Short Rains
4754,4754,2012,11,2012-11-01T00:00:00,south,Gisagara,142.13867122332027,Short Rain,Short Rains
4755,4755,2012,9,2012-09-01T00:00:00,south,Huye,84.17764861582911,Short Rain,Short Rains
4756,4756,2012,10,2012-10-01T00:00:00,south,Huye,140.1529392707615,Short Rain,Short Rains
4757,4757,2012,11,2012-11-01T00:00:00,south,Huye,120.99074558138965,Short Rain,Short Rains
4758,4758,2012,9,2012-09-01T00:00:00,south,Kamonyi,74.35043842128805,Short Rain,Short Rains
4759,4759,2012,10,2012-10-01T00:00:00,south,Kamonyi,137.49638189647754,Short Rain,Short Rains
4760,4760,2012,11,2012-11-01T00:00:00,south,Kamonyi,138.84195766650802,Short Rain,Short Rains
4761,4761,2012,9,2012-09-01T00:00:00,south,Muhanga,70.44900138844484,Short Rain,Short Rains
4762,4762,2012,10,2012-10-01T00:00:00,south,Muhanga,146.79758051440942,Short Rain,Short Rains
4763,4763,2012,11,2012-11-01T00:00:00,south,Muhanga,130.80603034840402,Short Rain,Short Rains
4764,4764,2012,9,2012-09-01T00:00:00,south,Nyamagabe,101.46616798546746,Short Rain,Short Rains
4765,4765,2012,10,2012-10-01T00:00:00,south,Nyamagabe,170.1035604899895,Short Rain,Short Rains
4766,4766,2012,11,2012-11-01T00:00:00,south,Nyamagabe,142.3036291090352,Short Rain,Short Rains
4767,4767,2012,9,2012-09-01T00:00:00,south,Nyanza,73.67892000043626,Short Rain,Short Rains
4768,4768,2012,10,2012-10-01T00:00:00,south,Nyanza,129.10322365028696,Short Rain,Short Rains
4769,4769,2012,11,2012-11-01T00:00:00,south,Nyanza,121.59990890568923,Short Rain,Short Rains
4770,4770,2012,9,2012-09-01T00:00:00,south,Nyaruguru,113.66160041618512,Short Rain,Short Rains
4771,4771,2012,10,2012-10-01T00:00:00,south,Nyaruguru,187.28467366351907,Short Rain,Short Rains
4772,4772,2012,11,2012-11-01T00:00:00,south,Nyaruguru,155.465572462092,Short Rain,Short Rains
4773,4773,2012,9,2012-09-01T00:00:00,south,Ruhango,73.81043160902875,Short Rain,Short Rains
4774,4774,2012,10,2012-10-01T00:00:00,south,Ruhango,129.02475052033722,Short Rain,Short Rains
4775,4775,2012,11,2012-11-01T00:00:00,south,Ruhango,125.22618177282138,Short Rain,Short Rains
4776,4776,2013,9,2013-09-01T00:00:00,south,Gisagara,160.4390605268907,Short Rain,Short Rains
4777,4777,2013,10,2013-10-01T00:00:00,south,Gisagara,140.2130410302873,Short Rain,Short Rains
4778,4778,2013,11,2013-11-01T00:00:00,south,Gisagara,136.35470069924403,Short Rain,Short Rains
4779,4779,2013,9,2013-09-01T00:00:00,south,Huye,155.59099264914352,Short Rain,Short Rains
4780,4780,2013,10,2013-10-01T00:00:00,south,Huye,126.64573147786194,Short Rain,Short Rains
4781,4781,2013,11,2013-11-01T00:00:00,south,Huye,121.72098362114583,Short Rain,Short Rains
4782,4782,2013,9,2013-09-01T00:00:00,south,Kamonyi,125.0835915580028,Short Rain,Short Rains
4783,4783,2013,10,2013-10-01T00:00:00,south,Kamonyi,80.31076838127937,Short Rain,Short Rains
4784,4784,2013,11,2013-11-01T00:00:00,south,Kamonyi,133.05254247884733,Short Rain,Short Rains
4785,4785,2013,9,2013-09-01T00:00:00,south,Muhanga,134.56257531733164,Short Rain,Short Rains
4786,4786,2013,10,2013-10-01T00:00:00,south,Muhanga,77.37335962581162,Short Rain,Short Rains
4787,4787,2013,11,2013-11-01T00:00:00,south,Muhanga,129.83919017028353,Short Rain,Short Rains
4788,4788,2013,9,2013-09-01T00:00:00,south,Nyamagabe,152.84194722831748,Short Rain,Short Rains
4789,4789,2013,10,2013-10-01T00:00:00,south,Nyamagabe,100.83383860518713,Short Rain,Short Rains
4790,4790,2013,11,2013-11-01T00:00:00,south,Nyamagabe,126.61469436138628,Short Rain,Short Rains
4791,4791,2013,9,2013-09-01T00:00:00,south,Nyanza,143.4928084720391,Short Rain,Short Rains
4792,4792,2013,10,2013-10-01T00:00:00,south,Nyanza,106.8066373520308,Short Rain,Short Rains
4793,4793,2013,11,2013-11-01T00:00:00,south,Nyanza,117.2714788891542,Short Rain,Short Rains
4794,4794,2013,9,2013-09-01T00:00:00,south,Nyaruguru,161.65377033306257,Short Rain,Short Rains
4795,4795,2013,10,2013-10-01T00:00:00,south,Nyaruguru,145.95192088457867,Short Rain,Short Rains
4796,4796,2013,11,2013-11-01T00:00:00,south,Nyaruguru,150.60084728444068,Short Rain,Short Rains
4797,4797,2013,9,2013-09-01T00:00:00,south,Ruhango,129.7009865678113,Short Rain,Short Rains
4798,4798,2013,10,2013-10-01T00:00:00,south,Ruhango,82.53910826449616,Short Rain,Short Rains
4799,4799,2013,11,2013-11-01T00:00:00,south,Ruhango,110.2465303970415,Short Rain,Short Rains
4800,4800,2014,9,2014-09-01T00:00:00,south,Gisagara,74.08295995945497,Short Rain,Short Rains
4801,4801,2014,10,2014-10-01T00:00:00,south,Gisagara,149.81857996790515,Short Rain,Short Rains
4802,4802,2014,11,2014-11-01T00:00:00,south,Gisagara,143.17722649911286,Short Rain,Short Rains
4803,4803,2014,9,2014-09-01T00:00:00,south,Huye,73.8095976936805,Short Rain,Short Rains
4804,4804,2014,10,2014-10-01T00:00:00,south,Huye,132.28936284291615,Short Rain,Short Rains
4805,4805,2014,11,2014-11-01T00:00:00,south,Huye,131.97430441057878,Short Rain,Short Rains
4806,4806,2014,9,2014-09-01T00:00:00,south,Kamonyi,64.01363865230428,Short Rain,Short Rains
4807,4807,2014,10,2014-10-01T00:00:00,south,Kamonyi,111.90992103018878,Short Rain,Short Rains
4808,4808,2014,11,2014-11-01T00:00:00,south,Kamonyi,121.40890542222704,Short Rain,Short Rains
4809,4809,2014,9,2014-09-01T00:00:00,south,Muhanga,84.6758492887155,Short Rain,Short Rains
4810,4810,2014,10,2014-10-01T00:00:00,south,Muhanga,111.46257105464764,Short Rain,Short Rains
4811,4811,2014,11,2014-11-01T00:00:00,south,Muhanga,134.89998342807152,Short Rain,Short Rains
4812,4812,2014,9,2014-09-01T00:00:00,south,Nyamagabe,92.41593835725328,Short Rain,Short Rains
4813,4813,2014,10,2014-10-01T00:00:00,south,Nyamagabe,130.31777189647258,Short Rain,Short Rains
4814,4814,2014,11,2014-11-01T00:00:00,south,Nyamagabe,149.12261155824797,Short Rain,Short Rains
4815,4815,2014,9,2014-09-01T00:00:00,south,Nyanza,71.84619698423256,Short Rain,Short Rains
4816,4816,2014,10,2014-10-01T00:00:00,south,Nyanza,116.3476916854206,Short Rain,Short Rains
4817,4817,2014,11,2014-11-01T00:00:00,south,Nyanza,130.02420042253712,Short Rain,Short Rains
4818,4818,2014,9,2014-09-01T00:00:00,south,Nyaruguru,82.0346773692013,Short Rain,Short Rains
4819,4819,2014,10,2014-10-01T00:00:00,south,Nyaruguru,165.59439177157876,Short Rain,Short Rains
4820,4820,2014,11,2014-11-01T00:00:00,south,Nyaruguru,155.25350995431927,Short Rain,Short Rains
4821,4821,2014,9,2014-09-01T00:00:00,south,Ruhango,67.76128012466121,Short Rain,Short Rains
4822,4822,2014,10,2014-10-01T00:00:00,south,Ruhango,106.1075736595084,Short Rain,Short Rains
4823,4823,2014,11,2014-11-01T00:00:00,south,Ruhango,120.80354227619574,Short Rain,Short Rains
4824,4824,2015,9,2015-09-01T00:00:00,south,Gisagara,76.79659533338719,Short Rain,Short Rains
4825,4825,2015,10,2015-10-01T00:00:00,south,Gisagara,186.9615954969605,Short Rain,Short Rains
4826,4826,2015,11,2015-11-01T00:00:00,south,Gisagara,156.35934023919836,Short Rain,Short Rains
4827,4827,2015,9,2015-09-01T00:00:00,south,Huye,79.31695764269124,Short Rain,Short Rains
4828,4828,2015,10,2015-10-01T00:00:00,south,Huye,177.33772953545562,Short Rain,Short Rains
4829,4829,2015,11,2015-11-01T00:00:00,south,Huye,147.68375300155822,Short Rain,Short Rains
4830,4830,2015,9,2015-09-01T00:00:00,south,Kamonyi,66.35950400221712,Short Rain,Short Rains
4831,4831,2015,10,2015-10-01T00:00:00,south,Kamonyi,129.22653319183954,Short Rain,Short Rains
4832,4832,2015,11,2015-11-01T00:00:00,south,Kamonyi,135.36957505879468,Short Rain,Short Rains
4833,4833,2015,9,2015-09-01T00:00:00,south,Muhanga,81.91381970941889,Short Rain,Short Rains
4834,4834,2015,10,2015-10-01T00:00:00,south,Muhanga,132.97074777205202,Short Rain,Short Rains
4835,4835,2015,11,2015-11-01T00:00:00,south,Muhanga,163.09655338512292,Short Rain,Short Rains
4836,4836,2015,9,2015-09-01T00:00:00,south,Nyamagabe,101.86082154313472,Short Rain,Short Rains
4837,4837,2015,10,2015-10-01T00:00:00,south,Nyamagabe,196.7363365695197,Short Rain,Short Rains
4838,4838,2015,11,2015-11-01T00:00:00,south,Nyamagabe,198.5227200697729,Short Rain,Short Rains
4839,4839,2015,9,2015-09-01T00:00:00,south,Nyanza,78.53649555141062,Short Rain,Short Rains
4840,4840,2015,10,2015-10-01T00:00:00,south,Nyanza,153.1315457373728,Short Rain,Short Rains
4841,4841,2015,11,2015-11-01T00:00:00,south,Nyanza,138.04692801468315,Short Rain,Short Rains
4842,4842,2015,9,2015-09-01T00:00:00,south,Nyaruguru,92.23224908322548,Short Rain,Short Rains
4843,4843,2015,10,2015-10-01T00:00:00,south,Nyaruguru,240.43877952305493,Short Rain,Short Rains
4844,4844,2015,11,2015-11-01T00:00:00,south,Nyaruguru,209.7235860313145,Short Rain,Short Rains
4845,4845,2015,9,2015-09-01T00:00:00,south,Ruhango,74.60581899796857,Short Rain,Short Rains
4846,4846,2015,10,2015-10-01T00:00:00,south,Ruhango,138.8349618479062,Short Rain,Short Rains
4847,4847,2015,11,2015-11-01T00:00:00,south,Ruhango,132.98801008209395,Short Rain,Short Rains
4848,4848,2016,9,2016-09-01T00:00:00,south,Gisagara,90.12233179920516,Short Rain,Short Rains
4849,4849,2016,10,2016-10-01T00:00:00,south,Gisagara,129.5735303584095,Short Rain,Short Rains
4850,4850,2016,11,2016-11-01T00:00:00,south,Gisagara,178.21287731518552,Short Rain,Short Rains
4851,4851,2016,9,2016-09-01T00:00:00,south,Huye,92.27888998923032,Short Rain,Short Rains
4852,4852,2016,10,2016-10-01T00:00:00,south,Huye,136.58908951645674,Short Rain,Short Rains
4853,4853,2016,11,2016-11-01T00:00:00,south,Huye,174.93793068851645,Short Rain,Short Rains
4854,4854,2016,9,2016-09-01T00:00:00,south,Kamonyi,99.3193442006074,Short Rain,Short Rains
4855,4855,2016,10,2016-10-01T00:00:00,south,Kamonyi,120.52070551439378,Short Rain,Short Rains
4856,4856,2016,11,2016-11-01T00:00:00,south,Kamonyi,152.53079907661606,Short Rain,Short Rains
4857,4857,2016,9,2016-09-01T00:00:00,south,Muhanga,114.8484079159865,Short Rain,Short Rains
4858,4858,2016,10,2016-10-01T00:00:00,south,Muhanga,147.4435078742871,Short Rain,Short Rains
4859,4859,2016,11,2016-11-01T00:00:00,south,Muhanga,178.62243834751405,Short Rain,Short Rains
4860,4860,2016,9,2016-09-01T00:00:00,south,Nyamagabe,108.45810851011665,Short Rain,Short Rains
4861,4861,2016,10,2016-10-01T00:00:00,south,Nyamagabe,162.13278367284065,Short Rain,Short Rains
4862,4862,2016,11,2016-11-01T00:00:00,south,Nyamagabe,207.16931918159707,Short Rain,Short Rains
4863,4863,2016,9,2016-09-01T00:00:00,south,Nyanza,90.49826877205206,Short Rain,Short Rains
4864,4864,2016,10,2016-10-01T00:00:00,south,Nyanza,122.30746268823972,Short Rain,Short Rains
4865,4865,2016,11,2016-11-01T00:00:00,south,Nyanza,171.01819070420592,Short Rain,Short Rains
4866,4866,2016,9,2016-09-01T00:00:00,south,Nyaruguru,95.188781598695,Short Rain,Short Rains
4867,4867,2016,10,2016-10-01T00:00:00,south,Nyaruguru,176.57378485380409,Short Rain,Short Rains
4868,4868,2016,11,2016-11-01T00:00:00,south,Nyaruguru,207.89584885727243,Short Rain,Short Rains
4869,4869,2016,9,2016-09-01T00:00:00,south,Ruhango,95.37788645382057,Short Rain,Short Rains
4870,4870,2016,10,2016-10-01T00:00:00,south,Ruhango,116.5555184053528,Short Rain,Short Rains
4871,4871,2016,11,2016-11-01T00:00:00,south,Ruhango,159.4829423224554,Short Rain,Short Rains
4872,4872,2017,9,2017-09-01T00:00:00,south,Gisagara,92.96791003928531,Short Rain,Short Rains
4873,4873,2017,10,2017-10-01T00:00:00,south,Gisagara,150.62394937071304,Short Rain,Short Rains
4874,4874,2017,11,2017-11-01T00:00:00,south,Gisagara,174.48037520390852,Short Rain,Short Rains
4875,4875,2017,9,2017-09-01T00:00:00,south,Huye,95.4320345569064,Short Rain,Short Rains
4876,4876,2017,10,2017-10-01T00:00:00,south,Huye,135.45141761982205,Short Rain,Short Rains
4877,4877,2017,11,2017-11-01T00:00:00,south,Huye,159.03923926163483,Short Rain,Short Rains
4878,4878,2017,9,2017-09-01T00:00:00,south,Kamonyi,110.6470748132655,Short Rain,Short Rains
4879,4879,2017,10,2017-10-01T00:00:00,south,Kamonyi,131.19793213558776,Short Rain,Short Rains
4880,4880,2017,11,2017-11-01T00:00:00,south,Kamonyi,141.75892630720057,Short Rain,Short Rains
4881,4881,2017,9,2017-09-01T00:00:00,south,Muhanga,123.41345387597448,Short Rain,Short Rains
4882,4882,2017,10,2017-10-01T00:00:00,south,Muhanga,131.24830479672949,Short Rain,Short Rains
4883,4883,2017,11,2017-11-01T00:00:00,south,Muhanga,156.04772020756187,Short Rain,Short Rains
4884,4884,2017,9,2017-09-01T00:00:00,south,Nyamagabe,121.05076458823056,Short Rain,Short Rains
4885,4885,2017,10,2017-10-01T00:00:00,south,Nyamagabe,135.23548075792374,Short Rain,Short Rains
4886,4886,2017,11,2017-11-01T00:00:00,south,Nyamagabe,168.49126622993006,Short Rain,Short Rains
4887,4887,2017,9,2017-09-01T00:00:00,south,Nyanza,96.58890465897645,Short Rain,Short Rains
4888,4888,2017,10,2017-10-01T00:00:00,south,Nyanza,134.66867846879686,Short Rain,Short Rains
4889,4889,2017,11,2017-11-01T00:00:00,south,Nyanza,154.87321799048922,Short Rain,Short Rains
4890,4890,2017,9,2017-09-01T00:00:00,south,Nyaruguru,108.59675674625544,Short Rain,Short Rains
4891,4891,2017,10,2017-10-01T00:00:00,south,Nyaruguru,152.4936486853875,Short Rain,Short Rains
4892,4892,2017,11,2017-11-01T00:00:00,south,Nyaruguru,171.11098744210585,Short Rain,Short Rains
4893,4893,2017,9,2017-09-01T00:00:00,south,Ruhango,105.60511178136036,Short Rain,Short Rains
4894,4894,2017,10,2017-10-01T00:00:00,south,Ruhango,121.16195257401236,Short Rain,Short Rains
4895,4895,2017,11,2017-11-01T00:00:00,south,Ruhango,142.85625025940175,Short Rain,Short Rains
4896,4896,2018,9,2018-09-01T00:00:00,south,Gisagara,49.6862255106222,Short Rain,Short Rains
4897,4897,2018,10,2018-10-01T00:00:00,south,Gisagara,110.60288785768223,Short Rain,Short Rains
4898,4898,2018,11,2018-11-01T00:00:00,south,Gisagara,151.22922322033014,Short Rain,Short Rains
4899,4899,2018,9,2018-09-01T00:00:00,south,Huye,56.67373468407348,Short Rain,Short Rains
4900,4900,2018,10,2018-10-01T00:00:00,south,Huye,101.81119748086964,Short Rain,Short Rains
4901,4901,2018,11,2018-11-01T00:00:00,south,Huye,134.43867117783117,Short Rain,Short Rains
4902,4902,2018,9,2018-09-01T00:00:00,south,Kamonyi,58.51293703640673,Short Rain,Short Rains
4903,4903,2018,10,2018-10-01T00:00:00,south,Kamonyi,83.6682195424222,Short Rain,Short Rains
4904,4904,2018,11,2018-11-01T00:00:00,south,Kamonyi,123.76101325675724,Short Rain,Short Rains
4905,4905,2018,9,2018-09-01T00:00:00,south,Muhanga,74.28437653506187,Short Rain,Short Rains
4906,4906,2018,10,2018-10-01T00:00:00,south,Muhanga,88.92225095841381,Short Rain,Short Rains
4907,4907,2018,11,2018-11-01T00:00:00,south,Muhanga,138.40103277543827,Short Rain,Short Rains
4908,4908,2018,9,2018-09-01T00:00:00,south,Nyamagabe,80.01953960924557,Short Rain,Short Rains
4909,4909,2018,10,2018-10-01T00:00:00,south,Nyamagabe,115.31587242671638,Short Rain,Short Rains
4910,4910,2018,11,2018-11-01T00:00:00,south,Nyamagabe,166.60506495913708,Short Rain,Short Rains
4911,4911,2018,9,2018-09-01T00:00:00,south,Nyanza,52.95880135958816,Short Rain,Short Rains
4912,4912,2018,10,2018-10-01T00:00:00,south,Nyanza,88.98782727752322,Short Rain,Short Rains
4913,4913,2018,11,2018-11-01T00:00:00,south,Nyanza,128.02770522861647,Short Rain,Short Rains
4914,4914,2018,9,2018-09-01T00:00:00,south,Nyaruguru,71.37698533841636,Short Rain,Short Rains
4915,4915,2018,10,2018-10-01T00:00:00,south,Nyaruguru,137.67785068424052,Short Rain,Short Rains
4916,4916,2018,11,2018-11-01T00:00:00,south,Nyaruguru,189.11967935229464,Short Rain,Short Rains
4917,4917,2018,9,2018-09-01T00:00:00,south,Ruhango,60.40458321005536,Short Rain,Short Rains
4918,4918,2018,10,2018-10-01T00:00:00,south,Ruhango,86.14517466315971,Short Rain,Short Rains
4919,4919,2018,11,2018-11-01T00:00:00,south,Ruhango,119.27046631169132,Short Rain,Short Rains
4920,4920,2019,9,2019-09-01T00:00:00,south,Gisagara,77.78965282610757,Short Rain,Short Rains
4921,4921,2019,10,2019-10-01T00:00:00,south,Gisagara,140.97975346256086,Short Rain,Short Rains
4922,4922,2019,11,2019-11-01T00:00:00,south,Gisagara,162.73895516790472,Short Rain,Short Rains
4923,4923,2019,9,2019-09-01T00:00:00,south,Huye,81.05158966358665,Short Rain,Short Rains
4924,4924,2019,10,2019-10-01T00:00:00,south,Huye,145.61142559820965,Short Rain,Short Rains
4925,4925,2019,11,2019-11-01T00:00:00,south,Huye,148.23675207194572,Short Rain,Short Rains
4926,4926,2019,9,2019-09-01T00:00:00,south,Kamonyi,73.80268948882998,Short Rain,Short Rains
4927,4927,2019,10,2019-10-01T00:00:00,south,Kamonyi,121.64623952374154,Short Rain,Short Rains
4928,4928,2019,11,2019-11-01T00:00:00,south,Kamonyi,144.852134643759,Short Rain,Short Rains
4929,4929,2019,9,2019-09-01T00:00:00,south,Muhanga,89.81067261475097,Short Rain,Short Rains
4930,4930,2019,10,2019-10-01T00:00:00,south,Muhanga,126.13267490957648,Short Rain,Short Rains
4931,4931,2019,11,2019-11-01T00:00:00,south,Muhanga,169.0035885816749,Short Rain,Short Rains
4932,4932,2019,9,2019-09-01T00:00:00,south,Nyamagabe,92.8835603421487,Short Rain,Short Rains
4933,4933,2019,10,2019-10-01T00:00:00,south,Nyamagabe,144.89134421123887,Short Rain,Short Rains
4934,4934,2019,11,2019-11-01T00:00:00,south,Nyamagabe,184.3970816094131,Short Rain,Short Rains
4935,4935,2019,9,2019-09-01T00:00:00,south,Nyanza,80.0628188043599,Short Rain,Short Rains
4936,4936,2019,10,2019-10-01T00:00:00,south,Nyanza,126.72686732290236,Short Rain,Short Rains
4937,4937,2019,11,2019-11-01T00:00:00,south,Nyanza,148.5334078353933,Short Rain,Short Rains
4938,4938,2019,9,2019-09-01T00:00:00,south,Nyaruguru,79.82205329271706,Short Rain,Short Rains
4939,4939,2019,10,2019-10-01T00:00:00,south,Nyaruguru,183.60815811230947,Short Rain,Short Rains
4940,4940,2019,11,2019-11-01T00:00:00,south,Nyaruguru,191.7356330957928,Short Rain,Short Rains
4941,4941,2019,9,2019-09-01T00:00:00,south,Ruhango,77.24952307937495,Short Rain,Short Rains
4942,4942,2019,10,2019-10-01T00:00:00,south,Ruhango,123.24045107060296,Short Rain,Short Rains
4943,4943,2019,11,2019-11-01T00:00:00,south,Ruhango,145.0548676444483,Short Rain,Short Rains
4944,4944,2020,9,2020-09-01T00:00:00,south,Gisagara,71.92083745509977,Short Rain,Short Rains
4945,4945,2020,10,2020-10-01T00:00:00,south,Gisagara,204.6459218250705,Short Rain,Short Rains
4946,4946,2020,11,2020-11-01T00:00:00,south,Gisagara,144.7118189399307,Short Rain,Short Rains
4947,4947,2020,9,2020-09-01T00:00:00,south,Huye,76.69908223177701,Short Rain,Short Rains
4948,4948,2020,10,2020-10-01T00:00:00,south,Huye,197.4563297056856,Short Rain,Short Rains
4949,4949,2020,11,2020-11-01T00:00:00,south,Huye,132.34716739676892,Short Rain,Short Rains
4950,4950,2020,9,2020-09-01T00:00:00,south,Kamonyi,59.69235043907121,Short Rain,Short Rains
4951,4951,2020,10,2020-10-01T00:00:00,south,Kamonyi,186.47023703188557,Short Rain,Short Rains
4952,4952,2020,11,2020-11-01T00:00:00,south,Kamonyi,128.6227382655254,Short Rain,Short Rains
4953,4953,2020,9,2020-09-01T00:00:00,south,Muhanga,79.28123516343226,Short Rain,Short Rains
4954,4954,2020,10,2020-10-01T00:00:00,south,Muhanga,179.72632861960767,Short Rain,Short Rains
4955,4955,2020,11,2020-11-01T00:00:00,south,Muhanga,139.76185812408656,Short Rain,Short Rains
4956,4956,2020,9,2020-09-01T00:00:00,south,Nyamagabe,97.3928794329791,Short Rain,Short Rains
4957,4957,2020,10,2020-10-01T00:00:00,south,Nyamagabe,139.8662485084469,Short Rain,Short Rains
4958,4958,2020,11,2020-11-01T00:00:00,south,Nyamagabe,136.85230416390334,Short Rain,Short Rains
4959,4959,2020,9,2020-09-01T00:00:00,south,Nyanza,76.42248732442597,Short Rain,Short Rains
4960,4960,2020,10,2020-10-01T00:00:00,south,Nyanza,187.2893718055044,Short Rain,Short Rains
4961,4961,2020,11,2020-11-01T00:00:00,south,Nyanza,131.91259529833948,Short Rain,Short Rains
4962,4962,2020,9,2020-09-01T00:00:00,south,Nyaruguru,80.40221312981616,Short Rain,Short Rains
4963,4963,2020,10,2020-10-01T00:00:00,south,Nyaruguru,184.13723083044184,Short Rain,Short Rains
4964,4964,2020,11,2020-11-01T00:00:00,south,Nyaruguru,138.10042972202538,Short Rain,Short Rains
4965,4965,2020,9,2020-09-01T00:00:00,south,Ruhango,77.17672244630083,Short Rain,Short Rains
4966,4966,2020,10,2020-10-01T00:00:00,south,Ruhango,177.00629052092202,Short Rain,Short Rains
4967,4967,2020,11,2020-11-01T00:00:00,south,Ruhango,122.73253794058138,Short Rain,Short Rains
4968,4968,2021,9,2021-09-01T00:00:00,south,Gisagara,84.57790577850997,Short Rain,Short Rains
4969,4969,2021,10,2021-10-01T00:00:00,south,Gisagara,196.26293651849863,Short Rain,Short Rains
4970,4970,2021,11,2021-11-01T00:00:00,south,Gisagara,124.6196291806778,Short Rain,Short Rains
4971,4971,2021,9,2021-09-01T00:00:00,south,Huye,79.51370113383658,Short Rain,Short Rains
4972,4972,2021,10,2021-10-01T00:00:00,south,Huye,185.43105927414027,Short Rain,Short Rains
4973,4973,2021,11,2021-11-01T00:00:00,south,Huye,111.6768551963925,Short Rain,Short Rains
4974,4974,2021,9,2021-09-01T00:00:00,south,Kamonyi,91.1979587120436,Short Rain,Short Rains
4975,4975,2021,10,2021-10-01T00:00:00,south,Kamonyi,154.58916467926602,Short Rain,Short Rains
4976,4976,2021,11,2021-11-01T00:00:00,south,Kamonyi,107.33809591278232,Short Rain,Short Rains
4977,4977,2021,9,2021-09-01T00:00:00,south,Muhanga,100.86275018791402,Short Rain,Short Rains
4978,4978,2021,10,2021-10-01T00:00:00,south,Muhanga,140.8587168345641,Short Rain,Short Rains
4979,4979,2021,11,2021-11-01T00:00:00,south,Muhanga,115.62554911081472,Short Rain,Short Rains
4980,4980,2021,9,2021-09-01T00:00:00,south,Nyamagabe,79.89545783868073,Short Rain,Short Rains
4981,4981,2021,10,2021-10-01T00:00:00,south,Nyamagabe,146.18258867871432,Short Rain,Short Rains
4982,4982,2021,11,2021-11-01T00:00:00,south,Nyamagabe,128.96369482890927,Short Rain,Short Rains
4983,4983,2021,9,2021-09-01T00:00:00,south,Nyanza,81.4916112642019,Short Rain,Short Rains
4984,4984,2021,10,2021-10-01T00:00:00,south,Nyanza,174.55867032250472,Short Rain,Short Rains
4985,4985,2021,11,2021-11-01T00:00:00,south,Nyanza,113.07674269199237,Short Rain,Short Rains
4986,4986,2021,9,2021-09-01T00:00:00,south,Nyaruguru,77.81793134191071,Short Rain,Short Rains
4987,4987,2021,10,2021-10-01T00:00:00,south,Nyaruguru,178.99836905307387,Short Rain,Short Rains
4988,4988,2021,11,2021-11-01T00:00:00,south,Nyaruguru,135.68234629174432,Short Rain,Short Rains
4989,4989,2021,9,2021-09-01T00:00:00,south,Ruhango,87.6622315005256,Short Rain,Short Rains
4990,4990,2021,10,2021-10-01T00:00:00,south,Ruhango,149.45524053054388,Short Rain,Short Rains
4991,4991,2021,11,2021-11-01T00:00:00,south,Ruhango,110.46029261287576,Short Rain,Short Rains
4992,4992,2022,9,2022-09-01T00:00:00,south,Gisagara,51.10635892957911,Short Rain,Short Rains
4993,4993,2022,10,2022-10-01T00:00:00,south,Gisagara,93.11401335516668,Short Rain,Short Rains
4994,4994,2022,11,2022-11-01T00:00:00,south,Gisagara,175.3777505119579,Short Rain,Short Rains
4995,4995,2022,9,2022-09-01T00:00:00,south,Huye,59.270857825421295,Short Rain,Short Rains
4996,4996,2022,10,2022-10-01T00:00:00,south,Huye,97.49948907596912,Short Rain,Short Rains
4997,4997,2022,11,2022-11-01T00:00:00,south,Huye,163.93780164795254,Short Rain,Short Rains
4998,4998,2022,9,2022-09-01T00:00:00,south,Kamonyi,57.33350539188051,Short Rain,Short Rains
4999,4999,2022,10,2022-10-01T00:00:00,south,Kamonyi,79.08061324447432,Short Rain,Short Rains
5000,5000,2022,11,2022-11-01T00:00:00,south,Kamonyi,143.64252872581363,Short Rain,Short Rains
5001,5001,2022,9,2022-09-01T00:00:00,south,Muhanga,71.95070690713916,Short Rain,Short Rains
5002,5002,2022,10,2022-10-01T00:00:00,south,Muhanga,99.53616139842384,Short Rain,Short Rains
5003,5003,2022,11,2022-11-01T00:00:00,south,Muhanga,157.78059404940112,Short Rain,Short Rains
5004,5004,2022,9,2022-09-01T00:00:00,south,Nyamagabe,81.5851914638837,Short Rain,Short Rains
5005,5005,2022,10,2022-10-01T00:00:00,south,Nyamagabe,126.44571570290124,Short Rain,Short Rains
5006,5006,2022,11,2022-11-01T00:00:00,south,Nyamagabe,183.7085884246744,Short Rain,Short Rains
5007,5007,2022,9,2022-09-01T00:00:00,south,Nyanza,56.17089746011553,Short Rain,Short Rains
5008,5008,2022,10,2022-10-01T00:00:00,south,Nyanza,88.82998666114398,Short Rain,Short Rains
5009,5009,2022,11,2022-11-01T00:00:00,south,Nyanza,152.47365086180554,Short Rain,Short Rains
5010,5010,2022,9,2022-09-01T00:00:00,south,Nyaruguru,76.10976615100911,Short Rain,Short Rains
5011,5011,2022,10,2022-10-01T00:00:00,south,Nyaruguru,129.70382970857764,Short Rain,Short Rains
5012,5012,2022,11,2022-11-01T00:00:00,south,Nyaruguru,193.244332224888,Short Rain,Short Rains
5013,5013,2022,9,2022-09-01T00:00:00,south,Ruhango,57.03989247168535,Short Rain,Short Rains
5014,5014,2022,10,2022-10-01T00:00:00,south,Ruhango,84.91193584643614,Short Rain,Short Rains
5015,5015,2022,11,2022-11-01T00:00:00,south,Ruhango,142.7710297735269,Short Rain,Short Rains
5016,5016,2023,9,2023-09-01T00:00:00,south,Gisagara,92.85239751029869,Short Rain,Short Rains
5017,5017,2023,10,2023-10-01T00:00:00,south,Gisagara,115.2893668626978,Short Rain,Short Rains
5018,5018,2023,11,2023-11-01T00:00:00,south,Gisagara,152.41812911380285,Short Rain,Short Rains
5019,5019,2023,9,2023-09-01T00:00:00,south,Huye,87.76241200865013,Short Rain,Short Rains
5020,5020,2023,10,2023-10-01T00:00:00,south,Huye,107.40782619304866,Short Rain,Short Rains
5021,5021,2023,11,2023-11-01T00:00:00,south,Huye,137.62471047475816,Short Rain,Short Rains
5022,5022,2023,9,2023-09-01T00:00:00,south,Kamonyi,80.04519554212705,Short Rain,Short Rains
5023,5023,2023,10,2023-10-01T00:00:00,south,Kamonyi,79.6513422217545,Short Rain,Short Rains
5024,5024,2023,11,2023-11-01T00:00:00,south,Kamonyi,110.11540064177288,Short Rain,Short Rains
5025,5025,2023,9,2023-09-01T00:00:00,south,Muhanga,98.0199608315244,Short Rain,Short Rains
5026,5026,2023,10,2023-10-01T00:00:00,south,Muhanga,77.7541316294451,Short Rain,Short Rains
5027,5027,2023,11,2023-11-01T00:00:00,south,Muhanga,125.32749396710892,Short Rain,Short Rains
5028,5028,2023,9,2023-09-01T00:00:00,south,Nyamagabe,100.63045657495928,Short Rain,Short Rains
5029,5029,2023,10,2023-10-01T00:00:00,south,Nyamagabe,105.9960155779605,Short Rain,Short Rains
5030,5030,2023,11,2023-11-01T00:00:00,south,Nyamagabe,147.68683347994778,Short Rain,Short Rains
5031,5031,2023,9,2023-09-01T00:00:00,south,Nyanza,76.08996838995037,Short Rain,Short Rains
5032,5032,2023,10,2023-10-01T00:00:00,south,Nyanza,96.9828820449733,Short Rain,Short Rains
5033,5033,2023,11,2023-11-01T00:00:00,south,Nyanza,122.28366143116254,Short Rain,Short Rains
5034,5034,2023,9,2023-09-01T00:00:00,south,Nyaruguru,99.30240462503409,Short Rain,Short Rains
5035,5035,2023,10,2023-10-01T00:00:00,south,Nyaruguru,131.88933064960858,Short Rain,Short Rains
5036,5036,2023,11,2023-11-01T00:00:00,south,Nyaruguru,163.59994142616944,Short Rain,Short Rains
5037,5037,2023,9,2023-09-01T00:00:00,south,Ruhango,78.14178200383435,Short Rain,Short Rains
5038,5038,2023,10,2023-10-01T00:00:00,south,Ruhango,83.2348679428195,Short Rain,Short Rains
5039,5039,2023,11,2023-11-01T00:00:00,south,Ruhango,104.191004241883,Short Rain,Short Rains
