{
"type": "FeatureCollection",
"crs": { "type": "name", "properties": { "name": "urn:ogc:def:crs:OGC:1.3:CRS84" } },
"features": [
{ "type": "Feature", "properties": { "cluster": 0, "ADM0_CODE": 2700, "ADM1_CODE": 34328, "ADM2_CODE": 652344, "EXP2_YEAR": 30000, "STR2_YEAR": 10000, "Shape_Area": 12.624072948558, "Shape_Leng": 59.546701157290002, "2000_01": 1827.0235681149597, "2000_02": 1799.1103933065856, "2000_03": 2283.8641028641605, "2000_11": 851.15916295831516, "2000_12": 2051.0928984984803, "2001_01": 1956.7380602510825, "2001_02": 2457.7918625526595, "2001_03": 1716.3997057432002, "2001_11": 1474.348715894926, "2001_12": 1512.325892454548, "2002_01": 1754.2024689933621, "2002_02": 1368.3679079678257, "2002_03": 751.91645501981122, "2002_11": 1072.8406257181809, "2002_12": 2203.3242257102652, "2003_01": 1772.130969711696, "2003_02": 1590.320382260943, "2003_03": 1703.8114021792207, "2003_11": 1166.7347065791812, "2003_12": 2021.6285266081441, "2004_01": 2723.437401806143, "2004_02": 1814.065667517536, "2004_03": 2742.2713359378381, "2004_11": 655.50782703117898, "2004_12": 1638.3118473533523, "2005_01": 1759.6303425138981, "2005_02": 1118.7360544971893, "2005_03": 1657.9027091091514, "2005_11": 1142.3299513257807, "2005_12": 1913.5211431674952, "2006_01": 2197.3751672398507, "2006_02": 1947.9310075072967, "2006_03": 1746.5916059533397, "2006_11": 1400.1295264067546, "2006_12": 2550.8178329617072, "2007_01": 2631.6682309258713, "2007_02": 1906.7159674876907, "2007_03": 1132.577014037246, "2007_11": 1381.14662978708, "2007_12": 2398.8889918466907, "2008_01": 3517.5523939074592, "2008_02": 1708.7001630031587, "2008_03": 1120.9589897871258, "2008_11": 2588.0274297400456, "2008_12": 2191.2544808848024, "2009_01": 2532.9403341322827, "2009_02": 1648.2344250551544, "2009_03": 2108.3381346753636, "2009_11": 1733.8831295487544, "2009_12": 1743.3295337124268, "2010_01": 2021.5475161304462, "2010_02": 2153.9607812016525, "2010_03": 2105.9502950689553, "2010_11": 1401.9499202451152, "2010_12": 3339.8474221828956, "2011_01": 2799.4459604340295, "2011_02": 1549.5722657579356, "2011_03": 2343.988995414798, "2011_11": 1505.5681378847787, "2011_12": 2411.3909376094757, "2012_01": 1996.5228351811577, "2012_02": 1592.4178160855315, "2012_03": 1226.5127571658838, "2012_11": 1328.8441211631909, "2012_12": 2494.6182354701832, "2013_01": 1983.5020646817557, "2013_02": 1990.1925829462086, "2013_03": 897.75738110313648, "2013_11": 1182.6612247509215, "2013_12": 2609.482029911158, "2014_01": 1965.4647511690089, "2014_02": 1415.4440151093677, "2014_03": 2085.5514288887985, "2014_11": 800.24496428548446, "2014_12": 1650.4871807539646, "2015_01": 1978.8451330122421, "2015_02": 981.67804718722221, "2015_03": 987.02653423209426, "2015_11": 1086.9804280667274, "2015_12": 1607.8888632270841, "2016_01": 2096.3830800007809, "2016_02": 1741.3961169746735, "2016_03": 2086.9092582526951, "2016_11": 1208.5545591265868, "2016_12": 1966.5093760871864, "2017_01": 2076.1274571885688, "2017_02": 3213.6971716317244, "2017_03": 1593.2884168995183, "2017_11": 1045.4220939000977, "2017_12": 2170.6811006104463, "2018_01": 1079.0079141007679, "2018_02": 2566.8405660170893, "2018_03": 2242.9556338994889, "2018_11": 586.31138869600454, "2018_12": 1205.7418416942824, "2019_01": 1970.9806196887239, "2019_02": 1616.4889777804588, "2019_03": 597.62734719550076, "2019_11": 826.91483131473149, "2019_12": 1079.1647667250495, "2020_01": 2516.8476107549009, "2020_02": 2216.295627418297, "2020_03": 2710.0399043775487, "2020_11": 1173.5378576578548, "2020_12": 1895.3006622072276, "2021_01": 2506.6225853959918, "2021_02": 1539.8696291910153, "2021_03": 998.90995165024788, "2021_11": 619.53911239578008, "2021_12": 1473.1322331461349, "2022_01": 2301.5427548280995, "2022_02": 1660.8055048752326, "2022_03": 2374.8222511668441, "2022_11": 1418.9769588590134, "2022_12": 1410.2961119859228, "2023_01": 2252.4193660311203, "2023_02": 1001.6085147468183, "2023_03": 932.76898917397591, "2023_11": 598.49564396542087, "2023_12": 1394.9636472135162, "hierarchical_cluster": 30 }, "geometry": { "type": "Polygon", "coordinates": [ [ [ 23.670397720686001, -16.77816591010626 ], [ 23.657716093030906, -16.801232817178018 ], [ 23.639585317490386, -16.838631268020364 ], [ 23.627978292948601, -16.861359332110069 ], [ 23.621441238795629, -16.876395402402984 ], [ 23.615260917522072, -16.893875074779508 ], [ 23.601843516673792, -16.914872978513106 ], [ 23.58048885077821, -16.928923607450667 ], [ 23.563499691672369, -16.930729537636704 ], [ 23.537868790182102, -16.920344334719317 ], [ 23.522346637993003, -16.913410436598234 ], [ 23.510061835244695, -16.911707075680752 ], [ 23.494869679050741, -16.916652167907255 ], [ 23.474937521239607, -16.934189855562931 ], [ 23.454639627486422, -16.951031861521273 ], [ 23.4422835018044, -16.969599562515338 ], [ 23.430605086704745, -17.001798764208292 ], [ 23.415252431150503, -17.046960541624912 ], [ 23.400260970387912, -17.091092248480713 ], [ 23.383851454069042, -17.125445142469729 ], [ 23.363807808034167, -17.160524861136896 ], [ 23.348490790937248, -17.189299468505901 ], [ 23.328830558500719, -17.214943799332563 ], [ 23.303016880165995, -17.238866830861532 ], [ 23.284065668228891, -17.264872302720427 ], [ 23.265453398936607, -17.295443910832716 ], [ 23.255224230994259, -17.313717277298334 ], [ 23.235532832784411, -17.338697211667693 ], [ 23.214771223158987, -17.359128790800305 ], [ 23.19437086605684, -17.37886027898551 ], [ 23.174336071377475, -17.396839404672367 ], [ 23.164856057353546, -17.406707442498874 ], [ 23.130538827379468, -17.444774771582402 ], [ 23.129807494110409, -17.445773565117737 ], [ 23.129562292364106, -17.445742337617233 ], [ 23.127216785448315, -17.445448041789341 ], [ 23.123279447279128, -17.439539780113989 ], [ 23.122293905290331, -17.431174509150097 ], [ 23.119341997517967, -17.42772758027839 ], [ 23.114419156545793, -17.427727611700934 ], [ 23.109986790803607, -17.430189004883584 ], [ 23.098723126382204, -17.421426869399365 ], [ 23.092266338998535, -17.41640598076981 ], [ 23.084391551236152, -17.408036212999406 ], [ 23.082607958706813, -17.405565899371787 ], [ 23.069132540299059, -17.386873349837863 ], [ 23.070746745321404, -17.378378744338683 ], [ 23.073069976731158, -17.366196462946771 ], [ 23.065685619652928, -17.352413371577324 ], [ 23.061690339221585, -17.349702267747126 ], [ 23.052986125110682, -17.343798412039863 ], [ 23.038119524529787, -17.333707456779571 ], [ 23.029259257136058, -17.319433898774616 ], [ 23.010776259446871, -17.30480353519496 ], [ 23.005630489440279, -17.300727927005095 ], [ 22.998741173066993, -17.293343696120381 ], [ 22.993327812278022, -17.283502473081512 ], [ 22.994790370384084, -17.277638711031962 ], [ 22.996279740884493, -17.271685785083911 ], [ 22.980530181437008, -17.264301579083714 ], [ 22.979932695051041, -17.265492159817178 ], [ 22.976097882084748, -17.273166204277135 ], [ 22.970189597516324, -17.279070046521571 ], [ 22.965266737399894, -17.270704783849375 ], [ 22.931306163645161, -17.269224416150141 ], [ 22.918013603001146, -17.266272512794032 ], [ 22.90669199819164, -17.259873626659285 ], [ 22.898322243432794, -17.249537467898858 ], [ 22.878635261557797, -17.235754361941638 ], [ 22.863376290602687, -17.228370066457135 ], [ 22.857958441095029, -17.213111083798079 ], [ 22.845655746463372, -17.205726798185534 ], [ 22.83383919315008, -17.19046775722537 ], [ 22.8191375229298, -17.178116065860014 ], [ 22.803035663184399, -17.164591569827902 ], [ 22.796922296282322, -17.15945467768897 ], [ 22.802830551450882, -17.142229181783126 ], [ 22.793475372934026, -17.133368953693743 ], [ 22.788128944107143, -17.119799921267546 ], [ 22.787076547679721, -17.117124458999228 ], [ 22.763554848668587, -17.100839851608544 ], [ 22.761481369733094, -17.099403972144053 ], [ 22.756567375455681, -17.095448785936281 ], [ 22.741299432955532, -17.083159527818463 ], [ 22.735886072568544, -17.074789756172827 ], [ 22.735654214938879, -17.07342078054949 ], [ 22.735052203173904, -17.069800026176249 ], [ 22.734405637955692, -17.065929535507962 ], [ 22.723471976653617, -17.058643311713073 ], [ 22.718165632060384, -17.055102840577717 ], [ 22.714094497176049, -17.04560493360345 ], [ 22.713733246141999, -17.044766633295421 ], [ 22.689792378305853, -17.031870910136416 ], [ 22.688138021659729, -17.030983523405347 ], [ 22.690599460443323, -17.023599253969721 ], [ 22.673860017875249, -17.009321217255497 ], [ 22.661062363845776, -16.995538177317126 ], [ 22.651221121948829, -16.991600730808468 ], [ 22.639899496629415, -16.972899275627046 ], [ 22.637990996623724, -16.970589454324962 ], [ 22.63054428694003, -16.961577615812217 ], [ 22.617430038539698, -16.947910507119634 ], [ 22.606915486870392, -16.936963426012166 ], [ 22.589195019718026, -16.926627241303894 ], [ 22.577873410099752, -16.916290963904956 ], [ 22.573935978907691, -16.906445318264069 ], [ 22.55966243094711, -16.909397267852743 ], [ 22.557169785140037, -16.914672350111275 ], [ 22.546530376381337, -16.909352663748084 ], [ 22.546824658771811, -16.903145618119364 ], [ 22.543868281543592, -16.89427638799993 ], [ 22.533228847338215, -16.888368157639611 ], [ 22.524359686947246, -16.880386343225172 ], [ 22.515789300233614, -16.868859588541739 ], [ 22.492142679658656, -16.84935096326025 ], [ 22.484165399322215, -16.844918633629863 ], [ 22.482983754366401, -16.832210215873502 ], [ 22.495099088208061, -16.817133970292392 ], [ 22.489458369779744, -16.814387152634673 ], [ 22.481507719795616, -16.810512215813716 ], [ 22.472045507473819, -16.805901507102288 ], [ 22.461406110376128, -16.796742509306338 ], [ 22.450396565303798, -16.797335585456299 ], [ 22.44581710290861, -16.794410393357154 ], [ 22.437233377514893, -16.781541385699974 ], [ 22.437041568414074, -16.778321998458065 ], [ 22.425826919713263, -16.767499725556462 ], [ 22.425630743499742, -16.763794210986326 ], [ 22.420953155920678, -16.756677520034703 ], [ 22.416369230492631, -16.755504731770372 ], [ 22.414322507210805, -16.753458005381159 ], [ 22.417929918667721, -16.747638898725889 ], [ 22.419098159939026, -16.745757145612579 ], [ 22.417635607206829, -16.74351418603155 ], [ 22.413961256242555, -16.74334921873356 ], [ 22.411004942936604, -16.743219908486779 ], [ 22.400766802001996, -16.733178002561175 ], [ 22.396187268305486, -16.725280970263888 ], [ 22.391117313274343, -16.72186974835364 ], [ 22.384192299618832, -16.719916633928857 ], [ 22.378440075101398, -16.726257490925871 ], [ 22.37600093234661, -16.726159376537343 ], [ 22.370641134502812, -16.708412213925506 ], [ 22.371969944142691, -16.706360975589249 ], [ 22.374930793354125, -16.701781487714506 ], [ 22.371029045173156, -16.699248698149905 ], [ 22.368884211694926, -16.700903088824109 ], [ 22.356104462675209, -16.699712444726462 ], [ 22.350066810296362, -16.699150600744407 ], [ 22.353848190522317, -16.684288430607626 ], [ 22.354160250612981, -16.683062165221187 ], [ 22.346945470616301, -16.673894251675677 ], [ 22.344412685931264, -16.672726000169927 ], [ 22.339534469339977, -16.671361483812774 ], [ 22.338910161294887, -16.671383826726185 ], [ 22.334758742954318, -16.671553284581542 ], [ 22.328324263951398, -16.666483259228251 ], [ 22.32724963501483, -16.663754301278196 ], [ 22.33056720274946, -16.6586397006879 ], [ 22.330665251664282, -16.658488057033189 ], [ 22.330469062874087, -16.64903031083189 ], [ 22.323058074987426, -16.641329437235189 ], [ 22.317867634378832, -16.639260426003577 ], [ 22.312525645225787, -16.637137924700514 ], [ 22.308432188166421, -16.637918213380956 ], [ 22.306385501268139, -16.636843622572609 ], [ 22.304240670345703, -16.634796863000027 ], [ 22.30433872085985, -16.63265204672852 ], [ 22.30566758671333, -16.63087736316994 ], [ 22.307848070426203, -16.62797003231168 ], [ 22.305212716325521, -16.626311178650141 ], [ 22.302876148576996, -16.626217596546983 ], [ 22.300075882964386, -16.628750370299919 ], [ 22.299754807609752, -16.629044668438631 ], [ 22.298662332332221, -16.628215223685842 ], [ 22.297315633402103, -16.627189650142821 ], [ 22.294292424038929, -16.620951366084824 ], [ 22.286199095246236, -16.621731672475178 ], [ 22.283960643546813, -16.613344151192386 ], [ 22.269374980451882, -16.604653305789334 ], [ 22.264652716326289, -16.601839634686172 ], [ 22.262115529864133, -16.598526558465512 ], [ 22.262507923536663, -16.594722972228354 ], [ 22.258802373953209, -16.588676404880633 ], [ 22.247101722095142, -16.583900690063412 ], [ 22.244176569902606, -16.578572089235976 ], [ 22.244158741913619, -16.578540843723196 ], [ 22.245170934805593, -16.576623474743005 ], [ 22.243708312255702, -16.573354955625032 ], [ 22.238067562701936, -16.573016037058345 ], [ 22.23446465598456, -16.577662438700987 ], [ 22.233782367801549, -16.578540824310817 ], [ 22.23246245189387, -16.577475140666593 ], [ 22.228480504277162, -16.574255689250272 ], [ 22.224507462184427, -16.574447370938099 ], [ 22.219120888083065, -16.574706012504631 ], [ 22.217881279823629, -16.572226795138214 ], [ 22.219009370672556, -16.570875678270387 ], [ 22.210550492113445, -16.558693375963294 ], [ 22.210880406821055, -16.556981087417817 ], [ 22.211116813823466, -16.555763791993286 ], [ 22.204124921121721, -16.550573410671348 ], [ 22.192379626951038, -16.547594656705691 ], [ 22.189013043206256, -16.546738535346222 ], [ 22.181454832232927, -16.546854455987614 ], [ 22.175479612039716, -16.543697442996901 ], [ 22.176607818360043, -16.54110227570013 ], [ 22.179764846116719, -16.542230421663426 ], [ 22.182921868922001, -16.540085555125106 ], [ 22.182921868922001, -16.538689834317676 ], [ 22.182921868922001, -16.535911822708904 ], [ 22.178587612901911, -16.53410143088723 ], [ 22.178070401429824, -16.533882997739902 ], [ 22.177539727403925, -16.532326740449037 ], [ 22.176607818360043, -16.529597739697014 ], [ 22.177397098502453, -16.527457425025151 ], [ 22.175029257152499, -16.524750685250027 ], [ 22.172447469170869, -16.523716210369127 ], [ 22.166570371376956, -16.521366245513416 ], [ 22.160818149098674, -16.522717382076799 ], [ 22.159462526358613, -16.520238119085509 ], [ 22.160256270277465, -16.517642952936505 ], [ 22.161946272510345, -16.515163665798038 ], [ 22.166374164618286, -16.51429860827788 ], [ 22.166570371376956, -16.514262915886928 ], [ 22.16758260511374, -16.511667748448584 ], [ 22.16645885098697, -16.509299910422154 ], [ 22.159306524624672, -16.505986845015645 ], [ 22.15721073343855, -16.505014740275445 ], [ 22.15391094963821, -16.500065118656 ], [ 22.152247684179226, -16.497572541491252 ], [ 22.151797324244839, -16.492270625534054 ], [ 22.14954106592586, -16.491931719756266 ], [ 22.146495513643433, -16.496444343699434 ], [ 22.142660664047021, -16.496783270798961 ], [ 22.137697671959369, -16.492043179008629 ], [ 22.131388033515933, -16.492529277064992 ], [ 22.130371416296278, -16.492609509258909 ], [ 22.127664679766696, -16.494076532872107 ], [ 22.121912444368508, -16.49125398070251 ], [ 22.120895822824274, -16.489452448052013 ], [ 22.128337998525424, -16.485956566970341 ], [ 22.1370243560666, -16.485840616245241 ], [ 22.138205978928841, -16.484913105109523 ], [ 22.141759940045119, -16.482121725835551 ], [ 22.143565844898383, -16.477836500257713 ], [ 22.1370243560666, -16.472311682524342 ], [ 22.135445856104795, -16.466332043313816 ], [ 22.137474719097625, -16.462613176823393 ], [ 22.137925082035547, -16.459001278198073 ], [ 22.136685423940285, -16.456410563218174 ], [ 22.134090308233429, -16.457311239914997 ], [ 22.129256648039554, -16.452722867008656 ], [ 22.127437268629397, -16.450997212953439 ], [ 22.125631350480361, -16.445129015345199 ], [ 22.133029028825831, -16.442279620241532 ], [ 22.133528422388309, -16.44208789244853 ], [ 22.137586241013373, -16.43859193630205 ], [ 22.133176117979801, -16.435341275141056 ], [ 22.129466139008187, -16.432612293483835 ], [ 22.129577661330778, -16.429682707283909 ], [ 22.132716839568467, -16.427524500010396 ], [ 22.133189489720582, -16.427198948807479 ], [ 22.135780240217745, -16.422574862986327 ], [ 22.136235060746277, -16.419984143537491 ], [ 22.134879513363799, -16.409157464610207 ], [ 22.134656560214356, -16.407578922322298 ], [ 22.12980507224848, -16.404421837330258 ], [ 22.127437268629397, -16.399797783846395 ], [ 22.127437268629397, -16.394946318377475 ], [ 22.127325837163617, -16.388181800456668 ], [ 22.126648060838011, -16.38660329928123 ], [ 22.123343864187849, -16.387080394339382 ], [ 22.120445456422495, -16.387504065584061 ], [ 22.118077642897841, -16.383557708709368 ], [ 22.121346189135949, -16.378594762801189 ], [ 22.121421962735972, -16.378559052476398 ], [ 22.124958030902651, -16.376788861053512 ], [ 22.126309127115526, -16.37374322699544 ], [ 22.124391685475118, -16.367768100180569 ], [ 22.122135398799237, -16.363371380734161 ], [ 22.118978376556505, -16.35660248751854 ], [ 22.122251378757504, -16.356152143457027 ], [ 22.122135398799237, -16.353784306430594 ], [ 22.119995089930704, -16.349160274900264 ], [ 22.11683797372979, -16.346792493106772 ], [ 22.112436906216949, -16.341151721926412 ], [ 22.111875014944093, -16.333825401123356 ], [ 22.106234262993098, -16.333486478951734 ], [ 22.098002797619849, -16.330213510640927 ], [ 22.09473421836163, -16.322320914559086 ], [ 22.094506803963029, -16.316118312559741 ], [ 22.091911640273825, -16.306308269258466 ], [ 22.089994261049121, -16.304390847701967 ], [ 22.085709033938642, -16.3047297708376 ], [ 22.080750466916552, -16.296270858676973 ], [ 22.080184201742313, -16.292547524278039 ], [ 22.071921445650773, -16.290812937447829 ], [ 22.071051986666173, -16.290630078901494 ], [ 22.070713044946221, -16.289278937200248 ], [ 22.073477701884205, -16.28745521083459 ], [ 22.080295635461638, -16.282964876017942 ], [ 22.080523051199648, -16.278675214271843 ], [ 22.075350520521688, -16.276833653552622 ], [ 22.072291588748751, -16.275745562915361 ], [ 22.071613796565682, -16.271010062397671 ], [ 22.06067567369924, -16.262774105548559 ], [ 22.060265412442416, -16.261926820077203 ], [ 22.058985597026947, -16.259278114635698 ], [ 22.060109313020131, -16.256460009179889 ], [ 22.059208557310463, -16.253075545124624 ], [ 22.052216728343524, -16.250257401848401 ], [ 22.049509994648808, -16.24462105707978 ], [ 22.049848939172431, -16.240786243540153 ], [ 22.044324119813634, -16.234806598295972 ], [ 22.04161746900731, -16.233905854098918 ], [ 22.035187411277949, -16.235372869197853 ], [ 22.030790747632057, -16.234017301699215 ], [ 22.028645902415345, -16.225108043715455 ], [ 22.028534466480792, -16.221839526890701 ], [ 22.028984758596881, -16.218004721594991 ], [ 22.017368836174334, -16.21067390963626 ], [ 22.011054707414857, -16.210335071445922 ], [ 22.004531063536039, -16.209532384139656 ], [ 22.002823213321289, -16.209322860396686 ], [ 22.000455473038929, -16.207855809832921 ], [ 21.999211380684187, -16.205938355994082 ], [ 22.00146322749071, -16.203075630603511 ], [ 22.004174374543005, -16.199624304603024 ], [ 22.00010324103576, -16.195459474290391 ], [ 21.999670683340476, -16.195013588694305 ], [ 21.999211380684187, -16.194549836618783 ], [ 21.999670683340476, -16.193537628642822 ], [ 22.00027708281733, -16.192199922798462 ], [ 22.00027708281733, -16.172811719295169 ], [ 22.00027708281733, -16.030584238890402 ], [ 22.00027708281733, -15.503447140212845 ], [ 22.00027708281733, -14.633971487209985 ], [ 22.000277082817327, -13.976053439928638 ], [ 22.00027708281733, -13.693252801361581 ], [ 22.00027708281733, -13.485387296402164 ], [ 22.00027708281733, -13.46801914917603 ], [ 22.000517877774808, -13.433920396784279 ], [ 22.000580282509368, -13.425283130245155 ], [ 22.003567884896015, -13.004709558023082 ], [ 22.003612550629487, -12.998618460266359 ], [ 22.07069694384888, -12.998618450280315 ], [ 22.137781267906131, -12.99861843588376 ], [ 22.204865708024506, -12.998618441056109 ], [ 22.271950085690015, -12.998618439290606 ], [ 22.339034495390742, -12.998618462192287 ], [ 22.406118849807893, -12.998618474828723 ], [ 22.473203243632877, -12.998618425733763 ], [ 22.540287589754708, -12.998618444781764 ], [ 22.607371983044491, -12.998618479962408 ], [ 22.674456427508364, -12.998618487332699 ], [ 22.741540745383766, -12.998618439504554 ], [ 22.808625213621049, -12.998618432057835 ], [ 22.87570956369688, -12.998618445546413 ], [ 22.942793981753358, -12.998618418529489 ], [ 23.00987838124513, -12.998618479191091 ], [ 23.076962766598744, -12.998618417839143 ], [ 23.093198296678587, -12.998618495669094 ], [ 23.14507546034773, -12.998618485435262 ], [ 23.196952703287522, -12.998618467114035 ], [ 23.24882990152004, -12.998618431413284 ], [ 23.300707021977381, -12.998618442690574 ], [ 23.352584213321034, -12.998618465848269 ], [ 23.404461442482592, -12.998618482837323 ], [ 23.456338585573231, -12.998618484225982 ], [ 23.508215791245533, -12.998618434666797 ], [ 23.57541773063992, -12.998618433417102 ], [ 23.642619731622304, -12.998618494948809 ], [ 23.709821797439243, -12.998618490111529 ], [ 23.777023749760605, -12.998618471134973 ], [ 23.844225773443995, -12.998618455011602 ], [ 23.911427780951374, -12.998618484699223 ], [ 23.978629775526827, -12.998618430473817 ], [ 24.045831760392673, -12.998618489789589 ], [ 24.046331179129872, -12.989579840868936 ], [ 24.039486446217978, -12.983952467681769 ], [ 24.032793330088076, -12.971021085627639 ], [ 24.030880345430091, -12.969513915987603 ], [ 24.027772386547635, -12.967065837967464 ], [ 24.029569417405554, -12.958767459800287 ], [ 24.030207051368119, -12.955811086332197 ], [ 24.027165964206361, -12.94364222885021 ], [ 24.018020352357976, -12.939620058737939 ], [ 24.007086617899137, -12.934817646977104 ], [ 23.999176131378611, -12.926144712309981 ], [ 23.995069381403088, -12.923255185828445 ], [ 23.990351588850665, -12.919451585252832 ], [ 23.988072987544594, -12.911086345052164 ], [ 23.98259727591423, -12.90819681483668 ], [ 23.980162547372828, -12.901958534685479 ], [ 23.967993710161132, -12.897093673309923 ], [ 23.953693366945576, -12.898154932769648 ], [ 23.948369188967135, -12.896942053761386 ], [ 23.937872405028671, -12.890248894942758 ], [ 23.927072528233854, -12.880969543083564 ], [ 23.927375757584215, -12.875796951024308 ], [ 23.922051563785786, -12.86393128125742 ], [ 23.917030638617746, -12.859213558514494 ], [ 23.910948370650626, -12.857693043028693 ], [ 23.906079089410053, -12.853131339578711 ], [ 23.907612998065336, -12.848105948589513 ], [ 23.907755678556736, -12.847655592621154 ], [ 23.906177114484624, -12.846652282664278 ], [ 23.904406851247938, -12.845524136345363 ], [ 23.894975899291143, -12.844155216910689 ], [ 23.893303714345244, -12.841720496487959 ], [ 23.900300023033033, -12.819665811195717 ], [ 23.896496409086865, -12.810992868080479 ], [ 23.897562179108252, -12.79958645601112 ], [ 23.896799657288508, -12.794262339085881 ], [ 23.897865426657003, -12.787720830733194 ], [ 23.900451691373849, -12.783917222156729 ], [ 23.902275429184378, -12.775855189779547 ], [ 23.897713757523103, -12.770834220253855 ], [ 23.899385927577125, -12.76216567639705 ], [ 23.899996867741955, -12.760337513732113 ], [ 23.905169361330124, -12.758513751124866 ], [ 23.908513736047169, -12.748320227901178 ], [ 23.908058919845605, -12.742086348602726 ], [ 23.913686321791616, -12.727331228703354 ], [ 23.920227808520085, -12.720638106397478 ], [ 23.926158391801305, -12.714096577594226 ], [ 23.930572859893882, -12.7017716561821 ], [ 23.929810389288988, -12.695078497777642 ], [ 23.92478945296013, -12.687778959536102 ], [ 23.920076146273026, -12.682000001496652 ], [ 23.921445098296378, -12.675306889516191 ], [ 23.924486222005577, -12.671351699377256 ], [ 23.927224097552529, -12.666785517072002 ], [ 23.926466068968605, -12.663289589228397 ], [ 23.930265185313946, -12.656137237607684 ], [ 23.936088824079214, -12.650318082499215 ], [ 23.937109945847268, -12.64929252243275 ], [ 23.938991723073233, -12.646086360113564 ], [ 23.939696185115363, -12.64488245919827 ], [ 23.942741823606699, -12.637426823076618 ], [ 23.947758309196193, -12.629824019215267 ], [ 23.948369188967135, -12.626778505538358 ], [ 23.947758309196193, -12.622065178048331 ], [ 23.950344582456403, -12.614609563393284 ], [ 23.953390154020319, -12.608219673083994 ], [ 23.954910663732552, -12.604264488437297 ], [ 23.954299792225132, -12.599702817370696 ], [ 23.956886030485517, -12.597116541640229 ], [ 23.960386419311213, -12.593312920573929 ], [ 23.955062315119115, -12.579320272944477 ], [ 23.947303438778608, -12.560306691536889 ], [ 23.945631250861311, -12.551482140025801 ], [ 23.948217535481287, -12.548289375601678 ], [ 23.948065972704118, -12.537333367132613 ], [ 23.94943493680983, -12.534747135025551 ], [ 23.955976397153488, -12.531251202311317 ], [ 23.957037681251371, -12.528816499325396 ], [ 23.954910663732552, -12.527902344743776 ], [ 23.954451353048569, -12.525316126567922 ], [ 23.95658281956538, -12.519688729802848 ], [ 23.962210205289836, -12.518930685809897 ], [ 23.968751764506916, -12.517405636721103 ], [ 23.970731521287068, -12.513606502238391 ], [ 23.982900470395151, -12.509651300786979 ], [ 23.979551707980121, -12.504630309842149 ], [ 23.980314190785496, -12.502958181644829 ], [ 23.988527819343052, -12.493219532200763 ], [ 23.994708116379758, -12.488568644262573 ], [ 23.996768258022961, -12.488804986670878 ], [ 24.010118760524737, -12.490334431131753 ], [ 24.059784250535373, -12.492037856120122 ], [ 24.137328018246233, -12.497981836667334 ], [ 24.139874228798021, -12.504443070799436 ], [ 24.140730340875251, -12.517048958669799 ], [ 24.145042265007394, -12.52417454474044 ], [ 24.15149905109709, -12.533676944166197 ], [ 24.15378210473412, -12.547981710180668 ], [ 24.155739659459819, -12.564333256094685 ], [ 24.156627037887848, -12.5796680461302 ], [ 24.161598936913791, -12.583043654695926 ], [ 24.176715315495777, -12.580220987103191 ], [ 24.194257339456104, -12.57430827073965 ], [ 24.211777164341441, -12.56669654367912 ], [ 24.237582040979188, -12.545386475443879 ], [ 24.252582416323044, -12.533699205957262 ], [ 24.268746662480329, -12.530524321483345 ], [ 24.281789510270041, -12.531460719864654 ], [ 24.295924907733138, -12.535121698267506 ], [ 24.325484290946683, -12.533226578697242 ], [ 24.348350560492058, -12.531032658312853 ], [ 24.35510160499782, -12.535420426656129 ], [ 24.367158981635658, -12.541828171760086 ], [ 24.373825395395983, -12.539736849613135 ], [ 24.390881450745304, -12.524616041011093 ], [ 24.413917147439875, -12.508777317554266 ], [ 24.425546511352589, -12.509383713378286 ], [ 24.432712297232751, -12.518547170079337 ], [ 24.443498855839128, -12.534858600384679 ], [ 24.469098506963068, -12.552440797562696 ], [ 24.491055132455934, -12.561176166130782 ], [ 24.509270534618395, -12.579494195503779 ], [ 24.552532768581408, -12.625998144661164 ], [ 24.588838763297733, -12.652757246908761 ], [ 24.613221128469863, -12.683690024464331 ], [ 24.620226425882038, -12.706538429290573 ], [ 24.62295538481284, -12.726332352941226 ], [ 24.637063977380791, -12.753238584776163 ], [ 24.6487468128391, -12.783582784224871 ], [ 24.662578910817235, -12.816308133623414 ], [ 24.681677223433731, -12.847307759425387 ], [ 24.689890954454846, -12.855124592623255 ], [ 24.695808137210197, -12.876283032865091 ], [ 24.707330493070277, -12.894337919336245 ], [ 24.714295603864471, -12.914470738148813 ], [ 24.713417158937371, -12.928838020713759 ], [ 24.71507593875226, -12.947972021864626 ], [ 24.713925456038023, -12.968836093065001 ], [ 24.708743981210539, -12.978093198107636 ], [ 24.697582865779292, -12.988750466885717 ], [ 24.689168547023979, -12.993236299462064 ], [ 24.678310612591488, -13.00012562893569 ], [ 24.665049255954063, -13.012842961313696 ], [ 24.658485491171806, -13.024842448428421 ], [ 24.64948696713353, -13.040275370188128 ], [ 24.63973047585095, -13.051262587015094 ], [ 24.634566898367201, -13.062231968877192 ], [ 24.637162015412926, -13.07281788124183 ], [ 24.642918759977665, -13.082025955040121 ], [ 24.646593027062654, -13.094319727721816 ], [ 24.648086842952445, -13.101150995318807 ], [ 24.663662508816774, -13.104156459236481 ], [ 24.675314158166049, -13.104102948143408 ], [ 24.683750717895528, -13.100642657075859 ], [ 24.694688939499354, -13.099563574995358 ], [ 24.698269562943178, -13.10365262448817 ], [ 24.707887898870855, -13.110791617837659 ], [ 24.719905118301718, -13.111415920514606 ], [ 24.732577865688977, -13.107937772622797 ], [ 24.743890629894835, -13.108909831585718 ], [ 24.757624662132148, -13.10542281096094 ], [ 24.762516316039978, -13.100954870262726 ], [ 24.763800517011724, -13.090346600375479 ], [ 24.76580262227651, -13.081098430608268 ], [ 24.775635003393973, -13.076260362425668 ], [ 24.794318635674209, -13.073776617773703 ], [ 24.809773830294507, -13.067203886089748 ], [ 24.821657322274095, -13.057224414324843 ], [ 24.833264389824688, -13.053750823956401 ], [ 24.845281655549449, -13.054718433435912 ], [ 24.859760363067451, -13.054647036226239 ], [ 24.867804574399287, -13.048792288696665 ], [ 24.875759590899772, -13.036092761496619 ], [ 24.888124714306677, -13.036716983592168 ], [ 24.899089618557028, -13.038032464955942 ], [ 24.911066762128385, -13.03591883074202 ], [ 24.922018350484748, -13.036552056909931 ], [ 24.933005529967097, -13.039575339037475 ], [ 24.944278159053592, -13.037809507152938 ], [ 24.952665757123608, -13.031268024329373 ], [ 24.963131246815603, -13.021975227540363 ], [ 24.970149851509742, -13.018862779133681 ], [ 24.984619666898649, -13.018448122787364 ], [ 24.997979138811438, -13.014274367176995 ], [ 25.009505927626137, -13.005320450426909 ], [ 25.013206964464636, -12.992295492323219 ], [ 25.014807747458626, -12.980313858630417 ], [ 25.009269599324227, -12.962887669499878 ], [ 25.01236421058362, -12.957055183498845 ], [ 25.019775230554323, -12.957019487801944 ], [ 25.028675567482377, -12.962446273724302 ], [ 25.047765000212117, -12.964742692372621 ], [ 25.060861387256882, -12.967413661953726 ], [ 25.077083563494799, -12.966303381245648 ], [ 25.087638251752683, -12.96385527770053 ], [ 25.099289946124369, -12.964136198560803 ], [ 25.110674021505883, -12.970236277819973 ], [ 25.114250227098175, -12.973643001243182 ], [ 25.122365785960479, -12.973598410796813 ], [ 25.133526924728095, -12.964301257380646 ], [ 25.149254103696336, -12.953608340215778 ], [ 25.166332481903407, -12.939143006243254 ], [ 25.183357385497761, -12.921253014515381 ], [ 25.197617561067162, -12.907487807362598 ], [ 25.205599295027245, -12.89854729928998 ], [ 25.220287577818038, -12.889910070349435 ], [ 25.241022466342788, -12.884661657301621 ], [ 25.253316219806958, -12.881170176317763 ], [ 25.280311586532378, -12.870067008973162 ], [ 25.296141391916684, -12.86723997496351 ], [ 25.308131920871894, -12.867173067249652 ], [ 25.331216674017259, -12.876630829858721 ], [ 25.34370664956246, -12.885464295697592 ], [ 25.355072900113377, -12.890190918351399 ], [ 25.370929386335096, -12.889076191970551 ], [ 25.385363514731168, -12.886944710835117 ], [ 25.397001750192938, -12.886534532046021 ], [ 25.41098553083377, -12.878579426582712 ], [ 25.429241048657431, -12.872996681868626 ], [ 25.442306242758463, -12.873607585815682 ], [ 25.458871851090912, -12.872827192801807 ], [ 25.473002741957277, -12.873776993021163 ], [ 25.494624853512587, -12.879814677073716 ], [ 25.512760059930109, -12.888273564551699 ], [ 25.523872149731574, -12.898828235355994 ], [ 25.532901843465734, -12.911447494874455 ], [ 25.543376238457242, -12.925774601008703 ], [ 25.549110650706027, -12.930880259239423 ], [ 25.561208155434354, -12.936975858202334 ], [ 25.578362368906959, -12.938367123225383 ], [ 25.577118219765463, -12.938598926386872 ], [ 25.577216335274567, -12.944422557464746 ], [ 25.582424630368504, -12.960493122831267 ], [ 25.584275142781937, -12.965621093403568 ], [ 25.576494020033742, -12.985878773988727 ], [ 25.561377653495814, -13.011313499750893 ], [ 25.545213359047523, -13.037782765497157 ], [ 25.530493928588381, -13.066642053958688 ], [ 25.522659301683184, -13.084500717602307 ], [ 25.508523943823885, -13.106506396061002 ], [ 25.492957221812063, -13.127486453822559 ], [ 25.482500620714866, -13.136449286568679 ], [ 25.463223922201895, -13.146486717858949 ], [ 25.435390148875381, -13.151427412785194 ], [ 25.402932387167628, -13.153991364129467 ], [ 25.369792397091746, -13.15861550366709 ], [ 25.33493558180561, -13.166668642437253 ], [ 25.311400421893314, -13.176032712729329 ], [ 25.289568670884588, -13.180937721650631 ], [ 25.268481590925717, -13.188919546232754 ], [ 25.254823375052229, -13.197547914290537 ], [ 25.239278903632609, -13.197623713941706 ], [ 25.218058070525391, -13.196357325276624 ], [ 25.204324018613043, -13.199505404726471 ], [ 25.189992499278116, -13.210876122154836 ], [ 25.177787911526163, -13.222920124893427 ], [ 25.16515973024725, -13.229831797164797 ], [ 25.16029931940021, -13.236016534137331 ], [ 25.161989307592531, -13.256559631580361 ], [ 25.166368126682915, -13.266815538595145 ], [ 25.16577510197742, -13.275385926772989 ], [ 25.169422616164429, -13.283929620862398 ], [ 25.181225862145183, -13.294154277576361 ], [ 25.200868226999699, -13.308793542576721 ], [ 25.213054918271528, -13.321412818095686 ], [ 25.220234119758739, -13.329260808453412 ], [ 25.22488493685918, -13.333354275101282 ], [ 25.236888894510301, -13.33192734941278 ], [ 25.251933870568173, -13.320552150175848 ], [ 25.2649187933185, -13.313292770169905 ], [ 25.278710772442526, -13.313573651990954 ], [ 25.293907364369787, -13.313158982179489 ], [ 25.312457240313901, -13.299710381640539 ], [ 25.325415380220797, -13.291081972084488 ], [ 25.342676522223485, -13.286885974514227 ], [ 25.361730282739053, -13.284393355278342 ], [ 25.376481007419581, -13.277811708309548 ], [ 25.389492641714313, -13.273294665326732 ], [ 25.399052951724293, -13.274275618916906 ], [ 25.417197019718323, -13.282413463741374 ], [ 25.439109122966318, -13.281963117454673 ], [ 25.451786311903014, -13.278815024817558 ], [ 25.46168553857347, -13.279109312850476 ], [ 25.472753026707583, -13.286252796976342 ], [ 25.478148473681248, -13.292736305886836 ], [ 25.488168093580921, -13.300914299143344 ], [ 25.496667153916022, -13.3018997238285 ], [ 25.501995828719785, -13.303585319621826 ], [ 25.51593044207365, -13.313457760414114 ], [ 25.526409336971358, -13.328484939152977 ], [ 25.534774632204375, -13.344212195788513 ], [ 25.544540026615643, -13.358904913372422 ], [ 25.559687637698623, -13.378716692310586 ], [ 25.574545340836345, -13.402983141426702 ], [ 25.59374623925396, -13.433407574958069 ], [ 25.607194914943801, -13.457687363873632 ], [ 25.617736236531861, -13.47683923967211 ], [ 25.630377770701976, -13.494265386539787 ], [ 25.640098613052771, -13.505537996656733 ], [ 25.646243224844262, -13.514424938503526 ], [ 25.653471471268599, -13.524676425236541 ], [ 25.659607210080829, -13.532537857910205 ], [ 25.657297370775265, -13.543868428991638 ], [ 25.645873168161426, -13.561415013689304 ], [ 25.639345024461971, -13.574827995858714 ], [ 25.636700809489344, -13.587875285153496 ], [ 25.6397597107023, -13.603638190008349 ], [ 25.649453764502571, -13.613198549792743 ], [ 25.659138993626328, -13.621728763577361 ], [ 25.662487753697011, -13.633032569687463 ], [ 25.660173512501473, -13.644363195886296 ], [ 25.652552900785867, -13.656068350263014 ], [ 25.639955898360039, -13.666765694487195 ], [ 25.628839375901169, -13.681913284788486 ], [ 25.625602044115414, -13.703544366358987 ], [ 25.626908579650394, -13.721037416905432 ], [ 25.627813774708795, -13.735101388732396 ], [ 25.632607348841827, -13.748804248163454 ], [ 25.639862230512872, -13.760781435050129 ], [ 25.647527445110377, -13.776874285506157 ], [ 25.656133502246369, -13.7843878714299 ], [ 25.664066246151442, -13.794300455466646 ], [ 25.671396992641238, -13.811771257540327 ], [ 25.673439292962211, -13.831324345784378 ], [ 25.676484878412694, -13.846413969043398 ], [ 25.687654871169208, -13.859746648340582 ], [ 25.706944950575288, -13.870301342496802 ], [ 25.727639709707613, -13.87981266500948 ], [ 25.747790358108173, -13.90134567142513 ], [ 25.762590142162033, -13.920154112476087 ], [ 25.775891630499974, -13.933139043800258 ], [ 25.784305910754863, -13.951635375046754 ], [ 25.789469529235884, -13.9656904873986 ], [ 25.792617738249646, -13.987994916826693 ], [ 25.79791065168542, -14.011320431500563 ], [ 25.802093290049754, -14.031560288960673 ], [ 25.8063829255481, -14.059358345549215 ], [ 25.808875575216216, -14.08579633358552 ], [ 25.815595405093564, -14.109804125942825 ], [ 25.821111368305608, -14.123863686986581 ], [ 25.826261647055656, -14.137236526513835 ], [ 25.827162396376828, -14.150970595867832 ], [ 25.826899275707408, -14.157842064279537 ], [ 25.830600362451868, -14.168820309965071 ], [ 25.841703497308981, -14.175977245972746 ], [ 25.864199629479746, -14.18548401797236 ], [ 25.879208993020868, -14.192623061736457 ], [ 25.897923798469758, -14.210740355105292 ], [ 25.916273005556299, -14.228170952149812 ], [ 25.929222277436505, -14.239786918057524 ], [ 25.942920591514437, -14.254488565625973 ], [ 25.959169605413503, -14.273649395957028 ], [ 25.971088755246154, -14.28767322351039 ], [ 25.98270028036049, -14.305139501775395 ], [ 26.00038504395491, -14.324634750512397 ], [ 26.015095625790234, -14.334863859261338 ], [ 26.028410502062947, -14.346818751582941 ], [ 26.037872710551717, -14.362577215454714 ], [ 26.046969305714125, -14.377653392127778 ], [ 26.057773685075407, -14.387561580591006 ], [ 26.069929147166352, -14.39264936758072 ], [ 26.088068777640512, -14.393920240219495 ], [ 26.100496364950619, -14.393162207147085 ], [ 26.108299713018425, -14.392087559523848 ], [ 26.124620032191753, -14.390277116509646 ], [ 26.136334120208868, -14.389519060959277 ], [ 26.144538894274906, -14.391534636344687 ], [ 26.151321173457827, -14.393554547469003 ], [ 26.156007655035523, -14.398339207874697 ], [ 26.151963231588969, -14.41314341488537 ], [ 26.151722437445247, -14.421053827148265 ], [ 26.156194986259987, -14.435122350018521 ], [ 26.175137250707326, -14.442225688873719 ], [ 26.184028695562134, -14.442515501012188 ], [ 26.194757246065617, -14.446921091147782 ], [ 26.199546382862518, -14.458238272384346 ], [ 26.197254354459236, -14.471312365213754 ], [ 26.1959434297749, -14.478883947409383 ], [ 26.196799533604178, -14.488850016766191 ], [ 26.203002186858122, -14.499471644439621 ], [ 26.206391064956893, -14.512171167546045 ], [ 26.203358841900052, -14.523532897752894 ], [ 26.205329764081032, -14.536932527604446 ], [ 26.208665162753874, -14.545850703577614 ], [ 26.213530098802188, -14.562327124259603 ], [ 26.211541306296255, -14.572311017463653 ], [ 26.208156825164796, -14.584020672764535 ], [ 26.202404605990573, -14.598503763305034 ], [ 26.198667935224073, -14.591989012449455 ], [ 26.186467772565745, -14.584497742701449 ], [ 26.165420829958965, -14.580154608990048 ], [ 26.132633062284281, -14.575878276903614 ], [ 26.080813892537797, -14.583748634467872 ], [ 26.049105145880397, -14.580145645118003 ], [ 26.000634731421624, -14.573189501509241 ], [ 25.955415009095145, -14.569996797073955 ], [ 25.910159572297342, -14.563700487604684 ], [ 25.870250677073781, -14.558403064491598 ], [ 25.811493044753796, -14.552851499709146 ], [ 25.761279098365581, -14.547937622510126 ], [ 25.713923473590796, -14.544035888731552 ], [ 25.664784183156382, -14.539447433090098 ], [ 25.616692799410259, -14.533128896775656 ], [ 25.587124472978626, -14.52912912961393 ], [ 25.573238835657794, -14.528157039089303 ], [ 25.55622291610857, -14.533044181877393 ], [ 25.543131011067526, -14.538948027303986 ], [ 25.532830459306766, -14.544811792490558 ], [ 25.532174989256117, -14.545186307797017 ], [ 25.516438834987138, -14.569671252212917 ], [ 25.506285447333958, -14.584502183255674 ], [ 25.499685980115522, -14.59898088814073 ], [ 25.493425348943145, -14.612077328486897 ], [ 25.486130342857052, -14.628620553703247 ], [ 25.478482957578951, -14.645507184921037 ], [ 25.471522251881822, -14.660333682289334 ], [ 25.467410985535381, -14.675485701054161 ], [ 25.469417595096182, -14.696470273176299 ], [ 25.475820903456444, -14.729824273224885 ], [ 25.476619025156008, -14.738078143848188 ], [ 25.475062816878207, -14.759080506831696 ], [ 25.469181252955892, -14.775628186352277 ], [ 25.455803978314684, -14.790824836794876 ], [ 25.442529229073809, -14.816357591893432 ], [ 25.436246319708204, -14.828776246523967 ], [ 25.431363618056295, -14.839469161635709 ], [ 25.42684213467388, -14.85015760452097 ], [ 25.424425303482565, -14.85809031652273 ], [ 25.426030500284742, -14.875989221752816 ], [ 25.432237607491302, -14.89042328640557 ], [ 25.439849314722636, -14.90313615977659 ], [ 25.446725263283032, -14.913780061640567 ], [ 25.452874361853901, -14.922711672685653 ], [ 25.455803978314684, -14.930274243700918 ], [ 25.461021141630994, -14.952636691272742 ], [ 25.465390985949821, -14.961577196813904 ], [ 25.472280347604226, -14.973259987430776 ], [ 25.474121984245208, -14.979105928381347 ], [ 25.475646926917289, -14.98874201005526 ], [ 25.469034115190901, -15.004616453796482 ], [ 25.458880708586207, -15.023612180965266 ], [ 25.456093838207746, -15.030514850162012 ], [ 25.449498754697448, -15.04845828737183 ], [ 25.447768681194717, -15.053978650308116 ], [ 25.44458933628475, -15.057434426304418 ], [ 25.440326384457645, -15.059177957815914 ], [ 25.426440792185868, -15.061648285990742 ], [ 25.418677510621713, -15.07029455413676 ], [ 25.418855859651899, -15.088902318245916 ], [ 25.421852342405234, -15.103710990200975 ], [ 25.42341307953161, -15.117489608923993 ], [ 25.420635005151649, -15.125426864845739 ], [ 25.408898704046962, -15.129613924090679 ], [ 25.401724012697041, -15.125507069762863 ], [ 25.392034330963405, -15.119687973471729 ], [ 25.382041476322513, -15.119732540805717 ], [ 25.36253295971699, -15.13256586336828 ], [ 25.345900529757856, -15.147802581859089 ], [ 25.338467186526685, -15.154379758903815 ], [ 25.335033687513519, -15.169563031318079 ], [ 25.336643430386875, -15.189553171992022 ], [ 25.338614298159118, -15.210234494583938 ], [ 25.340210640153309, -15.228503388041396 ], [ 25.339648869780302, -15.245403383633379 ], [ 25.336531943105129, -15.256448631668762 ], [ 25.33770016141704, -15.267137096268906 ], [ 25.338926424140496, -15.27018711321381 ], [ 25.342814770886147, -15.279876718177796 ], [ 25.346092213228818, -15.2867615586088 ], [ 25.350453250721994, -15.295367650296512 ], [ 25.354497595129477, -15.308111742048979 ], [ 25.355001563439707, -15.323977251355618 ], [ 25.347256054798578, -15.337118208366448 ], [ 25.33273276126431, -15.35132937511168 ], [ 25.320367663953263, -15.367596166510218 ], [ 25.319404552782178, -15.380023648987574 ], [ 25.321321910531434, -15.394854647182667 ], [ 25.31714374793113, -15.407638924445509 ], [ 25.310169708073929, -15.427687006842676 ], [ 25.304899013998465, -15.438406730733577 ], [ 25.295673137324599, -15.446731839913435 ], [ 25.285671418146801, -15.447119769515144 ], [ 25.269953039530719, -15.448912331654551 ], [ 25.259616847134509, -15.453099411471449 ], [ 25.25613435178785, -15.46415800082127 ], [ 25.26342941349246, -15.481387936369622 ], [ 25.271745628906505, -15.492058619553902 ], [ 25.274278442961283, -15.495501045257425 ], [ 25.275085509684729, -15.506889536104593 ], [ 25.265511811945132, -15.516597024922667 ], [ 25.25093056915075, -15.527022426835721 ], [ 25.238146310761838, -15.538473334032526 ], [ 25.229999516834667, -15.548176370897052 ], [ 25.222891725048427, -15.554075738130507 ], [ 25.216492937547571, -15.559283997361455 ], [ 25.215476225594845, -15.566195609620262 ], [ 25.217737048393754, -15.581039948433489 ], [ 25.221750208498126, -15.590346130669674 ], [ 25.233655967462028, -15.602385699762209 ], [ 25.247653107390118, -15.607509150419379 ], [ 25.268115943455253, -15.615361612448694 ], [ 25.276726496657957, -15.618090602742328 ], [ 25.282532237728951, -15.627735635181793 ], [ 25.282652607329382, -15.642588954837644 ], [ 25.272378879582348, -15.655422175061402 ], [ 25.256727387188999, -15.66758218960155 ], [ 25.250341954500492, -15.674868376300582 ], [ 25.249343079767183, -15.683857910218967 ], [ 25.258412969050433, -15.69867551097092 ], [ 25.274296259226116, -15.71450088225321 ], [ 25.291976541632895, -15.731008411268501 ], [ 25.302455434305866, -15.742365798254703 ], [ 25.311453954667304, -15.747850478960249 ], [ 25.317188327597979, -15.748171493835009 ], [ 25.328630437999202, -15.746387888202554 ], [ 25.340719062694241, -15.735962499929506 ], [ 25.353512169201892, -15.724493652385279 ], [ 25.365618608094163, -15.716489594363674 ], [ 25.377033939876895, -15.711941330618282 ], [ 25.386692374051336, -15.711201092156427 ], [ 25.392819117802969, -15.715316856671718 ], [ 25.396208114944212, -15.733960371768957 ], [ 25.391811397246251, -15.763359245149989 ], [ 25.387824960031704, -15.798978518049381 ], [ 25.383089369777444, -15.831155412601996 ], [ 25.379040526487209, -15.859528651815962 ], [ 25.364254124147141, -15.890033334319897 ], [ 25.351862281088657, -15.908427167049521 ], [ 25.348027486169418, -15.920899225394798 ], [ 25.350390773672025, -15.945794417533389 ], [ 25.345869245557235, -15.962074591223111 ], [ 25.343452486106752, -15.973159944516722 ], [ 25.350100992106924, -15.995959342074936 ], [ 25.356745012463051, -16.018071950413717 ], [ 25.364414694536766, -16.03429423438757 ], [ 25.374247026999523, -16.051542034775675 ], [ 25.389519401208236, -16.074992383826828 ], [ 25.401715063096077, -16.085306339647826 ], [ 25.368369888769386, -16.077534095150572 ], [ 25.347496833459754, -16.069690503355119 ], [ 25.314392455555254, -16.058444668719151 ], [ 25.27944204191569, -16.039591633020912 ], [ 25.262885410030862, -16.033099193260135 ], [ 25.245659859795541, -16.032149337825924 ], [ 25.228443307640454, -16.032581912780895 ], [ 25.21625214716693, -16.033335453661195 ], [ 25.166015930755151, -16.032198399455201 ], [ 25.139453014984571, -16.029902004383132 ], [ 25.115396200665828, -16.027596659427449 ], [ 25.096346906311389, -16.022143131144659 ], [ 25.084829034579656, -16.016658435060837 ], [ 25.073275553582036, -16.006326712499323 ], [ 25.058783444966927, -15.985270797563262 ], [ 25.049660108461481, -15.962466969353374 ], [ 25.039805517188398, -15.936550693041292 ], [ 25.028171712892117, -15.91237346593309 ], [ 25.017576922749925, -15.882658001024598 ], [ 25.005559648446301, -15.854333759022374 ], [ 24.986666391708013, -15.814629998019694 ], [ 24.976896474679709, -15.800137853750204 ], [ 24.967911387524293, -15.795330977872345 ], [ 24.95100692102401, -15.785712710403912 ], [ 24.926597810799976, -15.778542443331077 ], [ 24.874569061965854, -15.76559769986336 ], [ 24.84442997484096, -15.757749700902968 ], [ 24.826013877590611, -15.732569155085013 ], [ 24.810821758476109, -15.705301689841797 ], [ 24.792013281672656, -15.671136097598216 ], [ 24.766025621185811, -15.633189151843201 ], [ 24.727445482041389, -15.580085710174977 ], [ 24.70976511722753, -15.552144937549409 ], [ 24.682743008472467, -15.515950453967591 ], [ 24.647128144912042, -15.475631271584927 ], [ 24.632002842366528, -15.45460663647609 ], [ 24.626781258188753, -15.455311141901406 ], [ 24.619878565332439, -15.46224059180831 ], [ 24.601676556816852, -15.471618064280353 ], [ 24.586684997408263, -15.480299954322305 ], [ 24.568126239257214, -15.490025224583407 ], [ 24.556407745745265, -15.512173612608384 ], [ 24.542865411083248, -15.525341320264056 ], [ 24.52003035071267, -15.542687189823488 ], [ 24.490386279546804, -15.560050956008492 ], [ 24.468969243288097, -15.577392373161024 ], [ 24.448283431175891, -15.599576423519354 ], [ 24.422233415223683, -15.626616405886882 ], [ 24.400125134361495, -15.657112221415314 ], [ 24.376589979532476, -15.69349851577179 ], [ 24.35052656800136, -15.726785681544232 ], [ 24.321609345158322, -15.772201601828058 ], [ 24.297668436222843, -15.804458766068805 ], [ 24.270882543834141, -15.853700581349644 ], [ 24.243004239600772, -15.902964726281448 ], [ 24.217252928935608, -15.949468715956092 ], [ 24.199354170705988, -15.980361380236884 ], [ 24.186467300266887, -16.001889874644171 ], [ 24.180755212529711, -16.023748414562554 ], [ 24.173611710405691, -16.050471807622426 ], [ 24.163939995542957, -16.069226785827876 ], [ 24.153911465630017, -16.091107627769141 ], [ 24.147824749847114, -16.109162542419259 ], [ 24.143169484738898, -16.123052584216943 ], [ 24.138161909012481, -16.143194364285929 ], [ 24.139981186198032, -16.161235892335171 ], [ 24.148279605363211, -16.18932376762745 ], [ 24.152257076640588, -16.209791019959052 ], [ 24.155521216410232, -16.233736392620862 ], [ 24.150874831152635, -16.258404180824851 ], [ 24.134728359266685, -16.289015901430087 ], [ 24.115331322437591, -16.315828495657332 ], [ 24.086217786202379, -16.356919087807622 ], [ 24.062129737439616, -16.392796998729512 ], [ 24.038032809950575, -16.431466328634244 ], [ 24.018961173417264, -16.46734875366468 ], [ 23.996995669815455, -16.506035890970296 ], [ 23.983667394575004, -16.528349217980765 ], [ 23.970700393384412, -16.551362616153675 ], [ 23.959525799753543, -16.563585072679359 ], [ 23.942946934756026, -16.574777353357888 ], [ 23.928165006157254, -16.589452274808846 ], [ 23.913735333573939, -16.617705149812924 ], [ 23.900028090930221, -16.635862599834468 ], [ 23.883435775153661, -16.646720512667248 ], [ 23.859267454168762, -16.660039878473079 ], [ 23.845194525449418, -16.666358356557282 ], [ 23.830764812972884, -16.672681435275219 ], [ 23.809120341689059, -16.676235279677087 ], [ 23.788198245859149, -16.676658918327515 ], [ 23.769795597412227, -16.678112572233189 ], [ 23.752471903341124, -16.684096712541201 ], [ 23.729726106615548, -16.696020366971695 ], [ 23.716718902352724, -16.708612830678369 ], [ 23.70189239214837, -16.728536119120289 ], [ 23.698347371302251, -16.734520244127442 ], [ 23.696099963899641, -16.738319347886335 ], [ 23.685237621041068, -16.756490187048627 ], [ 23.670397720686001, -16.77816591010626 ] ] ] } },
{ "type": "Feature", "properties": { "cluster": 1, "ADM0_CODE": 4320, "ADM1_CODE": 54893, "ADM2_CODE": 1043358, "EXP2_YEAR": 48000, "STR2_YEAR": 16000, "Shape_Area": 13.05725055445, "Shape_Leng": 80.223685046339995, "2000_01": 3556.2167828418892, "2000_02": 3061.4690276904462, "2000_03": 3997.4530266744, "2000_11": 2977.5625129332952, "2000_12": 4444.2706215139851, "2001_01": 5273.8406123997902, "2001_02": 3345.4013742207649, "2001_03": 3338.2476291235948, "2001_11": 1990.3553843192872, "2001_12": 3576.1630156474748, "2002_01": 4492.1164874739252, "2002_02": 3745.2740544803073, "2002_03": 4107.4654665824619, "2002_11": 2244.1484866979458, "2002_12": 4413.1603234337654, "2003_01": 4374.2943024699016, "2003_02": 2579.143279257205, "2003_03": 3572.8194695151592, "2003_11": 1299.8186641645266, "2003_12": 4033.423620532365, "2004_01": 3090.5703357117354, "2004_02": 3843.9879404350368, "2004_03": 4113.5695255613964, "2004_11": 2435.2469296136996, "2004_12": 5269.782434278969, "2005_01": 4707.5248164931099, "2005_02": 2850.9285188008203, "2005_03": 3446.748893961586, "2005_11": 1741.8702459192302, "2005_12": 3098.9194032827404, "2006_01": 3917.5033195204551, "2006_02": 4034.7228230087708, "2006_03": 4199.3191649148948, "2006_11": 2730.3803131347195, "2006_12": 5337.2088746662876, "2007_01": 4407.2401729020448, "2007_02": 4287.4975351419935, "2007_03": 3416.8829119649286, "2007_11": 1770.7116519493736, "2007_12": 4262.2056007145275, "2008_01": 4284.6945725610731, "2008_02": 3419.5525505048549, "2008_03": 3223.2836108909787, "2008_11": 3013.4286495873866, "2008_12": 3407.0559639585099, "2009_01": 3931.2170719147266, "2009_02": 3839.0490847804845, "2009_03": 3780.6048037516557, "2009_11": 2892.3565736101309, "2009_12": 4538.6409408342452, "2010_01": 3597.9121312129892, "2010_02": 3459.3358545315905, "2010_03": 3893.9662245986483, "2010_11": 1681.4261741989378, "2010_12": 3925.1289406609294, "2011_01": 3274.4449298405902, "2011_02": 3503.7048994740526, "2011_03": 4201.9058936038982, "2011_11": 2412.2171580737518, "2011_12": 3325.0940500909201, "2012_01": 3635.013942287047, "2012_02": 3535.8632761469944, "2012_03": 3653.0674801830251, "2012_11": 2323.243581066286, "2012_12": 4687.30369541043, "2013_01": 3446.4214110811545, "2013_02": 3566.7388977106775, "2013_03": 3774.8457175773974, "2013_11": 2442.8201584691215, "2013_12": 5490.7977801465495, "2014_01": 4056.4835787307638, "2014_02": 3814.2970162838155, "2014_03": 4252.713035398132, "2014_11": 1313.1886202401374, "2014_12": 2577.7861696964992, "2015_01": 3422.9481039676261, "2015_02": 3208.2817600014587, "2015_03": 3369.7351858635584, "2015_11": 2490.8116990094932, "2015_12": 3832.8028541989661, "2016_01": 3971.8579309355591, "2016_02": 2926.1851745093204, "2016_03": 4036.9763765341022, "2016_11": 1272.2894460420364, "2016_12": 3069.1259407501948, "2017_01": 3491.5999273880725, "2017_02": 4445.6176736502766, "2017_03": 3209.9424801345062, "2017_11": 2430.0179544620382, "2017_12": 4570.7255889223507, "2018_01": 3512.6706534709087, "2018_02": 3541.516770278256, "2018_03": 3718.0617506159583, "2018_11": 1729.1300746120489, "2018_12": 4586.4601613110444, "2019_01": 3788.1885115374616, "2019_02": 3828.6140082128463, "2019_03": 3676.892557224774, "2019_11": 2123.3768898409667, "2019_12": 3819.0406639727225, "2020_01": 3927.5924825236716, "2020_02": 3845.5055765500683, "2020_03": 4862.8734857503296, "2020_11": 1613.4415389092896, "2020_12": 3723.4637639556645, "2021_01": 3699.8993108936484, "2021_02": 4497.8136807807859, "2021_03": 4020.4310511856975, "2021_11": 1635.1885596141572, "2021_12": 2655.2708207106302, "2022_01": 4996.3842338246695, "2022_02": 4265.9840404559427, "2022_03": 3967.5088409842551, "2022_11": 2009.2007122785155, "2022_12": 5266.8940961558674, "2023_01": 3583.7325770720449, "2023_02": 2287.251671204157, "2023_03": 4335.7052831036744, "2023_11": 2777.5375847185492, "2023_12": 5737.5327677900177, "hierarchical_cluster": 25 }, "geometry": { "type": "MultiPolygon", "coordinates": [ [ [ [ 24.634566898367201, -13.062231968877192 ], [ 24.63973047585095, -13.051262587015094 ], [ 24.64948696713353, -13.040275370188128 ], [ 24.658485491171806, -13.024842448428421 ], [ 24.665049255954063, -13.012842961313696 ], [ 24.678310612591488, -13.00012562893569 ], [ 24.689168547023979, -12.993236299462064 ], [ 24.697582865779292, -12.988750466885717 ], [ 24.708743981210539, -12.978093198107636 ], [ 24.713925456038023, -12.968836093065001 ], [ 24.71507593875226, -12.947972021864626 ], [ 24.713417158937371, -12.928838020713759 ], [ 24.714295603864471, -12.914470738148813 ], [ 24.707330493070277, -12.894337919336245 ], [ 24.695808137210197, -12.876283032865091 ], [ 24.689890954454846, -12.855124592623255 ], [ 24.681677223433731, -12.847307759425387 ], [ 24.662578910817235, -12.816308133623414 ], [ 24.6487468128391, -12.783582784224871 ], [ 24.637063977380791, -12.753238584776163 ], [ 24.62295538481284, -12.726332352941226 ], [ 24.620226425882038, -12.706538429290573 ], [ 24.613221128469863, -12.683690024464331 ], [ 24.588838763297733, -12.652757246908761 ], [ 24.552532768581408, -12.625998144661164 ], [ 24.509270534618395, -12.579494195503779 ], [ 24.491055132455934, -12.561176166130782 ], [ 24.469098506963068, -12.552440797562696 ], [ 24.443498855839128, -12.534858600384679 ], [ 24.432712297232751, -12.518547170079337 ], [ 24.425546511352589, -12.509383713378286 ], [ 24.413917147439875, -12.508777317554266 ], [ 24.390881450745304, -12.524616041011093 ], [ 24.373825395395983, -12.539736849613135 ], [ 24.367158981635658, -12.541828171760086 ], [ 24.35510160499782, -12.535420426656129 ], [ 24.348350560492058, -12.531032658312853 ], [ 24.325484290946683, -12.533226578697242 ], [ 24.295924907733138, -12.535121698267506 ], [ 24.281789510270041, -12.531460719864654 ], [ 24.268746662480329, -12.530524321483345 ], [ 24.252582416323044, -12.533699205957262 ], [ 24.237582040979188, -12.545386475443879 ], [ 24.211777164341441, -12.56669654367912 ], [ 24.194257339456104, -12.57430827073965 ], [ 24.176715315495777, -12.580220987103191 ], [ 24.161598936913791, -12.583043654695926 ], [ 24.156627037887848, -12.5796680461302 ], [ 24.155739659459819, -12.564333256094685 ], [ 24.15378210473412, -12.547981710180668 ], [ 24.15149905109709, -12.533676944166197 ], [ 24.145042265007394, -12.52417454474044 ], [ 24.140730340875251, -12.517048958669799 ], [ 24.139874228798021, -12.504443070799436 ], [ 24.137328018246233, -12.497981836667334 ], [ 24.059784250535373, -12.492037856120122 ], [ 24.010118760524737, -12.490334431131753 ], [ 23.996768258022961, -12.488804986670878 ], [ 23.994708116379758, -12.488568644262573 ], [ 24.002065672150291, -12.483030462990969 ], [ 24.005414457413973, -12.478009497769959 ], [ 24.005566092767861, -12.47481680855153 ], [ 24.005258375490818, -12.471316386423474 ], [ 24.012714042798347, -12.46173378426173 ], [ 24.018038137958737, -12.458844290962654 ], [ 24.023665522676225, -12.451999533630175 ], [ 24.025092434870295, -12.451165684232159 ], [ 24.033555817711395, -12.446216137145486 ], [ 24.031888106941327, -12.444829362795533 ], [ 24.030817916048399, -12.44393304648254 ], [ 24.032944956608539, -12.439826203692956 ], [ 24.047075860105522, -12.431964776591862 ], [ 24.051806965480427, -12.429333941978735 ], [ 24.065193188522358, -12.424767795162079 ], [ 24.066923294902733, -12.420161553651173 ], [ 24.069759247131444, -12.412598956773509 ], [ 24.071734676785951, -12.407123193074693 ], [ 24.069607632645827, -12.398146967670215 ], [ 24.077058822105261, -12.382477682116333 ], [ 24.077058822105261, -12.38004752932857 ], [ 24.074320905319443, -12.376547092438294 ], [ 24.077058822105261, -12.365595540311842 ], [ 24.076907210027326, -12.360877806930764 ], [ 24.070214090288683, -12.352360912862054 ], [ 24.061706189660434, -12.347527249612614 ], [ 24.059079694793859, -12.341489652930218 ], [ 24.043138483167009, -12.334257009648947 ], [ 24.05000103744802, -12.332018491271224 ], [ 24.053907143050427, -12.32811239363766 ], [ 24.066669150775745, -12.315354880196464 ], [ 24.066691380453278, -12.314409567805514 ], [ 24.066896528569647, -12.3069807080162 ], [ 24.064163088012521, -12.299154952322931 ], [ 24.058219164470312, -12.29019664475806 ], [ 24.058883525959725, -12.286424209657358 ], [ 24.06086335745935, -12.284346287400098 ], [ 24.061897911314684, -12.277086887385625 ], [ 24.059918084247702, -12.264356113627185 ], [ 24.054353109714178, -12.256525981355955 ], [ 24.050393382557274, -12.255486960911181 ], [ 24.047187285400465, -12.248133896789511 ], [ 24.046901916818868, -12.243982476993315 ], [ 24.040115174257775, -12.235024200758096 ], [ 24.030024209214982, -12.230212810589045 ], [ 24.028771262155999, -12.227247525020518 ], [ 24.026720062256288, -12.222387034375281 ], [ 24.019665699065367, -12.223096085776932 ], [ 24.016441786868928, -12.223421609347852 ], [ 24.01248210136955, -12.222480704768888 ], [ 24.01012329774397, -12.218141981917872 ], [ 24.000785880546491, -12.209277331635265 ], [ 23.9982397174719, -12.200506240691331 ], [ 23.999278765642352, -12.200220844831337 ], [ 23.998899717503821, -12.191641537205211 ], [ 23.997200757771061, -12.184096759705049 ], [ 23.991649195191439, -12.176672369173277 ], [ 23.984220330625526, -12.172400540022895 ], [ 23.98333298275135, -12.165368514020095 ], [ 23.980002010398167, -12.13509569291924 ], [ 23.98333298275135, -12.073711757236859 ], [ 23.98333298275135, -11.907061777229067 ], [ 24.000001106958202, -11.848732219814696 ], [ 24.002520490541166, -11.847862699237718 ], [ 24.018510817275139, -11.842346769792242 ], [ 24.017650212075274, -11.8392476905587 ], [ 24.022474989117125, -11.830797755923458 ], [ 24.022305483026337, -11.828733212078165 ], [ 24.022301036666597, -11.828728675965611 ], [ 24.01730684068712, -11.822699993083877 ], [ 24.012308235966998, -11.811320378319902 ], [ 24.010582554849201, -11.79977133865815 ], [ 24.007478998977938, -11.783054101205733 ], [ 24.002997631950667, -11.776847034329286 ], [ 24.002136998447188, -11.771678968464212 ], [ 24.001793706515031, -11.765471883002423 ], [ 24.000411370926201, -11.75806084942978 ], [ 23.999550732721811, -11.755131271995646 ], [ 23.995412678205167, -11.750302074639496 ], [ 23.992483077136797, -11.741687087937882 ], [ 23.991965814594025, -11.733067602463358 ], [ 23.993000339116556, -11.730307400857583 ], [ 23.996866355461588, -11.729518139211722 ], [ 24.001445877031422, -11.728586188167455 ], [ 24.000928624261302, -11.726691074503114 ], [ 23.99640708503987, -11.722615445603134 ], [ 23.99058789703178, -11.717380502695679 ], [ 23.992139687469457, -11.714450884573953 ], [ 23.984211437190101, -11.704970784913185 ], [ 23.986623820842585, -11.701180590005237 ], [ 23.980764583234787, -11.694973490528957 ], [ 23.974900826936917, -11.692213363486911 ], [ 23.972662354820532, -11.683767759665843 ], [ 23.975248675816065, -11.680320940210345 ], [ 23.974214112793341, -11.676530652262972 ], [ 23.960078763650952, -11.659639628276832 ], [ 23.966111955095812, -11.655501536731332 ], [ 23.970419425401946, -11.652224090393618 ], [ 23.979212755759157, -11.645160918498513 ], [ 23.982097789584849, -11.639957144492453 ], [ 23.982757721266655, -11.635908246883213 ], [ 23.981727711985528, -11.634802411937446 ], [ 23.99041402358888, -11.616546812849723 ], [ 23.989459805728803, -11.61389367498105 ], [ 23.991225583691875, -11.61168644843344 ], [ 23.994980176827308, -11.608814756206986 ], [ 23.995452788468242, -11.608756825000576 ], [ 23.997334518628836, -11.608520451075465 ], [ 24.000059093857786, -11.604547428407605 ], [ 24.001089154172707, -11.600422703701522 ], [ 24.002266311362632, -11.595120844409838 ], [ 24.000420264058498, -11.594197859574491 ], [ 24.000206193613472, -11.594090825966486 ], [ 24.001753506042512, -11.588423275787711 ], [ 24.002266311362636, -11.588258282228807 ], [ 24.008009674811959, -11.586434539302466 ], [ 24.011911321702275, -11.582679943659372 ], [ 24.011394080389376, -11.575099491546142 ], [ 24.017708196806616, -11.561396704107599 ], [ 24.019639020756355, -11.557209607667565 ], [ 24.020731469048442, -11.556585310611897 ], [ 24.023763614521499, -11.554855201580168 ], [ 24.024294271993011, -11.550917791536463 ], [ 24.024940896547651, -11.546093010580657 ], [ 24.027736725342347, -11.541531359514735 ], [ 24.029194839940878, -11.541147921699265 ], [ 24.032525828482608, -11.540278352337454 ], [ 24.039147537043991, -11.523124220310336 ], [ 24.038046148581117, -11.519958253233796 ], [ 24.036476543029202, -11.519668419236481 ], [ 24.034068679090069, -11.519222462553481 ], [ 24.031567068078672, -11.510830474685621 ], [ 24.030536983727671, -11.502955694034462 ], [ 24.029136856629222, -11.495812264307709 ], [ 24.025382263118612, -11.489703287757193 ], [ 24.022733603752243, -11.487937464511871 ], [ 24.0220691907077, -11.482559786112772 ], [ 24.021774914047789, -11.475567880322545 ], [ 24.023982120611887, -11.471447713721089 ], [ 24.026193853853535, -11.466070000991392 ], [ 24.025698859895158, -11.460139394416748 ], [ 24.023995550384896, -11.457111716086541 ], [ 24.020967762040311, -11.453704956006966 ], [ 24.024374578346698, -11.445946092672385 ], [ 24.027593989753054, -11.442726651555484 ], [ 24.029484665650791, -11.441214995766346 ], [ 24.034028481376733, -11.439511577934832 ], [ 24.036012774301181, -11.43669790459985 ], [ 24.037983720157314, -11.433906544671283 ], [ 24.038567897435811, -11.433077163768562 ], [ 24.044815045989377, -11.423423188863023 ], [ 24.052952963493574, -11.424181191149479 ], [ 24.060649314673611, -11.422254866350988 ], [ 24.062798630013415, -11.42171980040675 ], [ 24.064002579763304, -11.421001880085669 ], [ 24.072639822134704, -11.415851638915875 ], [ 24.076612877400315, -11.410928791779947 ], [ 24.078797866217233, -11.409546465771312 ], [ 24.085887893562006, -11.405060621265825 ], [ 24.083332759944462, -11.398782218118919 ], [ 24.081963822323811, -11.394670865307933 ], [ 24.05000103744802, -11.298791302003417 ], [ 24.045724690172037, -11.29024320179893 ], [ 24.036293703329399, -11.271376779446397 ], [ 24.033332869834588, -11.265459546257476 ], [ 24.033332869834588, -11.165468616885954 ], [ 24.036333900847708, -11.159921554334897 ], [ 24.036739596149044, -11.159163453957314 ], [ 24.035245844452405, -11.150700135085017 ], [ 24.034987236729986, -11.149233084604203 ], [ 24.034536805253232, -11.146695837379063 ], [ 24.036159953548296, -11.144377127441494 ], [ 24.035812149494387, -11.139159979515826 ], [ 24.03424698267527, -11.135855744708179 ], [ 24.027259609006418, -11.134263812640686 ], [ 24.020508515068084, -11.132725454755013 ], [ 24.019491836316831, -11.131588380825006 ], [ 24.017552118953233, -11.129421268200575 ], [ 24.012910231038283, -11.129305314135596 ], [ 24.012700612703082, -11.129506029669564 ], [ 24.010881284976762, -11.13127624493036 ], [ 24.005632972019793, -11.129688838876719 ], [ 24.001682179687823, -11.117167667438805 ], [ 24.002021115895761, -11.114461018728887 ], [ 24.00709551090592, -11.108708732000514 ], [ 24.008611584624767, -11.108427854774247 ], [ 24.014314852965487, -11.107357664628774 ], [ 24.020067053170823, -11.103295426836286 ], [ 24.021645606483943, -11.097204286193206 ], [ 24.018805095979829, -11.091906876438543 ], [ 24.01668261917321, -11.087956121983478 ], [ 24.013891171012546, -11.065981625235572 ], [ 24.013186636717823, -11.060438952883125 ], [ 24.012937000472647, -11.060198155946258 ], [ 24.010141083642953, -11.057504861551035 ], [ 24.009802244003176, -11.052657853744529 ], [ 24.011706240126809, -11.051057046249609 ], [ 24.012624841550316, -11.050290058389695 ], [ 24.01330260727309, -11.042165578504999 ], [ 24.012910231038283, -11.038571525714371 ], [ 24.012290359405796, -11.03285052211376 ], [ 24.007715389364119, -11.027562033745888 ], [ 24.006716469029492, -11.019348378378707 ], [ 24.01315542085143, -11.01309226240968 ], [ 24.015278004309735, -11.00672016328253 ], [ 24.020138376744914, -11.001373710940189 ], [ 24.022354574464707, -10.998934603042963 ], [ 24.023219617396716, -10.988705431034798 ], [ 24.02353621563331, -10.985017772413515 ], [ 24.021645606483943, -10.978409382613764 ], [ 24.024227395391925, -10.967854657732895 ], [ 24.024240734416239, -10.967792252679891 ], [ 24.024156072439148, -10.967774382813689 ], [ 24.018345846893872, -10.966378700956136 ], [ 24.016455216857491, -10.96283820819043 ], [ 24.016700404824544, -10.961616378821553 ], [ 24.018577694690439, -10.952221041850114 ], [ 24.021645606483943, -10.948685001336129 ], [ 24.018577694690439, -10.941603948172423 ], [ 24.016040520412194, -10.939748941782137 ], [ 23.999234118379164, -10.927450785281264 ], [ 23.999078034417867, -10.926884443900931 ], [ 23.997347949160638, -10.920606042524511 ], [ 23.994043754638415, -10.917069977127893 ], [ 23.988617025129649, -10.915651946540336 ], [ 23.987551273520072, -10.914983078118679 ], [ 23.980831465978163, -10.910773678344881 ], [ 23.98937060010018, -10.900031762309927 ], [ 23.98942414162903, -10.89996039223735 ], [ 23.999528409103551, -10.887247532986825 ], [ 24.009895892262179, -10.885151732288337 ], [ 24.039214411510955, -10.889102496991965 ], [ 24.058531292904341, -10.889361079093167 ], [ 24.074352117082082, -10.89283030670882 ], [ 24.094587598126811, -10.905507518647449 ], [ 24.117400271816894, -10.904611230293554 ], [ 24.124842514126488, -10.910372412697217 ], [ 24.129957107595271, -10.918657388213772 ], [ 24.130416426576833, -10.921876840670233 ], [ 24.127848026379702, -10.93176713873741 ], [ 24.124347626472421, -10.936591936252126 ], [ 24.121547305099782, -10.944867980202691 ], [ 24.123865983685238, -10.952002559904727 ], [ 24.144337750739226, -10.969045201882365 ], [ 24.145956426405352, -10.977098351841676 ], [ 24.142678971772195, -10.994805488590808 ], [ 24.132039507132092, -11.02122119738385 ], [ 24.131009467198165, -11.023771786619641 ], [ 24.133332723731286, -11.029064715848699 ], [ 24.141474958376623, -11.036435636537227 ], [ 24.164287792325808, -11.044970333938256 ], [ 24.168247431288684, -11.044283646804274 ], [ 24.178739713470698, -11.032560711830566 ], [ 24.18689091214635, -11.029118291402012 ], [ 24.196437854396805, -11.029818314913761 ], [ 24.216927487044558, -11.036502526621879 ], [ 24.238348987424935, -11.040430952590622 ], [ 24.253946926543616, -11.045269130121772 ], [ 24.262566322327753, -11.044355008078245 ], [ 24.2672216741861, -11.042285951102809 ], [ 24.283060336004265, -11.042526796977063 ], [ 24.320316146995353, -11.052662332008415 ], [ 24.334286573602522, -11.060260630882558 ], [ 24.353848588866885, -11.073606741810307 ], [ 24.378766109652457, -11.087184674247929 ], [ 24.382957582346439, -11.092473124340831 ], [ 24.389013105012936, -11.103518315725367 ], [ 24.391340761292099, -11.113408655361601 ], [ 24.391340761292099, -11.129510455144208 ], [ 24.387465799636736, -11.167894388637267 ], [ 24.386676550141086, -11.175742443815915 ], [ 24.390868032269115, -11.184714126989645 ], [ 24.400887702804631, -11.194604387716216 ], [ 24.398087380534694, -11.26729220349088 ], [ 24.393191235368004, -11.285922303344551 ], [ 24.376170909272808, -11.309613537115132 ], [ 24.368942650528982, -11.327325061801243 ], [ 24.366142381198287, -11.339511799370788 ], [ 24.357513960888912, -11.356532190960893 ], [ 24.34958573042374, -11.3664224685657 ], [ 24.33816149209466, -11.371710994586193 ], [ 24.305284522212141, -11.371925010158286 ], [ 24.295724219215231, -11.374453363748787 ], [ 24.290123583566441, -11.377668378388204 ], [ 24.288023348723453, -11.382497557309584 ], [ 24.288719014695456, -11.389172847327389 ], [ 24.302238974934433, -11.401827732680614 ], [ 24.319027478888593, -11.407588939421307 ], [ 24.344912612139119, -11.410126108164784 ], [ 24.364033190214972, -11.40506953739324 ], [ 24.373361622362115, -11.405301422208982 ], [ 24.382690114196947, -11.409216446545432 ], [ 24.397842134957468, -11.423017405600181 ], [ 24.409738958523757, -11.427391773097508 ], [ 24.426763859946632, -11.441424594858022 ], [ 24.435624066623745, -11.446253793864111 ], [ 24.437028677977963, -11.467648534103912 ], [ 24.440992821107614, -11.473168903672901 ], [ 24.445425148590029, -11.475697215664104 ], [ 24.448921080134618, -11.474778686833213 ], [ 24.462449984577336, -11.463965311592219 ], [ 24.471542090110489, -11.460741435764009 ], [ 24.489503417344938, -11.459127217015112 ], [ 24.500932069227503, -11.459586462159683 ], [ 24.512828894019318, -11.463265230558809 ], [ 24.522857457529899, -11.462110363291389 ], [ 24.52868553607388, -11.458658994752161 ], [ 24.539641484880743, -11.448073059474492 ], [ 24.550602017216139, -11.446458873296315 ], [ 24.576032254373619, -11.455876542532792 ], [ 24.583492341246835, -11.45633138118078 ], [ 24.58815657714652, -11.453339292457162 ], [ 24.591884299930761, -11.448510082415755 ], [ 24.593516345192171, -11.442985286092409 ], [ 24.593039237738751, -11.428956921036404 ], [ 24.598630917536831, -11.418598457844938 ], [ 24.605154590730731, -11.414455949518805 ], [ 24.627071121578066, -11.408458443002857 ], [ 24.634294890713992, -11.403852174957153 ], [ 24.644782626901122, -11.393034431064958 ], [ 24.665967862090479, -11.358052778773938 ], [ 24.67691938521693, -11.351145631839946 ], [ 24.687170911869632, -11.346994197642076 ], [ 24.699049932012091, -11.333643627441278 ], [ 24.71116527922193, -11.328109857658072 ], [ 24.714897568874523, -11.33063818410819 ], [ 24.73261355605511, -11.328774285659385 ], [ 24.73610503520074, -11.323022031791446 ], [ 24.732827607593528, -11.31198579251933 ], [ 24.738183021821413, -11.305997191703009 ], [ 24.743074576990061, -11.303923738165793 ], [ 24.754967081705125, -11.305747510395939 ], [ 24.77336974379589, -11.299518147408993 ], [ 24.779964770366668, -11.300797910850054 ], [ 24.798086563070232, -11.304316101107982 ], [ 24.809274453523468, -11.302229239707852 ], [ 24.818589516505799, -11.29669551453218 ], [ 24.834414851430719, -11.294122601438097 ], [ 24.841424580379407, -11.292985566622111 ], [ 24.853080618111317, -11.292967735598312 ], [ 24.860991057215703, -11.284673776746191 ], [ 24.867488010723502, -11.266494016900513 ], [ 24.873538981309284, -11.262110704414102 ], [ 24.886595226416542, -11.263930072538246 ], [ 24.89918776609996, -11.269200721273654 ], [ 24.905952183078487, -11.269878495011831 ], [ 24.915035420166365, -11.26641373304455 ], [ 24.930396990682407, -11.256264863659071 ], [ 24.946008274844377, -11.255087634326951 ], [ 24.959769130261908, -11.25943081455865 ], [ 24.965360780572542, -11.258730769631052 ], [ 24.985618545476107, -11.250410055899792 ], [ 25.014981709729017, -11.248510501192358 ], [ 25.052973263645985, -11.25003990957952 ], [ 25.070461778627266, -11.254829031196246 ], [ 25.107039865588298, -11.249910674713965 ], [ 25.137308169809092, -11.237875527241387 ], [ 25.155826869064885, -11.236551154100198 ], [ 25.190661376460572, -11.234058514518262 ], [ 25.225830251755514, -11.227517009351239 ], [ 25.238400470675646, -11.222188381567538 ], [ 25.258867713720541, -11.209479980900365 ], [ 25.258867713720541, -11.210398533134862 ], [ 25.268410234082474, -11.20646115684883 ], [ 25.27328850817787, -11.201845972325197 ], [ 25.303779863786218, -11.191398316800484 ], [ 25.31589967420221, -11.191821929779559 ], [ 25.329896793983117, -11.197297733937299 ], [ 25.335256663133894, -11.197279833963796 ], [ 25.34503099053012, -11.19356988831678 ], [ 25.35179546440903, -11.195848456006317 ], [ 25.351131003825834, -11.205738781543607 ], [ 25.332322522381066, -11.225813648359971 ], [ 25.330735090719767, -11.238700433819828 ], [ 25.31984148426135, -11.255988382505048 ], [ 25.320327515543323, -11.262427300096476 ], [ 25.334833045483549, -11.279171294027591 ], [ 25.335314622301251, -11.283077434183371 ], [ 25.329749587716957, -11.291839587510566 ], [ 25.321371010791189, -11.296236229648345 ], [ 25.306696102434305, -11.298354307136618 ], [ 25.298313005959617, -11.301600571591299 ], [ 25.29554382007526, -11.309198847538767 ], [ 25.299293998228954, -11.316779341831721 ], [ 25.312149518170724, -11.327316194039868 ], [ 25.315217411821401, -11.338352421739437 ], [ 25.311288925393129, -11.348483519805301 ], [ 25.30733814325183, -11.352175690951611 ], [ 25.300587152501485, -11.35519000494998 ], [ 25.28823097687868, -11.355916860505298 ], [ 25.280088661390717, -11.360772789872634 ], [ 25.278251444615588, -11.370208265249445 ], [ 25.291642121289733, -11.400762020082597 ], [ 25.299829075380629, -11.408329095442411 ], [ 25.30241980503023, -11.415909613264843 ], [ 25.298023084525518, -11.42788677131117 ], [ 25.305536717998621, -11.443502519218566 ], [ 25.304225770036155, -11.469730962148365 ], [ 25.308925606009197, -11.480299007240777 ], [ 25.326226924186081, -11.49335525949593 ], [ 25.32671746642761, -11.499103050575254 ], [ 25.323694176490935, -11.501872141159408 ], [ 25.311578834294583, -11.507432646012349 ], [ 25.294558384677444, -11.51001443918407 ], [ 25.289448303983193, -11.516703126901621 ], [ 25.296003122143162, -11.523124198751388 ], [ 25.306276876183656, -11.526080621047353 ], [ 25.310267821737561, -11.533201793113522 ], [ 25.309857552688133, -11.550913360807419 ], [ 25.30500608180747, -11.565882527169157 ], [ 25.30736490999475, -11.573003733100666 ], [ 25.314383593796602, -11.579192941873641 ], [ 25.326070854728737, -11.584909533474727 ], [ 25.329593520062296, -11.591798878341157 ], [ 25.330133155738427, -11.613189108650021 ], [ 25.336714771375412, -11.626967797189446 ], [ 25.341164915017504, -11.631324308942004 ], [ 25.355184380584959, -11.63610888964196 ], [ 25.365012221773888, -11.643898956013544 ], [ 25.382763909342259, -11.647747188002773 ], [ 25.401706113494846, -11.65803429871386 ], [ 25.427448576607521, -11.676115933420899 ], [ 25.435109307671922, -11.67854174401992 ], [ 25.428946823654652, -11.680013216203202 ], [ 25.364494979699565, -11.732911580378918 ], [ 25.364865032544547, -11.74965991298286 ], [ 25.363188444516425, -11.769159610045584 ], [ 25.349454430118804, -11.783294920774969 ], [ 25.333236675274748, -11.796431413464468 ], [ 25.323796716559457, -11.814629043695238 ], [ 25.31134688910997, -11.840032533613478 ], [ 25.298665233909201, -11.854836766973294 ], [ 25.275067693465349, -11.868370098097847 ], [ 25.263692506428793, -11.878715207783348 ], [ 25.25440416883837, -11.888021402679541 ], [ 25.244661060503724, -11.892547332332764 ], [ 25.236041659746938, -11.900480125697589 ], [ 25.230512372224794, -11.922057660194509 ], [ 25.221714569958962, -11.938534039892019 ], [ 25.211137524173981, -11.95399823588196 ], [ 25.20097524014442, -11.972873621385771 ], [ 25.197577396793008, -11.99613677405614 ], [ 25.1926858204409, -12.015315328428011 ], [ 25.185622599609612, -12.031430500463751 ], [ 25.182166784646554, -12.052303537733989 ], [ 25.178942794965472, -12.06736641347139 ], [ 25.173235190947196, -12.081078159149914 ], [ 25.171295481495051, -12.089978538783967 ], [ 25.173061313272509, -12.108760262277114 ], [ 25.178661899763654, -12.125807391471231 ], [ 25.181711928890913, -12.138087772637416 ], [ 25.1798925898159, -12.15348056486606 ], [ 25.179116759888618, -12.168182272886163 ], [ 25.181529099852408, -12.18423056615144 ], [ 25.183223588998533, -12.199596622553114 ], [ 25.175915084418168, -12.222890911542656 ], [ 25.158903624870216, -12.25411801738192 ], [ 25.150034439478887, -12.269564389703438 ], [ 25.135823345167296, -12.281287348912638 ], [ 25.116671470385246, -12.312184466788937 ], [ 25.09978934812565, -12.332807756287147 ], [ 25.077944160352605, -12.351411132908027 ], [ 25.06060274248437, -12.366228781885313 ], [ 25.044683751773064, -12.382054123347595 ], [ 25.0231596439836, -12.399970799967578 ], [ 25.003682300556882, -12.414110579692705 ], [ 24.985921693448024, -12.425846919010549 ], [ 24.956331118801224, -12.446202702000166 ], [ 24.928096067392993, -12.463811728802627 ], [ 24.908235237721055, -12.476925915116853 ], [ 24.899633685165739, -12.489621028694991 ], [ 24.894920404640711, -12.503662725901048 ], [ 24.886577388991228, -12.510547561442529 ], [ 24.885275345004196, -12.51738780939495 ], [ 24.88828081368478, -12.529329301503225 ], [ 24.88223426546568, -12.548160110890379 ], [ 24.873342762187914, -12.565644192989078 ], [ 24.862596359040566, -12.577327023127866 ], [ 24.847667256068501, -12.591770092069762 ], [ 24.842909441168686, -12.603417232065182 ], [ 24.843814644428321, -12.616736589313996 ], [ 24.841816963853454, -12.624606882811257 ], [ 24.838820421652713, -12.636588546936348 ], [ 24.839270764911713, -12.643076531368274 ], [ 24.847430996857735, -12.646786501641524 ], [ 24.871808862697709, -12.651085083073635 ], [ 24.87934029845562, -12.659588551282718 ], [ 24.88475362057947, -12.668100981912829 ], [ 24.889881643145618, -12.68140249917079 ], [ 24.890430070401834, -12.694387367639768 ], [ 24.89593702131188, -12.709396724284003 ], [ 24.906300038433322, -12.718907960139529 ], [ 24.917907086914479, -12.741065215075427 ], [ 24.919124355628238, -12.751998988912051 ], [ 24.922834350305397, -12.764627148933029 ], [ 24.938517048103471, -12.776167272959652 ], [ 24.945098632100471, -12.792202211560287 ], [ 24.949321461367617, -12.816116405627717 ], [ 24.961891594699431, -12.831781186910696 ], [ 24.976771645726185, -12.836146676512021 ], [ 24.989471192759364, -12.836418627320544 ], [ 24.997979138811438, -12.839107496057437 ], [ 24.999900961675969, -12.850041228968289 ], [ 24.991981608300488, -12.863770806805762 ], [ 24.988218150380074, -12.871654447237223 ], [ 24.989783298519896, -12.882592682255693 ], [ 24.99697586178775, -12.892135118506497 ], [ 24.998897690416648, -12.903073284420751 ], [ 24.997252297312684, -12.911630348670306 ], [ 25.001243207915429, -12.91913947500762 ], [ 25.00411043202535, -12.922202865551494 ], [ 25.007419064184187, -12.931763174418432 ], [ 25.001849656333295, -12.937265680706417 ], [ 24.989653948458912, -12.948279653932513 ], [ 24.989439964063738, -12.958201180018259 ], [ 24.992333901354645, -12.963320229902287 ], [ 24.999084966740007, -12.966704657129037 ], [ 25.003989957876918, -12.963944457111271 ], [ 25.007155942506696, -12.963244396479421 ], [ 25.009269599324227, -12.962887669499878 ], [ 25.014807747458626, -12.980313858630417 ], [ 25.013206964464636, -12.992295492323219 ], [ 25.009505927626137, -13.005320450426909 ], [ 24.997979138811438, -13.014274367176995 ], [ 24.984619666898649, -13.018448122787364 ], [ 24.970149851509742, -13.018862779133681 ], [ 24.963131246815603, -13.021975227540363 ], [ 24.952665757123608, -13.031268024329373 ], [ 24.944278159053592, -13.037809507152938 ], [ 24.933005529967097, -13.039575339037475 ], [ 24.922018350484748, -13.036552056909931 ], [ 24.911066762128385, -13.03591883074202 ], [ 24.899089618557028, -13.038032464955942 ], [ 24.888124714306677, -13.036716983592168 ], [ 24.875759590899772, -13.036092761496619 ], [ 24.867804574399287, -13.048792288696665 ], [ 24.859760363067451, -13.054647036226239 ], [ 24.845281655549449, -13.054718433435912 ], [ 24.833264389824688, -13.053750823956401 ], [ 24.821657322274095, -13.057224414324843 ], [ 24.809773830294507, -13.067203886089748 ], [ 24.794318635674209, -13.073776617773703 ], [ 24.775635003393973, -13.076260362425668 ], [ 24.76580262227651, -13.081098430608268 ], [ 24.763800517011724, -13.090346600375479 ], [ 24.762516316039978, -13.100954870262726 ], [ 24.757624662132148, -13.10542281096094 ], [ 24.743890629894835, -13.108909831585718 ], [ 24.732577865688977, -13.107937772622797 ], [ 24.719905118301718, -13.111415920514606 ], [ 24.707887898870855, -13.110791617837659 ], [ 24.698269562943178, -13.10365262448817 ], [ 24.694688939499354, -13.099563574995358 ], [ 24.683750717895528, -13.100642657075859 ], [ 24.675314158166049, -13.104102948143408 ], [ 24.663662508816774, -13.104156459236481 ], [ 24.648086842952445, -13.101150995318807 ], [ 24.646593027062654, -13.094319727721816 ], [ 24.642918759977665, -13.082025955040121 ], [ 24.637162015412926, -13.07281788124183 ], [ 24.634566898367201, -13.062231968877192 ] ] ], [ [ [ 29.80179989016068, -12.155674427324263 ], [ 29.794161494913112, -12.159732262518997 ], [ 29.784132968513909, -12.161306272723927 ], [ 29.774519116018187, -12.159879405678575 ], [ 29.76213177578386, -12.160347628751355 ], [ 29.738801700554717, -12.175285563709725 ], [ 29.723190418666892, -12.190303843514437 ], [ 29.70996470647389, -12.195614608706338 ], [ 29.667148399740071, -12.207230553547392 ], [ 29.633455439573929, -12.206708884870439 ], [ 29.596235362167498, -12.193135373892849 ], [ 29.588021679165045, -12.191677237858789 ], [ 29.575174980781345, -12.192832120100004 ], [ 29.559260464924844, -12.204626443160492 ], [ 29.539363968334236, -12.216264746035069 ], [ 29.513291608750603, -12.222948892361172 ], [ 29.503414695208821, -12.229369986024247 ], [ 29.50296433641693, -12.229026707367321 ], [ 29.498304615869525, -12.225459398603705 ], [ 29.488521306387796, -12.217754072833623 ], [ 29.470261327629498, -12.199556438829243 ], [ 29.452701383805, -12.180997700966358 ], [ 29.437932771378915, -12.17202155377994 ], [ 29.42212531764395, -12.163410972416585 ], [ 29.41853127941215, -12.15108155879901 ], [ 29.410843755489434, -12.132643173854035 ], [ 29.400984660005133, -12.1125237241381 ], [ 29.390438915894816, -12.082768194460099 ], [ 29.384285389243612, -12.057739241424562 ], [ 29.383509458680177, -12.035350106183209 ], [ 29.385774696658586, -12.019440023262163 ], [ 29.39147346957548, -12.01104347532773 ], [ 29.400061691989066, -12.004649164055698 ], [ 29.418856757806203, -11.998027382761055 ], [ 29.431123795797053, -11.996034173407217 ], [ 29.442971574524126, -11.992324243463436 ], [ 29.452576535540341, -11.984868572976932 ], [ 29.454195127402002, -11.980694905788184 ], [ 29.45317403533976, -11.971749908530889 ], [ 29.448353767480537, -11.964958692208116 ], [ 29.443595856089726, -11.959893148966247 ], [ 29.439769986254642, -11.951353968016521 ], [ 29.437696509545258, -11.932434057596355 ], [ 29.438360840004545, -11.921379912706289 ], [ 29.442909146219947, -11.900578233699802 ], [ 29.447671507512734, -11.875977373665451 ], [ 29.455586411317551, -11.850961767062277 ], [ 29.463853530408247, -11.825928414142725 ], [ 29.463603852983802, -11.799361055520784 ], [ 29.463403225351421, -11.774167171746122 ], [ 29.463162400994975, -11.747938731765428 ], [ 29.456420218998943, -11.727030006081595 ], [ 29.447461914481465, -11.713077499325985 ], [ 29.4328048823374, -11.68750894327593 ], [ 29.423284697318795, -11.667692767635524 ], [ 29.413006449524815, -11.646512025310711 ], [ 29.400578891387756, -11.626530774258224 ], [ 29.379353611217802, -11.631025513331661 ], [ 29.366729873503164, -11.632345466202878 ], [ 29.348367341839865, -11.630677736453743 ], [ 29.324123136242953, -11.622227716229469 ], [ 29.302233474102778, -11.620288053308203 ], [ 29.290238429178281, -11.619512125523322 ], [ 29.282412726163095, -11.617264735940083 ], [ 29.271064319737111, -11.605073607327858 ], [ 29.265048989830266, -11.594496572511853 ], [ 29.260228748393693, -11.587692008130777 ], [ 29.251586978646479, -11.58235443819555 ], [ 29.237848505109771, -11.581957606575017 ], [ 29.229233459791992, -11.586974077299846 ], [ 29.212703588926711, -11.59699818652744 ], [ 29.194827119786446, -11.608774634050938 ], [ 29.183871051399663, -11.617291528163815 ], [ 29.175617236996075, -11.622646885745732 ], [ 29.169312136643196, -11.623467397215194 ], [ 29.161615658111042, -11.624662407103054 ], [ 29.155738592132227, -11.617880127286025 ], [ 29.151346391035524, -11.613140108425384 ], [ 29.142771541700601, -11.609519274227788 ], [ 29.137723845447994, -11.606170530975644 ], [ 29.137126313118031, -11.59927674263426 ], [ 29.142517328606555, -11.592601487583469 ], [ 29.147458036463952, -11.583174947750161 ], [ 29.150860352194879, -11.579995619213623 ], [ 29.155658297910477, -11.576441698664706 ], [ 29.159667101041045, -11.570488796037369 ], [ 29.160585622204529, -11.566667330289089 ], [ 29.157259117066303, -11.56224840386508 ], [ 29.147177124163409, -11.555898577290165 ], [ 29.137037135607478, -11.547818687941142 ], [ 29.128221523773405, -11.547310394576572 ], [ 29.120413617845152, -11.545401915530659 ], [ 29.112819724846801, -11.539685349564099 ], [ 29.103745496138874, -11.522259150111147 ], [ 29.097186125035883, -11.506161772134298 ], [ 29.096084732841021, -11.495125510965019 ], [ 29.101270676860526, -11.482929883405227 ], [ 29.10438309904487, -11.471808850363162 ], [ 29.104030837970935, -11.462141578430924 ], [ 29.099888314219719, -11.454627939681636 ], [ 29.07237566281465, -11.442757825964906 ], [ 29.046829473421443, -11.436715763139134 ], [ 29.037933603121417, -11.433790572348199 ], [ 29.026045620894887, -11.435761510505932 ], [ 29.018505281466496, -11.441099041079685 ], [ 29.011575831171978, -11.444001917516104 ], [ 28.997770525804022, -11.431846443111695 ], [ 28.986471076730066, -11.440367731510403 ], [ 28.972563144505639, -11.45446742184968 ], [ 28.952938676090852, -11.47592913129786 ], [ 28.910898266566221, -11.519931484361949 ], [ 28.891015109147066, -11.534481579528279 ], [ 28.867854597521895, -11.555992280305244 ], [ 28.854223106699003, -11.578350217703932 ], [ 28.841367546155059, -11.613113299160066 ], [ 28.827437324801075, -11.647546503390767 ], [ 28.8162404926635, -11.669498688434178 ], [ 28.80648841981677, -11.692797505496705 ], [ 28.80244846615394, -11.708399878414557 ], [ 28.800098574393541, -11.721897585757461 ], [ 28.804125071460547, -11.747002286583262 ], [ 28.813449052116056, -11.762350527994453 ], [ 28.826474137029539, -11.772802627017134 ], [ 28.840778910094354, -11.779428910197478 ], [ 28.858459256632813, -11.781854653182529 ], [ 28.871546746402629, -11.783678417868911 ], [ 28.889182473550733, -11.784721847659451 ], [ 28.901141766128372, -11.784489930644693 ], [ 28.912396519164801, -11.784275915421118 ], [ 28.919410744445599, -11.78345098659295 ], [ 28.927111596953239, -11.782264873358208 ], [ 28.937528044504177, -11.788275715900845 ], [ 28.954196122413965, -11.802094491526242 ], [ 28.967604694343422, -11.813215494949816 ], [ 28.976803803840379, -11.824764585185603 ], [ 28.981004286824326, -11.834338220707183 ], [ 28.983528127956117, -11.84636003272429 ], [ 28.979782499813723, -11.870577373188151 ], [ 28.971702562477251, -11.881421877960843 ], [ 28.960171384843758, -11.894406776001464 ], [ 28.950637773422969, -11.903900270959575 ], [ 28.943516565710894, -11.911966755803949 ], [ 28.93783573015936, -11.921040993038273 ], [ 28.937420980770469, -11.940010000968478 ], [ 28.938299434301495, -11.955505431214389 ], [ 28.933015399591394, -11.965948630847633 ], [ 28.928248676615983, -11.970867010073995 ], [ 28.924097233780032, -11.973011807855462 ], [ 28.918144308015236, -11.974162270704621 ], [ 28.906461452677561, -11.972316237909322 ], [ 28.901440547853536, -11.969654148765358 ], [ 28.892504487458737, -11.965685577408031 ], [ 28.883693325841627, -11.965507134333059 ], [ 28.876817398785725, -11.970461205064534 ], [ 28.873401721262628, -11.973627228128748 ], [ 28.87028036611801, -11.97506300300631 ], [ 28.863930532882311, -11.974840081260837 ], [ 28.860715562290181, -11.973520155179752 ], [ 28.853304531668719, -11.972971680941477 ], [ 28.843904763734596, -11.976244676035481 ], [ 28.837015445702416, -11.980855372907461 ], [ 28.826166410054736, -11.993465716326924 ], [ 28.823134275855487, -11.997652834943107 ], [ 28.82036518628772, -11.999084237865251 ], [ 28.814144671660387, -12.002647032083688 ], [ 28.807184070013758, -12.005184284008479 ], [ 28.801882183226681, -12.004595686361126 ], [ 28.796861224522953, -12.001929083947477 ], [ 28.789026624315309, -11.99931608212883 ], [ 28.783724751865012, -11.998722991016573 ], [ 28.777767393281405, -11.999521225888284 ], [ 28.764296408673843, -12.006472954558083 ], [ 28.7641090849603, -11.994906006296961 ], [ 28.759360186114204, -11.990380033023245 ], [ 28.748743075151804, -11.984101635323345 ], [ 28.741046659473795, -11.985140601661794 ], [ 28.731307937904067, -11.989893965412959 ], [ 28.721038707829312, -11.990741206594333 ], [ 28.714479311814458, -11.989688856616306 ], [ 28.699898078126242, -11.983932151144574 ], [ 28.665433670413218, -11.962367951136633 ], [ 28.655775271851656, -11.95745407508281 ], [ 28.640039073346141, -11.952170024992325 ], [ 28.629105427434965, -11.940371233661658 ], [ 28.618225173045619, -11.917067982479541 ], [ 28.614657939519986, -11.912751549321662 ], [ 28.610889948417881, -11.910967876260926 ], [ 28.598961822496118, -11.910223216946394 ], [ 28.584269090935368, -11.912055945930893 ], [ 28.576541490087916, -11.910789511816619 ], [ 28.564011400875106, -11.901309513956667 ], [ 28.545760322001566, -11.899508031586155 ], [ 28.536842139385126, -11.896649702648025 ], [ 28.521984373765513, -11.887664623111228 ], [ 28.503871525950871, -11.879419753304942 ], [ 28.501691015331904, -11.858742926994841 ], [ 28.488929082987561, -11.833392897211301 ], [ 28.481825705584296, -11.827056512023827 ], [ 28.474107009325852, -11.826245028940116 ], [ 28.441720568628082, -11.831774265540188 ], [ 28.438666076933778, -11.830668451424204 ], [ 28.435727573107183, -11.821277518176645 ], [ 28.436686224456405, -11.807231355675372 ], [ 28.445880922174339, -11.781792198201918 ], [ 28.447098234374121, -11.769351346188895 ], [ 28.443392707973093, -11.755599442438767 ], [ 28.435036388835886, -11.743296788076218 ], [ 28.428891719330871, -11.738097506169288 ], [ 28.4154698282649, -11.730463498081695 ], [ 28.414466574790687, -11.725879545906295 ], [ 28.416950318102177, -11.72009158741462 ], [ 28.428749020481622, -11.712787648462063 ], [ 28.434626133295474, -11.699825004662697 ], [ 28.43244569237628, -11.694563250947459 ], [ 28.421828559157372, -11.686893619915297 ], [ 28.417726168335893, -11.677748031743928 ], [ 28.418354850401016, -11.672909887070105 ], [ 28.431433449706244, -11.657539320896602 ], [ 28.431027641792401, -11.645811888887797 ], [ 28.425498377154785, -11.6350788872974 ], [ 28.406627441347052, -11.621545514544366 ], [ 28.381357708781149, -11.585324183650791 ], [ 28.380969789035721, -11.574747249808771 ], [ 28.385134596940702, -11.556282129136207 ], [ 28.389357339541309, -11.526085090588799 ], [ 28.394810863449422, -11.515887085754706 ], [ 28.398601088220015, -11.50386979709676 ], [ 28.393972502221885, -11.474720700129904 ], [ 28.39920755545122, -11.465900567806244 ], [ 28.412366363812694, -11.456514175183781 ], [ 28.41921100585208, -11.446062005172177 ], [ 28.419478592527554, -11.432715923556767 ], [ 28.427469271066176, -11.420868117416372 ], [ 28.4292172255557, -11.41302009400704 ], [ 28.426051267299723, -11.403865590916412 ], [ 28.424495094792949, -11.39307453163754 ], [ 28.426706746810041, -11.384994665044434 ], [ 28.430390005310958, -11.38194904702315 ], [ 28.448542973385749, -11.37938953267405 ], [ 28.457108927864738, -11.375354081243024 ], [ 28.458446641642443, -11.371193753841272 ], [ 28.45404553966334, -11.357455212444636 ], [ 28.456676447712887, -11.346374337457522 ], [ 28.449029035987063, -11.333599053017357 ], [ 28.448204136826618, -11.325331839980755 ], [ 28.455664174189604, -11.293707909459457 ], [ 28.469759431766551, -11.285449706025586 ], [ 28.472911993787864, -11.277815678875927 ], [ 28.474138285807967, -11.266525215062137 ], [ 28.48686001735107, -11.244252017443724 ], [ 28.486266967151796, -11.235980374710834 ], [ 28.481607225762776, -11.220404754131319 ], [ 28.484893570199759, -11.206327383131116 ], [ 28.492639026928188, -11.194479536652382 ], [ 28.496652255140575, -11.182230400505151 ], [ 28.49771354721263, -11.159899246610236 ], [ 28.496175152595434, -11.150490526451163 ], [ 28.491814166551531, -11.139512185082383 ], [ 28.478650858912403, -11.116240138697709 ], [ 28.475930837168185, -11.105466956024562 ], [ 28.480924964528842, -11.096883203767272 ], [ 28.491479695098121, -11.086145721176711 ], [ 28.493031497934378, -11.080830443567933 ], [ 28.492612297881376, -11.068416330078506 ], [ 28.495185216101913, -11.053656704423764 ], [ 28.507652850579525, -11.03093308736935 ], [ 28.510252527776785, -11.017783251394121 ], [ 28.510288162695623, -11.004669010467671 ], [ 28.507483403762912, -10.988602860556549 ], [ 28.508210277705984, -10.975024890819583 ], [ 28.512718356892023, -10.965067724984852 ], [ 28.51614741850123, -10.960876190894973 ], [ 28.532989423694954, -10.95073614936485 ], [ 28.537765199337478, -10.943075467416579 ], [ 28.538001508264113, -10.942130080218446 ], [ 28.540400474427315, -10.93268574978122 ], [ 28.544520667959397, -10.866606351785082 ], [ 28.547093576476083, -10.852074135502821 ], [ 28.553541479917509, -10.832427302626307 ], [ 28.560814271424864, -10.821047686531172 ], [ 28.576661887417433, -10.807010394012465 ], [ 28.582253586541835, -10.792438056771434 ], [ 28.598284055733121, -10.775404339142426 ], [ 28.603514593230717, -10.767734691793747 ], [ 28.607559029198711, -10.758473076250173 ], [ 28.606306043866088, -10.737332485541868 ], [ 28.610082866513075, -10.725774539056776 ], [ 28.618345539546091, -10.718519592878513 ], [ 28.630394023526129, -10.715349144607032 ], [ 28.642027868322696, -10.715634540712099 ], [ 28.654410775631323, -10.719126012027205 ], [ 28.662084915508689, -10.719010081016751 ], [ 28.665072497748771, -10.71666457683712 ], [ 28.667542838529343, -10.710876660387775 ], [ 28.667752436604392, -10.694538508150433 ], [ 28.672978505117079, -10.686641442107746 ], [ 28.688692356340233, -10.680189167169791 ], [ 28.692562826272503, -10.674838221959668 ], [ 28.696790122870979, -10.662584614099961 ], [ 28.693280775997998, -10.646536305701968 ], [ 28.687095962781182, -10.637662720272139 ], [ 28.676764272868738, -10.631379786574803 ], [ 28.667801476284506, -10.623233059343471 ], [ 28.665875122349124, -10.619121716445335 ], [ 28.663873003525278, -10.609953855643273 ], [ 28.665027907376022, -10.594525353039403 ], [ 28.672974055198985, -10.567489812304286 ], [ 28.671243917728511, -10.560618333524422 ], [ 28.664332260363, -10.549916482416254 ], [ 28.643419084503556, -10.535509154326265 ], [ 28.63656988414407, -10.528713468690285 ], [ 28.634086161780747, -10.518404018504388 ], [ 28.634001503929671, -10.512883656387334 ], [ 28.639450495012145, -10.489571485550043 ], [ 28.636516384056765, -10.480185080979251 ], [ 28.636159686683285, -10.472140829873556 ], [ 28.643017805896605, -10.449724982406607 ], [ 28.642826067719088, -10.437310804187195 ], [ 28.637680207255229, -10.42013879659933 ], [ 28.626421019637242, -10.398458644456904 ], [ 28.62165424791954, -10.375761847030873 ], [ 28.623928328164972, -10.357327903178071 ], [ 28.631303735036717, -10.338358937242864 ], [ 28.636971267762505, -10.314351133204388 ], [ 28.636378138324993, -10.306083966567453 ], [ 28.630416368003534, -10.296055448895045 ], [ 28.613748223668264, -10.284805140953608 ], [ 28.597994232116239, -10.256984762692674 ], [ 28.580059691408962, -10.238394789213022 ], [ 28.577156833494563, -10.230618096946932 ], [ 28.582209062438249, -10.211916648990483 ], [ 28.589958922896763, -10.202369736452258 ], [ 28.598894954145674, -10.194646553078867 ], [ 28.607309287636028, -10.183021647200814 ], [ 28.608740688886364, -10.170585198996557 ], [ 28.618381239948071, -10.163308002865087 ], [ 28.62176570921962, -10.157051833175933 ], [ 28.6217924171875, -10.128535901315789 ], [ 28.625667429632294, -10.093982348847724 ], [ 28.624414406010025, -10.072846226108311 ], [ 28.632186646166726, -10.050189479219767 ], [ 28.631740740148953, -10.048717962184323 ], [ 28.628521260497692, -10.038060709835047 ], [ 28.63639603105031, -10.022074903972817 ], [ 28.629533447224958, -9.998722578537643 ], [ 28.632650355075537, -9.989938116898907 ], [ 28.626764384884066, -9.969559997812613 ], [ 28.624949535080638, -9.957168222664047 ], [ 28.642834969217972, -9.913669646012815 ], [ 28.653942589665526, -9.896948023926276 ], [ 28.656595744195815, -9.88863181900836 ], [ 28.656609095306003, -9.874603451033732 ], [ 28.664457131714965, -9.856504000915439 ], [ 28.671159190354437, -9.841044251266 ], [ 28.671310756203294, -9.821036273412929 ], [ 28.674476696548599, -9.815698776913099 ], [ 28.694150266837248, -9.813558366909325 ], [ 28.69704871359334, -9.806156304444034 ], [ 28.695563813431892, -9.800203380177113 ], [ 28.68726540070034, -9.788600807796843 ], [ 28.67365622620645, -9.778005994419585 ], [ 28.670780141608972, -9.771839004895392 ], [ 28.670597336377458, -9.76011604733076 ], [ 28.668216132438658, -9.756245555518591 ], [ 28.642888467215929, -9.752263592089026 ], [ 28.6342333114418, -9.747104430797982 ], [ 28.632846556333522, -9.7447945512298 ], [ 28.62399972650384, -9.730017098429469 ], [ 28.62269763664489, -9.720608445484062 ], [ 28.629417540147205, -9.705563424469485 ], [ 28.627125554129307, -9.692266379531979 ], [ 28.629283739477383, -9.666711300139454 ], [ 28.626559273867393, -9.65526026289379 ], [ 28.612562148821805, -9.634088460852412 ], [ 28.611277862695459, -9.626062097179481 ], [ 28.616610989109162, -9.611266843177296 ], [ 28.615077094413699, -9.601867051664994 ], [ 28.601873640936017, -9.586661478336664 ], [ 28.585548870757101, -9.579781094248984 ], [ 28.5961035544195, -9.573186082827343 ], [ 28.609302490621783, -9.57275803453919 ], [ 28.620343236496481, -9.567531909029263 ], [ 28.623000859106117, -9.559906893136928 ], [ 28.622702087947605, -9.555314017642571 ], [ 28.616869619295965, -9.552643032745042 ], [ 28.593410320295984, -9.563567826564968 ], [ 28.585767390465772, -9.563683745148928 ], [ 28.577326297414679, -9.557142251858078 ], [ 28.57393288916526, -9.547309958235687 ], [ 28.572055646728948, -9.499981018962176 ], [ 28.569839439870293, -9.491049456817215 ], [ 28.564626791471941, -9.483540310931083 ], [ 28.558794291782263, -9.480641931994603 ], [ 28.539058258382312, -9.477025594568287 ], [ 28.536449683682772, -9.472927655571148 ], [ 28.535379555719391, -9.463518933022456 ], [ 28.530175787650553, -9.456241713588035 ], [ 28.521070311492817, -9.451086943372841 ], [ 28.515634649513135, -9.443809688290173 ], [ 28.514791908965947, -9.434169170391542 ], [ 28.522069089736974, -9.409697591370655 ], [ 28.531348475892095, -9.395767389094232 ], [ 28.533939227649785, -9.383085672562952 ], [ 28.532391907523639, -9.372767319633942 ], [ 28.527125779204621, -9.361120150527062 ], [ 28.522666643426057, -9.357280878568018 ], [ 28.511081928515491, -9.338704236731447 ], [ 28.503438989772011, -9.332104759213289 ], [ 28.498444829788465, -9.327788399505883 ], [ 28.472604305519823, -9.315155710538054 ], [ 28.472590939378811, -9.315151315784187 ], [ 28.454210496202155, -9.309407990567676 ], [ 28.412290505777165, -9.288160326659028 ], [ 28.412272677796722, -9.288151441212017 ], [ 28.412268220801316, -9.288146956752687 ], [ 28.393125310941734, -9.274537805316783 ], [ 28.386458979566196, -9.269793290269304 ], [ 28.386418771267376, -9.269766546310628 ], [ 28.383547107100682, -9.259425936107705 ], [ 28.39396358725649, -9.2451478946724 ], [ 28.417686056681898, -9.22205417318273 ], [ 28.482864728226783, -9.171010847454882 ], [ 28.540141901176622, -9.134544281904191 ], [ 28.582793128663234, -9.110469658457054 ], [ 28.613199791998028, -9.089587622035662 ], [ 28.616664495766813, -9.08720653287506 ], [ 28.647178130099629, -9.071577311861065 ], [ 28.695612844632748, -9.034299249695518 ], [ 28.747079851038446, -8.983215802923974 ], [ 28.747195762229637, -8.98309985533894 ], [ 28.747204657943051, -8.983090943856627 ], [ 28.79733610638247, -8.921682434190485 ], [ 28.847467592117194, -8.86027393353225 ], [ 28.864389834412552, -8.842348304470859 ], [ 28.864398812424028, -8.84233941803573 ], [ 28.906140374838706, -8.776081638751977 ], [ 28.927008968817919, -8.74296389853456 ], [ 28.940796518149199, -8.71596403313486 ], [ 28.944796388671168, -8.703683683258813 ], [ 28.948840755248465, -8.691260650316998 ], [ 28.956885019047014, -8.65851294793119 ], [ 28.960331912426483, -8.621747706648884 ], [ 28.960331912426483, -8.621734277957891 ], [ 28.959756606383916, -8.574128950075099 ], [ 28.959756606383916, -8.574066501892633 ], [ 28.97181848550094, -8.552810023885511 ], [ 28.994938991171452, -8.493958736320911 ], [ 28.999072547087131, -8.47456171812383 ], [ 29.00230090841989, -8.459409673559826 ], [ 29.111981408298114, -8.443695791990409 ], [ 29.221661907955284, -8.427981889838208 ], [ 29.288138194708509, -8.418457303368594 ], [ 29.354614524931964, -8.408932607319468 ], [ 29.421090804160606, -8.399407969309111 ], [ 29.487567026209682, -8.389883326025192 ], [ 29.521964571359028, -8.385584794858701 ], [ 29.597751409102401, -8.376109185111307 ], [ 29.59789859898326, -8.376091335909736 ], [ 29.599762519215194, -8.376880623463782 ], [ 29.604716578833923, -8.378976356631707 ], [ 29.611039547413856, -8.380059940396789 ], [ 29.613902290477089, -8.380550429982144 ], [ 29.630423295355989, -8.381598354513327 ], [ 29.630427717114362, -8.38159836354623 ], [ 29.630432227307764, -8.38160728658692 ], [ 29.634623726792906, -8.389205559192007 ], [ 29.63462823685283, -8.389205560623115 ], [ 29.637223443024997, -8.401196119714539 ], [ 29.637227864571262, -8.401209438709426 ], [ 29.642168591006669, -8.400861640777102 ], [ 29.65115363551131, -8.40022843653575 ], [ 29.651180427443339, -8.400224001812738 ], [ 29.669761487088504, -8.397343436885881 ], [ 29.66978376655339, -8.397339001381219 ], [ 29.669899672760398, -8.397285454057476 ], [ 29.672222904632783, -8.396166235026884 ], [ 29.685230103529317, -8.38991456136714 ], [ 29.697702208402184, -8.391328135853758 ], [ 29.697844874711851, -8.391238954101238 ], [ 29.701938381493171, -8.388737395063357 ], [ 29.701942801012429, -8.388732869958091 ], [ 29.708725096651623, -8.380541556615295 ], [ 29.714312313886413, -8.373794923560077 ], [ 29.714410418537987, -8.373678997185515 ], [ 29.719288696312837, -8.370035902054413 ], [ 29.738440543520902, -8.355731093283826 ], [ 29.738449468626445, -8.355731102689262 ], [ 29.815444804168681, -8.346563169838344 ], [ 29.819627418762824, -8.346068223534072 ], [ 29.86060653691187, -8.34118998736345 ], [ 29.860624371428241, -8.341185477326839 ], [ 29.912318771389813, -8.331437886791262 ], [ 29.926833103137245, -8.330693212288509 ], [ 29.964789001339895, -8.323380329477468 ], [ 29.973118545213509, -8.321775023031734 ], [ 29.999882057218894, -8.316620360071726 ], [ 29.999886555407851, -8.316615842031885 ], [ 30.061538083269109, -8.314549044143343 ], [ 30.123189578089519, -8.312482311331427 ], [ 30.142872062458782, -8.308246155574791 ], [ 30.214280154862525, -8.300585411826416 ], [ 30.252672972484071, -8.294382825474321 ], [ 30.254679581168517, -8.294373882731517 ], [ 30.262500872486626, -8.294338200152255 ], [ 30.263053765218167, -8.29433823285836 ], [ 30.282482052235839, -8.291011734421458 ], [ 30.292394671427598, -8.291185594373514 ], [ 30.292399159751852, -8.291185589380278 ], [ 30.292412536717336, -8.290267062417389 ], [ 30.351825579340634, -8.282124742191218 ], [ 30.365675575530457, -8.281451364226019 ], [ 30.428102917464869, -8.271966883207991 ], [ 30.439928459317677, -8.268265810161534 ], [ 30.447281535575144, -8.269773008809286 ], [ 30.532570734881471, -8.258130303922592 ], [ 30.545372842864303, -8.254982159772855 ], [ 30.573086126310802, -8.269991540698527 ], [ 30.573104040552188, -8.270000416078162 ], [ 30.57945825554804, -8.275199702646878 ], [ 30.63015374676845, -8.253274351562633 ], [ 30.695896493757182, -8.224838682879724 ], [ 30.761639268367162, -8.19640296545044 ], [ 30.771244144273972, -8.192247065795284 ], [ 30.775070105301648, -8.226345844518834 ], [ 30.783711794306718, -8.24722335518746 ], [ 30.783711794306718, -8.247227763405007 ], [ 30.788839800007686, -8.259619650113446 ], [ 30.797383403862433, -8.283101266017763 ], [ 30.807411931576695, -8.310649558265226 ], [ 30.814528616091014, -8.320499780072948 ], [ 30.823210493058976, -8.332508127802976 ], [ 30.843677794946998, -8.360801064160993 ], [ 30.878311596743099, -8.4086695720252 ], [ 30.883573370301225, -8.414207761380919 ], [ 30.887171870458083, -8.417989053839818 ], [ 30.898560394871797, -8.433899156943159 ], [ 30.911108345754077, -8.451427900186969 ], [ 30.931758441791299, -8.474481385114341 ], [ 30.9498713126609, -8.497731172764531 ], [ 30.952979262451574, -8.505579192450483 ], [ 30.974070862595024, -8.530478811071974 ], [ 30.975546810992739, -8.533363828495535 ], [ 30.975631540494852, -8.533528832554753 ], [ 30.975805375837783, -8.533872158751068 ], [ 30.978101887155372, -8.538340183184268 ], [ 31.010541796026256, -8.576501212401169 ], [ 31.028079458973892, -8.592148189270771 ], [ 31.049808632870327, -8.605570093471451 ], [ 31.052979098798673, -8.606466363034322 ], [ 31.059239657728686, -8.608241060615487 ], [ 31.069170055943211, -8.615451408430935 ], [ 31.07796786730507, -8.621841321967636 ], [ 31.100481897413349, -8.629751759566034 ], [ 31.106251914586757, -8.630237840863614 ], [ 31.13645790084335, -8.632801820584543 ], [ 31.146428485168101, -8.631731601030793 ], [ 31.148118472815895, -8.6315532320562 ], [ 31.149639047890737, -8.631388281741938 ], [ 31.160108961203843, -8.62602843873842 ], [ 31.177597577809241, -8.612477190506064 ], [ 31.179853881789107, -8.610729271042908 ], [ 31.180188291036, -8.610470626092676 ], [ 31.183238301079587, -8.607300223487062 ], [ 31.183479117902408, -8.606738346203279 ], [ 31.183688739985879, -8.606247883789306 ], [ 31.186738747484583, -8.599291628413303 ], [ 31.18752801787269, -8.597490216028314 ], [ 31.189164472430619, -8.596477954834779 ], [ 31.19335157535734, -8.593891719707813 ], [ 31.206889404565086, -8.589111501021209 ], [ 31.209859143374, -8.588059209235873 ], [ 31.211451086300546, -8.58750179065882 ], [ 31.227352217681961, -8.589561883960069 ], [ 31.236689556246358, -8.598422171860918 ], [ 31.236694010573924, -8.598422140388559 ], [ 31.247997853639085, -8.59904191390871 ], [ 31.252590696533755, -8.600941511721812 ], [ 31.257138999575975, -8.605369438322185 ], [ 31.258641759295177, -8.613658879272725 ], [ 31.258641759295177, -8.613663367702443 ], [ 31.25893158563947, -8.613944294431226 ], [ 31.264331533872124, -8.619259532186174 ], [ 31.265843195579738, -8.623504544726211 ], [ 31.265887815151501, -8.623638357167495 ], [ 31.267332484709566, -8.624895794307868 ], [ 31.275011070679316, -8.631580001087826 ], [ 31.275452516070963, -8.631544335223925 ], [ 31.281378690114355, -8.631049388024421 ], [ 31.289819802752852, -8.630353779412067 ], [ 31.293971210372728, -8.630010407353224 ], [ 31.310376187573084, -8.612553014902939 ], [ 31.31038072639582, -8.612548561091746 ], [ 31.319900869107435, -8.608780659045722 ], [ 31.32447143908448, -8.612058029951948 ], [ 31.328315208769059, -8.617623011300438 ], [ 31.328319659624558, -8.617631949560497 ], [ 31.333108681978636, -8.614073578734029 ], [ 31.335311482603679, -8.612441565954468 ], [ 31.338022645384047, -8.613346770929372 ], [ 31.346798150392878, -8.616280840000783 ], [ 31.348073504491889, -8.616178265286539 ], [ 31.349651971484452, -8.61604899635711 ], [ 31.353326252791692, -8.612263160757466 ], [ 31.357388506788716, -8.608080550306674 ], [ 31.358922438093867, -8.608187590595122 ], [ 31.361308057714009, -8.608361508463888 ], [ 31.36169159497285, -8.608040378802251 ], [ 31.363180887147568, -8.606791838149981 ], [ 31.363680279980887, -8.602430854137483 ], [ 31.363970195558142, -8.599911489751022 ], [ 31.361990327395539, -8.593450204861552 ], [ 31.362565542196222, -8.592402315511256 ], [ 31.364358086291574, -8.589120433758035 ], [ 31.364362535772919, -8.589120474154782 ], [ 31.371898404585036, -8.58776936623422 ], [ 31.375010879068519, -8.58721192178519 ], [ 31.375479077779179, -8.589370185796826 ], [ 31.377601607315089, -8.599189085301937 ], [ 31.386060546537077, -8.605061734258879 ], [ 31.392258661578094, -8.622371988669624 ], [ 31.3950679321905, -8.626683918103739 ], [ 31.398140276067284, -8.631410547505606 ], [ 31.404811059895522, -8.633118370590628 ], [ 31.411517564873602, -8.637332285133683 ], [ 31.413038136959592, -8.638290928249326 ], [ 31.439810574897187, -8.639601950337291 ], [ 31.452068648961113, -8.638170522502993 ], [ 31.454164407810968, -8.638852770962902 ], [ 31.458730484736481, -8.640342133791894 ], [ 31.463203021543571, -8.644774460239026 ], [ 31.465138274656024, -8.646700830133089 ], [ 31.473980610789944, -8.655480824785483 ], [ 31.474109959449009, -8.656412711941815 ], [ 31.475090964935269, -8.663449178083201 ], [ 31.479452001912847, -8.669696430297186 ], [ 31.489520585541666, -8.68413052226267 ], [ 31.496900423278568, -8.684687903042574 ], [ 31.504079540981216, -8.682721475824275 ], [ 31.526740696128769, -8.680951145513598 ], [ 31.531226617523131, -8.682217564951367 ], [ 31.536171721673629, -8.683608782901693 ], [ 31.54013590941306, -8.686605324654158 ], [ 31.542352017460001, -8.688281922378597 ], [ 31.551568963397138, -8.689780180244675 ], [ 31.556763860354501, -8.695215860134049 ], [ 31.562988767660585, -8.701730616548934 ], [ 31.566649643060483, -8.705552071633802 ], [ 31.57048005027918, -8.70955184959773 ], [ 31.580869715239011, -8.741947246472302 ], [ 31.582020222805156, -8.745527897123887 ], [ 31.582970001065028, -8.761170435869976 ], [ 31.580392597771976, -8.777628915946964 ], [ 31.578947909778048, -8.786841472541088 ], [ 31.569878090384147, -8.809230628934097 ], [ 31.574818735529441, -8.820088475800892 ], [ 31.575554519071954, -8.821716041307987 ], [ 31.576388354901646, -8.823571062573324 ], [ 31.581070436628067, -8.832110273864032 ], [ 31.584749192133462, -8.838830140902594 ], [ 31.595464416411076, -8.844506547403464 ], [ 31.598188884247854, -8.845951317429748 ], [ 31.598764139047699, -8.846254518814142 ], [ 31.600088511333546, -8.846950152111306 ], [ 31.60682175376655, -8.85397765201491 ], [ 31.610389025682213, -8.857701025259756 ], [ 31.615405478256442, -8.860465651116183 ], [ 31.629201908369389, -8.868068417589406 ], [ 31.650404955650391, -8.876643319096013 ], [ 31.653414853266728, -8.877860592191855 ], [ 31.658609710198846, -8.879960883277802 ], [ 31.668950415530098, -8.897150663572262 ], [ 31.67352096059016, -8.904748993953275 ], [ 31.676941091327546, -8.908236046204145 ], [ 31.679910868920373, -8.911259298194379 ], [ 31.68840101027666, -8.91185679763654 ], [ 31.692142138560431, -8.912119887168688 ], [ 31.699941099457543, -8.91636047217604 ], [ 31.708712164580646, -8.917399459218679 ], [ 31.714170107548593, -8.916480923546038 ], [ 31.725161819103665, -8.91463039170122 ], [ 31.728608732757202, -8.916061704373947 ], [ 31.734748888858988, -8.923258732775681 ], [ 31.735506938512067, -8.922482861950149 ], [ 31.73550693851206, -8.922478371602066 ], [ 31.737928193235668, -8.91999022116104 ], [ 31.739279283350925, -8.918607884143263 ], [ 31.749481718552293, -8.915120885907186 ], [ 31.753646511169535, -8.90824492250132 ], [ 31.756799108975809, -8.903041138979903 ], [ 31.766368345833033, -8.895349182807044 ], [ 31.771358126231313, -8.89358787713565 ], [ 31.779598478756519, -8.890689440396493 ], [ 31.804110175176504, -8.889378479489755 ], [ 31.821415979731547, -8.890265845837655 ], [ 31.821670147538818, -8.890279185840942 ], [ 31.823101470753034, -8.890542337985693 ], [ 31.829736654041891, -8.891759608236697 ], [ 31.829741085359075, -8.891759629275118 ], [ 31.829727704518408, -8.892575619177304 ], [ 31.829718841882794, -8.89291008489476 ], [ 31.868419310038401, -8.903941868395048 ], [ 31.889163118633785, -8.911152280882215 ], [ 31.893501746312833, -8.912659413677895 ], [ 31.894429265330619, -8.912980525373131 ], [ 31.947077859447042, -8.936801011680657 ], [ 31.947104679519157, -8.937465437195964 ], [ 31.947198245933052, -8.940016038969008 ], [ 31.94726073922633, -8.941630222228284 ], [ 31.938039295978804, -8.959208001288228 ], [ 31.934596875790721, -8.971122735614077 ], [ 31.931288207165647, -8.982560277487412 ], [ 31.931756452972518, -8.984045186404185 ], [ 31.936928986832694, -9.000579544775233 ], [ 31.938650217299781, -9.006082099734039 ], [ 31.938743790910806, -9.007397502518849 ], [ 31.939038139292339, -9.01159799117001 ], [ 31.937107369677094, -9.016801759513577 ], [ 31.936661455425924, -9.018010129491698 ], [ 31.936853206587887, -9.01825542610057 ], [ 31.944870605831138, -9.028439988351723 ], [ 31.953516832321061, -9.036582305360207 ], [ 31.954011801831669, -9.037050525606901 ], [ 31.961231090295811, -9.052759925876426 ], [ 31.965516284859028, -9.056197881206767 ], [ 31.969939723443588, -9.059751794238899 ], [ 31.971910614060789, -9.062565470545525 ], [ 31.973350924620082, -9.064621177705776 ], [ 31.984378244321157, -9.071180474684033 ], [ 31.992623126743116, -9.074663026484792 ], [ 31.996114652843723, -9.076138973299527 ], [ 31.996119077478081, -9.076138984332568 ], [ 32.002999514267543, -9.073824735498198 ], [ 32.00934029959457, -9.071688851121516 ], [ 32.014704604681683, -9.06816164680059 ], [ 32.014949826235117, -9.068001133108433 ], [ 32.015311021746939, -9.065941056911528 ], [ 32.015930880422957, -9.062351457859915 ], [ 32.027270393800187, -9.058628115882332 ], [ 32.032170946161912, -9.057018350339293 ], [ 32.060909798676541, -9.051368697452265 ], [ 32.091441270367852, -9.051480209472139 ], [ 32.109429325740592, -9.055591433185121 ], [ 32.12208866654106, -9.060781900410442 ], [ 32.136357797106037, -9.062529826198897 ], [ 32.146801029513668, -9.063809622176272 ], [ 32.146854571281267, -9.063800639427912 ], [ 32.155424896376104, -9.062543191294527 ], [ 32.155424896376104, -9.062547674089489 ], [ 32.142065423532721, -9.081944782922079 ], [ 32.140005340975719, -9.10257698591986 ], [ 32.136843877703939, -9.115829456371317 ], [ 32.147197913731539, -9.131614670935095 ], [ 32.151688208969951, -9.143074600920567 ], [ 32.152125186226719, -9.157914492648066 ], [ 32.14520022233998, -9.186546319889995 ], [ 32.141463440236947, -9.215722253839537 ], [ 32.141887116222918, -9.243631769008504 ], [ 32.148187822025093, -9.269485635223546 ], [ 32.163709894651419, -9.289948470995725 ], [ 32.182500545724452, -9.305657848813395 ], [ 32.204657893750728, -9.325081682659189 ], [ 32.219493291922085, -9.339208096797284 ], [ 32.230315497329414, -9.350694750324157 ], [ 32.241409793550361, -9.374171918163622 ], [ 32.247304681760383, -9.3993034325596 ], [ 32.248044906379619, -9.427150543642165 ], [ 32.248972430355472, -9.451804865108972 ], [ 32.248999175748075, -9.486367414637144 ], [ 32.253128272355561, -9.504859250808726 ], [ 32.260922798308442, -9.533040803974702 ], [ 32.269693857760267, -9.559759755550447 ], [ 32.278375760489908, -9.584712881906883 ], [ 32.294111866515649, -9.602977358969959 ], [ 32.308916140241557, -9.62375226749624 ], [ 32.320010378627074, -9.64082173522803 ], [ 32.326547352097798, -9.658466410361408 ], [ 32.334047633653192, -9.667255309640304 ], [ 32.340116401262677, -9.675763243672053 ], [ 32.340143210203031, -9.690192898663801 ], [ 32.338065237740949, -9.711761581266561 ], [ 32.336963881952848, -9.724831200427564 ], [ 32.336491164598279, -9.736465016798268 ], [ 32.335474547034735, -9.744255068714079 ], [ 32.345186456380922, -9.75504160955736 ], [ 32.355156965096477, -9.757021452811721 ], [ 32.367446229141144, -9.756076097422794 ], [ 32.380511399879779, -9.756495257267439 ], [ 32.395654510335618, -9.763143795078578 ], [ 32.407319557601546, -9.770661838193632 ], [ 32.414810814715487, -9.772405325625677 ], [ 32.428999717699497, -9.767139131138585 ], [ 32.438707154669665, -9.763848296078857 ], [ 32.452780088701864, -9.770189141970489 ], [ 32.471111469175618, -9.784056935675039 ], [ 32.490196383617132, -9.798937000888502 ], [ 32.501665171400177, -9.809620972378969 ], [ 32.509125241950009, -9.817687538625579 ], [ 32.518467125870153, -9.828117334495097 ], [ 32.525414415009344, -9.839871502790718 ], [ 32.526943873400036, -9.842462291106846 ], [ 32.530533441208625, -9.850716041939727 ], [ 32.534577793426095, -9.861056749459499 ], [ 32.540909790518505, -9.874799662410314 ], [ 32.544931901843896, -9.884788044196078 ], [ 32.54756721990681, -9.895195577184337 ], [ 32.547005344257883, -9.905059153654298 ], [ 32.534493113286054, -9.915867968220422 ], [ 32.514520830013787, -9.9256423401046 ], [ 32.480315034250204, -9.93997391726921 ], [ 32.474308595325844, -9.953962127829836 ], [ 32.470977677643752, -9.96501176233377 ], [ 32.469136104880263, -9.977733528490356 ], [ 32.472364471676272, -9.993019389171323 ], [ 32.479574795699527, -10.010561494189977 ], [ 32.485492066375492, -10.023252077216164 ], [ 32.48414543228143, -10.046118309749094 ], [ 32.474687673198048, -10.069024751377524 ], [ 32.464788444460353, -10.082834586568108 ], [ 32.451513720427862, -10.099957488534482 ], [ 32.438800811722231, -10.121258687269245 ], [ 32.430181334046566, -10.132540165839369 ], [ 32.416799561201252, -10.147554008711349 ], [ 32.403020931000853, -10.16153323210993 ], [ 32.395685713350574, -10.170290905546439 ], [ 32.393309071636182, -10.179512356561235 ], [ 32.394686952976194, -10.186098403402498 ], [ 32.39861089008582, -10.194316604038343 ], [ 32.408621634192151, -10.204340628711186 ], [ 32.42313593873326, -10.212741558890494 ], [ 32.427211584992378, -10.216745817702503 ], [ 32.424112480276044, -10.225650667897172 ], [ 32.418855242362753, -10.233605721199138 ], [ 32.419261050568643, -10.249337397757643 ], [ 32.427256172029352, -10.261550918357671 ], [ 32.437583436312373, -10.270848096943697 ], [ 32.443732549449159, -10.281398362804675 ], [ 32.451192612128274, -10.289781487120338 ], [ 32.461399521029179, -10.303979222764825 ], [ 32.46669245762709, -10.318765587637259 ], [ 32.467093761789101, -10.334483946086687 ], [ 32.459852256507176, -10.352668192635701 ], [ 32.454318473591698, -10.362375647043807 ], [ 32.444909766423358, -10.372270332250347 ], [ 32.435608043988282, -10.376916745190776 ], [ 32.429904919100622, -10.383132754963583 ], [ 32.42905769713753, -10.402396021988396 ], [ 32.430707548670149, -10.422234609338375 ], [ 32.431554757308284, -10.432677783247286 ], [ 32.436308157768494, -10.44362488864993 ], [ 32.444998925426319, -10.455780424365861 ], [ 32.455602689752823, -10.46365070343758 ], [ 32.469804899867128, -10.465407643143827 ], [ 32.483583559548755, -10.465786619492665 ], [ 32.500028700728322, -10.470223412785018 ], [ 32.513941076509148, -10.473384938419269 ], [ 32.541172878080225, -10.48677561447219 ], [ 32.521954080207102, -10.493598057152075 ], [ 32.499685377110943, -10.500273358915456 ], [ 32.469590865207188, -10.513258212327639 ], [ 32.44350066396494, -10.53616014580532 ], [ 32.412652645582583, -10.55544134349223 ], [ 32.380663028486467, -10.580693198781956 ], [ 32.351973159435445, -10.608562559627996 ], [ 32.335505681362832, -10.633747599184318 ], [ 32.32021546254343, -10.653991896426662 ], [ 32.308942870571883, -10.677174760083117 ], [ 32.308514751947371, -10.698453650216946 ], [ 32.316550100757908, -10.727344096030263 ], [ 32.320059422349622, -10.742161716360455 ], [ 32.324955463173417, -10.75656018337955 ], [ 32.332941738768618, -10.769067944467775 ], [ 32.34065595150004, -10.775671880637523 ], [ 32.358055424558614, -10.785646839295167 ], [ 32.376881757419831, -10.795898341307055 ], [ 32.394664652549835, -10.806542238261418 ], [ 32.40431407233185, -10.816873951280103 ], [ 32.405897072780121, -10.828284794726347 ], [ 32.403047723958096, -10.843035476771329 ], [ 32.396417036766273, -10.8523996189711 ], [ 32.383588190340369, -10.86518831607061 ], [ 32.375673260866904, -10.877388440269321 ], [ 32.36886421886549, -10.890582868543138 ], [ 32.36569829131372, -10.906381516531082 ], [ 32.356124625855223, -10.928743861269842 ], [ 32.350002299345242, -10.941550430789206 ], [ 32.349761473494844, -10.959636509047048 ], [ 32.353578477024087, -10.973709470968688 ], [ 32.369011368466779, -10.994876839232953 ], [ 32.379775643605853, -11.006528472044064 ], [ 32.387275863624573, -11.0162492499023 ], [ 32.389300311972384, -11.022059494240564 ], [ 32.386522261000081, -11.030875131706891 ], [ 32.3707460237367, -11.048992461684016 ], [ 32.338185620811764, -11.078654441521639 ], [ 32.31976507317686, -11.093057303125784 ], [ 32.304242986781887, -11.109056584963234 ], [ 32.295922240161183, -11.136167918179085 ], [ 32.295333666632111, -11.162570248381211 ], [ 32.292814261686935, -11.185235821846421 ], [ 32.28550583258415, -11.203616219084479 ], [ 32.275227550343992, -11.218656770410066 ], [ 32.271905569354701, -11.231293861082367 ], [ 32.272543251672786, -11.245830534065208 ], [ 32.273234408802956, -11.261397274556614 ], [ 32.273122865155052, -11.274921716078753 ], [ 32.274701426214641, -11.286635782206011 ], [ 32.274072669856018, -11.298858161507681 ], [ 32.245177719192625, -11.281757529358728 ], [ 32.237133517296655, -11.275541513291467 ], [ 32.221432980389345, -11.263778421249935 ], [ 32.202530862269214, -11.251466847248844 ], [ 32.177863083285217, -11.236631468654114 ], [ 32.16314805263265, -11.223080231192036 ], [ 32.15093458363981, -11.218424932774816 ], [ 32.134779276415415, -11.220190762664881 ], [ 32.120759859433115, -11.222554028506465 ], [ 32.099405281693279, -11.226625244867503 ], [ 32.083227618781997, -11.228038754689722 ], [ 32.062002288550268, -11.226892742023264 ], [ 32.043942975553236, -11.22560854900059 ], [ 32.026097586778583, -11.22916248085459 ], [ 32.016385666742245, -11.225077872297232 ], [ 31.995744544559781, -11.213145333278105 ], [ 31.973542611711064, -11.19780160126952 ], [ 31.961659113932619, -11.192419426931595 ], [ 31.957967051406001, -11.204717633649807 ], [ 31.956673906252643, -11.215526511837679 ], [ 31.955536793812627, -11.221818290300096 ], [ 31.954123241266455, -11.229858064843366 ], [ 31.956923597278816, -11.237367199089325 ], [ 31.958096365083385, -11.24806453660929 ], [ 31.958408453035606, -11.263305763264631 ], [ 31.960593390993779, -11.272919630130044 ], [ 31.964450512609002, -11.280379671407188 ], [ 31.968410245558967, -11.290261005212885 ], [ 31.967509470728086, -11.302086551015817 ], [ 31.967879587678969, -11.318705642750363 ], [ 31.972450190386827, -11.334450751526349 ], [ 31.973101184213135, -11.357633623211395 ], [ 31.965823925846777, -11.38531125522468 ], [ 31.953494526961794, -11.410433837427995 ], [ 31.944273086059013, -11.434026896151355 ], [ 31.934521093939182, -11.46179373033736 ], [ 31.925295196760036, -11.47707064447526 ], [ 31.912827544305415, -11.4827916614088 ], [ 31.900828074573706, -11.482956674185218 ], [ 31.882180106977323, -11.484437083491937 ], [ 31.860143230599874, -11.489172649613799 ], [ 31.829968559403941, -11.493555950545604 ], [ 31.815347149000949, -11.498318219175721 ], [ 31.807343040690498, -11.509376831024325 ], [ 31.804805789311487, -11.516056580412666 ], [ 31.80527404885483, -11.527106202588099 ], [ 31.809309533707388, -11.547350508876173 ], [ 31.813184452284126, -11.572094081702149 ], [ 31.814424095333671, -11.601434936797251 ], [ 31.813594713527539, -11.623596692973035 ], [ 31.809706339074879, -11.648647880222894 ], [ 31.800395727304942, -11.670805225018448 ], [ 31.789528916165121, -11.697863048876108 ], [ 31.784280566256381, -11.699116029602413 ], [ 31.782229400941905, -11.692293627452548 ], [ 31.781489139800929, -11.68299193231913 ], [ 31.781609532535267, -11.677458167836283 ], [ 31.781640739006228, -11.669855408455662 ], [ 31.778697730501882, -11.658573883617771 ], [ 31.774252037712539, -11.645276824720737 ], [ 31.769088427956319, -11.639957130250586 ], [ 31.760130111756489, -11.636871461047802 ], [ 31.750908663726751, -11.635868139589478 ], [ 31.743167674562908, -11.636528060901842 ], [ 31.734414430540788, -11.638271616053418 ], [ 31.727658872225057, -11.637161244752408 ], [ 31.715592544059412, -11.627284387753638 ], [ 31.702679058994768, -11.613978377575586 ], [ 31.688075461952359, -11.602469501535468 ], [ 31.675536438390065, -11.598135251102654 ], [ 31.655671136130099, -11.595820910791399 ], [ 31.635948569096133, -11.596953569711193 ], [ 31.622629205435807, -11.599214347834144 ], [ 31.613389974451596, -11.606152714687328 ], [ 31.603294593357109, -11.617960347289539 ], [ 31.590122385948931, -11.623668066175842 ], [ 31.581106052664072, -11.6191821659614 ], [ 31.579072698800537, -11.612694150670679 ], [ 31.580941121587134, -11.60674125083273 ], [ 31.584499452228922, -11.598995833496991 ], [ 31.592173566527784, -11.588316301283145 ], [ 31.602897755931814, -11.574751665415908 ], [ 31.604199791927851, -11.563630706019868 ], [ 31.600605770688556, -11.553740390007011 ], [ 31.593725358424571, -11.549517648487429 ], [ 31.578225471830859, -11.54182566908727 ], [ 31.55711608954379, -11.535043387790505 ], [ 31.540198281594495, -11.527052700238485 ], [ 31.524876788613767, -11.515195954677223 ], [ 31.517385568084777, -11.504757191899918 ], [ 31.509613283178805, -11.487754604970419 ], [ 31.506491970282362, -11.472299365366741 ], [ 31.503901253604425, -11.452670417740771 ], [ 31.50150218965419, -11.429219979518249 ], [ 31.494697641594573, -11.410090445277609 ], [ 31.485761550837097, -11.407316910686076 ], [ 31.473392002827289, -11.406755055913054 ], [ 31.455707259540201, -11.405702741535308 ], [ 31.441634359728209, -11.406585600637893 ], [ 31.43219889652385, -11.408676911030973 ], [ 31.424404383031519, -11.416244032392894 ], [ 31.417193969058168, -11.429327039148768 ], [ 31.409408387794759, -11.437241942751729 ], [ 31.401252745714366, -11.436162792496594 ], [ 31.396824825682387, -11.431485248968706 ], [ 31.393743550287596, -11.425367321082396 ], [ 31.392691203663642, -11.417095700801129 ], [ 31.39215163790972, -11.404302588786237 ], [ 31.392347891504965, -11.392173762240102 ], [ 31.40029396463984, -11.371438975815398 ], [ 31.408088530120295, -11.347239438643783 ], [ 31.41473702738552, -11.337630071187593 ], [ 31.432475300441194, -11.323441182045686 ], [ 31.440073620885379, -11.311370417083747 ], [ 31.438240918131825, -11.301390941860603 ], [ 31.424020878374698, -11.290492917737925 ], [ 31.410554420918814, -11.280602595218955 ], [ 31.40630930611114, -11.272099103190927 ], [ 31.405341670989891, -11.265896524803763 ], [ 31.406630337665682, -11.254753209264345 ], [ 31.403562492066861, -11.240649079623868 ], [ 31.392700187682625, -11.225804712750445 ], [ 31.383264666134494, -11.211245760557388 ], [ 31.372594046975042, -11.19257105175484 ], [ 31.370195048978314, -11.177744523111226 ], [ 31.371167164273146, -11.159319519703574 ], [ 31.370716745173919, -11.140595789601257 ], [ 31.363047139542157, -11.117979203901292 ], [ 31.353460098802813, -11.108271754726999 ], [ 31.332542397905097, -11.097253318373777 ], [ 31.31441619392896, -11.093761842291206 ], [ 31.293605521553946, -11.093494331497155 ], [ 31.268153000224409, -11.091652690383047 ], [ 31.245086101893712, -11.087987291347995 ], [ 31.227985391939022, -11.083751196952592 ], [ 31.20455725912662, -11.079742401915595 ], [ 31.181329836699742, -11.072251122148538 ], [ 31.154887360716586, -11.055493805280189 ], [ 31.142446452634584, -11.044827681249563 ], [ 31.125243264912626, -11.02981388102277 ], [ 31.10957844486208, -11.017867922892993 ], [ 31.098265713726761, -11.000557670742355 ], [ 31.096388417989946, -10.988732199212215 ], [ 31.095661590856331, -10.98918698876569 ], [ 31.081749154736276, -10.985160416189803 ], [ 31.071265818439603, -10.978931059263914 ], [ 31.053103924782654, -10.974356059974411 ], [ 31.046705092410122, -10.964853703823842 ], [ 31.033613234438814, -10.955235438321861 ], [ 31.028913347370022, -10.944279374484893 ], [ 31.019518011649819, -10.930710349308622 ], [ 31.011380093212082, -10.921609315401035 ], [ 30.989289722828818, -10.932106072771335 ], [ 30.968933963623453, -10.966512498506535 ], [ 30.956056054548444, -10.994743050040883 ], [ 30.952515526361818, -11.010840399263827 ], [ 30.945559360533135, -11.021145339689756 ], [ 30.929386188592879, -11.030032372504417 ], [ 30.905703860321484, -11.036386590571738 ], [ 30.883123035722331, -11.052078136053847 ], [ 30.872086737646033, -11.065986086452591 ], [ 30.870900563857262, -11.07956404622173 ], [ 30.868265272197579, -11.083813569076694 ], [ 30.85801827656362, -11.083117995303491 ], [ 30.849693102680934, -11.077842822595398 ], [ 30.841738113167843, -11.072897694586009 ], [ 30.830465518077954, -11.08125405309532 ], [ 30.823032146490103, -11.10544466103231 ], [ 30.813324709007887, -11.117564511406124 ], [ 30.79951040322711, -11.140916826265929 ], [ 30.794083655559689, -11.154276283156497 ], [ 30.786748472460452, -11.164229036397806 ], [ 30.773290843815516, -11.170908723782951 ], [ 30.750018870487718, -11.1872736755716 ], [ 30.727482530361986, -11.212962534220269 ], [ 30.718671330867089, -11.22988928388901 ], [ 30.713333769977222, -11.245656632854796 ], [ 30.712696152545504, -11.26439383427377 ], [ 30.705994086841429, -11.289908814324335 ], [ 30.692335859171433, -11.317715767008565 ], [ 30.680911685069336, -11.331240210802422 ], [ 30.670735992892137, -11.340916470757611 ], [ 30.659717559962882, -11.347154692012142 ], [ 30.64659886725762, -11.3537988130402 ], [ 30.635451137873922, -11.3569201614359 ], [ 30.621743890782728, -11.357696008792983 ], [ 30.611412153385579, -11.372214829263259 ], [ 30.603144943406971, -11.385632306912122 ], [ 30.597330295877576, -11.398621681498947 ], [ 30.590244789874461, -11.406460732677072 ], [ 30.583333185997461, -11.409787269172716 ], [ 30.56405649989696, -11.421113395261479 ], [ 30.550197564694798, -11.444385410947636 ], [ 30.542117670599428, -11.46262757145848 ], [ 30.518716366321666, -11.485489389296525 ], [ 30.504630031689778, -11.494563669680446 ], [ 30.488893834902161, -11.506456118201939 ], [ 30.477679263637732, -11.516823479180502 ], [ 30.461653230719936, -11.521456515042567 ], [ 30.450554503476116, -11.525937912440497 ], [ 30.431902087124683, -11.527690319356457 ], [ 30.428722801198123, -11.535230672326797 ], [ 30.419809059548022, -11.568352859224543 ], [ 30.419969513746533, -11.590478933304048 ], [ 30.425686124890145, -11.61036210988493 ], [ 30.427808667257992, -11.628622058227084 ], [ 30.424838874081555, -11.642882295243266 ], [ 30.416576194661221, -11.656955203042532 ], [ 30.396166835063902, -11.675870752351827 ], [ 30.371401005567396, -11.700779267330422 ], [ 30.34018289463744, -11.732086608985762 ], [ 30.308001492875349, -11.766167528817897 ], [ 30.289090519002677, -11.787771868568587 ], [ 30.264239910778926, -11.820243060374146 ], [ 30.243005626794506, -11.84604338582276 ], [ 30.225343200800477, -11.854475551324363 ], [ 30.19770569124152, -11.86007172829996 ], [ 30.165029409109525, -11.863041452253572 ], [ 30.124282073059231, -11.866907550866671 ], [ 30.083160291090948, -11.870086840089625 ], [ 30.037271661353579, -11.877863535883122 ], [ 29.994147715150905, -11.884168721323441 ], [ 29.956321135632784, -11.890674539593144 ], [ 29.926427342293707, -11.892475997287203 ], [ 29.894397564242084, -11.893635403729787 ], [ 29.85433261705386, -11.896716625119302 ], [ 29.800069814002914, -11.897028780773631 ], [ 29.779495475804758, -11.903057503530073 ], [ 29.773618352041375, -11.915966555383521 ], [ 29.770019920317825, -11.93330800013087 ], [ 29.767915204185414, -11.95302172486881 ], [ 29.767518341083054, -11.971312890286072 ], [ 29.768361099560355, -11.99474552689975 ], [ 29.769783590807471, -12.014717811100068 ], [ 29.776008508879393, -12.040772337226201 ], [ 29.786398213033397, -12.06499859928433 ], [ 29.791468135270939, -12.078665757909244 ], [ 29.796266167520443, -12.104403751038362 ], [ 29.799726393044178, -12.122240121441141 ], [ 29.811226469916658, -12.148151927735464 ], [ 29.813937551781237, -12.157846012311525 ], [ 29.809643479542512, -12.162082209519784 ], [ 29.809621134015405, -12.161047644450866 ], [ 29.806959075901695, -12.156499391955672 ], [ 29.80179989016068, -12.155674427324263 ] ] ] ] } },
{ "type": "Feature", "properties": { "cluster": 2, "ADM0_CODE": 5130, "ADM1_CODE": 65195, "ADM2_CODE": 1239160, "EXP2_YEAR": 57000, "STR2_YEAR": 19000, "Shape_Area": 14.684739933599399, "Shape_Leng": 83.859300845549996, "2000_01": 3577.8017616096399, "2000_02": 4355.0245339297499, "2000_03": 3114.2113377550108, "2000_11": 1608.1547811389889, "2000_12": 3406.5876735800225, "2001_01": 2988.7621039443338, "2001_02": 5928.0647585067636, "2001_03": 2878.8447558005696, "2001_11": 2193.3829889671692, "2001_12": 3140.8843091420681, "2002_01": 2197.0706097265952, "2002_02": 1221.9871380247953, "2002_03": 844.17168004369489, "2002_11": 1090.9061940929082, "2002_12": 2630.7612112821621, "2003_01": 2416.9650729316559, "2003_02": 3140.9082325621289, "2003_03": 3059.1423420016085, "2003_11": 1301.867127643987, "2003_12": 2904.9279512240746, "2004_01": 4026.3754634296165, "2004_02": 3457.0441160226123, "2004_03": 3350.1170165633557, "2004_11": 851.87347768186544, "2004_12": 4316.8165566854641, "2005_01": 3492.2301590814932, "2005_02": 1145.1059236609406, "2005_03": 887.45648241784193, "2005_11": 1724.3892065946384, "2005_12": 4340.261278320073, "2006_01": 3981.6273840530293, "2006_02": 4278.993601252203, "2006_03": 2486.2953251795889, "2006_11": 1757.7292074775764, "2006_12": 3288.3085724064167, "2007_01": 5107.413063729402, "2007_02": 3086.1849784464544, "2007_03": 1205.4803722413242, "2007_11": 2155.110398015132, "2007_12": 6272.7630745575843, "2008_01": 6878.6454325334826, "2008_02": 2005.6951574667601, "2008_03": 1489.0430403246933, "2008_11": 2496.7738023056249, "2008_12": 4350.0271011095228, "2009_01": 4637.8484253192937, "2009_02": 1684.0750381018051, "2009_03": 2835.9003265236724, "2009_11": 2623.4503167331322, "2009_12": 2706.0093089985435, "2010_01": 3193.709998663986, "2010_02": 4611.1185509981424, "2010_03": 2548.3577524805705, "2010_11": 1903.4271762997143, "2010_12": 4215.2537124704977, "2011_01": 4443.6550268640231, "2011_02": 1884.3085940706965, "2011_03": 2039.3522711606925, "2011_11": 1694.9949445311497, "2011_12": 2765.9934194709112, "2012_01": 3683.2440678311523, "2012_02": 2820.489625906077, "2012_03": 1738.5033224003907, "2012_11": 1294.2588310404956, "2012_12": 4113.5612697060787, "2013_01": 5047.8289272895563, "2013_02": 3048.8428350545314, "2013_03": 905.9053333424431, "2013_11": 1046.6451943224611, "2013_12": 4013.9461001721766, "2014_01": 4513.3172193614209, "2014_02": 2846.6655030527731, "2014_03": 1560.1690618352002, "2014_11": 906.94168382012208, "2014_12": 4149.293096971649, "2015_01": 3869.9407606139748, "2015_02": 2351.0992319593911, "2015_03": 1034.5517687338615, "2015_11": 876.63546275324109, "2015_12": 1937.6352812462103, "2016_01": 3547.9470703041461, "2016_02": 2363.0342985744019, "2016_03": 3492.2679141955382, "2016_11": 2026.8929685837243, "2016_12": 3642.3380665669652, "2017_01": 5136.718856542162, "2017_02": 4920.6310122083123, "2017_03": 1958.2396482129188, "2017_11": 1819.1203413776127, "2017_12": 2834.8865035647477, "2018_01": 1313.8735421604842, "2018_02": 6657.9073483831817, "2018_03": 2771.0947658919426, "2018_11": 676.69874927423689, "2018_12": 1767.1386742922687, "2019_01": 2895.8456142030504, "2019_02": 2216.6708325570194, "2019_03": 438.29046096032079, "2019_11": 1354.780278145616, "2019_12": 969.38180372946385, "2020_01": 4962.4253637593547, "2020_02": 4439.0466294957823, "2020_03": 1348.5173977388786, "2020_11": 1231.3568829571059, "2020_12": 4867.4959361504452, "2021_01": 4639.7022925825331, "2021_02": 3041.6037606737086, "2021_03": 1205.1127064953293, "2021_11": 886.54361462433644, "2021_12": 1991.367194499577, "2022_01": 6901.6785258882774, "2022_02": 1408.8508380722008, "2022_03": 1584.0671272761849, "2022_11": 2059.5031369341086, "2022_12": 2211.9473832059093, "2023_01": 4832.7150165381681, "2023_02": 2829.5338415558836, "2023_03": 1092.8479968911463, "2023_11": 396.72736084692093, "2023_12": 3647.3670085927952, "hierarchical_cluster": 38 }, "geometry": { "type": "Polygon", "coordinates": [ [ [ 25.882838693299227, -17.98473175856768 ], [ 25.876729722207408, -17.976767755273503 ], [ 25.871753332140646, -17.976830253101767 ], [ 25.867370068122074, -17.976879270075475 ], [ 25.865189600263633, -17.97506889785819 ], [ 25.863628876124373, -17.970926371357304 ], [ 25.86243826842021, -17.967760428199377 ], [ 25.860480775786712, -17.964572159417894 ], [ 25.861452800065614, -17.961646954794858 ], [ 25.863709110185006, -17.954878076809447 ], [ 25.863307849388342, -17.953906010055146 ], [ 25.862960017341194, -17.953058797575974 ], [ 25.859089520393731, -17.950811370149257 ], [ 25.850612769209182, -17.949879398773511 ], [ 25.849720943765156, -17.949781357660754 ], [ 25.849716521184451, -17.949776888014387 ], [ 25.84859282229047, -17.946682230581946 ], [ 25.847718770829022, -17.944292128254702 ], [ 25.847955154916555, -17.943779371392338 ], [ 25.849876997637487, -17.939632413449424 ], [ 25.850287214004961, -17.938740588391493 ], [ 25.850291726832786, -17.938740616232629 ], [ 25.851856861189123, -17.937456362839168 ], [ 25.860244402773837, -17.930589381045937 ], [ 25.858331479454822, -17.930379743831868 ], [ 25.858326966762707, -17.93037979955891 ], [ 25.858153137804482, -17.930143435475934 ], [ 25.856119709658699, -17.927418897306978 ], [ 25.854090869058385, -17.919178474248408 ], [ 25.848989682591299, -17.91442067995807 ], [ 25.848722070467606, -17.913600137501838 ], [ 25.84448148825842, -17.900700019357242 ], [ 25.842229619125217, -17.894292279985507 ], [ 25.842229619125217, -17.894287767969416 ], [ 25.836678074850546, -17.891148556723845 ], [ 25.831171095949347, -17.889935712777838 ], [ 25.827768791505715, -17.889191063529683 ], [ 25.819992153320001, -17.889382778855495 ], [ 25.809218963822541, -17.889650346201865 ], [ 25.800140232650875, -17.88631048398495 ], [ 25.799948491936895, -17.885779796258266 ], [ 25.797041129995211, -17.877820341440664 ], [ 25.785581274153866, -17.866971342063533 ], [ 25.777817958670109, -17.862039561666933 ], [ 25.768079285363417, -17.853692115833159 ], [ 25.74957846969772, -17.851681112235774 ], [ 25.725414593668379, -17.841193296488257 ], [ 25.722498311803161, -17.83993132797363 ], [ 25.720068083463502, -17.838486620585467 ], [ 25.719118308328788, -17.837920295214246 ], [ 25.706668529569004, -17.839721801995022 ], [ 25.705558237252362, -17.836555784786842 ], [ 25.704661963063071, -17.834009678446126 ], [ 25.704439000297988, -17.821149617370512 ], [ 25.70298084287035, -17.818839780032565 ], [ 25.700992130259003, -17.815691693194502 ], [ 25.700987614956663, -17.815691657388644 ], [ 25.692435048938815, -17.815446413133934 ], [ 25.685148927393072, -17.815241349753308 ], [ 25.671539691331468, -17.818429566120155 ], [ 25.670942162658555, -17.819169807471962 ], [ 25.661912514404143, -17.828953066947637 ], [ 25.657448928031894, -17.833791201826109 ], [ 25.656797899617629, -17.834179096199019 ], [ 25.643648030630892, -17.841978079685163 ], [ 25.643648030630892, -17.841982512655235 ], [ 25.637249273418202, -17.843940092800768 ], [ 25.634132354601082, -17.844898763742368 ], [ 25.628594131635847, -17.846602145837792 ], [ 25.628108068615163, -17.846749302812078 ], [ 25.622569908118564, -17.847150672381325 ], [ 25.620683693008932, -17.847288839643156 ], [ 25.620679176411514, -17.847288885950551 ], [ 25.612742048398548, -17.845309053435766 ], [ 25.608670824739008, -17.845808476776707 ], [ 25.59510179557515, -17.853540535550071 ], [ 25.585180293119798, -17.846758282033154 ], [ 25.577310023809389, -17.847601035593595 ], [ 25.573212092940562, -17.848037978151169 ], [ 25.573207665936462, -17.848038010456762 ], [ 25.564271573502307, -17.84331137558074 ], [ 25.557061204210374, -17.842009273624779 ], [ 25.554078123457607, -17.842825327552912 ], [ 25.551799500917404, -17.843449552949632 ], [ 25.548727185495828, -17.845665763680621 ], [ 25.543719592594986, -17.849268682752609 ], [ 25.543719592594979, -17.849273202301493 ], [ 25.535251727849502, -17.86336843542551 ], [ 25.529071471107084, -17.868028134176335 ], [ 25.52798786140211, -17.868251086748788 ], [ 25.51494943823025, -17.870931008531805 ], [ 25.508688864062147, -17.869388209458535 ], [ 25.487650885088787, -17.854459103293852 ], [ 25.48534996046174, -17.853451364420131 ], [ 25.479459474853542, -17.85086953210693 ], [ 25.47191910457191, -17.850343397562977 ], [ 25.465052148866384, -17.849861743090159 ], [ 25.458069162070128, -17.847409283170272 ], [ 25.456428256813616, -17.847480584451581 ], [ 25.451121892653013, -17.847708040832607 ], [ 25.442310762142288, -17.853767955793639 ], [ 25.434391340038651, -17.853388927981619 ], [ 25.43366008329097, -17.852648687542906 ], [ 25.42880852424387, -17.847708024018861 ], [ 25.411320000306766, -17.849259758999448 ], [ 25.388119225565273, -17.855457968622073 ], [ 25.381778394914239, -17.854570582261545 ], [ 25.38043179420443, -17.854378838038958 ], [ 25.375669417177992, -17.848278776355084 ], [ 25.373141150836226, -17.84504147167825 ], [ 25.366809226505801, -17.840198881500225 ], [ 25.359161846747238, -17.838508913172966 ], [ 25.349360759438159, -17.842049425801211 ], [ 25.346328562398536, -17.842312512805947 ], [ 25.343372195365752, -17.842571186799809 ], [ 25.341708960659329, -17.842009307160101 ], [ 25.327640497505961, -17.833862525241852 ], [ 25.327618163225026, -17.833849181941911 ], [ 25.327435329495348, -17.833746612700068 ], [ 25.31141823601002, -17.824881883569446 ], [ 25.303748575268184, -17.824979983014728 ], [ 25.29432208589737, -17.819588909664574 ], [ 25.285341422260604, -17.81212890752418 ], [ 25.274380999517359, -17.800780448144575 ], [ 25.273640764705728, -17.800437107963038 ], [ 25.270332069812635, -17.798912058575933 ], [ 25.270332069812635, -17.798907616207565 ], [ 25.270831564271795, -17.793859917701266 ], [ 25.268387895498261, -17.790805423211275 ], [ 25.262805188658344, -17.791389601058661 ], [ 25.261703702800901, -17.790818801864273 ], [ 25.257703898865575, -17.78874090319318 ], [ 25.256535647942524, -17.788134437053433 ], [ 25.252442167717479, -17.786007443653691 ], [ 25.249017567470268, -17.783412302623127 ], [ 25.239292289947699, -17.77604581021442 ], [ 25.226739925833588, -17.768674893158771 ], [ 25.218570854985689, -17.767279211559284 ], [ 25.195258715449384, -17.769272450695329 ], [ 25.190474029477674, -17.768273604390384 ], [ 25.182701881623153, -17.762298367962991 ], [ 25.174532756878687, -17.750539788038537 ], [ 25.16696124075397, -17.745162060863162 ], [ 25.164134168371085, -17.744872275970561 ], [ 25.159193494126434, -17.744363870921955 ], [ 25.156798898388132, -17.742370694871862 ], [ 25.155407712172352, -17.736395503163774 ], [ 25.156714216874377, -17.734103524966176 ], [ 25.160985991270472, -17.726630090018652 ], [ 25.158792164461975, -17.717863489450021 ], [ 25.153013178548942, -17.707901862119474 ], [ 25.149628665109244, -17.704909761960451 ], [ 25.143452869585644, -17.704713544209323 ], [ 25.140661418031815, -17.706506154365961 ], [ 25.139840978363249, -17.708231777014888 ], [ 25.138668220094118, -17.710688742316943 ], [ 25.137076367157366, -17.711687573299557 ], [ 25.134882467115958, -17.710889395003498 ], [ 25.134855685663684, -17.71083148617279 ], [ 25.132889233341931, -17.706506130484566 ], [ 25.135279302833251, -17.700927776799553 ], [ 25.133290595434431, -17.694551262050187 ], [ 25.121933194141093, -17.69255806459725 ], [ 25.105470206727265, -17.705694618736239 ], [ 25.101207287292443, -17.709096887961568 ], [ 25.097024665658818, -17.709293050000205 ], [ 25.094037084605816, -17.707500538744874 ], [ 25.094037084605816, -17.7023190255773 ], [ 25.098866281784463, -17.69822114936612 ], [ 25.10060979906709, -17.696740682330809 ], [ 25.104596200151722, -17.685584008757736 ], [ 25.107985168090785, -17.680799438872999 ], [ 25.108382036875163, -17.67721429203662 ], [ 25.104596200151722, -17.673227856791954 ], [ 25.104796898836543, -17.667252644027212 ], [ 25.102491571073575, -17.664822465162327 ], [ 25.101207287292443, -17.663466895326483 ], [ 25.090251352176828, -17.663070042356193 ], [ 25.086336263501479, -17.65962314645417 ], [ 25.085270453569436, -17.658682280086008 ], [ 25.084070983395662, -17.655895314050298 ], [ 25.084271694743666, -17.646330540000346 ], [ 25.081284087238153, -17.640350950365043 ], [ 25.067135315784917, -17.631584365759966 ], [ 25.065342751161413, -17.624213414955292 ], [ 25.065940303956896, -17.616044365340951 ], [ 25.063947099608033, -17.614849280079483 ], [ 25.055978686211279, -17.614648686255606 ], [ 25.056045565578515, -17.617716536229114 ], [ 25.056179324272168, -17.624012785304348 ], [ 25.054186060703895, -17.628797434092519 ], [ 25.051791594459093, -17.630193076165309 ], [ 25.047809617737872, -17.631187446781315 ], [ 25.043025009864447, -17.627004854720418 ], [ 25.0422312942069, -17.619830119263568 ], [ 25.042427415459613, -17.619495715790311 ], [ 25.048607754566863, -17.609070288891917 ], [ 25.051194015940315, -17.601101948766654 ], [ 25.049602187453871, -17.593525859486196 ], [ 25.047212031998349, -17.589940815907084 ], [ 25.02688750020031, -17.58436245565623 ], [ 25.025094897865447, -17.585160594147244 ], [ 25.023899914771487, -17.591336465958289 ], [ 25.023757182654837, -17.59150150859319 ], [ 25.021906637559418, -17.593726598171653 ], [ 25.013737633116403, -17.597316166631852 ], [ 25.007958612320618, -17.597713008669928 ], [ 25.007316512829231, -17.597400816092296 ], [ 25.000583264065916, -17.59412790371141 ], [ 24.99495137645598, -17.587613134278573 ], [ 24.994211222431606, -17.586752495693457 ], [ 24.994014982225146, -17.5860880799017 ], [ 24.986835842691903, -17.561447103196318 ], [ 24.981458176256982, -17.555070569295431 ], [ 24.977868581965851, -17.553875605598012 ], [ 24.974680323895562, -17.553278077791013 ], [ 24.962127956352575, -17.564238499034154 ], [ 24.962101251386635, -17.564247444508297 ], [ 24.957548431238649, -17.566031045553579 ], [ 24.950373765660551, -17.565830391569129 ], [ 24.945196766446799, -17.567123564112002 ], [ 24.943997244125917, -17.567426822681963 ], [ 24.942204742505318, -17.565634228692975 ], [ 24.941847961131035, -17.559391460586152 ], [ 24.941803420014644, -17.558660207981589 ], [ 24.94578982682404, -17.552881157971182 ], [ 24.94578982682404, -17.550290455265827 ], [ 24.943600359733164, -17.548497913250724 ], [ 24.940211523928568, -17.546901545692318 ], [ 24.935596304954061, -17.548729752493724 ], [ 24.93064668270388, -17.550687276246343 ], [ 24.929366986529644, -17.550945974709236 ], [ 24.913711030285086, -17.554076232039421 ], [ 24.904743831160022, -17.553478701376385 ], [ 24.895178995699052, -17.545505882447717 ], [ 24.890198186373478, -17.53693989836594 ], [ 24.879639013543358, -17.526576947722138 ], [ 24.862302066333175, -17.529965908282239 ], [ 24.85313857268806, -17.529368316640209 ], [ 24.836198494156974, -17.523986250544876 ], [ 24.827632561531264, -17.519602887937246 ], [ 24.821256041211058, -17.525783214427555 ], [ 24.812489416891172, -17.528971504931402 ], [ 24.802456450228348, -17.536641150764762 ], [ 24.802327120454212, -17.536739259515585 ], [ 24.79933957144496, -17.536939931162962 ], [ 24.791170529499301, -17.534549827479744 ], [ 24.790827178740695, -17.534054819884481 ], [ 24.789373436475856, -17.531959062948971 ], [ 24.785788370949295, -17.514225251106712 ], [ 24.781605673498017, -17.509244451572119 ], [ 24.77841742179244, -17.50804940231734 ], [ 24.76466561553017, -17.517212851490555 ], [ 24.759087228785436, -17.518011047438936 ], [ 24.751319534241702, -17.512628852196137 ], [ 24.744407851949976, -17.51145172070942 ], [ 24.743150394170708, -17.51123767202759 ], [ 24.740011259738438, -17.509284582425515 ], [ 24.735775038234266, -17.50665368745226 ], [ 24.730593602628772, -17.501075343790063 ], [ 24.704293780635616, -17.496888275414697 ], [ 24.691540781304639, -17.501472242615083 ], [ 24.678190207668358, -17.500674016542231 ], [ 24.672215030097092, -17.507648074573741 ], [ 24.666436088506686, -17.510238832899134 ], [ 24.657865675734978, -17.511634500176086 ], [ 24.649500376697105, -17.511036980621572 ], [ 24.647105855900787, -17.513427103471621 ], [ 24.645714602176504, -17.519206091529671 ], [ 24.643721353758654, -17.519803558277591 ], [ 24.641527490651029, -17.519406748748324 ], [ 24.634954794349085, -17.513627687484558 ], [ 24.626384383288457, -17.51262892952737 ], [ 24.620409190725471, -17.516815988106373 ], [ 24.616025890847428, -17.530166564905386 ], [ 24.60865053443711, -17.534746018504904 ], [ 24.587902388184041, -17.533506412348085 ], [ 24.562556859273876, -17.539000005647448 ], [ 24.556403305000455, -17.536543071845763 ], [ 24.552305381965699, -17.532195415885369 ], [ 24.548778198692634, -17.511277770440387 ], [ 24.54598680797617, -17.509061632271699 ], [ 24.534419903627242, -17.508076115219527 ], [ 24.525153877560331, -17.513819506840132 ], [ 24.521216501807132, -17.514804932926321 ], [ 24.50776339526745, -17.511193094884081 ], [ 24.491768580347646, -17.498645157849779 ], [ 24.481022128842962, -17.492901861732335 ], [ 24.47339264764225, -17.485602233252575 ], [ 24.45338024303544, -17.479288175055228 ], [ 24.432137084521163, -17.479613709498285 ], [ 24.407362269073488, -17.472314119081958 ], [ 24.388500298959769, -17.468951974247606 ], [ 24.380786007913741, -17.471083468701689 ], [ 24.367992878635594, -17.477401966463162 ], [ 24.355360205146855, -17.480353947797084 ], [ 24.34632161676544, -17.484741635807808 ], [ 24.338464715885607, -17.488554157327098 ], [ 24.327227787178256, -17.492331014931683 ], [ 24.322969370713441, -17.490525093090536 ], [ 24.312133748945957, -17.485932267887058 ], [ 24.288754654962769, -17.483800781991604 ], [ 24.278008207574509, -17.484046049006576 ], [ 24.275912447194102, -17.486547641048421 ], [ 24.272514625304343, -17.490605407305473 ], [ 24.26931738669855, -17.490935385151857 ], [ 24.26053741792353, -17.487243235563735 ], [ 24.258013585615746, -17.484902210200651 ], [ 24.253893416420762, -17.48109413343488 ], [ 24.253594666561199, -17.480532262357361 ], [ 24.249291611557474, -17.472563855797262 ], [ 24.247231535336539, -17.472996351820154 ], [ 24.180425207959185, -17.486195307080781 ], [ 24.133516885455276, -17.49546188906918 ], [ 24.086608558062245, -17.504728494706001 ], [ 24.039700226550103, -17.5139950403398 ], [ 23.992791891681215, -17.523261610899908 ], [ 23.945883463454539, -17.532528218588769 ], [ 23.898975124124075, -17.541794756419883 ], [ 23.852066783686503, -17.551061320916954 ], [ 23.805158442881943, -17.560327912622572 ], [ 23.758250102447047, -17.569594447563549 ], [ 23.711341763115843, -17.57886101066293 ], [ 23.664433425620647, -17.58812760238013 ], [ 23.617525090692837, -17.597394138580274 ], [ 23.570616668242529, -17.606660715604892 ], [ 23.523708340636997, -17.615927310962142 ], [ 23.476800017796293, -17.625193851798169 ], [ 23.42989170045669, -17.634460423023842 ], [ 23.430622982669124, -17.631521853308495 ], [ 23.426422504104512, -17.620334007784798 ], [ 23.427483731948314, -17.611331090628738 ], [ 23.424563034526024, -17.6052711382825 ], [ 23.416393984525282, -17.597097606351639 ], [ 23.401415814559378, -17.587568547456037 ], [ 23.36396389181667, -17.552841024514031 ], [ 23.331283054523681, -17.537862922866321 ], [ 23.272726143144748, -17.523562617270247 ], [ 23.229147408877868, -17.527647150741977 ], [ 23.215163608855807, -17.5204634918213 ], [ 23.212867177101412, -17.519286335363454 ], [ 23.211226292936612, -17.514916374721981 ], [ 23.206958904001205, -17.503532298053276 ], [ 23.193175862386081, -17.493686655383332 ], [ 23.194161308903524, -17.48728781974522 ], [ 23.178407270224575, -17.474980655249784 ], [ 23.169252743224671, -17.474980723430487 ], [ 23.169056537822016, -17.47498071005533 ], [ 23.168071056990026, -17.478427550973219 ], [ 23.159705775955992, -17.477937089656148 ], [ 23.149039674389101, -17.471984168693186 ], [ 23.14179356212686, -17.46793976238099 ], [ 23.138538459443772, -17.466120452185191 ], [ 23.142092379781111, -17.457032852130521 ], [ 23.142966384374059, -17.454798816280835 ], [ 23.139028947814481, -17.446923994413108 ], [ 23.129807494110409, -17.445773565117737 ], [ 23.130538827379468, -17.444774771582402 ], [ 23.164856057353546, -17.406707442498874 ], [ 23.174336071377475, -17.396839404672367 ], [ 23.19437086605684, -17.37886027898551 ], [ 23.214771223158987, -17.359128790800305 ], [ 23.235532832784411, -17.338697211667693 ], [ 23.255224230994259, -17.313717277298334 ], [ 23.265453398936607, -17.295443910832716 ], [ 23.284065668228891, -17.264872302720427 ], [ 23.303016880165995, -17.238866830861532 ], [ 23.328830558500719, -17.214943799332563 ], [ 23.348490790937248, -17.189299468505901 ], [ 23.363807808034167, -17.160524861136896 ], [ 23.383851454069042, -17.125445142469729 ], [ 23.400260970387912, -17.091092248480713 ], [ 23.415252431150503, -17.046960541624912 ], [ 23.430605086704745, -17.001798764208292 ], [ 23.4422835018044, -16.969599562515338 ], [ 23.454639627486422, -16.951031861521273 ], [ 23.474937521239607, -16.934189855562931 ], [ 23.494869679050741, -16.916652167907255 ], [ 23.510061835244695, -16.911707075680752 ], [ 23.522346637993003, -16.913410436598234 ], [ 23.537868790182102, -16.920344334719317 ], [ 23.563499691672369, -16.930729537636704 ], [ 23.58048885077821, -16.928923607450667 ], [ 23.601843516673792, -16.914872978513106 ], [ 23.615260917522072, -16.893875074779508 ], [ 23.621441238795629, -16.876395402402984 ], [ 23.627978292948601, -16.861359332110069 ], [ 23.639585317490386, -16.838631268020364 ], [ 23.657716093030906, -16.801232817178018 ], [ 23.670397720686001, -16.77816591010626 ], [ 23.685237621041068, -16.756490187048627 ], [ 23.696099963899641, -16.738319347886335 ], [ 23.698347371302251, -16.734520244127442 ], [ 23.70189239214837, -16.728536119120289 ], [ 23.716718902352724, -16.708612830678369 ], [ 23.729726106615548, -16.696020366971695 ], [ 23.752471903341124, -16.684096712541201 ], [ 23.769795597412227, -16.678112572233189 ], [ 23.788198245859149, -16.676658918327515 ], [ 23.809120341689059, -16.676235279677087 ], [ 23.830764812972884, -16.672681435275219 ], [ 23.845194525449418, -16.666358356557282 ], [ 23.859267454168762, -16.660039878473079 ], [ 23.883435775153661, -16.646720512667248 ], [ 23.900028090930221, -16.635862599834468 ], [ 23.913735333573939, -16.617705149812924 ], [ 23.928165006157254, -16.589452274808846 ], [ 23.942946934756026, -16.574777353357888 ], [ 23.959525799753543, -16.563585072679359 ], [ 23.970700393384412, -16.551362616153675 ], [ 23.983667394575004, -16.528349217980765 ], [ 23.996995669815455, -16.506035890970296 ], [ 24.018961173417264, -16.46734875366468 ], [ 24.038032809950575, -16.431466328634244 ], [ 24.062129737439616, -16.392796998729512 ], [ 24.086217786202379, -16.356919087807622 ], [ 24.115331322437591, -16.315828495657332 ], [ 24.134728359266685, -16.289015901430087 ], [ 24.150874831152635, -16.258404180824851 ], [ 24.155521216410232, -16.233736392620862 ], [ 24.152257076640588, -16.209791019959052 ], [ 24.148279605363211, -16.18932376762745 ], [ 24.139981186198032, -16.161235892335171 ], [ 24.138161909012481, -16.143194364285929 ], [ 24.143169484738898, -16.123052584216943 ], [ 24.147824749847114, -16.109162542419259 ], [ 24.153911465630017, -16.091107627769141 ], [ 24.163939995542957, -16.069226785827876 ], [ 24.173611710405691, -16.050471807622426 ], [ 24.180755212529711, -16.023748414562554 ], [ 24.186467300266887, -16.001889874644171 ], [ 24.199354170705988, -15.980361380236884 ], [ 24.217252928935608, -15.949468715956092 ], [ 24.243004239600772, -15.902964726281448 ], [ 24.270882543834141, -15.853700581349644 ], [ 24.297668436222843, -15.804458766068805 ], [ 24.321609345158322, -15.772201601828058 ], [ 24.35052656800136, -15.726785681544232 ], [ 24.376589979532476, -15.69349851577179 ], [ 24.400125134361495, -15.657112221415314 ], [ 24.422233415223683, -15.626616405886882 ], [ 24.448283431175891, -15.599576423519354 ], [ 24.468969243288097, -15.577392373161024 ], [ 24.490386279546804, -15.560050956008492 ], [ 24.52003035071267, -15.542687189823488 ], [ 24.542865411083248, -15.525341320264056 ], [ 24.556407745745265, -15.512173612608384 ], [ 24.568126239257214, -15.490025224583407 ], [ 24.586684997408263, -15.480299954322305 ], [ 24.601676556816852, -15.471618064280353 ], [ 24.619878565332439, -15.46224059180831 ], [ 24.626781258188753, -15.455311141901406 ], [ 24.632002842366528, -15.45460663647609 ], [ 24.647128144912042, -15.475631271584927 ], [ 24.682743008472467, -15.515950453967591 ], [ 24.70976511722753, -15.552144937549409 ], [ 24.727445482041389, -15.580085710174977 ], [ 24.766025621185811, -15.633189151843201 ], [ 24.792013281672656, -15.671136097598216 ], [ 24.810821758476109, -15.705301689841797 ], [ 24.826013877590611, -15.732569155085013 ], [ 24.84442997484096, -15.757749700902968 ], [ 24.874569061965854, -15.76559769986336 ], [ 24.926597810799976, -15.778542443331077 ], [ 24.95100692102401, -15.785712710403912 ], [ 24.967911387524293, -15.795330977872345 ], [ 24.976896474679709, -15.800137853750204 ], [ 24.986666391708013, -15.814629998019694 ], [ 25.005559648446301, -15.854333759022374 ], [ 25.017576922749925, -15.882658001024598 ], [ 25.028171712892117, -15.91237346593309 ], [ 25.039805517188398, -15.936550693041292 ], [ 25.049660108461481, -15.962466969353374 ], [ 25.058783444966927, -15.985270797563262 ], [ 25.073275553582036, -16.006326712499323 ], [ 25.084829034579656, -16.016658435060837 ], [ 25.096346906311389, -16.022143131144659 ], [ 25.115396200665828, -16.027596659427449 ], [ 25.139453014984571, -16.029902004383132 ], [ 25.166015930755151, -16.032198399455201 ], [ 25.21625214716693, -16.033335453661195 ], [ 25.228443307640454, -16.032581912780895 ], [ 25.245659859795541, -16.032149337825924 ], [ 25.262885410030862, -16.033099193260135 ], [ 25.27944204191569, -16.039591633020912 ], [ 25.314392455555254, -16.058444668719151 ], [ 25.347496833459754, -16.069690503355119 ], [ 25.368369888769386, -16.077534095150572 ], [ 25.401715063096077, -16.085306339647826 ], [ 25.389519401208236, -16.074992383826828 ], [ 25.374247026999523, -16.051542034775675 ], [ 25.364414694536766, -16.03429423438757 ], [ 25.356745012463051, -16.018071950413717 ], [ 25.350100992106924, -15.995959342074936 ], [ 25.343452486106752, -15.973159944516722 ], [ 25.345869245557235, -15.962074591223111 ], [ 25.350390773672025, -15.945794417533389 ], [ 25.348027486169418, -15.920899225394798 ], [ 25.351862281088657, -15.908427167049521 ], [ 25.364254124147141, -15.890033334319897 ], [ 25.379040526487209, -15.859528651815962 ], [ 25.383089369777444, -15.831155412601996 ], [ 25.387824960031704, -15.798978518049381 ], [ 25.391811397246251, -15.763359245149989 ], [ 25.396208114944212, -15.733960371768957 ], [ 25.392819117802969, -15.715316856671718 ], [ 25.386692374051336, -15.711201092156427 ], [ 25.377033939876895, -15.711941330618282 ], [ 25.365618608094163, -15.716489594363674 ], [ 25.353512169201892, -15.724493652385279 ], [ 25.340719062694241, -15.735962499929506 ], [ 25.328630437999202, -15.746387888202554 ], [ 25.317188327597979, -15.748171493835009 ], [ 25.311453954667304, -15.747850478960249 ], [ 25.302455434305866, -15.742365798254703 ], [ 25.291976541632895, -15.731008411268501 ], [ 25.274296259226116, -15.71450088225321 ], [ 25.258412969050433, -15.69867551097092 ], [ 25.249343079767183, -15.683857910218967 ], [ 25.250341954500492, -15.674868376300582 ], [ 25.256727387188999, -15.66758218960155 ], [ 25.272378879582348, -15.655422175061402 ], [ 25.282652607329382, -15.642588954837644 ], [ 25.282532237728951, -15.627735635181793 ], [ 25.276726496657957, -15.618090602742328 ], [ 25.268115943455253, -15.615361612448694 ], [ 25.247653107390118, -15.607509150419379 ], [ 25.233655967462028, -15.602385699762209 ], [ 25.221750208498126, -15.590346130669674 ], [ 25.217737048393754, -15.581039948433489 ], [ 25.215476225594845, -15.566195609620262 ], [ 25.216492937547571, -15.559283997361455 ], [ 25.222891725048427, -15.554075738130507 ], [ 25.229999516834667, -15.548176370897052 ], [ 25.238146310761838, -15.538473334032526 ], [ 25.25093056915075, -15.527022426835721 ], [ 25.265511811945132, -15.516597024922667 ], [ 25.275085509684729, -15.506889536104593 ], [ 25.274278442961283, -15.495501045257425 ], [ 25.271745628906505, -15.492058619553902 ], [ 25.26342941349246, -15.481387936369622 ], [ 25.25613435178785, -15.46415800082127 ], [ 25.259616847134509, -15.453099411471449 ], [ 25.269953039530719, -15.448912331654551 ], [ 25.285671418146801, -15.447119769515144 ], [ 25.295673137324599, -15.446731839913435 ], [ 25.304899013998465, -15.438406730733577 ], [ 25.310169708073929, -15.427687006842676 ], [ 25.31714374793113, -15.407638924445509 ], [ 25.321321910531434, -15.394854647182667 ], [ 25.319404552782178, -15.380023648987574 ], [ 25.320367663953263, -15.367596166510218 ], [ 25.33273276126431, -15.35132937511168 ], [ 25.347256054798578, -15.337118208366448 ], [ 25.355001563439707, -15.323977251355618 ], [ 25.354497595129477, -15.308111742048979 ], [ 25.350453250721994, -15.295367650296512 ], [ 25.346092213228818, -15.2867615586088 ], [ 25.342814770886147, -15.279876718177796 ], [ 25.338926424140496, -15.27018711321381 ], [ 25.33770016141704, -15.267137096268906 ], [ 25.336531943105129, -15.256448631668762 ], [ 25.339648869780302, -15.245403383633379 ], [ 25.340210640153309, -15.228503388041396 ], [ 25.338614298159118, -15.210234494583938 ], [ 25.336643430386875, -15.189553171992022 ], [ 25.335033687513519, -15.169563031318079 ], [ 25.338467186526685, -15.154379758903815 ], [ 25.345900529757856, -15.147802581859089 ], [ 25.36253295971699, -15.13256586336828 ], [ 25.382041476322513, -15.119732540805717 ], [ 25.392034330963405, -15.119687973471729 ], [ 25.401724012697041, -15.125507069762863 ], [ 25.408898704046962, -15.129613924090679 ], [ 25.420635005151649, -15.125426864845739 ], [ 25.42341307953161, -15.117489608923993 ], [ 25.421852342405234, -15.103710990200975 ], [ 25.418855859651899, -15.088902318245916 ], [ 25.418677510621713, -15.07029455413676 ], [ 25.426440792185868, -15.061648285990742 ], [ 25.440326384457645, -15.059177957815914 ], [ 25.44458933628475, -15.057434426304418 ], [ 25.447768681194717, -15.053978650308116 ], [ 25.449498754697448, -15.04845828737183 ], [ 25.456093838207746, -15.030514850162012 ], [ 25.458880708586207, -15.023612180965266 ], [ 25.469034115190901, -15.004616453796482 ], [ 25.475646926917289, -14.98874201005526 ], [ 25.474121984245208, -14.979105928381347 ], [ 25.472280347604226, -14.973259987430776 ], [ 25.465390985949821, -14.961577196813904 ], [ 25.461021141630994, -14.952636691272742 ], [ 25.455803978314684, -14.930274243700918 ], [ 25.452874361853901, -14.922711672685653 ], [ 25.446725263283032, -14.913780061640567 ], [ 25.439849314722636, -14.90313615977659 ], [ 25.432237607491302, -14.89042328640557 ], [ 25.426030500284742, -14.875989221752816 ], [ 25.424425303482565, -14.85809031652273 ], [ 25.42684213467388, -14.85015760452097 ], [ 25.431363618056295, -14.839469161635709 ], [ 25.436246319708204, -14.828776246523967 ], [ 25.442529229073809, -14.816357591893432 ], [ 25.455803978314684, -14.790824836794876 ], [ 25.469181252955892, -14.775628186352277 ], [ 25.475062816878207, -14.759080506831696 ], [ 25.476619025156008, -14.738078143848188 ], [ 25.475820903456444, -14.729824273224885 ], [ 25.469417595096182, -14.696470273176299 ], [ 25.467410985535381, -14.675485701054161 ], [ 25.471522251881822, -14.660333682289334 ], [ 25.478482957578951, -14.645507184921037 ], [ 25.486130342857052, -14.628620553703247 ], [ 25.493425348943145, -14.612077328486897 ], [ 25.499685980115522, -14.59898088814073 ], [ 25.506285447333958, -14.584502183255674 ], [ 25.516438834987138, -14.569671252212917 ], [ 25.532174989256117, -14.545186307797017 ], [ 25.532830459306766, -14.544811792490558 ], [ 25.543131011067526, -14.538948027303986 ], [ 25.55622291610857, -14.533044181877393 ], [ 25.573238835657794, -14.528157039089303 ], [ 25.587124472978626, -14.52912912961393 ], [ 25.616692799410259, -14.533128896775656 ], [ 25.664784183156382, -14.539447433090098 ], [ 25.713923473590796, -14.544035888731552 ], [ 25.761279098365581, -14.547937622510126 ], [ 25.811493044753796, -14.552851499709146 ], [ 25.870250677073781, -14.558403064491598 ], [ 25.910159572297342, -14.563700487604684 ], [ 25.955415009095145, -14.569996797073955 ], [ 26.000634731421624, -14.573189501509241 ], [ 26.049105145880397, -14.580145645118003 ], [ 26.080813892537797, -14.583748634467872 ], [ 26.132633062284281, -14.575878276903614 ], [ 26.165420829958965, -14.580154608990048 ], [ 26.186467772565745, -14.584497742701449 ], [ 26.198667935224073, -14.591989012449455 ], [ 26.202404605990573, -14.598503763305034 ], [ 26.20378246485954, -14.600898291857925 ], [ 26.203876112475346, -14.607430932961963 ], [ 26.204103516499554, -14.622908411917388 ], [ 26.208451192413989, -14.628379784390509 ], [ 26.219532070232866, -14.63209415540029 ], [ 26.232039807912713, -14.635799743272914 ], [ 26.251075746804766, -14.648062269833718 ], [ 26.27113716423429, -14.657216736457485 ], [ 26.286842163209965, -14.660556637378411 ], [ 26.300758994008358, -14.663218760999451 ], [ 26.30977976091928, -14.671414530832235 ], [ 26.31818965026018, -14.686490796617715 ], [ 26.326947342547591, -14.700875852699246 ], [ 26.332998317124737, -14.700835701119479 ], [ 26.348217192555239, -14.695230617274873 ], [ 26.367649951716718, -14.686156354640424 ], [ 26.372180422932718, -14.679935898346882 ], [ 26.373165876168738, -14.674428933517085 ], [ 26.373411135490073, -14.667205127509806 ], [ 26.371850496494378, -14.658273576342017 ], [ 26.373718812636561, -14.64106592857574 ], [ 26.379555776344418, -14.627273915413237 ], [ 26.384304699945357, -14.612456292993071 ], [ 26.392237434346733, -14.596243022522989 ], [ 26.398449043570999, -14.584167780663293 ], [ 26.410354765784195, -14.572047920342879 ], [ 26.41874679575777, -14.56305397954895 ], [ 26.425680718635068, -14.551660932355837 ], [ 26.437965598229912, -14.541605638562244 ], [ 26.451753052742458, -14.536352838002358 ], [ 26.465589665776811, -14.534537974011988 ], [ 26.480871051102014, -14.534087573513172 ], [ 26.491461394394538, -14.529200420553281 ], [ 26.50687646976845, -14.514993772543665 ], [ 26.513422422297676, -14.502231790548862 ], [ 26.520534732625201, -14.480524887691171 ], [ 26.534059157376433, -14.460146840208662 ], [ 26.555815169566031, -14.443148675178891 ], [ 26.572407464381595, -14.436495704380116 ], [ 26.590506900276299, -14.434988546941977 ], [ 26.602323595882364, -14.440058558313069 ], [ 26.613743331853964, -14.443064021688688 ], [ 26.621167705662355, -14.440602570521408 ], [ 26.62640266255119, -14.435064369324586 ], [ 26.641929305139481, -14.42841586957268 ], [ 26.657170519001316, -14.426239796681672 ], [ 26.666819959456067, -14.429258632734253 ], [ 26.675042621238134, -14.432286301630885 ], [ 26.684370987811214, -14.43736973589345 ], [ 26.692923552831182, -14.438676201228262 ], [ 26.700325707427602, -14.435184769423769 ], [ 26.711286197879712, -14.432005441564248 ], [ 26.731552756575471, -14.432531607461144 ], [ 26.74714619991542, -14.429998847977627 ], [ 26.775769218589772, -14.420835360060892 ], [ 26.794029242241798, -14.408661984417925 ], [ 26.803509293356495, -14.402396959097651 ], [ 26.819816241885871, -14.400198675767831 ], [ 26.828074474973768, -14.404943131856218 ], [ 26.835552360221044, -14.405910785271956 ], [ 26.845433729703331, -14.402049216383375 ], [ 26.865593350606023, -14.39706834224501 ], [ 26.880214750704333, -14.400033638466997 ], [ 26.893110431566381, -14.405763587793253 ], [ 26.907401896447716, -14.410106756497294 ], [ 26.920600809991729, -14.412742085875969 ], [ 26.928395346046266, -14.411645128623267 ], [ 26.949700899482892, -14.410771209219996 ], [ 26.973347519426007, -14.402312281562097 ], [ 26.985257777858269, -14.393273672379662 ], [ 26.988642223369038, -14.384310897537777 ], [ 26.989030165980481, -14.367129969362468 ], [ 26.986555369123582, -14.348945757237624 ], [ 26.984370406241858, -14.32732355870513 ], [ 26.987866336008697, -14.305652339072688 ], [ 26.988138319075293, -14.28263447263414 ], [ 26.986506325600253, -14.252762894571692 ], [ 26.987108320587886, -14.23992963054218 ], [ 27.047020755536746, -14.205848768709336 ], [ 27.113951925236499, -14.161957763093005 ], [ 27.12141640147626, -14.180431848724364 ], [ 27.128800719252691, -14.194790151671619 ], [ 27.13894959485496, -14.205340371971193 ], [ 27.144140033116248, -14.216621911241493 ], [ 27.153807354694472, -14.220652953880661 ], [ 27.158368994625377, -14.235720231509443 ], [ 27.166123351846036, -14.250756364407248 ], [ 27.171340563357319, -14.263067923422124 ], [ 27.176611217110448, -14.278130787571119 ], [ 27.179759311327576, -14.293554801905024 ], [ 27.184258542837899, -14.305531943807399 ], [ 27.197216711311928, -14.314334233955666 ], [ 27.205813846498266, -14.318026309499684 ], [ 27.212257219548562, -14.320367378620054 ], [ 27.217657181161652, -14.324090716646319 ], [ 27.222432901295054, -14.331943218019909 ], [ 27.222638003158345, -14.342243730399819 ], [ 27.22205831620974, -14.348776291015273 ], [ 27.214121166457534, -14.360530507848081 ], [ 27.25543915112743, -14.365952715418034 ], [ 27.292842088879041, -14.371062883058871 ], [ 27.357962797634595, -14.376560925856841 ], [ 27.390590024565924, -14.373805245823714 ], [ 27.437780714056313, -14.371227847643366 ], [ 27.470127073629335, -14.372240056255729 ], [ 27.506392925443382, -14.373542153164541 ], [ 27.553909063565609, -14.369560156677517 ], [ 27.602941340725579, -14.370015008412986 ], [ 27.644201423665294, -14.372605768197475 ], [ 27.683254242900087, -14.371441867869017 ], [ 27.713076755904286, -14.370728454769477 ], [ 27.754644449961962, -14.370888984628399 ], [ 27.783405683349436, -14.370518844629594 ], [ 27.80896970045621, -14.369845553561106 ], [ 27.825303408675222, -14.369631463894565 ], [ 27.83871192696142, -14.396912259928154 ], [ 27.852713431954626, -14.434475732610425 ], [ 27.867861020952997, -14.475459351355559 ], [ 27.884136790528228, -14.503377742154695 ], [ 27.898798261590315, -14.522739232887936 ], [ 27.907324050879645, -14.538065170362364 ], [ 27.914552306736695, -14.543108401230159 ], [ 27.93233514797792, -14.543549848304345 ], [ 27.951259554394149, -14.547059142234257 ], [ 27.975985355828925, -14.555625071443606 ], [ 28.002325195027645, -14.556962834403743 ], [ 28.034698287057882, -14.557868008666963 ], [ 28.063990161642167, -14.563611305864798 ], [ 28.087253273217577, -14.570126051619177 ], [ 28.09908768705667, -14.574406777021638 ], [ 28.116504964628781, -14.574143739412243 ], [ 28.135795043596737, -14.577965155345899 ], [ 28.155022637675756, -14.579044253558131 ], [ 28.16781583893729, -14.578848066724863 ], [ 28.179173213272048, -14.577983016876775 ], [ 28.191217203799962, -14.576083457794446 ], [ 28.202213363353923, -14.574879468669272 ], [ 28.208634442272473, -14.575806976161156 ], [ 28.220495664254656, -14.58110887494256 ], [ 28.243495667590537, -14.561881220071054 ], [ 28.258389095785496, -14.54586412111402 ], [ 28.26840422393396, -14.533699702426915 ], [ 28.269657255778615, -14.526823717198019 ], [ 28.261702198746153, -14.521463907058267 ], [ 28.248191181015052, -14.521334578204591 ], [ 28.232606549834021, -14.52363993047236 ], [ 28.219452257915275, -14.523501691759744 ], [ 28.211929764253082, -14.521218670060737 ], [ 28.207880839582248, -14.515453044925303 ], [ 28.207332413951761, -14.507573769587347 ], [ 28.218364224312069, -14.493335922266057 ], [ 28.243134558150807, -14.474429285629647 ], [ 28.250335991339718, -14.463682894824988 ], [ 28.253751678824663, -14.458140206148027 ], [ 28.25865220850585, -14.454974246851926 ], [ 28.274232327496826, -14.452668920903319 ], [ 28.280211977716775, -14.45017175414679 ], [ 28.285420136772341, -14.445289076422224 ], [ 28.289919407682586, -14.44041527923879 ], [ 28.290748829859155, -14.43080144599552 ], [ 28.289299613123315, -14.415390761423719 ], [ 28.285148144600761, -14.405509465962425 ], [ 28.276867653020695, -14.401184074754235 ], [ 28.265100083425704, -14.399311288492049 ], [ 28.256195224933194, -14.398423939500093 ], [ 28.252231125458962, -14.396082898058724 ], [ 28.2473528078852, -14.385528240211864 ], [ 28.2463629227077, -14.374224384273514 ], [ 28.256770439553421, -14.364115569293974 ], [ 28.280042479270101, -14.342827824297053 ], [ 28.289549297472355, -14.325183165151294 ], [ 28.295667207819925, -14.314111198592869 ], [ 28.304228647984189, -14.301286868284931 ], [ 28.32358116924545, -14.280057098078426 ], [ 28.329748063539139, -14.271040795776631 ], [ 28.338666282806024, -14.258550850978885 ], [ 28.344873380354272, -14.251251252181898 ], [ 28.35279270767947, -14.241521573874527 ], [ 28.361068777819817, -14.245846872141376 ], [ 28.369701626874775, -14.25016324274339 ], [ 28.377170606732314, -14.250729567353458 ], [ 28.385246039839629, -14.247171247482205 ], [ 28.396099510264804, -14.241160352379385 ], [ 28.409231553075927, -14.240946303136406 ], [ 28.429288619360694, -14.247817752791697 ], [ 28.452203914890401, -14.255322416830765 ], [ 28.468715960541001, -14.262247399858767 ], [ 28.484844564648224, -14.26814681155329 ], [ 28.495903145616207, -14.270015152682927 ], [ 28.513748454785393, -14.273484341856216 ], [ 28.528467914601233, -14.27974493954523 ], [ 28.538590096829449, -14.286768001450469 ], [ 28.552984028405476, -14.294058633286747 ], [ 28.565879830000544, -14.298290329375176 ], [ 28.572122526087686, -14.306067033063277 ], [ 28.576122325023935, -14.309768111440878 ], [ 28.585178793516473, -14.31646565945071 ], [ 28.588179725290527, -14.317767671357991 ], [ 28.592005675113178, -14.319426463899561 ], [ 28.60833042103539, -14.332505062029712 ], [ 28.618176118329362, -14.342270447618549 ], [ 28.628396361380634, -14.35271364973099 ], [ 28.634719358373662, -14.363567161155839 ], [ 28.639954418608706, -14.37341278630737 ], [ 28.648627337661868, -14.379080309744984 ], [ 28.65931578756857, -14.380257566521641 ], [ 28.672207065480087, -14.397500921524545 ], [ 28.685691418782795, -14.410271762025483 ], [ 28.697655145466495, -14.419305889104624 ], [ 28.709636754645, -14.429017837575147 ], [ 28.719045462136769, -14.43534974664769 ], [ 28.732115035381106, -14.445726053323517 ], [ 28.74562165792323, -14.459179173357436 ], [ 28.760742468403603, -14.479789138123744 ], [ 28.770664038354699, -14.491931273234469 ], [ 28.782092666160853, -14.507127880908321 ], [ 28.793311748752632, -14.527809190591022 ], [ 28.7980339311286, -14.544847403131268 ], [ 28.803139598913525, -14.562902319999532 ], [ 28.809547372626515, -14.576475843553416 ], [ 28.812164864407986, -14.581220324672893 ], [ 28.826500899734288, -14.585389578706579 ], [ 28.83649818568831, -14.58690564290794 ], [ 28.846606941226295, -14.592524098312781 ], [ 28.851137373815639, -14.602365399278062 ], [ 28.856943152481687, -14.619715714006622 ], [ 28.860840368416689, -14.63231270932598 ], [ 28.860216159004057, -14.648762323035392 ], [ 28.853576557738556, -14.666366820405736 ], [ 28.851850873258758, -14.681469849491815 ], [ 28.852359192963096, -14.700296115477597 ], [ 28.847422963914987, -14.715122657959315 ], [ 28.836908402002621, -14.721160275702822 ], [ 28.835499312493411, -14.734889886395926 ], [ 28.841907105049525, -14.74811552254303 ], [ 28.854700215987318, -14.773880208048201 ], [ 28.868238065236113, -14.787640978885625 ], [ 28.879483900681944, -14.795627231458834 ], [ 28.893873426724653, -14.801147643626045 ], [ 28.91420248978125, -14.802775229508295 ], [ 28.935873657237227, -14.814297561362569 ], [ 28.950776011561075, -14.82561914423724 ], [ 28.961263804180103, -14.844565934685869 ], [ 28.970712638493467, -14.864560509126795 ], [ 28.980272992278842, -14.888657468235399 ], [ 28.981699870585896, -14.914640700145657 ], [ 28.977918578700216, -14.945528891661601 ], [ 28.976353450279692, -14.966442043195689 ], [ 28.973892027238275, -14.980532773623873 ], [ 28.973018039407034, -15.012192452941617 ], [ 28.979211707452698, -15.005744538829706 ], [ 28.989106475083407, -15.002783725039187 ], [ 29.012931463336127, -15.001227479317924 ], [ 29.043632325680388, -15.003617548581287 ], [ 29.105667349550892, -14.992616966814142 ], [ 29.125867081217894, -14.988728652607731 ], [ 29.149977439735931, -14.97208724453062 ], [ 29.182430809233406, -14.94840502457258 ], [ 29.21339926559234, -14.922702753676553 ], [ 29.233264505594548, -14.907519490761363 ], [ 29.255114163761888, -14.887159236043125 ], [ 29.273677388241584, -14.888764527755123 ], [ 29.283924339428189, -14.898436345488465 ], [ 29.306411620719842, -14.924905541999838 ], [ 29.346668359825049, -14.962205913823027 ], [ 29.378038141141797, -14.987404292525817 ], [ 29.397350506138238, -14.989990597306342 ], [ 29.438936082907219, -14.986873663596457 ], [ 29.484115719269138, -14.984679775417368 ], [ 29.514749765800911, -14.984559355741892 ], [ 29.51874508465535, -14.975226520035594 ], [ 29.523837357780611, -14.9310100687215 ], [ 29.526972125146489, -14.881032413182044 ], [ 29.529491500699461, -14.834145001783069 ], [ 29.536140004451969, -14.830212048701972 ], [ 29.548852967563814, -14.826805268508553 ], [ 29.564473219810701, -14.825369484768466 ], [ 29.590104048686438, -14.825373910749281 ], [ 29.600997689053528, -14.820642809414528 ], [ 29.607280578377825, -14.804755019021698 ], [ 29.619025843648053, -14.792826920464982 ], [ 29.63458808847118, -14.789674407859318 ], [ 29.645512892413159, -14.785964368464532 ], [ 29.653401045381578, -14.776185550428471 ], [ 29.662952381907687, -14.774219164766661 ], [ 29.67751134584088, -14.773144485037168 ], [ 29.690094985278069, -14.765626398443061 ], [ 29.71326444587071, -14.755085141834757 ], [ 29.738717044793386, -14.737988950495929 ], [ 29.766416978212881, -14.72458489314641 ], [ 29.781528814882265, -14.729971447448632 ], [ 29.795690956516392, -14.727527836435595 ], [ 29.813505050516898, -14.716781406690385 ], [ 29.840313160083873, -14.709192017490709 ], [ 29.860998895739126, -14.71065466464356 ], [ 29.876565651634021, -14.707818662883588 ], [ 29.88352631098352, -14.702837808184693 ], [ 29.898031774827519, -14.688760488498618 ], [ 29.90966557956299, -14.685353699928475 ], [ 29.938805771060711, -14.684167596248924 ], [ 29.96573430291496, -14.66938116157594 ], [ 29.976743781545693, -14.668716769724259 ], [ 29.995226792655881, -14.668168331219315 ], [ 30.005670044514943, -14.663562095001208 ], [ 30.013473403370757, -14.660119640053537 ], [ 30.023546549784921, -14.663575428024084 ], [ 30.034029853549892, -14.668721248935965 ], [ 30.048165204994582, -14.676832347024813 ], [ 30.059192578470036, -14.687761634249947 ], [ 30.070402761137871, -14.704487736135636 ], [ 30.080520488174102, -14.709299079954052 ], [ 30.091806454409824, -14.717147127325687 ], [ 30.104398994479773, -14.732455155348037 ], [ 30.118017068561475, -14.746367594336249 ], [ 30.133173528852428, -14.752717340194906 ], [ 30.144950026495088, -14.764632091828808 ], [ 30.158006317340323, -14.782985698476429 ], [ 30.176805819195362, -14.802859963259841 ], [ 30.192359226930638, -14.821124367560197 ], [ 30.197892927193504, -14.837997646610098 ], [ 30.202053266404945, -14.867191350813293 ], [ 30.198062372859784, -14.908576297439078 ], [ 30.202570569554712, -14.970138620200027 ], [ 30.217321224379191, -14.99723210892391 ], [ 30.217722585731817, -14.998422713105457 ], [ 30.21824872124402, -15.000001273534886 ], [ 30.22112935307872, -15.008549331374393 ], [ 30.22112935307872, -15.008553794446504 ], [ 30.227331911284526, -15.017525547166443 ], [ 30.228040887339084, -15.01855110226704 ], [ 30.234301494750394, -15.038180108165847 ], [ 30.23254013738627, -15.043892207328332 ], [ 30.228344129287379, -15.047454991508971 ], [ 30.224861559600587, -15.050420278341246 ], [ 30.221709011664473, -15.059400947528694 ], [ 30.220621016028879, -15.062508899787906 ], [ 30.222351097469655, -15.067547702970135 ], [ 30.2244290495887, -15.073612058258117 ], [ 30.222859427860122, -15.080590563349942 ], [ 30.220830585325082, -15.089620232388613 ], [ 30.221410245222138, -15.096518450201243 ], [ 30.229762154759275, -15.108727533683156 ], [ 30.23270064595723, -15.113021632646474 ], [ 30.233320490716853, -15.118078228255015 ], [ 30.229432149322676, -15.136619167683136 ], [ 30.231701844522714, -15.141711456183316 ], [ 30.237779589173993, -15.145720249271736 ], [ 30.241168494687244, -15.149853798538343 ], [ 30.245418061837313, -15.155039695394446 ], [ 30.247116917118831, -15.162499828186794 ], [ 30.248039978749627, -15.16656207222343 ], [ 30.250751110235353, -15.170735780771651 ], [ 30.257248055484364, -15.180728618824183 ], [ 30.259281355065369, -15.191595441022613 ], [ 30.259660405532323, -15.193619835047578 ], [ 30.259669296391746, -15.193677881478393 ], [ 30.259838750775764, -15.194551790799133 ], [ 30.256298209120715, -15.206890180806395 ], [ 30.255928128105992, -15.214229851436437 ], [ 30.265912027738395, -15.22497178532873 ], [ 30.279628287159031, -15.25115117857489 ], [ 30.29857054807675, -15.264796036258106 ], [ 30.318168315615694, -15.278909120243 ], [ 30.323010877420387, -15.286168518977002 ], [ 30.325097706870128, -15.289289912110036 ], [ 30.326408667069106, -15.291251934841981 ], [ 30.327104350463948, -15.292295340778066 ], [ 30.327157844113831, -15.292380025116751 ], [ 30.329423033702465, -15.294654179642711 ], [ 30.34041030766436, -15.305690491437378 ], [ 30.350260385537684, -15.311139453054626 ], [ 30.35602159216679, -15.315937478946907 ], [ 30.357020413449494, -15.316771341770664 ], [ 30.357238912828745, -15.317065651641599 ], [ 30.366950856775087, -15.330251215635528 ], [ 30.371155792232273, -15.333537554201 ], [ 30.371160189893001, -15.333542003813063 ], [ 30.373813359404373, -15.338785879257543 ], [ 30.375730774039678, -15.342571719700787 ], [ 30.379561208862416, -15.366740009052526 ], [ 30.385688015893447, -15.381307903539435 ], [ 30.384229818810581, -15.395880238519918 ], [ 30.383931071505451, -15.398899026325148 ], [ 30.383601103119393, -15.402212185781087 ], [ 30.381853188877283, -15.419571408533363 ], [ 30.381670349090079, -15.421408550514668 ], [ 30.385331229184196, -15.432806074838572 ], [ 30.390419106481488, -15.448649261757666 ], [ 30.401361740409484, -15.472710559258434 ], [ 30.399801013221222, -15.480491716396717 ], [ 30.393968498176669, -15.488879288104549 ], [ 30.380698277339686, -15.513390903259047 ], [ 30.373398667819139, -15.526870818271501 ], [ 30.371722033803021, -15.530794787797808 ], [ 30.365501596609448, -15.545331496568446 ], [ 30.365831611027808, -15.553366775110703 ], [ 30.365831611027808, -15.553371250675349 ], [ 30.38008291249086, -15.566431939668274 ], [ 30.387699001138685, -15.5734104269238 ], [ 30.390071302720919, -15.575582026039202 ], [ 30.40346199627551, -15.595540931695442 ], [ 30.406810728084238, -15.603839361661056 ], [ 30.408219782800366, -15.607330851076442 ], [ 30.418257259336684, -15.617568923022779 ], [ 30.412928595917382, -15.622558609411769 ], [ 30.39827605667903, -15.631717661380433 ], [ 30.3896877941288, -15.637081900043896 ], [ 30.365590785023748, -15.647168463863972 ], [ 30.361778321483893, -15.648769199508537 ], [ 30.359129568046217, -15.649879529358596 ], [ 30.344441302618478, -15.649861709913164 ], [ 30.336909862561125, -15.646981103557101 ], [ 30.324584933082786, -15.645732573912776 ], [ 30.317749135259369, -15.645041461483199 ], [ 30.310132999326985, -15.64519300812745 ], [ 30.286691471189005, -15.645661255560526 ], [ 30.285371575723083, -15.644978974781042 ], [ 30.273309719157393, -15.638771951254512 ], [ 30.273233934630991, -15.638669399998186 ], [ 30.271789179206909, -15.636711800867012 ], [ 30.26452079904297, -15.626910704742574 ], [ 30.263031494627697, -15.626580773371382 ], [ 30.260030476044051, -15.625920792475341 ], [ 30.248699895620291, -15.635837871143332 ], [ 30.225601807059682, -15.656068743787618 ], [ 30.21649181670324, -15.661651594980892 ], [ 30.208929252480839, -15.660371843737126 ], [ 30.208010672632817, -15.659448799067729 ], [ 30.204978459649038, -15.656398781470036 ], [ 30.204438885423798, -15.653981959263009 ], [ 30.203440046442942, -15.649491589429902 ], [ 30.19499452726544, -15.641005944970919 ], [ 30.184600366716474, -15.630558242328853 ], [ 30.173234071824947, -15.624074750814538 ], [ 30.16678179868903, -15.620391556053434 ], [ 30.146978884602468, -15.619370402065979 ], [ 30.144160782830181, -15.619223234859453 ], [ 30.13955897101053, -15.618977953502835 ], [ 30.126948681992562, -15.619776123970677 ], [ 30.125329971598738, -15.619878714902359 ], [ 30.096287841043665, -15.626710069814795 ], [ 30.059549365842631, -15.627200540469294 ], [ 30.046600120654269, -15.629332015520779 ], [ 30.045761804246304, -15.629470249419452 ], [ 30.037967275354507, -15.63194949213583 ], [ 30.030739116375024, -15.63425042794136 ], [ 30.022066102505498, -15.634143422062971 ], [ 30.018601432723877, -15.634098774126507 ], [ 30.012786747004743, -15.63471858112076 ], [ 29.999998039886467, -15.636078606626452 ], [ 29.990161298749246, -15.638589066203711 ], [ 29.982210696807641, -15.640617996243826 ], [ 29.967089826568348, -15.642522077117397 ], [ 29.962077806490804, -15.641010413947537 ], [ 29.934698960075814, -15.623178461453449 ], [ 29.933303228623114, -15.622919842722075 ], [ 29.926850929053618, -15.621729280424589 ], [ 29.908640015633132, -15.623231935812454 ], [ 29.903222139437453, -15.622429302943155 ], [ 29.901750621949081, -15.622210812547694 ], [ 29.897675004521517, -15.620409348892441 ], [ 29.895771007575885, -15.619571081813396 ], [ 29.892029842782318, -15.618072788707419 ], [ 29.877140879396894, -15.61211985571583 ], [ 29.866452426515441, -15.611727483622479 ], [ 29.86078046749288, -15.611517934655319 ], [ 29.841548332344107, -15.609359671620343 ], [ 29.84027748579966, -15.60932849415498 ], [ 29.820929453573019, -15.608829105233458 ], [ 29.796560485252066, -15.610438822885483 ], [ 29.775571472361623, -15.615201154528377 ], [ 29.760530909412385, -15.621220940636679 ], [ 29.754881212566019, -15.624435962847217 ], [ 29.747180423367489, -15.628819176538968 ], [ 29.715699118409177, -15.642031542323135 ], [ 29.70868496934871, -15.642976823893695 ], [ 29.697969773908749, -15.644421568881546 ], [ 29.649427976818068, -15.65794160422246 ], [ 29.636380605354891, -15.660246928648766 ], [ 29.629130101985464, -15.661531180529444 ], [ 29.61016108668975, -15.660960393726699 ], [ 29.606040952107129, -15.659203495251386 ], [ 29.597260922493774, -15.655448973922931 ], [ 29.585221401514865, -15.645572062452683 ], [ 29.580610620822519, -15.643445037142962 ], [ 29.5770879441408, -15.641821923326155 ], [ 29.562149994620292, -15.64117091390961 ], [ 29.544951222047388, -15.645839589203732 ], [ 29.543595664925419, -15.64688745634672 ], [ 29.536768750349459, -15.652180452472967 ], [ 29.513817786094076, -15.678529246912301 ], [ 29.500440513160431, -15.685200070662333 ], [ 29.492280294510852, -15.685565782446023 ], [ 29.474872021490235, -15.686341612933603 ], [ 29.465454377454012, -15.688174339049212 ], [ 29.46189151465277, -15.688869972485485 ], [ 29.434160417446822, -15.688901160171229 ], [ 29.420729639345755, -15.693039172723784 ], [ 29.403740419997419, -15.709631511530512 ], [ 29.39975840448836, -15.711990404298236 ], [ 29.39076888607611, -15.712842042610221 ], [ 29.389573814697176, -15.712628063851929 ], [ 29.374368334424677, -15.709907939835595 ], [ 29.362279665074929, -15.709890172541348 ], [ 29.349098622879882, -15.714937844371276 ], [ 29.34394829960495, -15.718242034934997 ], [ 29.337201673915864, -15.72501092987091 ], [ 29.333812825759026, -15.726995269471514 ], [ 29.329928962063057, -15.729269403504269 ], [ 29.324845586873302, -15.729795588502892 ], [ 29.32188911783636, -15.730098777137771 ], [ 29.317938381548853, -15.731039690904518 ], [ 29.311508393710323, -15.732569123839985 ], [ 29.305399424376517, -15.735431841799217 ], [ 29.30406609772151, -15.736292503577209 ], [ 29.28103930063007, -15.75122153664322 ], [ 29.267479176978064, -15.757763036409093 ], [ 29.266239574608498, -15.7583606013288 ], [ 29.262971095547115, -15.759230071636862 ], [ 29.244060010162297, -15.76425102820323 ], [ 29.233942351206373, -15.763867587025322 ], [ 29.227218029090658, -15.763608916459688 ], [ 29.21861194842025, -15.768108186091162 ], [ 29.21359987955254, -15.770730117692692 ], [ 29.210915514771937, -15.773735566487909 ], [ 29.195709946400687, -15.790760425223947 ], [ 29.181431963553482, -15.800869176077661 ], [ 29.179246987653986, -15.802162336798654 ], [ 29.158681589831321, -15.8143311918012 ], [ 29.147681009121154, -15.822549289339793 ], [ 29.136426201694597, -15.82975524525545 ], [ 29.134080760428287, -15.831257949299253 ], [ 29.118201844495026, -15.845058903023963 ], [ 29.100494780226533, -15.857089551611633 ], [ 29.087041725122216, -15.866230692011593 ], [ 29.064991455588309, -15.879897780769253 ], [ 29.05580126708346, -15.890189459969895 ], [ 29.055221523939981, -15.890840443618652 ], [ 29.043400499017622, -15.906862036671907 ], [ 29.034500078546039, -15.926740656913703 ], [ 29.032475657916958, -15.929161952478673 ], [ 29.026139303372151, -15.93673801388209 ], [ 29.02613486344562, -15.936742468244185 ], [ 29.024970976669461, -15.937290947260937 ], [ 29.015548914091625, -15.94173216432999 ], [ 29.014634845038962, -15.941620721476038 ], [ 29.00066888475596, -15.939979767612956 ], [ 28.993859866220024, -15.938963032097103 ], [ 28.993779575468793, -15.938949685457235 ], [ 28.99369484381204, -15.938936340965062 ], [ 28.98615895788225, -15.937799220780597 ], [ 28.972607736878949, -15.940340956239448 ], [ 28.95876225289561, -15.94030529166808 ], [ 28.95295209103767, -15.94029191254239 ], [ 28.946571064953947, -15.940269596491552 ], [ 28.935311854586836, -15.939319782097689 ], [ 28.931717797765582, -15.939917309787937 ], [ 28.923111715210574, -15.941348676797451 ], [ 28.91562046817133, -15.945045277765493 ], [ 28.914082080543302, -15.945807767953145 ], [ 28.912030843777483, -15.94681998016968 ], [ 28.909578352739164, -15.950587925351265 ], [ 28.907272986630655, -15.958373519500283 ], [ 28.907001053910747, -15.959292146388091 ], [ 28.899839721656544, -15.972401836238312 ], [ 28.897284657754174, -15.97612072277599 ], [ 28.889432129199051, -15.987558347890202 ], [ 28.885615171619179, -15.999250095381225 ], [ 28.885369953838577, -15.999999249750136 ], [ 28.875961175390891, -16.015048743413207 ], [ 28.87578731693862, -16.015311762761257 ], [ 28.868501176523182, -16.026481814822372 ], [ 28.868438687632505, -16.026571055996023 ], [ 28.860109131108249, -16.038427788714767 ], [ 28.855712479392601, -16.042124393151763 ], [ 28.846241289855158, -16.050079451618593 ], [ 28.844091992927428, -16.057031176402013 ], [ 28.844974883139312, -16.058707744965414 ], [ 28.846120917202118, -16.060870425925259 ], [ 28.853237680745433, -16.065543571102506 ], [ 28.855810531784584, -16.067229122166118 ], [ 28.855810531784584, -16.067233582695113 ], [ 28.858539528405611, -16.071050584244812 ], [ 28.857001112288128, -16.074769441152579 ], [ 28.849438510240255, -16.08325063626317 ], [ 28.847859999708117, -16.091794330912453 ], [ 28.847222314650068, -16.095250092269829 ], [ 28.847217869603636, -16.095250095502848 ], [ 28.849670360417733, -16.10503786967503 ], [ 28.859141520945574, -16.111641798625246 ], [ 28.860559465599035, -16.115806535299814 ], [ 28.863078861437135, -16.123222057055244 ], [ 28.853478415053967, -16.142320382797834 ], [ 28.841581538510155, -16.16354570145813 ], [ 28.841581538510155, -16.163550165106678 ], [ 28.841367546155059, -16.164821033285399 ], [ 28.840190271830902, -16.171848552759499 ], [ 28.841817845475532, -16.185792160258618 ], [ 28.841742099263445, -16.186920286975251 ], [ 28.841010773043653, -16.197519572138557 ], [ 28.840359724485328, -16.199191791932144 ], [ 28.835521628287768, -16.211668312747729 ], [ 28.834928613872652, -16.222709045774675 ], [ 28.836275206801048, -16.229027633749865 ], [ 28.837447976189754, -16.234561368527736 ], [ 28.839436712065726, -16.237259118204765 ], [ 28.839441157332121, -16.237259110625246 ], [ 28.844475518697525, -16.238712778648807 ], [ 28.852390396165219, -16.241000297779831 ], [ 28.854838450287577, -16.242663522724516 ], [ 28.857241929720903, -16.244300053593136 ], [ 28.858512771152572, -16.251153652173471 ], [ 28.858682204046598, -16.252049919390334 ], [ 28.858677759324539, -16.252049927976998 ], [ 28.856078108716726, -16.259929174151956 ], [ 28.849982486400819, -16.268075983037232 ], [ 28.847409628792342, -16.271509424678637 ], [ 28.828841863056621, -16.291949937729395 ], [ 28.824248993397621, -16.304480016891699 ], [ 28.822951467472581, -16.313161884233743 ], [ 28.821698388547741, -16.321531619262441 ], [ 28.823999322960386, -16.325424446009645 ], [ 28.826228826843071, -16.329201300468622 ], [ 28.827820802241249, -16.32958481055325 ], [ 28.838928350572345, -16.332260228051908 ], [ 28.843253727156313, -16.337272261659351 ], [ 28.843369656849415, -16.337406055379667 ], [ 28.843369656849415, -16.337410523670275 ], [ 28.840301758540136, -16.360218776158987 ], [ 28.84074770458697, -16.362024756034135 ], [ 28.841661818907294, -16.365681204992544 ], [ 28.848127501285358, -16.374639562527072 ], [ 28.848631388031226, -16.375339593121367 ], [ 28.848707219823982, -16.375972824384753 ], [ 28.848961384967989, -16.37809087534027 ], [ 28.847770743513895, -16.379829949334226 ], [ 28.845719615091706, -16.382835380282639 ], [ 28.84304862740554, -16.386750441069339 ], [ 28.843280487008702, -16.401197928775524 ], [ 28.838941775319856, -16.414178371534625 ], [ 28.837858190028406, -16.416055646655551 ], [ 28.834888427507625, -16.421188124955407 ], [ 28.828819635227052, -16.427181137134124 ], [ 28.824146475634162, -16.431791870964542 ], [ 28.82267049697673, -16.433249945810608 ], [ 28.819152277204143, -16.442306389210401 ], [ 28.819147831365271, -16.442310874643475 ], [ 28.819018457398997, -16.445325222748576 ], [ 28.81859930280303, -16.45472054195907 ], [ 28.820802119362202, -16.471402074302492 ], [ 28.819629403904546, -16.479468567274587 ], [ 28.818911490390072, -16.480917782823404 ], [ 28.816048695521399, -16.486687853030872 ], [ 28.811121465321047, -16.491864821455479 ], [ 28.806149530442148, -16.49708201553408 ], [ 28.802675850232379, -16.502874340713667 ], [ 28.802091782844258, -16.503850905076789 ], [ 28.802087336525169, -16.503850920163249 ], [ 28.795331721747555, -16.507146224965911 ], [ 28.780531981280518, -16.514361022849528 ], [ 28.767738820633799, -16.526659240566733 ], [ 28.766102390076629, -16.528233302707012 ], [ 28.761821600899161, -16.532349024841228 ], [ 28.758365807147666, -16.533098141435218 ], [ 28.754990262720391, -16.533829419610559 ], [ 28.750415266392121, -16.536772430351281 ], [ 28.747784390515598, -16.538466907520501 ], [ 28.747779942675134, -16.538471398821383 ], [ 28.73569132133257, -16.554318992783333 ], [ 28.729350407097336, -16.556588684937999 ], [ 28.696210383381572, -16.562042157785697 ], [ 28.681673766073963, -16.564490248855815 ], [ 28.642250851822606, -16.571138719495963 ], [ 28.618069105993079, -16.580868546619733 ], [ 28.608308162550312, -16.583918491697798 ], [ 28.60252022975811, -16.585728956995876 ], [ 28.580001720244141, -16.595400720407547 ], [ 28.568069195664663, -16.599859860120418 ], [ 28.56120221580932, -16.602428264362306 ], [ 28.495421497046063, -16.62862101690428 ], [ 28.461349544172869, -16.642537877736096 ], [ 28.457528128651564, -16.643804284819272 ], [ 28.449109333320763, -16.646591233988897 ], [ 28.426100379329437, -16.656717842964678 ], [ 28.419331428822712, -16.658898341440445 ], [ 28.415028415305926, -16.660280662401146 ], [ 28.392657093951467, -16.669354932962182 ], [ 28.360511393296949, -16.682388827386298 ], [ 28.340258208726738, -16.689670541359742 ], [ 28.318658337585902, -16.69927996583041 ], [ 28.310453597805409, -16.702138191318046 ], [ 28.306409145700304, -16.703551768709733 ], [ 28.294481090431319, -16.708166896925775 ], [ 28.269710784880125, -16.717749556219381 ], [ 28.237440224845283, -16.743054951720904 ], [ 28.193941719721053, -16.777171507865489 ], [ 28.165831578424129, -16.799810390076168 ], [ 28.159954452694969, -16.803555992117186 ], [ 28.157889845779781, -16.80487143537237 ], [ 28.157921091365083, -16.80579005384844 ], [ 28.143317542378355, -16.818065947175924 ], [ 28.135861917635978, -16.824339890514523 ], [ 28.122208188986942, -16.830172421349349 ], [ 28.098931674284785, -16.840120662724132 ], [ 28.09309917961539, -16.842987869215854 ], [ 28.085540938945321, -16.846697788363752 ], [ 28.064146205442999, -16.855673980679207 ], [ 28.058478698866615, -16.858050659360586 ], [ 28.043460399784294, -16.865831847395981 ], [ 28.015252196585092, -16.878807815272342 ], [ 28.014917686090204, -16.878959397901884 ], [ 27.945128316649438, -16.909959112808842 ], [ 27.924759160047792, -16.919929655750263 ], [ 27.919751590705054, -16.92238213083554 ], [ 27.888907967487345, -16.93609836789787 ], [ 27.879717776256324, -16.939799383739885 ], [ 27.829579659626297, -16.962540782853807 ], [ 27.824607743737133, -16.969728877792218 ], [ 27.821811909616038, -16.97378219470615 ], [ 27.8145078721125, -16.985001281694718 ], [ 27.80480934265859, -16.999096547229794 ], [ 27.804278724999683, -16.999867966037698 ], [ 27.801469431371036, -17.003948050184754 ], [ 27.786558238367661, -17.024330533879162 ], [ 27.748553299321866, -17.079092830210648 ], [ 27.748548825461093, -17.079101711584048 ], [ 27.744120992482276, -17.082660090822181 ], [ 27.74406748382021, -17.083159446223359 ], [ 27.744022833603751, -17.083583094334944 ], [ 27.743750905500132, -17.086111379668949 ], [ 27.734342162272057, -17.098998232402938 ], [ 27.720541236944463, -17.118841253862598 ], [ 27.719207999440631, -17.120758620440228 ], [ 27.716523597248187, -17.124437396780912 ], [ 27.694410888920256, -17.154719112937375 ], [ 27.669591599168815, -17.189986136778515 ], [ 27.650118632264693, -17.217659316025195 ], [ 27.645788913629016, -17.223072693401832 ], [ 27.639978645994081, -17.230332079441371 ], [ 27.631109493329614, -17.245947909343606 ], [ 27.627997106425081, -17.255798019795201 ], [ 27.62760019775083, -17.257059967121862 ], [ 27.62760019775083, -17.257064413897041 ], [ 27.627551132510533, -17.258335236743264 ], [ 27.626788649875678, -17.278900639109516 ], [ 27.619243881347753, -17.326706673006395 ], [ 27.617290755826993, -17.339080647771876 ], [ 27.615257381478518, -17.342215455626501 ], [ 27.608359200677956, -17.352868232484354 ], [ 27.589390193101732, -17.37540899342472 ], [ 27.576918074761146, -17.38821106479584 ], [ 27.57103207530125, -17.394262016726849 ], [ 27.571027597211749, -17.394262024282192 ], [ 27.570068925390242, -17.39427984872124 ], [ 27.559710412795361, -17.408557887497263 ], [ 27.554274776791868, -17.413908879591709 ], [ 27.543648744709998, -17.424369931652276 ], [ 27.501412084015893, -17.454161132378264 ], [ 27.499588293742576, -17.457648176666066 ], [ 27.498232803944603, -17.4575678729393 ], [ 27.496961883619971, -17.457492117226508 ], [ 27.492770340753385, -17.461728283536594 ], [ 27.469569706121653, -17.479551293774307 ], [ 27.458720703720967, -17.488295569149134 ], [ 27.443109397558128, -17.500879115246068 ], [ 27.438940082791376, -17.504071895147213 ], [ 27.403182544727606, -17.531432903236798 ], [ 27.378858152759857, -17.550040766146846 ], [ 27.368009139974486, -17.556051610674924 ], [ 27.362421904615911, -17.56192873245967 ], [ 27.342668070019769, -17.57551111983275 ], [ 27.333535896975516, -17.581780593826828 ], [ 27.322209743986107, -17.589561755105308 ], [ 27.316100810888173, -17.594961760826799 ], [ 27.310981775054302, -17.599492141263163 ], [ 27.307111269449788, -17.606929987870203 ], [ 27.282269569368019, -17.638745682143078 ], [ 27.267260290493937, -17.657968861042413 ], [ 27.259131335893954, -17.667578186848871 ], [ 27.256076781985659, -17.67159134884902 ], [ 27.232028861868489, -17.703148453204111 ], [ 27.227217480663374, -17.709716731554163 ], [ 27.218152182408257, -17.72209073001568 ], [ 27.204449344426518, -17.738950529407958 ], [ 27.188392091173238, -17.757478169786356 ], [ 27.182296507099785, -17.763997349099235 ], [ 27.147100861419059, -17.80163213824666 ], [ 27.144438738720822, -17.809747731495737 ], [ 27.143760995901694, -17.81182115020767 ], [ 27.147961421546462, -17.825729120038087 ], [ 27.149722830034918, -17.839400750163556 ], [ 27.149758461938454, -17.839699511373563 ], [ 27.149508769224653, -17.848671212228453 ], [ 27.140131250565322, -17.856929420749896 ], [ 27.114366565599475, -17.877499259349584 ], [ 27.096869078347748, -17.891469687488861 ], [ 27.091437922250016, -17.894809511014024 ], [ 27.091437922250016, -17.894813986934036 ], [ 27.091290775584771, -17.894961156680225 ], [ 27.08675135290596, -17.899518311025815 ], [ 27.075260321547489, -17.913720562077479 ], [ 27.074190078206293, -17.915036024277089 ], [ 27.06837987163329, -17.922219609551476 ], [ 27.057281209055724, -17.939021523304525 ], [ 27.05622434233895, -17.939891016566882 ], [ 27.053281339902963, -17.942321266160267 ], [ 27.045848087352756, -17.952140194323416 ], [ 27.045000841945082, -17.956527911631962 ], [ 27.043721032408268, -17.957981637027121 ], [ 27.037768180803461, -17.964728255612304 ], [ 27.029358288362342, -17.961201036148356 ], [ 27.011321251234094, -17.953620635311758 ], [ 26.999419918254187, -17.957558010683318 ], [ 26.993903954303178, -17.96097366375453 ], [ 26.984758356696247, -17.96662784077769 ], [ 26.978078664914293, -17.96862100155127 ], [ 26.970649760722164, -17.969017860539843 ], [ 26.964166268004902, -17.966815095872931 ], [ 26.960478599923619, -17.965562045797014 ], [ 26.94019860595402, -17.970609792256148 ], [ 26.934664839451745, -17.973160388204164 ], [ 26.927619418298008, -17.976411079345588 ], [ 26.924056637453145, -17.977347448820915 ], [ 26.917443776282589, -17.979082028355442 ], [ 26.911401650376, -17.980669540423147 ], [ 26.899803569299461, -17.985610200711474 ], [ 26.892619960503055, -17.988669168565451 ], [ 26.886827590586709, -17.987144149387625 ], [ 26.885369431233588, -17.986760643311417 ], [ 26.883438653456317, -17.986577848286508 ], [ 26.877427834211478, -17.986020441332386 ], [ 26.864977981424214, -17.992517326280357 ], [ 26.862730570347498, -17.993690129199866 ], [ 26.858641563225301, -17.993320023429817 ], [ 26.853968446032688, -17.992227497402794 ], [ 26.832560284158934, -17.987228889557617 ], [ 26.828560508020409, -17.990528576400347 ], [ 26.827418998319754, -17.993079150320426 ], [ 26.827249555665666, -18.000231553541081 ], [ 26.827111304744637, -18.006090874843874 ], [ 26.827057820132005, -18.008249028045352 ], [ 26.826674348558161, -18.008958072985653 ], [ 26.824529466153258, -18.012899900529344 ], [ 26.817328076467149, -18.013060446018564 ], [ 26.811094189121494, -18.016333396013842 ], [ 26.805939451703338, -18.019040097869759 ], [ 26.797288856806396, -18.025858000395207 ], [ 26.796040289101953, -18.026839021619974 ], [ 26.783599354678618, -18.024587232643331 ], [ 26.780121326632319, -18.023958463185796 ], [ 26.776451463636793, -18.022304141118823 ], [ 26.774302132817851, -18.021332033110394 ], [ 26.774297727140137, -18.021332022266726 ], [ 26.772839622791896, -18.021604058210926 ], [ 26.763301600066367, -18.023401066767313 ], [ 26.746120627296168, -18.028359628965454 ], [ 26.735985142408374, -18.034116321745639 ], [ 26.733091169969558, -18.035761727596753 ], [ 26.726843924046353, -18.042000014271807 ], [ 26.716191149583924, -18.052648345252539 ], [ 26.706760142330559, -18.060429449087319 ], [ 26.697583364496811, -18.073285057048402 ], [ 26.695991458995515, -18.075519018783851 ], [ 26.693828755478428, -18.077017336349424 ], [ 26.690288244558747, -18.07946978608944 ], [ 26.677637810985164, -18.07562159599977 ], [ 26.669187749922195, -18.071309661116342 ], [ 26.66661935908623, -18.069998708701881 ], [ 26.664817905763961, -18.06869663337589 ], [ 26.661990748162015, -18.066649931109396 ], [ 26.653286589415028, -18.062360283719343 ], [ 26.650811847033843, -18.061138421257585 ], [ 26.620271477985675, -18.061321255806686 ], [ 26.6103900654035, -18.055635881693551 ], [ 26.60984156030786, -18.055319305982596 ], [ 26.6019980445557, -18.052750882294724 ], [ 26.601342531419018, -18.045924039472784 ], [ 26.600918898863586, -18.041531800325163 ], [ 26.600869858935265, -18.041032400431359 ], [ 26.600869858935265, -18.041027907396622 ], [ 26.596491045643642, -18.028341785484081 ], [ 26.59648663646384, -18.028337276622548 ], [ 26.588580569901438, -18.025768832884406 ], [ 26.582948792586091, -18.023940592663433 ], [ 26.579457298058781, -18.02099317777769 ], [ 26.576839834534013, -18.018781429172073 ], [ 26.572131006475779, -18.001422203580429 ], [ 26.568871351803924, -17.995290889030489 ], [ 26.568866942090846, -17.995286461427156 ], [ 26.56190623918409, -17.990452793232251 ], [ 26.561790323174833, -17.990368053154342 ], [ 26.550406239885412, -17.990180784265231 ], [ 26.524329381572482, -17.989748212457915 ], [ 26.517426741202371, -17.988321337247569 ], [ 26.514189445787668, -17.987647984016156 ], [ 26.50081212379364, -17.979420986569778 ], [ 26.500807622758067, -17.979420979580393 ], [ 26.500156682075076, -17.97936744134746 ], [ 26.485169598756165, -17.978118945758265 ], [ 26.482962312047817, -17.975675315257316 ], [ 26.478039459827485, -17.970221871661447 ], [ 26.471533655963128, -17.96898223385778 ], [ 26.469041015897368, -17.968509549818116 ], [ 26.468849245549915, -17.968402537480856 ], [ 26.468318680101998, -17.968108260260575 ], [ 26.461589856945729, -17.967987869343457 ], [ 26.457041561331113, -17.96851850424337 ], [ 26.454526617380115, -17.966672432914688 ], [ 26.439289885216791, -17.955488967552249 ], [ 26.424610566487285, -17.95296064165758 ], [ 26.42460606398566, -17.952956218373295 ], [ 26.414831740899352, -17.942548613693212 ], [ 26.414827238211217, -17.942548686309578 ], [ 26.406132027242105, -17.939240001580451 ], [ 26.402118869890284, -17.939775083047898 ], [ 26.392478260955297, -17.941059346216864 ], [ 26.388429387425301, -17.942731480740964 ], [ 26.384866617058215, -17.942597726453862 ], [ 26.379537943046667, -17.94240148920731 ], [ 26.369085779668033, -17.938080654220432 ], [ 26.357059632000681, -17.933108705650419 ], [ 26.349505949002559, -17.932158975092428 ], [ 26.348881614162945, -17.932078708517203 ], [ 26.346402364548542, -17.932341768686136 ], [ 26.34122092661719, -17.932890203162323 ], [ 26.337100648745032, -17.935052899341862 ], [ 26.336436284590533, -17.935400680527859 ], [ 26.333132092850128, -17.937139782764035 ], [ 26.327362012443675, -17.936537805736748 ], [ 26.321801520697083, -17.934098686017396 ], [ 26.316530813152976, -17.934870073398233 ], [ 26.311300352017337, -17.937929036472486 ], [ 26.308245826346347, -17.937563407774423 ], [ 26.30624816513275, -17.937318088652795 ], [ 26.299135895968039, -17.928172532538884 ], [ 26.294239777125181, -17.921880740415471 ], [ 26.289401674490815, -17.919428250041673 ], [ 26.289397259544064, -17.919428221903434 ], [ 26.288340463141427, -17.919495057454263 ], [ 26.274459233126809, -17.920320077766949 ], [ 26.269019172982667, -17.92064997330208 ], [ 26.267659071381694, -17.920542975308173 ], [ 26.259168942793067, -17.919878583722582 ], [ 26.257893672373179, -17.920404736553753 ], [ 26.252248412182908, -17.922727937870526 ], [ 26.243789559718497, -17.918491771916425 ], [ 26.234238147174395, -17.906688538127533 ], [ 26.22774121510227, -17.905408781708754 ], [ 26.227322049388309, -17.905069917023368 ], [ 26.223852887188094, -17.902251726913608 ], [ 26.223848471056638, -17.902251779706219 ], [ 26.225360045135695, -17.897565269109315 ], [ 26.227050055429391, -17.892330269674265 ], [ 26.225788136512168, -17.888450847482808 ], [ 26.208272823568528, -17.892740520175373 ], [ 26.207858131277586, -17.892838632162313 ], [ 26.190052926139089, -17.904579401628283 ], [ 26.190048419265647, -17.904579383094827 ], [ 26.187939283642113, -17.905444478519549 ], [ 26.172546440582856, -17.911767464163098 ], [ 26.167859999387765, -17.913689381046609 ], [ 26.158705463521667, -17.914460748382364 ], [ 26.145189895034072, -17.915597857742522 ], [ 26.128111496513608, -17.925550563534237 ], [ 26.120401719621022, -17.927374334397442 ], [ 26.111389895519178, -17.929510266217047 ], [ 26.103969949505188, -17.93078999953195 ], [ 26.101084902079624, -17.932890227218643 ], [ 26.097820834625356, -17.935271412586609 ], [ 26.094619214124915, -17.943592074901957 ], [ 26.09977843255724, -17.949701032150021 ], [ 26.101669109711239, -17.951217151799934 ], [ 26.105379008540499, -17.954200259590881 ], [ 26.102275497590071, -17.958231307810479 ], [ 26.09696024417088, -17.965138475846203 ], [ 26.093972681326466, -17.97555044861025 ], [ 26.091328372045659, -17.984758540986359 ], [ 26.086093414894933, -17.98309970621548 ], [ 26.073460775170687, -17.979099905619922 ], [ 26.072756293156317, -17.979264879233067 ], [ 26.067940386703764, -17.980401967431767 ], [ 26.062941768498238, -17.981579141324428 ], [ 26.061737821661705, -17.981369576895531 ], [ 26.059329910933513, -17.980950409910097 ], [ 26.053822924662484, -17.977579355514919 ], [ 26.049858755355491, -17.975149176017418 ], [ 26.045867918788417, -17.97479241254748 ], [ 26.045528987923877, -17.974761230573563 ], [ 26.042082113100651, -17.977708635875135 ], [ 26.036209476024279, -17.982729626618003 ], [ 26.034256349963815, -17.982827713264591 ], [ 26.029739345134441, -17.983050706057103 ], [ 26.01959042854303, -17.978591598409075 ], [ 26.019470013735312, -17.978582639420189 ], [ 26.014301865348724, -17.978199159051989 ], [ 26.004804061521234, -17.983081841984649 ], [ 26.001910046085573, -17.984571255719537 ], [ 25.994980622332481, -17.986502036688947 ], [ 25.99261285979264, -17.988468471429151 ], [ 25.991899405611075, -17.989061520050488 ], [ 25.989888300391581, -17.999420045241013 ], [ 25.984229716751098, -18.002684121688571 ], [ 25.981317970269554, -18.004360728529175 ], [ 25.974379606082756, -18.00605965646697 ], [ 25.970531404875164, -18.005649356472933 ], [ 25.968431090819916, -18.004213545320184 ], [ 25.962255270065256, -17.999981892573615 ], [ 25.96131889261758, -17.999339726295826 ], [ 25.958429354430542, -17.998920613362078 ], [ 25.953671488867968, -18.001511354508335 ], [ 25.95190125132946, -18.000869258212806 ], [ 25.939669945824519, -17.996410156316529 ], [ 25.927451964950283, -17.997939643948317 ], [ 25.920281716559646, -18.000561567165718 ], [ 25.918877149707161, -18.000418871338059 ], [ 25.916192787401613, -18.000151288465897 ], [ 25.916188275693646, -18.000151347907348 ], [ 25.914957569111259, -17.998006468792948 ], [ 25.91028888077323, -17.989890919619221 ], [ 25.901558025189296, -17.987228801904021 ], [ 25.897130132950259, -17.985882196342114 ], [ 25.890031255348593, -17.9837195138157 ], [ 25.882838693299227, -17.98473175856768 ] ] ] } },
{ "type": "Feature", "properties": { "cluster": 3, "ADM0_CODE": 3780, "ADM1_CODE": 47987, "ADM2_CODE": 912671, "EXP2_YEAR": 42000, "STR2_YEAR": 14000, "Shape_Area": 8.3296700739225997, "Shape_Leng": 52.444960847330002, "2000_01": 4076.4838343388506, "2000_02": 3488.4950166396361, "2000_03": 3604.2942344364315, "2000_11": 2225.7946109149416, "2000_12": 4576.8820479633805, "2001_01": 5565.6198334116589, "2001_02": 4385.4625632172465, "2001_03": 4236.8354263722213, "2001_11": 2260.942855926799, "2001_12": 3194.8375600167014, "2002_01": 3525.9835134093937, "2002_02": 2561.9259157571037, "2002_03": 1466.2878370654767, "2002_11": 2066.4131582057698, "2002_12": 4655.18681292768, "2003_01": 4043.3514209255072, "2003_02": 3429.7319718126505, "2003_03": 3410.056146209613, "2003_11": 1893.9627954986138, "2003_12": 3967.8266957375304, "2004_01": 4055.9471796146859, "2004_02": 3566.6356499227231, "2004_03": 2558.0044486789707, "2004_11": 1942.6045047412322, "2004_12": 4172.5217775825613, "2005_01": 3779.0667569540501, "2005_02": 1987.6562470066049, "2005_03": 1745.4645589967233, "2005_11": 1689.8501048616279, "2005_12": 4355.6447812218548, "2006_01": 3930.3329758558161, "2006_02": 3648.7404033696439, "2006_03": 3523.464517625368, "2006_11": 1899.7352530998182, "2006_12": 3956.8333791006153, "2007_01": 4674.6040215560379, "2007_02": 4336.9794577736066, "2007_03": 1988.9019129483399, "2007_11": 2199.2329489651138, "2007_12": 4624.8102267715585, "2008_01": 5054.7843372660836, "2008_02": 2829.4439873275337, "2008_03": 2341.1836171702707, "2008_11": 3524.0743570604932, "2008_12": 3721.9326292520818, "2009_01": 4936.1514752428366, "2009_02": 2505.2751299249317, "2009_03": 3610.3563291640771, "2009_11": 2593.6128334714494, "2009_12": 3808.3958995691264, "2010_01": 2770.9284802327861, "2010_02": 4712.6216401561442, "2010_03": 3634.8589602455913, "2010_11": 2057.1165989296164, "2010_12": 4208.0763462128189, "2011_01": 3902.0129845417487, "2011_02": 2236.9677985095432, "2011_03": 3086.755345127699, "2011_11": 2320.9103847964188, "2011_12": 3097.3266219945422, "2012_01": 4540.1655716862324, "2012_02": 3858.234437425248, "2012_03": 3566.5443574761853, "2012_11": 1819.73131764747, "2012_12": 3969.9484602477251, "2013_01": 4128.2621663654209, "2013_02": 3051.2308118240753, "2013_03": 1695.0328643810431, "2013_11": 1833.6652129595873, "2013_12": 3839.5045039596957, "2014_01": 3542.4192135197577, "2014_02": 3405.8619994975147, "2014_03": 2488.3324843194951, "2014_11": 1245.1659246974648, "2014_12": 3039.2901369167926, "2015_01": 3760.3831481300176, "2015_02": 2807.1931641937181, "2015_03": 1455.5602804280309, "2015_11": 1542.7159378865999, "2015_12": 2911.9458233920759, "2016_01": 4526.1024756328043, "2016_02": 2584.0597892367987, "2016_03": 4137.6751450406937, "2016_11": 2127.9052831912286, "2016_12": 3160.1252878727637, "2017_01": 5386.1415187500115, "2017_02": 5148.934020592561, "2017_03": 2037.8253980502623, "2017_11": 2773.0173657286882, "2017_12": 3979.9537619481025, "2018_01": 1933.0360730241043, "2018_02": 4522.6395133224969, "2018_03": 3660.8631457611659, "2018_11": 1159.6446734523533, "2018_12": 3091.8783012281651, "2019_01": 3932.0103869408554, "2019_02": 3198.2834486743373, "2019_03": 2019.5777955552071, "2019_11": 1512.4671967442691, "2019_12": 1492.8940990786796, "2020_01": 4022.5722996508434, "2020_02": 3589.6983662942835, "2020_03": 2638.9984502442644, "2020_11": 1340.0877464226169, "2020_12": 4298.9934549224154, "2021_01": 5352.0553008369588, "2021_02": 3911.3140726493484, "2021_03": 4578.367119402189, "2021_11": 1164.6100113595878, "2021_12": 2373.1665888427992, "2022_01": 5067.5726307713412, "2022_02": 2531.6675405512792, "2022_03": 2548.1038229141041, "2022_11": 1834.811249165039, "2022_12": 3117.0629878340487, "2023_01": 4964.357694376753, "2023_02": 2222.4293310690482, "2023_03": 2803.0798336220164, "2023_11": 1205.4970351570284, "2023_12": 4109.8621492488319, "hierarchical_cluster": 17 }, "geometry": { "type": "MultiPolygon", "coordinates": [ [ [ [ 28.677388491479785, -13.861900443630329 ], [ 28.683809597139398, -13.863501212887813 ], [ 28.691158241077204, -13.87297687093546 ], [ 28.692464761992909, -13.881868259737395 ], [ 28.694984158499409, -13.896226583109538 ], [ 28.698694127454569, -13.915365058642584 ], [ 28.705940118910856, -13.934097729706838 ], [ 28.709828502228238, -13.959742004408394 ], [ 28.714827116117334, -13.987085200412476 ], [ 28.717738979898179, -14.002803527237505 ], [ 28.720289564256245, -14.018530781817374 ], [ 28.725832164934676, -14.03968476802021 ], [ 28.734701331837321, -14.05289267868425 ], [ 28.742139180464459, -14.078470007721997 ], [ 28.739147073159575, -14.099093383829461 ], [ 28.735401477811546, -14.118017826676194 ], [ 28.734268787770802, -14.128666146246065 ], [ 28.723754279380476, -14.146680939372136 ], [ 28.716802530570135, -14.165319927090355 ], [ 28.710764903369888, -14.178456486272944 ], [ 28.7039335160541, -14.188525134177768 ], [ 28.692393393940531, -14.194906095467264 ], [ 28.677455416399603, -14.207173092551681 ], [ 28.66988382439191, -14.216220627243304 ], [ 28.662361362866058, -14.226984856085084 ], [ 28.653425358306365, -14.238114794570061 ], [ 28.64786931142222, -14.242671954972565 ], [ 28.634924548078128, -14.250100829981685 ], [ 28.625105595513389, -14.25473387830635 ], [ 28.609980300494634, -14.260147204598486 ], [ 28.601944959933864, -14.265087874520564 ], [ 28.596460339821462, -14.272726297191365 ], [ 28.593811632545759, -14.279972379889033 ], [ 28.591194136394666, -14.288591771887315 ], [ 28.588750502475865, -14.303717043725127 ], [ 28.588179725290527, -14.317767671357991 ], [ 28.585178793516473, -14.31646565945071 ], [ 28.576122325023935, -14.309768111440878 ], [ 28.572122526087686, -14.306067033063277 ], [ 28.565879830000544, -14.298290329375176 ], [ 28.552984028405476, -14.294058633286747 ], [ 28.538590096829449, -14.286768001450469 ], [ 28.528467914601233, -14.27974493954523 ], [ 28.513748454785393, -14.273484341856216 ], [ 28.495903145616207, -14.270015152682927 ], [ 28.484844564648224, -14.26814681155329 ], [ 28.468715960541001, -14.262247399858767 ], [ 28.452203914890401, -14.255322416830765 ], [ 28.429288619360694, -14.247817752791697 ], [ 28.409231553075927, -14.240946303136406 ], [ 28.396099510264804, -14.241160352379385 ], [ 28.385246039839629, -14.247171247482205 ], [ 28.377170606732314, -14.250729567353458 ], [ 28.369701626874775, -14.25016324274339 ], [ 28.361068777819817, -14.245846872141376 ], [ 28.35279270767947, -14.241521573874527 ], [ 28.344873380354272, -14.251251252181898 ], [ 28.338666282806024, -14.258550850978885 ], [ 28.329748063539139, -14.271040795776631 ], [ 28.32358116924545, -14.280057098078426 ], [ 28.304228647984189, -14.301286868284931 ], [ 28.295667207819925, -14.314111198592869 ], [ 28.289549297472355, -14.325183165151294 ], [ 28.280042479270101, -14.342827824297053 ], [ 28.256770439553421, -14.364115569293974 ], [ 28.2463629227077, -14.374224384273514 ], [ 28.2473528078852, -14.385528240211864 ], [ 28.252231125458962, -14.396082898058724 ], [ 28.256195224933194, -14.398423939500093 ], [ 28.265100083425704, -14.399311288492049 ], [ 28.276867653020695, -14.401184074754235 ], [ 28.285148144600761, -14.405509465962425 ], [ 28.289299613123315, -14.415390761423719 ], [ 28.290748829859155, -14.43080144599552 ], [ 28.289919407682586, -14.44041527923879 ], [ 28.285420136772341, -14.445289076422224 ], [ 28.280211977716775, -14.45017175414679 ], [ 28.274232327496826, -14.452668920903319 ], [ 28.25865220850585, -14.454974246851926 ], [ 28.253751678824663, -14.458140206148027 ], [ 28.250335991339718, -14.463682894824988 ], [ 28.243134558150807, -14.474429285629647 ], [ 28.218364224312069, -14.493335922266057 ], [ 28.207332413951761, -14.507573769587347 ], [ 28.207880839582248, -14.515453044925303 ], [ 28.211929764253082, -14.521218670060737 ], [ 28.219452257915275, -14.523501691759744 ], [ 28.232606549834021, -14.52363993047236 ], [ 28.248191181015052, -14.521334578204591 ], [ 28.261702198746153, -14.521463907058267 ], [ 28.269657255778615, -14.526823717198019 ], [ 28.26840422393396, -14.533699702426915 ], [ 28.258389095785496, -14.54586412111402 ], [ 28.243495667590537, -14.561881220071054 ], [ 28.220495664254656, -14.58110887494256 ], [ 28.208634442272473, -14.575806976161156 ], [ 28.202213363353923, -14.574879468669272 ], [ 28.191217203799962, -14.576083457794446 ], [ 28.179173213272048, -14.577983016876775 ], [ 28.16781583893729, -14.578848066724863 ], [ 28.155022637675756, -14.579044253558131 ], [ 28.135795043596737, -14.577965155345899 ], [ 28.116504964628781, -14.574143739412243 ], [ 28.09908768705667, -14.574406777021638 ], [ 28.087253273217577, -14.570126051619177 ], [ 28.063990161642167, -14.563611305864798 ], [ 28.034698287057882, -14.557868008666963 ], [ 28.002325195027645, -14.556962834403743 ], [ 27.975985355828925, -14.555625071443606 ], [ 27.951259554394149, -14.547059142234257 ], [ 27.93233514797792, -14.543549848304345 ], [ 27.914552306736695, -14.543108401230159 ], [ 27.907324050879645, -14.538065170362364 ], [ 27.898798261590315, -14.522739232887936 ], [ 27.884136790528228, -14.503377742154695 ], [ 27.867861020952997, -14.475459351355559 ], [ 27.852713431954626, -14.434475732610425 ], [ 27.83871192696142, -14.396912259928154 ], [ 27.825303408675222, -14.369631463894565 ], [ 27.80896970045621, -14.369845553561106 ], [ 27.783405683349436, -14.370518844629594 ], [ 27.754644449961962, -14.370888984628399 ], [ 27.713076755904286, -14.370728454769477 ], [ 27.683254242900087, -14.371441867869017 ], [ 27.644201423665294, -14.372605768197475 ], [ 27.602941340725579, -14.370015008412986 ], [ 27.553909063565609, -14.369560156677517 ], [ 27.506392925443382, -14.373542153164541 ], [ 27.470127073629335, -14.372240056255729 ], [ 27.437780714056313, -14.371227847643366 ], [ 27.390590024565924, -14.373805245823714 ], [ 27.357962797634595, -14.376560925856841 ], [ 27.292842088879041, -14.371062883058871 ], [ 27.25543915112743, -14.365952715418034 ], [ 27.214121166457534, -14.360530507848081 ], [ 27.22205831620974, -14.348776291015273 ], [ 27.222638003158345, -14.342243730399819 ], [ 27.222432901295054, -14.331943218019909 ], [ 27.217657181161652, -14.324090716646319 ], [ 27.212257219548562, -14.320367378620054 ], [ 27.205813846498266, -14.318026309499684 ], [ 27.197216711311928, -14.314334233955666 ], [ 27.184258542837899, -14.305531943807399 ], [ 27.179759311327576, -14.293554801905024 ], [ 27.176611217110448, -14.278130787571119 ], [ 27.171340563357319, -14.263067923422124 ], [ 27.166123351846036, -14.250756364407248 ], [ 27.158368994625377, -14.235720231509443 ], [ 27.153807354694472, -14.220652953880661 ], [ 27.144140033116248, -14.216621911241493 ], [ 27.13894959485496, -14.205340371971193 ], [ 27.128800719252691, -14.194790151671619 ], [ 27.12141640147626, -14.180431848724364 ], [ 27.113951925236499, -14.161957763093005 ], [ 27.047020755536746, -14.205848768709336 ], [ 26.987108320587886, -14.23992963054218 ], [ 26.986506325600253, -14.252762894571692 ], [ 26.988138319075293, -14.28263447263414 ], [ 26.987866336008697, -14.305652339072688 ], [ 26.984370406241858, -14.32732355870513 ], [ 26.986555369123582, -14.348945757237624 ], [ 26.989030165980481, -14.367129969362468 ], [ 26.988642223369038, -14.384310897537777 ], [ 26.985257777858269, -14.393273672379662 ], [ 26.973347519426007, -14.402312281562097 ], [ 26.949700899482892, -14.410771209219996 ], [ 26.928395346046266, -14.411645128623267 ], [ 26.920600809991729, -14.412742085875969 ], [ 26.907401896447716, -14.410106756497294 ], [ 26.893110431566381, -14.405763587793253 ], [ 26.880214750704333, -14.400033638466997 ], [ 26.865593350606023, -14.39706834224501 ], [ 26.845433729703331, -14.402049216383375 ], [ 26.835552360221044, -14.405910785271956 ], [ 26.828074474973768, -14.404943131856218 ], [ 26.819816241885871, -14.400198675767831 ], [ 26.803509293356495, -14.402396959097651 ], [ 26.794029242241798, -14.408661984417925 ], [ 26.775769218589772, -14.420835360060892 ], [ 26.74714619991542, -14.429998847977627 ], [ 26.731552756575471, -14.432531607461144 ], [ 26.711286197879712, -14.432005441564248 ], [ 26.700325707427602, -14.435184769423769 ], [ 26.692923552831182, -14.438676201228262 ], [ 26.684370987811214, -14.43736973589345 ], [ 26.675042621238134, -14.432286301630885 ], [ 26.666819959456067, -14.429258632734253 ], [ 26.657170519001316, -14.426239796681672 ], [ 26.641929305139481, -14.42841586957268 ], [ 26.62640266255119, -14.435064369324586 ], [ 26.621167705662355, -14.440602570521408 ], [ 26.613743331853964, -14.443064021688688 ], [ 26.602323595882364, -14.440058558313069 ], [ 26.590506900276299, -14.434988546941977 ], [ 26.572407464381595, -14.436495704380116 ], [ 26.555815169566031, -14.443148675178891 ], [ 26.534059157376433, -14.460146840208662 ], [ 26.520534732625201, -14.480524887691171 ], [ 26.513422422297676, -14.502231790548862 ], [ 26.50687646976845, -14.514993772543665 ], [ 26.491461394394538, -14.529200420553281 ], [ 26.480871051102014, -14.534087573513172 ], [ 26.465589665776811, -14.534537974011988 ], [ 26.451753052742458, -14.536352838002358 ], [ 26.437965598229912, -14.541605638562244 ], [ 26.425680718635068, -14.551660932355837 ], [ 26.41874679575777, -14.56305397954895 ], [ 26.410354765784195, -14.572047920342879 ], [ 26.398449043570999, -14.584167780663293 ], [ 26.392237434346733, -14.596243022522989 ], [ 26.384304699945357, -14.612456292993071 ], [ 26.379555776344418, -14.627273915413237 ], [ 26.373718812636561, -14.64106592857574 ], [ 26.371850496494378, -14.658273576342017 ], [ 26.373411135490073, -14.667205127509806 ], [ 26.373165876168738, -14.674428933517085 ], [ 26.372180422932718, -14.679935898346882 ], [ 26.367649951716718, -14.686156354640424 ], [ 26.348217192555239, -14.695230617274873 ], [ 26.332998317124737, -14.700835701119479 ], [ 26.326947342547591, -14.700875852699246 ], [ 26.31818965026018, -14.686490796617715 ], [ 26.30977976091928, -14.671414530832235 ], [ 26.300758994008358, -14.663218760999451 ], [ 26.286842163209965, -14.660556637378411 ], [ 26.27113716423429, -14.657216736457485 ], [ 26.251075746804766, -14.648062269833718 ], [ 26.232039807912713, -14.635799743272914 ], [ 26.219532070232866, -14.63209415540029 ], [ 26.208451192413989, -14.628379784390509 ], [ 26.204103516499554, -14.622908411917388 ], [ 26.203876112475346, -14.607430932961963 ], [ 26.20378246485954, -14.600898291857925 ], [ 26.202404605990573, -14.598503763305034 ], [ 26.208156825164796, -14.584020672764535 ], [ 26.211541306296255, -14.572311017463653 ], [ 26.213530098802188, -14.562327124259603 ], [ 26.208665162753874, -14.545850703577614 ], [ 26.205329764081032, -14.536932527604446 ], [ 26.203358841900052, -14.523532897752894 ], [ 26.206391064956893, -14.512171167546045 ], [ 26.203002186858122, -14.499471644439621 ], [ 26.196799533604178, -14.488850016766191 ], [ 26.1959434297749, -14.478883947409383 ], [ 26.197254354459236, -14.471312365213754 ], [ 26.199546382862518, -14.458238272384346 ], [ 26.194757246065617, -14.446921091147782 ], [ 26.184028695562134, -14.442515501012188 ], [ 26.175137250707326, -14.442225688873719 ], [ 26.156194986259987, -14.435122350018521 ], [ 26.151722437445247, -14.421053827148265 ], [ 26.151963231588969, -14.41314341488537 ], [ 26.156007655035523, -14.398339207874697 ], [ 26.151321173457827, -14.393554547469003 ], [ 26.144538894274906, -14.391534636344687 ], [ 26.136334120208868, -14.389519060959277 ], [ 26.124620032191753, -14.390277116509646 ], [ 26.108299713018425, -14.392087559523848 ], [ 26.100496364950619, -14.393162207147085 ], [ 26.088068777640512, -14.393920240219495 ], [ 26.069929147166352, -14.39264936758072 ], [ 26.057773685075407, -14.387561580591006 ], [ 26.046969305714125, -14.377653392127778 ], [ 26.037872710551717, -14.362577215454714 ], [ 26.028410502062947, -14.346818751582941 ], [ 26.015095625790234, -14.334863859261338 ], [ 26.00038504395491, -14.324634750512397 ], [ 25.98270028036049, -14.305139501775395 ], [ 25.971088755246154, -14.28767322351039 ], [ 25.959169605413503, -14.273649395957028 ], [ 25.942920591514437, -14.254488565625973 ], [ 25.929222277436505, -14.239786918057524 ], [ 25.916273005556299, -14.228170952149812 ], [ 25.897923798469758, -14.210740355105292 ], [ 25.879208993020868, -14.192623061736457 ], [ 25.864199629479746, -14.18548401797236 ], [ 25.841703497308981, -14.175977245972746 ], [ 25.830600362451868, -14.168820309965071 ], [ 25.826899275707408, -14.157842064279537 ], [ 25.827162396376828, -14.150970595867832 ], [ 25.826261647055656, -14.137236526513835 ], [ 25.821111368305608, -14.123863686986581 ], [ 25.815595405093564, -14.109804125942825 ], [ 25.808875575216216, -14.08579633358552 ], [ 25.8063829255481, -14.059358345549215 ], [ 25.802093290049754, -14.031560288960673 ], [ 25.79791065168542, -14.011320431500563 ], [ 25.792617738249646, -13.987994916826693 ], [ 25.789469529235884, -13.9656904873986 ], [ 25.784305910754863, -13.951635375046754 ], [ 25.775891630499974, -13.933139043800258 ], [ 25.762590142162033, -13.920154112476087 ], [ 25.747790358108173, -13.90134567142513 ], [ 25.727639709707613, -13.87981266500948 ], [ 25.706944950575288, -13.870301342496802 ], [ 25.687654871169208, -13.859746648340582 ], [ 25.676484878412694, -13.846413969043398 ], [ 25.673439292962211, -13.831324345784378 ], [ 25.671396992641238, -13.811771257540327 ], [ 25.664066246151442, -13.794300455466646 ], [ 25.656133502246369, -13.7843878714299 ], [ 25.647527445110377, -13.776874285506157 ], [ 25.639862230512872, -13.760781435050129 ], [ 25.632607348841827, -13.748804248163454 ], [ 25.627813774708795, -13.735101388732396 ], [ 25.626908579650394, -13.721037416905432 ], [ 25.625602044115414, -13.703544366358987 ], [ 25.628839375901169, -13.681913284788486 ], [ 25.639955898360039, -13.666765694487195 ], [ 25.652552900785867, -13.656068350263014 ], [ 25.660173512501473, -13.644363195886296 ], [ 25.662487753697011, -13.633032569687463 ], [ 25.659138993626328, -13.621728763577361 ], [ 25.649453764502571, -13.613198549792743 ], [ 25.6397597107023, -13.603638190008349 ], [ 25.636700809489344, -13.587875285153496 ], [ 25.639345024461971, -13.574827995858714 ], [ 25.645873168161426, -13.561415013689304 ], [ 25.657297370775265, -13.543868428991638 ], [ 25.659607210080829, -13.532537857910205 ], [ 25.653471471268599, -13.524676425236541 ], [ 25.646243224844262, -13.514424938503526 ], [ 25.640098613052771, -13.505537996656733 ], [ 25.630377770701976, -13.494265386539787 ], [ 25.617736236531861, -13.47683923967211 ], [ 25.607194914943801, -13.457687363873632 ], [ 25.59374623925396, -13.433407574958069 ], [ 25.574545340836345, -13.402983141426702 ], [ 25.559687637698623, -13.378716692310586 ], [ 25.544540026615643, -13.358904913372422 ], [ 25.534774632204375, -13.344212195788513 ], [ 25.526409336971358, -13.328484939152977 ], [ 25.51593044207365, -13.313457760414114 ], [ 25.501995828719785, -13.303585319621826 ], [ 25.496667153916022, -13.3018997238285 ], [ 25.488168093580921, -13.300914299143344 ], [ 25.478148473681248, -13.292736305886836 ], [ 25.472753026707583, -13.286252796976342 ], [ 25.46168553857347, -13.279109312850476 ], [ 25.451786311903014, -13.278815024817558 ], [ 25.439109122966318, -13.281963117454673 ], [ 25.417197019718323, -13.282413463741374 ], [ 25.399052951724293, -13.274275618916906 ], [ 25.389492641714313, -13.273294665326732 ], [ 25.376481007419581, -13.277811708309548 ], [ 25.361730282739053, -13.284393355278342 ], [ 25.342676522223485, -13.286885974514227 ], [ 25.325415380220797, -13.291081972084488 ], [ 25.312457240313901, -13.299710381640539 ], [ 25.293907364369787, -13.313158982179489 ], [ 25.278710772442526, -13.313573651990954 ], [ 25.2649187933185, -13.313292770169905 ], [ 25.251933870568173, -13.320552150175848 ], [ 25.236888894510301, -13.33192734941278 ], [ 25.22488493685918, -13.333354275101282 ], [ 25.220234119758739, -13.329260808453412 ], [ 25.213054918271528, -13.321412818095686 ], [ 25.200868226999699, -13.308793542576721 ], [ 25.181225862145183, -13.294154277576361 ], [ 25.169422616164429, -13.283929620862398 ], [ 25.16577510197742, -13.275385926772989 ], [ 25.166368126682915, -13.266815538595145 ], [ 25.161989307592531, -13.256559631580361 ], [ 25.16029931940021, -13.236016534137331 ], [ 25.16515973024725, -13.229831797164797 ], [ 25.177787911526163, -13.222920124893427 ], [ 25.189992499278116, -13.210876122154836 ], [ 25.204324018613043, -13.199505404726471 ], [ 25.218058070525391, -13.196357325276624 ], [ 25.239278903632609, -13.197623713941706 ], [ 25.254823375052229, -13.197547914290537 ], [ 25.268481590925717, -13.188919546232754 ], [ 25.289568670884588, -13.180937721650631 ], [ 25.311400421893314, -13.176032712729329 ], [ 25.33493558180561, -13.166668642437253 ], [ 25.369792397091746, -13.15861550366709 ], [ 25.402932387167628, -13.153991364129467 ], [ 25.435390148875381, -13.151427412785194 ], [ 25.463223922201895, -13.146486717858949 ], [ 25.482500620714866, -13.136449286568679 ], [ 25.492957221812063, -13.127486453822559 ], [ 25.508523943823885, -13.106506396061002 ], [ 25.522659301683184, -13.084500717602307 ], [ 25.530493928588381, -13.066642053958688 ], [ 25.545213359047523, -13.037782765497157 ], [ 25.561377653495814, -13.011313499750893 ], [ 25.576494020033742, -12.985878773988727 ], [ 25.584275142781937, -12.965621093403568 ], [ 25.582424630368504, -12.960493122831267 ], [ 25.577216335274567, -12.944422557464746 ], [ 25.577118219765463, -12.938598926386872 ], [ 25.578362368906959, -12.938367123225383 ], [ 25.561208155434354, -12.936975858202334 ], [ 25.549110650706027, -12.930880259239423 ], [ 25.543376238457242, -12.925774601008703 ], [ 25.532901843465734, -12.911447494874455 ], [ 25.523872149731574, -12.898828235355994 ], [ 25.512760059930109, -12.888273564551699 ], [ 25.494624853512587, -12.879814677073716 ], [ 25.473002741957277, -12.873776993021163 ], [ 25.458871851090912, -12.872827192801807 ], [ 25.442306242758463, -12.873607585815682 ], [ 25.429241048657431, -12.872996681868626 ], [ 25.41098553083377, -12.878579426582712 ], [ 25.397001750192938, -12.886534532046021 ], [ 25.385363514731168, -12.886944710835117 ], [ 25.370929386335096, -12.889076191970551 ], [ 25.355072900113377, -12.890190918351399 ], [ 25.34370664956246, -12.885464295697592 ], [ 25.331216674017259, -12.876630829858721 ], [ 25.308131920871894, -12.867173067249652 ], [ 25.296141391916684, -12.86723997496351 ], [ 25.280311586532378, -12.870067008973162 ], [ 25.253316219806958, -12.881170176317763 ], [ 25.241022466342788, -12.884661657301621 ], [ 25.220287577818038, -12.889910070349435 ], [ 25.205599295027245, -12.89854729928998 ], [ 25.197617561067162, -12.907487807362598 ], [ 25.183357385497761, -12.921253014515381 ], [ 25.166332481903407, -12.939143006243254 ], [ 25.149254103696336, -12.953608340215778 ], [ 25.133526924728095, -12.964301257380646 ], [ 25.122365785960479, -12.973598410796813 ], [ 25.114250227098175, -12.973643001243182 ], [ 25.110674021505883, -12.970236277819973 ], [ 25.099289946124369, -12.964136198560803 ], [ 25.087638251752683, -12.96385527770053 ], [ 25.077083563494799, -12.966303381245648 ], [ 25.060861387256882, -12.967413661953726 ], [ 25.047765000212117, -12.964742692372621 ], [ 25.028675567482377, -12.962446273724302 ], [ 25.019775230554323, -12.957019487801944 ], [ 25.01236421058362, -12.957055183498845 ], [ 25.009269599324227, -12.962887669499878 ], [ 25.007155942506696, -12.963244396479421 ], [ 25.003989957876918, -12.963944457111271 ], [ 24.999084966740007, -12.966704657129037 ], [ 24.992333901354645, -12.963320229902287 ], [ 24.989439964063738, -12.958201180018259 ], [ 24.989653948458912, -12.948279653932513 ], [ 25.001849656333295, -12.937265680706417 ], [ 25.007419064184187, -12.931763174418432 ], [ 25.00411043202535, -12.922202865551494 ], [ 25.001243207915429, -12.91913947500762 ], [ 24.997252297312684, -12.911630348670306 ], [ 24.998897690416648, -12.903073284420751 ], [ 24.99697586178775, -12.892135118506497 ], [ 24.989783298519896, -12.882592682255693 ], [ 24.988218150380074, -12.871654447237223 ], [ 24.991981608300488, -12.863770806805762 ], [ 24.999900961675969, -12.850041228968289 ], [ 24.997979138811438, -12.839107496057437 ], [ 24.989471192759364, -12.836418627320544 ], [ 24.976771645726185, -12.836146676512021 ], [ 24.961891594699431, -12.831781186910696 ], [ 24.949321461367617, -12.816116405627717 ], [ 24.945098632100471, -12.792202211560287 ], [ 24.938517048103471, -12.776167272959652 ], [ 24.922834350305397, -12.764627148933029 ], [ 24.919124355628238, -12.751998988912051 ], [ 24.917907086914479, -12.741065215075427 ], [ 24.906300038433322, -12.718907960139529 ], [ 24.89593702131188, -12.709396724284003 ], [ 24.890430070401834, -12.694387367639768 ], [ 24.889881643145618, -12.68140249917079 ], [ 24.88475362057947, -12.668100981912829 ], [ 24.87934029845562, -12.659588551282718 ], [ 24.871808862697709, -12.651085083073635 ], [ 24.847430996857735, -12.646786501641524 ], [ 24.839270764911713, -12.643076531368274 ], [ 24.838820421652713, -12.636588546936348 ], [ 24.841816963853454, -12.624606882811257 ], [ 24.843814644428321, -12.616736589313996 ], [ 24.842909441168686, -12.603417232065182 ], [ 24.847667256068501, -12.591770092069762 ], [ 24.862596359040566, -12.577327023127866 ], [ 24.873342762187914, -12.565644192989078 ], [ 24.88223426546568, -12.548160110890379 ], [ 24.88828081368478, -12.529329301503225 ], [ 24.885275345004196, -12.51738780939495 ], [ 24.886577388991228, -12.510547561442529 ], [ 24.894920404640711, -12.503662725901048 ], [ 24.899633685165739, -12.489621028694991 ], [ 24.908235237721055, -12.476925915116853 ], [ 24.928096067392993, -12.463811728802627 ], [ 24.956331118801224, -12.446202702000166 ], [ 24.985921693448024, -12.425846919010549 ], [ 25.003682300556882, -12.414110579692705 ], [ 25.0231596439836, -12.399970799967578 ], [ 25.044683751773064, -12.382054123347595 ], [ 25.06060274248437, -12.366228781885313 ], [ 25.077944160352605, -12.351411132908027 ], [ 25.09978934812565, -12.332807756287147 ], [ 25.116671470385246, -12.312184466788937 ], [ 25.135823345167296, -12.281287348912638 ], [ 25.150034439478887, -12.269564389703438 ], [ 25.158903624870216, -12.25411801738192 ], [ 25.175915084418168, -12.222890911542656 ], [ 25.183223588998533, -12.199596622553114 ], [ 25.181529099852408, -12.18423056615144 ], [ 25.179116759888618, -12.168182272886163 ], [ 25.1798925898159, -12.15348056486606 ], [ 25.181711928890913, -12.138087772637416 ], [ 25.178661899763654, -12.125807391471231 ], [ 25.173061313272509, -12.108760262277114 ], [ 25.171295481495051, -12.089978538783967 ], [ 25.173235190947196, -12.081078159149914 ], [ 25.178942794965472, -12.06736641347139 ], [ 25.182166784646554, -12.052303537733989 ], [ 25.185622599609612, -12.031430500463751 ], [ 25.1926858204409, -12.015315328428011 ], [ 25.197577396793008, -11.99613677405614 ], [ 25.20097524014442, -11.972873621385771 ], [ 25.211137524173981, -11.95399823588196 ], [ 25.221714569958962, -11.938534039892019 ], [ 25.230512372224794, -11.922057660194509 ], [ 25.236041659746938, -11.900480125697589 ], [ 25.244661060503724, -11.892547332332764 ], [ 25.25440416883837, -11.888021402679541 ], [ 25.263692506428793, -11.878715207783348 ], [ 25.275067693465349, -11.868370098097847 ], [ 25.298665233909201, -11.854836766973294 ], [ 25.31134688910997, -11.840032533613478 ], [ 25.323796716559457, -11.814629043695238 ], [ 25.333236675274748, -11.796431413464468 ], [ 25.349454430118804, -11.783294920774969 ], [ 25.363188444516425, -11.769159610045584 ], [ 25.364865032544547, -11.74965991298286 ], [ 25.364494979699565, -11.732911580378918 ], [ 25.428946823654652, -11.680013216203202 ], [ 25.435109307671922, -11.67854174401992 ], [ 25.436794802848304, -11.679072329916034 ], [ 25.462715527115179, -11.681279649418565 ], [ 25.477443986623118, -11.687665019078695 ], [ 25.487053333268559, -11.697292246355762 ], [ 25.487708814654361, -11.698647820630315 ], [ 25.494352925273564, -11.712444287479082 ], [ 25.49651108323151, -11.726468160816092 ], [ 25.495409729711099, -11.743724826796669 ], [ 25.489858074762093, -11.756629505443987 ], [ 25.484043414021166, -11.7624040470744 ], [ 25.483847210133536, -11.772294312107508 ], [ 25.488315221742514, -11.779411021852932 ], [ 25.497443077921297, -11.785127622103289 ], [ 25.505621061226513, -11.786474280184779 ], [ 25.517963827657038, -11.77860398232872 ], [ 25.532438026837077, -11.776708836636306 ], [ 25.562724237950025, -11.760486606136494 ], [ 25.577439308516276, -11.761574672086216 ], [ 25.584181456531518, -11.754877067197796 ], [ 25.593674870231808, -11.736434273833243 ], [ 25.600898679594959, -11.73387469980876 ], [ 25.609304077842438, -11.733839028900995 ], [ 25.629405649967122, -11.738124243783901 ], [ 25.635001847173051, -11.737638203263476 ], [ 25.645703720516007, -11.728621873713495 ], [ 25.650372345127749, -11.728831502208994 ], [ 25.655063382017389, -11.733183573895925 ], [ 25.672525213459661, -11.77381936698481 ], [ 25.677465867394822, -11.781618318973928 ], [ 25.687770829676104, -11.78801713782131 ], [ 25.698062496350712, -11.79141938219937 ], [ 25.70771199258877, -11.806558035181061 ], [ 25.713580145826903, -11.812970219753293 ], [ 25.718730378697281, -11.815708148749437 ], [ 25.740923301733162, -11.816983410566092 ], [ 25.79795967052652, -11.826833607123502 ], [ 25.823657499633814, -11.828086608677165 ], [ 25.835777357419047, -11.823886130900913 ], [ 25.849511367513507, -11.815074925069391 ], [ 25.862754873837687, -11.802125701991939 ], [ 25.872074438952552, -11.798166068608403 ], [ 25.880493201448317, -11.800422318181216 ], [ 25.887293356098432, -11.805679580870216 ], [ 25.890138193388999, -11.813028233860043 ], [ 25.894231676942312, -11.835778537337397 ], [ 25.898262741199972, -11.847260729583262 ], [ 25.906284619966762, -11.86124896579974 ], [ 25.918970811792605, -11.874523704133578 ], [ 25.933721452172762, -11.880423064756183 ], [ 25.959633332564529, -11.877524691302094 ], [ 25.975333798889945, -11.886411628438251 ], [ 25.987083515940189, -11.898076620529382 ], [ 25.990887179534123, -11.909786260882607 ], [ 25.988363317627837, -11.917620869815412 ], [ 25.980011431032811, -11.928019496810556 ], [ 25.978406100917102, -11.932857627861713 ], [ 25.981469525869503, -11.937441579964416 ], [ 25.989665394568316, -11.940620953935666 ], [ 26.010917441832643, -11.939350059542226 ], [ 26.069122119729489, -11.942921816930877 ], [ 26.137096666051541, -11.939987711173714 ], [ 26.170241091773892, -11.935185306453281 ], [ 26.18288716431449, -11.939474943138801 ], [ 26.191765171564544, -11.938957731478848 ], [ 26.200808255807765, -11.928782043828427 ], [ 26.212013945648916, -11.927560214203623 ], [ 26.251374478278983, -11.943407906063136 ], [ 26.280363119196309, -11.945516997386274 ], [ 26.287386197894627, -11.947541435506437 ], [ 26.297709020276756, -11.953454222751166 ], [ 26.30170879187655, -11.957797428861539 ], [ 26.31226353224184, -11.963246428575507 ], [ 26.322095840887915, -11.965944142816046 ], [ 26.330041899636548, -11.966118049285745 ], [ 26.35053599434054, -11.955857715543988 ], [ 26.36493436590639, -11.94379580824584 ], [ 26.392406931633715, -11.930030591397228 ], [ 26.408687112763566, -11.920028821405429 ], [ 26.428271432052057, -11.914597605913928 ], [ 26.444395618402375, -11.915172837700755 ], [ 26.468265110301214, -11.920060043236465 ], [ 26.486556366932334, -11.92912534752919 ], [ 26.509382477288536, -11.950123276521493 ], [ 26.521587072781625, -11.95739160113423 ], [ 26.532823977342495, -11.959839622283306 ], [ 26.54386025585573, -11.966425792529948 ], [ 26.559150518199665, -11.979192138795845 ], [ 26.570160064314063, -11.98232694456955 ], [ 26.583697856496329, -11.9803827804433 ], [ 26.597877863429652, -11.971303984448967 ], [ 26.601619043916866, -11.971504685885522 ], [ 26.610314304115789, -11.977649275369124 ], [ 26.624819700070503, -11.979834283491194 ], [ 26.635851532397304, -11.985729196524204 ], [ 26.662958415851016, -11.985515198989246 ], [ 26.691527874990143, -11.99218599418856 ], [ 26.707692090624349, -12.008996759269953 ], [ 26.718251290584863, -12.008809490070252 ], [ 26.730362180773756, -11.997162316540697 ], [ 26.742437429045488, -11.988319929164257 ], [ 26.754699950915597, -11.973725304645424 ], [ 26.762374111671278, -11.969520395140568 ], [ 26.764456481760291, -11.966974206774893 ], [ 26.77470790434845, -11.963438147206489 ], [ 26.790368332592884, -11.9639955267297 ], [ 26.798104809216237, -11.966920725349164 ], [ 26.816030450848057, -11.985863002033733 ], [ 26.8277846703992, -11.993349817562809 ], [ 26.856180176645623, -11.980685978521512 ], [ 26.878654096285391, -11.984859649432568 ], [ 26.883559074824461, -11.984587690228453 ], [ 26.896789198457626, -11.97480889831413 ], [ 26.908293722329795, -11.954925745584495 ], [ 26.923120221727675, -11.941450305101652 ], [ 26.937072768323578, -11.934195338648463 ], [ 26.9535268345848, -11.919324237576292 ], [ 26.963180800006391, -11.902901407960677 ], [ 26.968161543733, -11.885836440100716 ], [ 26.971144723685811, -11.88005743891239 ], [ 26.980218959467845, -11.876525789629852 ], [ 26.986158529445277, -11.862207638301731 ], [ 26.9958972340239, -11.854297165128981 ], [ 27.001497843220537, -11.85408315068876 ], [ 27.007517647256808, -11.846877276746397 ], [ 27.009568817725892, -11.83926553148167 ], [ 27.008364864455306, -11.833883428620764 ], [ 26.998702003216195, -11.816756037774528 ], [ 26.999674012706873, -11.810250235989811 ], [ 27.005493221739354, -11.798781414135382 ], [ 27.006469690639268, -11.792275542232945 ], [ 27.005689378107011, -11.780392023410931 ], [ 27.008182003065105, -11.767367009786103 ], [ 27.013109325500626, -11.753138015547925 ], [ 27.023784375458813, -11.742699247957257 ], [ 27.032002580716057, -11.722838400829431 ], [ 27.043600701891755, -11.715369465693792 ], [ 27.047734284852798, -11.707971814289705 ], [ 27.04857253950054, -11.698527439914571 ], [ 27.044898292241459, -11.680392247650511 ], [ 27.039195030738167, -11.670091767621916 ], [ 27.029532240628306, -11.660522518404393 ], [ 27.024778810596597, -11.651822831296716 ], [ 27.02468065153543, -11.617086367782166 ], [ 27.028359474468097, -11.611302959314662 ], [ 27.038329977747154, -11.604765919811653 ], [ 27.044380963241064, -11.602870790348558 ], [ 27.089212845234822, -11.605671078913304 ], [ 27.09970059194271, -11.60395881610315 ], [ 27.119445505812536, -11.59525909253021 ], [ 27.135797013684179, -11.596480873938516 ], [ 27.148197832614095, -11.599811804783659 ], [ 27.157066910148068, -11.599954545080745 ], [ 27.166132326418513, -11.59641399602898 ], [ 27.176767276858833, -11.586648540930439 ], [ 27.184900615470845, -11.583348858156567 ], [ 27.193230236409953, -11.576365865425437 ], [ 27.200146351753016, -11.568245869803482 ], [ 27.205751395627107, -11.568419762361438 ], [ 27.209296439171133, -11.57298589966628 ], [ 27.222709331185463, -11.628983301041746 ], [ 27.226254347326872, -11.655862726933881 ], [ 27.227984485012239, -11.777765634844085 ], [ 27.230896275835129, -11.784160026063033 ], [ 27.232046715479015, -11.786697256966024 ], [ 27.239150084367804, -11.796056862919594 ], [ 27.246440697795702, -11.800814765269992 ], [ 27.270992533129945, -11.803329642813503 ], [ 27.290674999294584, -11.809799853063199 ], [ 27.302429218679162, -11.817036974142699 ], [ 27.318450746947576, -11.829986207289517 ], [ 27.33135535063888, -11.835604676171126 ], [ 27.351158193438327, -11.852651752834063 ], [ 27.368990148870029, -11.859826486787462 ], [ 27.383611551921494, -11.872325321323718 ], [ 27.396971052828125, -11.87632519126517 ], [ 27.406758771764792, -11.895316442179542 ], [ 27.434663845744293, -11.904676154884829 ], [ 27.449954100256015, -11.913946621102525 ], [ 27.46319311076034, -11.927836732520605 ], [ 27.468450396213719, -11.938128292837632 ], [ 27.472196040067889, -11.959714771190631 ], [ 27.465636724930327, -11.999811034919873 ], [ 27.464419447067293, -12.01615811850804 ], [ 27.467433772980325, -12.034529585187613 ], [ 27.473939621563716, -12.052174229491541 ], [ 27.482652634336301, -12.05782842454926 ], [ 27.491339002379721, -12.060954234756993 ], [ 27.497251727659236, -12.066871451671734 ], [ 27.507458619219474, -12.101037086950919 ], [ 27.508337061823404, -12.137142475142191 ], [ 27.514883012917863, -12.157315419242702 ], [ 27.526298340800214, -12.173983531071805 ], [ 27.546886033763077, -12.194914506611555 ], [ 27.564602057413222, -12.209901594255214 ], [ 27.575660572367426, -12.215297073626822 ], [ 27.601657146249121, -12.218454138325626 ], [ 27.613183960051256, -12.224077095726072 ], [ 27.619373175701107, -12.232745543027031 ], [ 27.620033076945127, -12.235750971589653 ], [ 27.627528838263924, -12.269693655194901 ], [ 27.631336908116555, -12.275396864454709 ], [ 27.647358485068885, -12.284645072379647 ], [ 27.656276646792374, -12.28707524794471 ], [ 27.672605907384533, -12.282977364272961 ], [ 27.69533393378347, -12.28593368362686 ], [ 27.711658713209431, -12.281372085219548 ], [ 27.725713818046192, -12.282816774119027 ], [ 27.758077993206665, -12.289335991231102 ], [ 27.764829025636509, -12.286491095861008 ], [ 27.775437279489918, -12.273943152501493 ], [ 27.784043266013182, -12.269930002317036 ], [ 27.808996445372141, -12.263879039518683 ], [ 27.817366160102779, -12.259638386796505 ], [ 27.819867706880444, -12.253627544103466 ], [ 27.81353577927872, -12.233918324754992 ], [ 27.818396191869137, -12.229949705258328 ], [ 27.826828352773312, -12.230770186679088 ], [ 27.851759248929586, -12.241507655030595 ], [ 27.865595843920147, -12.244098425236563 ], [ 27.879838215784325, -12.242082901651045 ], [ 27.909312822312405, -12.241949162920234 ], [ 27.917713767455815, -12.240464227050232 ], [ 27.921477232449362, -12.242029432925067 ], [ 27.925057904205008, -12.24750517435872 ], [ 27.933164569352439, -12.276863873787574 ], [ 27.953297444242626, -12.314092961127249 ], [ 27.952512625672469, -12.325833784209857 ], [ 27.94849052182137, -12.340147498398798 ], [ 27.950024439405066, -12.350247364382721 ], [ 27.955219301239239, -12.353863687226076 ], [ 27.961992692923491, -12.352860354631959 ], [ 27.98942057652706, -12.33870716836253 ], [ 27.997638701459604, -12.340673617746516 ], [ 28.012500864776634, -12.349685516479756 ], [ 28.046448064538861, -12.350862649414283 ], [ 28.060712673966645, -12.349756824236936 ], [ 28.064922045665764, -12.350604076365874 ], [ 28.075730932555992, -12.352780081913309 ], [ 28.086575504140999, -12.35885339081439 ], [ 28.09448592169926, -12.37278366830679 ], [ 28.111871956787049, -12.411889970723454 ], [ 28.117503808026157, -12.429989459722927 ], [ 28.124370813389969, -12.435420612920556 ], [ 28.129284746441243, -12.435585572121919 ], [ 28.139032378343657, -12.429476659808213 ], [ 28.145801221444199, -12.428005107250151 ], [ 28.146595002047345, -12.417642221818577 ], [ 28.144441224281959, -12.413990153388449 ], [ 28.14714790546066, -12.406592539055314 ], [ 28.153118668222767, -12.398463623626517 ], [ 28.165367825224802, -12.387030440014232 ], [ 28.174201240086493, -12.38276755224155 ], [ 28.181224356081241, -12.382905799685979 ], [ 28.188969814007784, -12.401205914709731 ], [ 28.213387846467885, -12.406396317915039 ], [ 28.220455505899913, -12.409754066644899 ], [ 28.228562216680114, -12.42022401501918 ], [ 28.235148286219246, -12.422667580299107 ], [ 28.242398774121664, -12.422105755741116 ], [ 28.259124811110841, -12.412906628950857 ], [ 28.265207055250709, -12.412826372567515 ], [ 28.280532953787223, -12.420665425585295 ], [ 28.305775942608658, -12.41801678241691 ], [ 28.314921613481673, -12.419042316052337 ], [ 28.326711422140715, -12.424856983271923 ], [ 28.340516825044684, -12.438488466065747 ], [ 28.373442845316912, -12.470995338796456 ], [ 28.403671079578345, -12.500840076712183 ], [ 28.417364984828833, -12.508237776407823 ], [ 28.441604618037925, -12.516174906783048 ], [ 28.448980019837549, -12.52412108406836 ], [ 28.449537377165679, -12.530091786093532 ], [ 28.442911174204397, -12.556873170660408 ], [ 28.445345833153056, -12.563276434923914 ], [ 28.451049023500762, -12.568716548885597 ], [ 28.473241958301177, -12.580591094977869 ], [ 28.489829780458674, -12.593232708529124 ], [ 28.516209866456908, -12.618150162383349 ], [ 28.522443674555877, -12.62772379038659 ], [ 28.52324628981011, -12.634149358847457 ], [ 28.513534382390052, -12.673625794432606 ], [ 28.508932604955454, -12.679217492754578 ], [ 28.500081294460941, -12.682566291719349 ], [ 28.477375592536326, -12.684042246050751 ], [ 28.463882313009623, -12.690677402495107 ], [ 28.456034275436892, -12.698610143984915 ], [ 28.454049995541741, -12.706921941138997 ], [ 28.454656439477603, -12.709071210357408 ], [ 28.456770019652456, -12.716544680460588 ], [ 28.465469751751414, -12.734131382043936 ], [ 28.471471744013918, -12.742122072851233 ], [ 28.479819101931074, -12.753247495632698 ], [ 28.504348695340486, -12.777183923407705 ], [ 28.528592801136725, -12.800843928384012 ], [ 28.538518750174173, -12.821400439510924 ], [ 28.544030165673107, -12.856292898866981 ], [ 28.55467410083202, -12.867338070477185 ], [ 28.567391389569959, -12.877509274134944 ], [ 28.569402446566915, -12.886775267799212 ], [ 28.572528343393714, -12.893098324791239 ], [ 28.579934844112902, -12.892919960935288 ], [ 28.588487464377014, -12.88460814411958 ], [ 28.592130513165987, -12.877424527575176 ], [ 28.599933948088005, -12.851316517950497 ], [ 28.604718541296521, -12.842505347232574 ], [ 28.626412117235891, -12.820330236013652 ], [ 28.634340402127382, -12.8174496159328 ], [ 28.648698636095393, -12.818497519081784 ], [ 28.652645013177324, -12.818787362846297 ], [ 28.658771782561992, -12.820762789474291 ], [ 28.667070151593897, -12.826849472234679 ], [ 28.677856698347004, -12.841635778098 ], [ 28.688273214463873, -12.84815053395368 ], [ 28.697931620689772, -12.850991018480924 ], [ 28.709088293005284, -12.859565886826575 ], [ 28.726242400675364, -12.876555062807576 ], [ 28.733194183813463, -12.88610641526088 ], [ 28.735093752023985, -12.902181459167833 ], [ 28.740190500671915, -12.913141993794904 ], [ 28.751641511020857, -12.92515921900751 ], [ 28.755841983342286, -12.938434006735545 ], [ 28.764604078054866, -12.943588685514397 ], [ 28.774155497311781, -12.939530899092428 ], [ 28.781686932259543, -12.941024713784731 ], [ 28.79020828225562, -12.945952026511559 ], [ 28.79315122764833, -12.953956135673895 ], [ 28.790975239085562, -12.964341315406758 ], [ 28.795813366869496, -12.973464632760258 ], [ 28.818693021385926, -12.99565313204006 ], [ 28.82715636230035, -13.010930007146957 ], [ 28.833746934859747, -13.026697455860351 ], [ 28.835325409222595, -13.03725214241774 ], [ 28.833639888937377, -13.04877885164278 ], [ 28.834705632762045, -13.056582286880044 ], [ 28.846366196388075, -13.066517222085343 ], [ 28.848332594409552, -13.072006360257703 ], [ 28.845897951955781, -13.081018179519845 ], [ 28.833947601313827, -13.081892171913823 ], [ 28.830692452235898, -13.083782855797288 ], [ 28.834094744696504, -13.091091266933638 ], [ 28.84241990209868, -13.097860199034786 ], [ 28.846540087452958, -13.105614555782942 ], [ 28.849661470463253, -13.124195641438668 ], [ 28.846950277576969, -13.145171295317265 ], [ 28.853197499059767, -13.153813032759091 ], [ 28.856996667518448, -13.156510772401596 ], [ 28.863475763484619, -13.150887869252987 ], [ 28.869575750432841, -13.150562313642697 ], [ 28.873633536021519, -13.154637959068289 ], [ 28.875408311954185, -13.162659897924971 ], [ 28.885517049001407, -13.163422386803799 ], [ 28.896927923069658, -13.157951024624959 ], [ 28.903567551483626, -13.161982089863942 ], [ 28.910661974998103, -13.179118387811616 ], [ 28.922260099869042, -13.21320378276801 ], [ 28.92952391617785, -13.240457820389091 ], [ 28.941559095823987, -13.272001462656398 ], [ 28.945135244575088, -13.289191350183772 ], [ 28.945625758062896, -13.30436115573791 ], [ 28.950044751733259, -13.315789856025376 ], [ 28.964447651291461, -13.334188075460453 ], [ 28.968353815245692, -13.342865533190846 ], [ 28.967827663235223, -13.353451383919195 ], [ 28.96922774062752, -13.366766332360307 ], [ 28.975961010938263, -13.376085827453508 ], [ 28.982070000521396, -13.375987758358599 ], [ 28.992740588057352, -13.368224443040861 ], [ 28.999143864851579, -13.371573216865476 ], [ 29.000905216637936, -13.378444657879179 ], [ 28.999134983438132, -13.384910360437596 ], [ 28.991032789456927, -13.391942418379299 ], [ 28.998867386210652, -13.410670650149576 ], [ 29.003656533548391, -13.415883307012519 ], [ 29.012155561870308, -13.418273414296744 ], [ 29.020132853255422, -13.417684813949135 ], [ 29.029202644447686, -13.412249147486369 ], [ 29.039387293865943, -13.403339816981434 ], [ 29.072023416377466, -13.388317125990074 ], [ 29.0801255885616, -13.382587174494883 ], [ 29.079327480887279, -13.383862465460876 ], [ 29.059658322988369, -13.415272378191732 ], [ 29.037559079290176, -13.433634954132371 ], [ 28.99953624518627, -13.464911105931986 ], [ 28.965700651274954, -13.494381301181361 ], [ 28.941037383994725, -13.510634706856965 ], [ 28.907313154430121, -13.532198929764707 ], [ 28.879711351190473, -13.545067939509364 ], [ 28.853251015373363, -13.560995868152521 ], [ 28.816512493866874, -13.589114902078466 ], [ 28.796437653602116, -13.605604697319693 ], [ 28.77395929100582, -13.624876881910506 ], [ 28.74654023574157, -13.644925016710378 ], [ 28.723946010049922, -13.660420371247509 ], [ 28.700335075281419, -13.677645916634681 ], [ 28.682850968471708, -13.698880127718425 ], [ 28.6709763855531, -13.717951693821744 ], [ 28.665603131138031, -13.741714310648366 ], [ 28.66411375751516, -13.765066571196883 ], [ 28.662878654587605, -13.797675997558207 ], [ 28.661585511177343, -13.828225325157716 ], [ 28.660185283908483, -13.841968261902329 ], [ 28.656020488312485, -13.850556444965083 ], [ 28.677388491479785, -13.861900443630329 ] ] ], [ [ [ 28.796861224522953, -12.001929083947477 ], [ 28.801882183226681, -12.004595686361126 ], [ 28.807184070013758, -12.005184284008479 ], [ 28.814144671660387, -12.002647032083688 ], [ 28.82036518628772, -11.999084237865251 ], [ 28.823134275855487, -11.997652834943107 ], [ 28.826166410054736, -11.993465716326924 ], [ 28.837015445702416, -11.980855372907461 ], [ 28.843904763734596, -11.976244676035481 ], [ 28.853304531668719, -11.972971680941477 ], [ 28.860715562290181, -11.973520155179752 ], [ 28.863930532882311, -11.974840081260837 ], [ 28.87028036611801, -11.97506300300631 ], [ 28.873401721262628, -11.973627228128748 ], [ 28.876817398785725, -11.970461205064534 ], [ 28.883693325841627, -11.965507134333059 ], [ 28.892504487458737, -11.965685577408031 ], [ 28.901440547853536, -11.969654148765358 ], [ 28.906461452677561, -11.972316237909322 ], [ 28.918144308015236, -11.974162270704621 ], [ 28.924097233780032, -11.973011807855462 ], [ 28.928248676615983, -11.970867010073995 ], [ 28.933015399591394, -11.965948630847633 ], [ 28.938299434301495, -11.955505431214389 ], [ 28.937420980770469, -11.940010000968478 ], [ 28.93783573015936, -11.921040993038273 ], [ 28.943516565710894, -11.911966755803949 ], [ 28.950637773422969, -11.903900270959575 ], [ 28.960171384843758, -11.894406776001464 ], [ 28.971702562477251, -11.881421877960843 ], [ 28.979782499813723, -11.870577373188151 ], [ 28.983528127956117, -11.84636003272429 ], [ 28.981004286824326, -11.834338220707183 ], [ 28.976803803840379, -11.824764585185603 ], [ 28.967604694343422, -11.813215494949816 ], [ 28.954196122413965, -11.802094491526242 ], [ 28.937528044504177, -11.788275715900845 ], [ 28.927111596953239, -11.782264873358208 ], [ 28.919410744445599, -11.78345098659295 ], [ 28.912396519164801, -11.784275915421118 ], [ 28.901141766128372, -11.784489930644693 ], [ 28.889182473550733, -11.784721847659451 ], [ 28.871546746402629, -11.783678417868911 ], [ 28.858459256632813, -11.781854653182529 ], [ 28.840778910094354, -11.779428910197478 ], [ 28.826474137029539, -11.772802627017134 ], [ 28.813449052116056, -11.762350527994453 ], [ 28.804125071460547, -11.747002286583262 ], [ 28.800098574393541, -11.721897585757461 ], [ 28.80244846615394, -11.708399878414557 ], [ 28.80648841981677, -11.692797505496705 ], [ 28.8162404926635, -11.669498688434178 ], [ 28.827437324801075, -11.647546503390767 ], [ 28.841367546155059, -11.613113299160066 ], [ 28.854223106699003, -11.578350217703932 ], [ 28.867854597521895, -11.555992280305244 ], [ 28.891015109147066, -11.534481579528279 ], [ 28.910898266566221, -11.519931484361949 ], [ 28.952938676090852, -11.47592913129786 ], [ 28.972563144505639, -11.45446742184968 ], [ 28.986471076730066, -11.440367731510403 ], [ 28.997770525804022, -11.431846443111695 ], [ 29.011575831171978, -11.444001917516104 ], [ 29.018505281466496, -11.441099041079685 ], [ 29.026045620894887, -11.435761510505932 ], [ 29.037933603121417, -11.433790572348199 ], [ 29.046829473421443, -11.436715763139134 ], [ 29.07237566281465, -11.442757825964906 ], [ 29.099888314219719, -11.454627939681636 ], [ 29.104030837970935, -11.462141578430924 ], [ 29.10438309904487, -11.471808850363162 ], [ 29.101270676860526, -11.482929883405227 ], [ 29.096084732841021, -11.495125510965019 ], [ 29.097186125035883, -11.506161772134298 ], [ 29.103745496138874, -11.522259150111147 ], [ 29.112819724846801, -11.539685349564099 ], [ 29.120413617845152, -11.545401915530659 ], [ 29.128221523773405, -11.547310394576572 ], [ 29.137037135607478, -11.547818687941142 ], [ 29.147177124163409, -11.555898577290165 ], [ 29.157259117066303, -11.56224840386508 ], [ 29.160585622204529, -11.566667330289089 ], [ 29.159667101041045, -11.570488796037369 ], [ 29.155658297910477, -11.576441698664706 ], [ 29.150860352194879, -11.579995619213623 ], [ 29.147458036463952, -11.583174947750161 ], [ 29.142517328606555, -11.592601487583469 ], [ 29.137126313118031, -11.59927674263426 ], [ 29.137723845447994, -11.606170530975644 ], [ 29.142771541700601, -11.609519274227788 ], [ 29.151346391035524, -11.613140108425384 ], [ 29.155738592132227, -11.617880127286025 ], [ 29.161615658111042, -11.624662407103054 ], [ 29.169312136643196, -11.623467397215194 ], [ 29.175617236996075, -11.622646885745732 ], [ 29.183871051399663, -11.617291528163815 ], [ 29.194827119786446, -11.608774634050938 ], [ 29.212703588926711, -11.59699818652744 ], [ 29.229233459791992, -11.586974077299846 ], [ 29.237848505109771, -11.581957606575017 ], [ 29.251586978646479, -11.58235443819555 ], [ 29.260228748393693, -11.587692008130777 ], [ 29.265048989830266, -11.594496572511853 ], [ 29.271064319737111, -11.605073607327858 ], [ 29.282412726163095, -11.617264735940083 ], [ 29.290238429178281, -11.619512125523322 ], [ 29.302233474102778, -11.620288053308203 ], [ 29.324123136242953, -11.622227716229469 ], [ 29.348367341839865, -11.630677736453743 ], [ 29.366729873503164, -11.632345466202878 ], [ 29.379353611217802, -11.631025513331661 ], [ 29.400578891387756, -11.626530774258224 ], [ 29.413006449524815, -11.646512025310711 ], [ 29.423284697318795, -11.667692767635524 ], [ 29.4328048823374, -11.68750894327593 ], [ 29.447461914481465, -11.713077499325985 ], [ 29.456420218998943, -11.727030006081595 ], [ 29.463162400994975, -11.747938731765428 ], [ 29.463403225351421, -11.774167171746122 ], [ 29.463603852983802, -11.799361055520784 ], [ 29.463853530408247, -11.825928414142725 ], [ 29.455586411317551, -11.850961767062277 ], [ 29.447671507512734, -11.875977373665451 ], [ 29.442909146219947, -11.900578233699802 ], [ 29.438360840004545, -11.921379912706289 ], [ 29.437696509545258, -11.932434057596355 ], [ 29.439769986254642, -11.951353968016521 ], [ 29.443595856089726, -11.959893148966247 ], [ 29.448353767480537, -11.964958692208116 ], [ 29.45317403533976, -11.971749908530889 ], [ 29.454195127402002, -11.980694905788184 ], [ 29.452576535540341, -11.984868572976932 ], [ 29.442971574524126, -11.992324243463436 ], [ 29.431123795797053, -11.996034173407217 ], [ 29.418856757806203, -11.998027382761055 ], [ 29.400061691989066, -12.004649164055698 ], [ 29.39147346957548, -12.01104347532773 ], [ 29.385774696658586, -12.019440023262163 ], [ 29.383509458680177, -12.035350106183209 ], [ 29.384285389243612, -12.057739241424562 ], [ 29.390438915894816, -12.082768194460099 ], [ 29.400984660005133, -12.1125237241381 ], [ 29.410843755489434, -12.132643173854035 ], [ 29.41853127941215, -12.15108155879901 ], [ 29.42212531764395, -12.163410972416585 ], [ 29.437932771378915, -12.17202155377994 ], [ 29.452701383805, -12.180997700966358 ], [ 29.470261327629498, -12.199556438829243 ], [ 29.488521306387796, -12.217754072833623 ], [ 29.498304615869525, -12.225459398603705 ], [ 29.50296433641693, -12.229026707367321 ], [ 29.503414695208821, -12.229369986024247 ], [ 29.489257018460421, -12.238569128802725 ], [ 29.487682991948308, -12.242047270429763 ], [ 29.480325445320986, -12.249083722793777 ], [ 29.467675046429648, -12.273238634454952 ], [ 29.455711256990835, -12.321767023296053 ], [ 29.456161585951691, -12.333490009393984 ], [ 29.463073242758508, -12.34573469551407 ], [ 29.481092449338846, -12.377675254710756 ], [ 29.495678206627368, -12.393973276612149 ], [ 29.499941107270548, -12.396657668196438 ], [ 29.527578609466264, -12.397536067834105 ], [ 29.534218175318962, -12.402017534399668 ], [ 29.536666186639508, -12.407493303636508 ], [ 29.537415369048521, -12.422435705056394 ], [ 29.535671872360638, -12.429369591383775 ], [ 29.526816100822384, -12.44379481396955 ], [ 29.516051783563466, -12.456409625508174 ], [ 29.499446125461358, -12.469827055337252 ], [ 29.482862722272099, -12.471967407152228 ], [ 29.474889816275848, -12.471418945741618 ], [ 29.445062951478516, -12.454010581083129 ], [ 29.413184827394225, -12.439393671341518 ], [ 29.378127351453166, -12.417008976214303 ], [ 29.366110047274372, -12.412853121761682 ], [ 29.354864211800898, -12.412358187662569 ], [ 29.332974507582207, -12.418493896032595 ], [ 29.31351053848514, -12.416763761758293 ], [ 29.301734010206072, -12.412826388621044 ], [ 29.295580494344136, -12.40902273480016 ], [ 29.295009741294457, -12.403283900291799 ], [ 29.296748762863878, -12.395890715586839 ], [ 29.295928316679404, -12.389460686809775 ], [ 29.275443167062718, -12.369573103470943 ], [ 29.266921791610976, -12.364199902801783 ], [ 29.257120705629131, -12.365979018180093 ], [ 29.243212760158723, -12.37357737871071 ], [ 29.232934538033081, -12.374674307252503 ], [ 29.190965523832148, -12.370558554219816 ], [ 29.174881553557036, -12.37428190506831 ], [ 29.155649425618154, -12.385420682779833 ], [ 29.129371932327814, -12.39529760835263 ], [ 29.120221842764362, -12.394066885066836 ], [ 29.114215459254744, -12.385197761162454 ], [ 29.107326120055426, -12.379334043567326 ], [ 29.10334415284705, -12.378937163069008 ], [ 29.087554508869093, -12.386330380629909 ], [ 29.058811101863071, -12.389108409936618 ], [ 29.04679830934457, -12.3847072717461 ], [ 29.03610981082819, -12.375450146019348 ], [ 29.030313043855305, -12.36519425948341 ], [ 29.024431431745537, -12.349417909279891 ], [ 29.012387435775953, -12.332972740761669 ], [ 29.004784613434751, -12.322592007093425 ], [ 29.003941884721673, -12.317655740001253 ], [ 28.99880947928175, -12.28748993358484 ], [ 28.984464498577303, -12.269319130263094 ], [ 28.961839015783369, -12.23172440437107 ], [ 28.947003647547906, -12.211952764956413 ], [ 28.934852584074729, -12.198802918504049 ], [ 28.911370937491785, -12.178937561753923 ], [ 28.882453708118746, -12.155933115177858 ], [ 28.868304909767119, -12.148562212762373 ], [ 28.855502862196875, -12.138181443416384 ], [ 28.846914628239361, -12.127738153374624 ], [ 28.832449309325337, -12.101050455934677 ], [ 28.8046557763839, -12.074108574250715 ], [ 28.785998846865965, -12.062434627866937 ], [ 28.778405003119833, -12.055420517846711 ], [ 28.774043963929159, -12.046056363333106 ], [ 28.771248132631925, -12.032068208942247 ], [ 28.764465853723184, -12.017219402144812 ], [ 28.764296408673843, -12.006472954558083 ], [ 28.777767393281405, -11.999521225888284 ], [ 28.783724751865012, -11.998722991016573 ], [ 28.789026624315309, -11.99931608212883 ], [ 28.796861224522953, -12.001929083947477 ] ] ] ] } },
{ "type": "Feature", "properties": { "cluster": 4, "ADM0_CODE": 3510, "ADM1_CODE": 44572, "ADM2_CODE": 847551, "EXP2_YEAR": 39000, "STR2_YEAR": 13000, "Shape_Area": 14.048547261061, "Shape_Leng": 68.686722784360001, "2000_01": 2756.8694300702978, "2000_02": 2667.5639565963584, "2000_03": 2670.3472663811644, "2000_11": 1665.2527780308219, "2000_12": 2573.2308768660364, "2001_01": 3650.9812497726653, "2001_02": 3107.5291353197554, "2001_03": 2525.5040709582563, "2001_11": 781.15422906677179, "2001_12": 2505.9752611872382, "2002_01": 3369.2947348715338, "2002_02": 1969.6950669022929, "2002_03": 1431.9627122014824, "2002_11": 833.90439968455587, "2002_12": 3237.8866161465426, "2003_01": 2942.9359476360505, "2003_02": 2739.1853761879352, "2003_03": 2548.2530837248491, "2003_11": 584.20960123515601, "2003_12": 2686.1108086461008, "2004_01": 2971.9541757054021, "2004_02": 2402.4173513129258, "2004_03": 2046.3829561595246, "2004_11": 1420.4988958576016, "2004_12": 4159.1917126728149, "2005_01": 3438.5482683238301, "2005_02": 1807.0129349486936, "2005_03": 856.27250575651624, "2005_11": 989.5222054997156, "2005_12": 2081.7205189977012, "2006_01": 3635.6347256262393, "2006_02": 2863.622421435045, "2006_03": 2626.6007643674416, "2006_11": 1409.5262419705339, "2006_12": 3076.530983706612, "2007_01": 5024.8879815893397, "2007_02": 3431.987329897674, "2007_03": 1572.1694683147171, "2007_11": 933.20751624422223, "2007_12": 3547.1567706591181, "2008_01": 3947.4277421601378, "2008_02": 2216.8061030605941, "2008_03": 1424.5191311718133, "2008_11": 886.92417889416549, "2008_12": 2794.6106766638172, "2009_01": 2890.6586561868007, "2009_02": 2259.4360129447359, "2009_03": 2511.2433933138859, "2009_11": 1943.4502041099868, "2009_12": 3738.9140805196025, "2010_01": 2537.9817167748602, "2010_02": 4590.2607913141755, "2010_03": 2258.8002170507616, "2010_11": 727.78070910819645, "2010_12": 3496.6103029871992, "2011_01": 3572.1860954907947, "2011_02": 1749.3794875155518, "2011_03": 2032.1646800787271, "2011_11": 1093.0109660592886, "2011_12": 2111.1909566292038, "2012_01": 3823.4421157454917, "2012_02": 2780.193669105448, "2012_03": 2187.9201003692656, "2012_11": 805.08409912128286, "2012_12": 2751.1071835490161, "2013_01": 3025.4856434280091, "2013_02": 2305.1326913597195, "2013_03": 1362.3789240443571, "2013_11": 754.06189433362954, "2013_12": 2964.266271561647, "2014_01": 3134.29073586296, "2014_02": 2666.9953395783068, "2014_03": 1626.68161393789, "2014_11": 380.18988408340101, "2014_12": 1956.2489770499747, "2015_01": 3444.178074590719, "2015_02": 2543.8201445300588, "2015_03": 1166.0177971733158, "2015_11": 874.49464328839667, "2015_12": 2210.0920639207338, "2016_01": 2667.9873156934718, "2016_02": 1862.2598561076447, "2016_03": 2619.3291268035882, "2016_11": 1308.126337533253, "2016_12": 2221.668969692375, "2017_01": 4002.3061447179916, "2017_02": 3896.4193484563493, "2017_03": 1519.5972817975705, "2017_11": 1881.2791967753953, "2017_12": 2879.9519793241616, "2018_01": 1790.5940033593708, "2018_02": 3058.8153162310077, "2018_03": 2307.513409125374, "2018_11": 783.28298010640935, "2018_12": 2979.5716081590085, "2019_01": 3110.8011272359086, "2019_02": 2748.5103276675086, "2019_03": 1606.7792900429758, "2019_11": 1163.9288563688128, "2019_12": 1902.6023198824998, "2020_01": 3034.1845107188578, "2020_02": 2922.4856438984334, "2020_03": 1351.0451692337263, "2020_11": 528.17322145851278, "2020_12": 3172.4909333718424, "2021_01": 3751.6753284791266, "2021_02": 3589.5457646888353, "2021_03": 2907.9036328319216, "2021_11": 843.06847564977818, "2021_12": 1192.2179416127922, "2022_01": 4339.2773737943526, "2022_02": 3073.2131861494563, "2022_03": 1580.2889197751538, "2022_11": 1212.5507013852875, "2022_12": 2863.6878857514898, "2023_01": 4081.7392072601706, "2023_02": 2609.8878736045704, "2023_03": 2366.7759677531476, "2023_11": 546.0009419390002, "2023_12": 2341.0869176354245, "hierarchical_cluster": 48 }, "geometry": { "type": "Polygon", "coordinates": [ [ [ 30.944301843226857, -14.749488915708975 ], [ 30.900480085635337, -14.759805046154741 ], [ 30.856658225050591, -14.77012119696642 ], [ 30.840926515168061, -14.773822286844496 ], [ 30.798511555204382, -14.783801734657132 ], [ 30.738590150357435, -14.807898678837436 ], [ 30.733729756582413, -14.809651176944824 ], [ 30.686391884652181, -14.826667066029687 ], [ 30.669438383858274, -14.832758169144594 ], [ 30.669438383858274, -14.832762690052482 ], [ 30.665371729945676, -14.836138208394907 ], [ 30.665367254658435, -14.836142672506419 ], [ 30.627612011902031, -14.84748212512477 ], [ 30.620914443977696, -14.850527727995887 ], [ 30.612709746072831, -14.854260001234467 ], [ 30.607608491019025, -14.856578710191638 ], [ 30.594088484653419, -14.860039027003449 ], [ 30.585968534641736, -14.864961859237193 ], [ 30.563989580153688, -14.873380648329855 ], [ 30.551490777925714, -14.878169706003227 ], [ 30.534033398616899, -14.883284248891096 ], [ 30.516580392017307, -14.888398889941897 ], [ 30.509013310361269, -14.892764366270658 ], [ 30.505361306110057, -14.894868996433663 ], [ 30.498507739746362, -14.897923510968594 ], [ 30.492501319609808, -14.900598967137388 ], [ 30.455111731936373, -14.917240291171403 ], [ 30.45149985576964, -14.921079646657107 ], [ 30.449435278245705, -14.922038341978793 ], [ 30.393830259976163, -14.947901113846056 ], [ 30.37583780928604, -14.955218490842052 ], [ 30.364551832951459, -14.95981136205436 ], [ 30.360436051557524, -14.960814656421407 ], [ 30.346978545894462, -14.964109925132401 ], [ 30.338608763331138, -14.963962791489598 ], [ 30.337297837812727, -14.963940531322301 ], [ 30.321820248755539, -14.970339327793992 ], [ 30.3133836491312, -14.971632461850776 ], [ 30.305700644761853, -14.972809613851854 ], [ 30.298789057378102, -14.975681271816617 ], [ 30.259562341953831, -14.985081061879235 ], [ 30.250969611127218, -14.987141162245802 ], [ 30.241578763627547, -14.989388610354789 ], [ 30.231960438320687, -14.992501043847096 ], [ 30.217321224379191, -14.99723210892391 ], [ 30.202570569554712, -14.970138620200027 ], [ 30.198062372859784, -14.908576297439078 ], [ 30.202053266404945, -14.867191350813293 ], [ 30.197892927193504, -14.837997646610098 ], [ 30.192359226930638, -14.821124367560197 ], [ 30.176805819195362, -14.802859963259841 ], [ 30.158006317340323, -14.782985698476429 ], [ 30.144950026495088, -14.764632091828808 ], [ 30.133173528852428, -14.752717340194906 ], [ 30.118017068561475, -14.746367594336249 ], [ 30.104398994479773, -14.732455155348037 ], [ 30.091806454409824, -14.717147127325687 ], [ 30.080520488174102, -14.709299079954052 ], [ 30.070402761137871, -14.704487736135636 ], [ 30.059192578470036, -14.687761634249947 ], [ 30.048165204994582, -14.676832347024813 ], [ 30.034029853549892, -14.668721248935965 ], [ 30.023546549784921, -14.663575428024084 ], [ 30.013473403370757, -14.660119640053537 ], [ 30.005670044514943, -14.663562095001208 ], [ 29.995226792655881, -14.668168331219315 ], [ 29.976743781545693, -14.668716769724259 ], [ 29.96573430291496, -14.66938116157594 ], [ 29.938805771060711, -14.684167596248924 ], [ 29.90966557956299, -14.685353699928475 ], [ 29.898031774827519, -14.688760488498618 ], [ 29.88352631098352, -14.702837808184693 ], [ 29.876565651634021, -14.707818662883588 ], [ 29.860998895739126, -14.71065466464356 ], [ 29.840313160083873, -14.709192017490709 ], [ 29.813505050516898, -14.716781406690385 ], [ 29.795690956516392, -14.727527836435595 ], [ 29.781528814882265, -14.729971447448632 ], [ 29.766416978212881, -14.72458489314641 ], [ 29.738717044793386, -14.737988950495929 ], [ 29.71326444587071, -14.755085141834757 ], [ 29.690094985278069, -14.765626398443061 ], [ 29.67751134584088, -14.773144485037168 ], [ 29.662952381907687, -14.774219164766661 ], [ 29.653401045381578, -14.776185550428471 ], [ 29.645512892413159, -14.785964368464532 ], [ 29.63458808847118, -14.789674407859318 ], [ 29.619025843648053, -14.792826920464982 ], [ 29.607280578377825, -14.804755019021698 ], [ 29.600997689053528, -14.820642809414528 ], [ 29.590104048686438, -14.825373910749281 ], [ 29.564473219810701, -14.825369484768466 ], [ 29.548852967563814, -14.826805268508553 ], [ 29.536140004451969, -14.830212048701972 ], [ 29.529491500699461, -14.834145001783069 ], [ 29.526972125146489, -14.881032413182044 ], [ 29.523837357780611, -14.9310100687215 ], [ 29.51874508465535, -14.975226520035594 ], [ 29.514749765800911, -14.984559355741892 ], [ 29.484115719269138, -14.984679775417368 ], [ 29.438936082907219, -14.986873663596457 ], [ 29.397350506138238, -14.989990597306342 ], [ 29.378038141141797, -14.987404292525817 ], [ 29.346668359825049, -14.962205913823027 ], [ 29.306411620719842, -14.924905541999838 ], [ 29.283924339428189, -14.898436345488465 ], [ 29.273677388241584, -14.888764527755123 ], [ 29.255114163761888, -14.887159236043125 ], [ 29.233264505594548, -14.907519490761363 ], [ 29.21339926559234, -14.922702753676553 ], [ 29.182430809233406, -14.94840502457258 ], [ 29.149977439735931, -14.97208724453062 ], [ 29.125867081217894, -14.988728652607731 ], [ 29.105667349550892, -14.992616966814142 ], [ 29.043632325680388, -15.003617548581287 ], [ 29.012931463336127, -15.001227479317924 ], [ 28.989106475083407, -15.002783725039187 ], [ 28.979211707452698, -15.005744538829706 ], [ 28.973018039407034, -15.012192452941617 ], [ 28.973892027238275, -14.980532773623873 ], [ 28.976353450279692, -14.966442043195689 ], [ 28.977918578700216, -14.945528891661601 ], [ 28.981699870585896, -14.914640700145657 ], [ 28.980272992278842, -14.888657468235399 ], [ 28.970712638493467, -14.864560509126795 ], [ 28.961263804180103, -14.844565934685869 ], [ 28.950776011561075, -14.82561914423724 ], [ 28.935873657237227, -14.814297561362569 ], [ 28.91420248978125, -14.802775229508295 ], [ 28.893873426724653, -14.801147643626045 ], [ 28.879483900681944, -14.795627231458834 ], [ 28.868238065236113, -14.787640978885625 ], [ 28.854700215987318, -14.773880208048201 ], [ 28.841907105049525, -14.74811552254303 ], [ 28.835499312493411, -14.734889886395926 ], [ 28.836908402002621, -14.721160275702822 ], [ 28.847422963914987, -14.715122657959315 ], [ 28.852359192963096, -14.700296115477597 ], [ 28.851850873258758, -14.681469849491815 ], [ 28.853576557738556, -14.666366820405736 ], [ 28.860216159004057, -14.648762323035392 ], [ 28.860840368416689, -14.63231270932598 ], [ 28.856943152481687, -14.619715714006622 ], [ 28.851137373815639, -14.602365399278062 ], [ 28.846606941226295, -14.592524098312781 ], [ 28.83649818568831, -14.58690564290794 ], [ 28.826500899734288, -14.585389578706579 ], [ 28.812164864407986, -14.581220324672893 ], [ 28.809547372626515, -14.576475843553416 ], [ 28.803139598913525, -14.562902319999532 ], [ 28.7980339311286, -14.544847403131268 ], [ 28.793311748752632, -14.527809190591022 ], [ 28.782092666160853, -14.507127880908321 ], [ 28.770664038354699, -14.491931273234469 ], [ 28.760742468403603, -14.479789138123744 ], [ 28.74562165792323, -14.459179173357436 ], [ 28.732115035381106, -14.445726053323517 ], [ 28.719045462136769, -14.43534974664769 ], [ 28.709636754645, -14.429017837575147 ], [ 28.697655145466495, -14.419305889104624 ], [ 28.685691418782795, -14.410271762025483 ], [ 28.672207065480087, -14.397500921524545 ], [ 28.65931578756857, -14.380257566521641 ], [ 28.648627337661868, -14.379080309744984 ], [ 28.639954418608706, -14.37341278630737 ], [ 28.634719358373662, -14.363567161155839 ], [ 28.628396361380634, -14.35271364973099 ], [ 28.618176118329362, -14.342270447618549 ], [ 28.60833042103539, -14.332505062029712 ], [ 28.592005675113178, -14.319426463899561 ], [ 28.588179725290527, -14.317767671357991 ], [ 28.588750502475865, -14.303717043725127 ], [ 28.591194136394666, -14.288591771887315 ], [ 28.593811632545759, -14.279972379889033 ], [ 28.596460339821462, -14.272726297191365 ], [ 28.601944959933864, -14.265087874520564 ], [ 28.609980300494634, -14.260147204598486 ], [ 28.625105595513389, -14.25473387830635 ], [ 28.634924548078128, -14.250100829981685 ], [ 28.64786931142222, -14.242671954972565 ], [ 28.653425358306365, -14.238114794570061 ], [ 28.662361362866058, -14.226984856085084 ], [ 28.66988382439191, -14.216220627243304 ], [ 28.677455416399603, -14.207173092551681 ], [ 28.692393393940531, -14.194906095467264 ], [ 28.7039335160541, -14.188525134177768 ], [ 28.710764903369888, -14.178456486272944 ], [ 28.716802530570135, -14.165319927090355 ], [ 28.723754279380476, -14.146680939372136 ], [ 28.734268787770802, -14.128666146246065 ], [ 28.735401477811546, -14.118017826676194 ], [ 28.739147073159575, -14.099093383829461 ], [ 28.742139180464459, -14.078470007721997 ], [ 28.734701331837321, -14.05289267868425 ], [ 28.725832164934676, -14.03968476802021 ], [ 28.720289564256245, -14.018530781817374 ], [ 28.717738979898179, -14.002803527237505 ], [ 28.714827116117334, -13.987085200412476 ], [ 28.709828502228238, -13.959742004408394 ], [ 28.705940118910856, -13.934097729706838 ], [ 28.698694127454569, -13.915365058642584 ], [ 28.694984158499409, -13.896226583109538 ], [ 28.692464761992909, -13.881868259737395 ], [ 28.691158241077204, -13.87297687093546 ], [ 28.683809597139398, -13.863501212887813 ], [ 28.677388491479785, -13.861900443630329 ], [ 28.656020488312485, -13.850556444965083 ], [ 28.660185283908483, -13.841968261902329 ], [ 28.661585511177343, -13.828225325157716 ], [ 28.662878654587605, -13.797675997558207 ], [ 28.66411375751516, -13.765066571196883 ], [ 28.665603131138031, -13.741714310648366 ], [ 28.6709763855531, -13.717951693821744 ], [ 28.682850968471708, -13.698880127718425 ], [ 28.700335075281419, -13.677645916634681 ], [ 28.723946010049922, -13.660420371247509 ], [ 28.74654023574157, -13.644925016710378 ], [ 28.77395929100582, -13.624876881910506 ], [ 28.796437653602116, -13.605604697319693 ], [ 28.816512493866874, -13.589114902078466 ], [ 28.853251015373363, -13.560995868152521 ], [ 28.879711351190473, -13.545067939509364 ], [ 28.907313154430121, -13.532198929764707 ], [ 28.941037383994725, -13.510634706856965 ], [ 28.965700651274954, -13.494381301181361 ], [ 28.99953624518627, -13.464911105931986 ], [ 29.037559079290176, -13.433634954132371 ], [ 29.059658322988369, -13.415272378191732 ], [ 29.079327480887279, -13.383862465460876 ], [ 29.0801255885616, -13.382587174494883 ], [ 29.08734041276675, -13.377485951435061 ], [ 29.109983753877398, -13.369290190018766 ], [ 29.121506047847657, -13.369789606519685 ], [ 29.133090822798472, -13.374195169611101 ], [ 29.142847317527863, -13.381160313353952 ], [ 29.160353796614817, -13.401333275709073 ], [ 29.170003223951994, -13.415660325852787 ], [ 29.176366400864808, -13.430040963506574 ], [ 29.179621516654983, -13.441483018023211 ], [ 29.182702785068273, -13.44304365269101 ], [ 29.190639986794608, -13.439917888380107 ], [ 29.211374841053562, -13.416797434991906 ], [ 29.233518653721426, -13.406764427525847 ], [ 29.248073187518667, -13.39294569420179 ], [ 29.281213228971623, -13.380647487526728 ], [ 29.291054474769073, -13.379327602992484 ], [ 29.299205730876839, -13.375278706433312 ], [ 29.306594471211469, -13.368251191457471 ], [ 29.309524036723758, -13.361299429127603 ], [ 29.311490579020109, -13.340337170481025 ], [ 29.316034318955364, -13.331980859315664 ], [ 29.329077240203866, -13.338651664950664 ], [ 29.335529590785239, -13.344747228210053 ], [ 29.342878143218531, -13.348301179132413 ], [ 29.348750748698539, -13.348198589903024 ], [ 29.354779506154117, -13.343953558718731 ], [ 29.358342328775286, -13.333314089277595 ], [ 29.365262876313491, -13.326522948570286 ], [ 29.37346761245227, -13.325457206805726 ], [ 29.385253015575895, -13.327780394643829 ], [ 29.399401704276503, -13.322928872704663 ], [ 29.400235568271523, -13.32264352218697 ], [ 29.409291995225594, -13.319535474548392 ], [ 29.441839005797537, -13.313899199789283 ], [ 29.446944615979191, -13.310586084920191 ], [ 29.451515232406251, -13.304066874749218 ], [ 29.471563304227889, -13.283470267540995 ], [ 29.475857459778627, -13.274422787256002 ], [ 29.490826690257208, -13.271163144946748 ], [ 29.49518763612755, -13.265794410990994 ], [ 29.497827420401844, -13.256318825996633 ], [ 29.503276436625654, -13.246330452337881 ], [ 29.516051783563466, -13.238968470983616 ], [ 29.528046767944634, -13.227713679845646 ], [ 29.537393068849028, -13.225243320979557 ], [ 29.560446614281943, -13.227579894775229 ], [ 29.56719321571854, -13.224240056003953 ], [ 29.576410186710856, -13.215103347802122 ], [ 29.580606197515475, -13.213413352708091 ], [ 29.589060656205536, -13.213716605533911 ], [ 29.60833737003793, -13.226933379896764 ], [ 29.619953334718076, -13.232930870806804 ], [ 29.635087466321167, -13.238402178595473 ], [ 29.643096019153546, -13.239632846933159 ], [ 29.655206940703103, -13.234348805675907 ], [ 29.665168571045932, -13.227490714053758 ], [ 29.670314405784726, -13.226478557278817 ], [ 29.675081139931081, -13.230068140077572 ], [ 29.677787878676735, -13.236457959873249 ], [ 29.673788001181464, -13.248033801465725 ], [ 29.676245016552929, -13.253736988657591 ], [ 29.681279324284006, -13.258931865010432 ], [ 29.68232725383616, -13.264661820931073 ], [ 29.680757655081617, -13.268371795122871 ], [ 29.675442371485214, -13.272839817890942 ], [ 29.660339433802321, -13.281169418768526 ], [ 29.653673027566199, -13.288656222876803 ], [ 29.654083298792553, -13.297619044443591 ], [ 29.663255644503391, -13.310327472742058 ], [ 29.662742838567581, -13.320226665866779 ], [ 29.658185680323271, -13.339396302980646 ], [ 29.65229074077061, -13.350316664374187 ], [ 29.646043534350881, -13.355261806491548 ], [ 29.609024085819176, -13.360318408983581 ], [ 29.60461848644746, -13.363386331663852 ], [ 29.60497963238404, -13.369820814215496 ], [ 29.612163265185401, -13.376817096121705 ], [ 29.61414754952855, -13.382301792842782 ], [ 29.608025233445606, -13.393913333261493 ], [ 29.608176835151813, -13.401730100022196 ], [ 29.610660550475593, -13.408815650277388 ], [ 29.623752473723648, -13.417310207848368 ], [ 29.646462670219261, -13.437358354961219 ], [ 29.654471198531827, -13.438357184134206 ], [ 29.667696908079108, -13.429835855467918 ], [ 29.673796930395127, -13.429260610569294 ], [ 29.679700785018905, -13.430758836699836 ], [ 29.701487943362103, -13.451279611470341 ], [ 29.712381582713185, -13.4556763522121 ], [ 29.722231701625613, -13.45457045416469 ], [ 29.739064857698676, -13.450115818750962 ], [ 29.764655627696229, -13.437211143529732 ], [ 29.776873566809304, -13.436979268331385 ], [ 29.784908842986596, -13.439355985663456 ], [ 29.808961188603906, -13.455141195036004 ], [ 29.80979062430697, -13.261790116710754 ], [ 29.811333426880584, -13.244970415011046 ], [ 29.810116179335573, -13.242923690951647 ], [ 29.809264488317005, -13.172728540842558 ], [ 29.808666897159327, -13.123352886097431 ], [ 29.809960026069401, -13.0823826493637 ], [ 29.809572115158758, -12.999786718859434 ], [ 29.809523096284792, -12.990119382145338 ], [ 29.809451731839115, -12.974980760616344 ], [ 29.808943435746343, -12.867101765283696 ], [ 29.809928848388299, -12.834184656784368 ], [ 29.808635719187599, -12.816499819827603 ], [ 29.80934918954534, -12.735910559090039 ], [ 29.810075992850049, -12.653599941707901 ], [ 29.809161857562284, -12.619568120336099 ], [ 29.809821802019126, -12.33854221629926 ], [ 29.810169614094995, -12.188645030278707 ], [ 29.809643479542512, -12.162082209519784 ], [ 29.813937551781237, -12.157846012311525 ], [ 29.811226469916658, -12.148151927735464 ], [ 29.799726393044178, -12.122240121441141 ], [ 29.796266167520443, -12.104403751038362 ], [ 29.791468135270939, -12.078665757909244 ], [ 29.786398213033397, -12.06499859928433 ], [ 29.776008508879393, -12.040772337226201 ], [ 29.769783590807471, -12.014717811100068 ], [ 29.768361099560355, -11.99474552689975 ], [ 29.767518341083054, -11.971312890286072 ], [ 29.767915204185414, -11.95302172486881 ], [ 29.770019920317825, -11.93330800013087 ], [ 29.773618352041375, -11.915966555383521 ], [ 29.779495475804758, -11.903057503530073 ], [ 29.800069814002914, -11.897028780773631 ], [ 29.85433261705386, -11.896716625119302 ], [ 29.894397564242084, -11.893635403729787 ], [ 29.926427342293707, -11.892475997287203 ], [ 29.956321135632784, -11.890674539593144 ], [ 29.994147715150905, -11.884168721323441 ], [ 30.037271661353579, -11.877863535883122 ], [ 30.083160291090948, -11.870086840089625 ], [ 30.124282073059231, -11.866907550866671 ], [ 30.165029409109525, -11.863041452253572 ], [ 30.19770569124152, -11.86007172829996 ], [ 30.225343200800477, -11.854475551324363 ], [ 30.243005626794506, -11.84604338582276 ], [ 30.264239910778926, -11.820243060374146 ], [ 30.289090519002677, -11.787771868568587 ], [ 30.308001492875349, -11.766167528817897 ], [ 30.34018289463744, -11.732086608985762 ], [ 30.371401005567396, -11.700779267330422 ], [ 30.396166835063902, -11.675870752351827 ], [ 30.416576194661221, -11.656955203042532 ], [ 30.424838874081555, -11.642882295243266 ], [ 30.427808667257992, -11.628622058227084 ], [ 30.425686124890145, -11.61036210988493 ], [ 30.419969513746533, -11.590478933304048 ], [ 30.419809059548022, -11.568352859224543 ], [ 30.428722801198123, -11.535230672326797 ], [ 30.431902087124683, -11.527690319356457 ], [ 30.450554503476116, -11.525937912440497 ], [ 30.461653230719936, -11.521456515042567 ], [ 30.477679263637732, -11.516823479180502 ], [ 30.488893834902161, -11.506456118201939 ], [ 30.504630031689778, -11.494563669680446 ], [ 30.518716366321666, -11.485489389296525 ], [ 30.542117670599428, -11.46262757145848 ], [ 30.550197564694798, -11.444385410947636 ], [ 30.56405649989696, -11.421113395261479 ], [ 30.583333185997461, -11.409787269172716 ], [ 30.590244789874461, -11.406460732677072 ], [ 30.597330295877576, -11.398621681498947 ], [ 30.603144943406971, -11.385632306912122 ], [ 30.611412153385579, -11.372214829263259 ], [ 30.621743890782728, -11.357696008792983 ], [ 30.635451137873922, -11.3569201614359 ], [ 30.64659886725762, -11.3537988130402 ], [ 30.659717559962882, -11.347154692012142 ], [ 30.670735992892137, -11.340916470757611 ], [ 30.680911685069336, -11.331240210802422 ], [ 30.692335859171433, -11.317715767008565 ], [ 30.705994086841429, -11.289908814324335 ], [ 30.712696152545504, -11.26439383427377 ], [ 30.713333769977222, -11.245656632854796 ], [ 30.718671330867089, -11.22988928388901 ], [ 30.727482530361986, -11.212962534220269 ], [ 30.750018870487718, -11.1872736755716 ], [ 30.773290843815516, -11.170908723782951 ], [ 30.786748472460452, -11.164229036397806 ], [ 30.794083655559689, -11.154276283156497 ], [ 30.79951040322711, -11.140916826265929 ], [ 30.813324709007887, -11.117564511406124 ], [ 30.823032146490103, -11.10544466103231 ], [ 30.830465518077954, -11.08125405309532 ], [ 30.841738113167843, -11.072897694586009 ], [ 30.849693102680934, -11.077842822595398 ], [ 30.85801827656362, -11.083117995303491 ], [ 30.868265272197579, -11.083813569076694 ], [ 30.870900563857262, -11.07956404622173 ], [ 30.872086737646033, -11.065986086452591 ], [ 30.883123035722331, -11.052078136053847 ], [ 30.905703860321484, -11.036386590571738 ], [ 30.929386188592879, -11.030032372504417 ], [ 30.945559360533135, -11.021145339689756 ], [ 30.952515526361818, -11.010840399263827 ], [ 30.956056054548444, -10.994743050040883 ], [ 30.968933963623453, -10.966512498506535 ], [ 30.989289722828818, -10.932106072771335 ], [ 31.011380093212082, -10.921609315401035 ], [ 31.019518011649819, -10.930710349308622 ], [ 31.028913347370022, -10.944279374484893 ], [ 31.033613234438814, -10.955235438321861 ], [ 31.046705092410122, -10.964853703823842 ], [ 31.053103924782654, -10.974356059974411 ], [ 31.071265818439603, -10.978931059263914 ], [ 31.081749154736276, -10.985160416189803 ], [ 31.095661590856331, -10.98918698876569 ], [ 31.096388417989946, -10.988732199212215 ], [ 31.098265713726761, -11.000557670742355 ], [ 31.10957844486208, -11.017867922892993 ], [ 31.125243264912626, -11.02981388102277 ], [ 31.142446452634584, -11.044827681249563 ], [ 31.154887360716586, -11.055493805280189 ], [ 31.181329836699742, -11.072251122148538 ], [ 31.20455725912662, -11.079742401915595 ], [ 31.227985391939022, -11.083751196952592 ], [ 31.245086101893712, -11.087987291347995 ], [ 31.268153000224409, -11.091652690383047 ], [ 31.293605521553946, -11.093494331497155 ], [ 31.31441619392896, -11.093761842291206 ], [ 31.332542397905097, -11.097253318373777 ], [ 31.353460098802813, -11.108271754726999 ], [ 31.363047139542157, -11.117979203901292 ], [ 31.370716745173919, -11.140595789601257 ], [ 31.371167164273146, -11.159319519703574 ], [ 31.370195048978314, -11.177744523111226 ], [ 31.372594046975042, -11.19257105175484 ], [ 31.383264666134494, -11.211245760557388 ], [ 31.392700187682625, -11.225804712750445 ], [ 31.403562492066861, -11.240649079623868 ], [ 31.406630337665682, -11.254753209264345 ], [ 31.405341670989891, -11.265896524803763 ], [ 31.40630930611114, -11.272099103190927 ], [ 31.410554420918814, -11.280602595218955 ], [ 31.424020878374698, -11.290492917737925 ], [ 31.438240918131825, -11.301390941860603 ], [ 31.440073620885379, -11.311370417083747 ], [ 31.432475300441194, -11.323441182045686 ], [ 31.41473702738552, -11.337630071187593 ], [ 31.408088530120295, -11.347239438643783 ], [ 31.40029396463984, -11.371438975815398 ], [ 31.392347891504965, -11.392173762240102 ], [ 31.39215163790972, -11.404302588786237 ], [ 31.392691203663642, -11.417095700801129 ], [ 31.393743550287596, -11.425367321082396 ], [ 31.396824825682387, -11.431485248968706 ], [ 31.401252745714366, -11.436162792496594 ], [ 31.409408387794759, -11.437241942751729 ], [ 31.417193969058168, -11.429327039148768 ], [ 31.424404383031519, -11.416244032392894 ], [ 31.43219889652385, -11.408676911030973 ], [ 31.441634359728209, -11.406585600637893 ], [ 31.455707259540201, -11.405702741535308 ], [ 31.473392002827289, -11.406755055913054 ], [ 31.485761550837097, -11.407316910686076 ], [ 31.494697641594573, -11.410090445277609 ], [ 31.50150218965419, -11.429219979518249 ], [ 31.503901253604425, -11.452670417740771 ], [ 31.506491970282362, -11.472299365366741 ], [ 31.509613283178805, -11.487754604970419 ], [ 31.517385568084777, -11.504757191899918 ], [ 31.524876788613767, -11.515195954677223 ], [ 31.540198281594495, -11.527052700238485 ], [ 31.55711608954379, -11.535043387790505 ], [ 31.578225471830859, -11.54182566908727 ], [ 31.593725358424571, -11.549517648487429 ], [ 31.600605770688556, -11.553740390007011 ], [ 31.604199791927851, -11.563630706019868 ], [ 31.602897755931814, -11.574751665415908 ], [ 31.592173566527784, -11.588316301283145 ], [ 31.584499452228922, -11.598995833496991 ], [ 31.580941121587134, -11.60674125083273 ], [ 31.579072698800537, -11.612694150670679 ], [ 31.581106052664072, -11.6191821659614 ], [ 31.590122385948931, -11.623668066175842 ], [ 31.603294593357109, -11.617960347289539 ], [ 31.613389974451596, -11.606152714687328 ], [ 31.622629205435807, -11.599214347834144 ], [ 31.635948569096133, -11.596953569711193 ], [ 31.655671136130099, -11.595820910791399 ], [ 31.675536438390065, -11.598135251102654 ], [ 31.688075461952359, -11.602469501535468 ], [ 31.702679058994768, -11.613978377575586 ], [ 31.715592544059412, -11.627284387753638 ], [ 31.727658872225057, -11.637161244752408 ], [ 31.734414430540788, -11.638271616053418 ], [ 31.743167674562908, -11.636528060901842 ], [ 31.750908663726751, -11.635868139589478 ], [ 31.760130111756489, -11.636871461047802 ], [ 31.769088427956319, -11.639957130250586 ], [ 31.774252037712539, -11.645276824720737 ], [ 31.778697730501882, -11.658573883617771 ], [ 31.781640739006228, -11.669855408455662 ], [ 31.781609532535267, -11.677458167836283 ], [ 31.781489139800929, -11.68299193231913 ], [ 31.782229400941905, -11.692293627452548 ], [ 31.784280566256381, -11.699116029602413 ], [ 31.789528916165121, -11.697863048876108 ], [ 31.800395727304942, -11.670805225018448 ], [ 31.809706339074879, -11.648647880222894 ], [ 31.813594713527539, -11.623596692973035 ], [ 31.814424095333671, -11.601434936797251 ], [ 31.813184452284126, -11.572094081702149 ], [ 31.809309533707388, -11.547350508876173 ], [ 31.80527404885483, -11.527106202588099 ], [ 31.804805789311487, -11.516056580412666 ], [ 31.807343040690498, -11.509376831024325 ], [ 31.815347149000949, -11.498318219175721 ], [ 31.829968559403941, -11.493555950545604 ], [ 31.860143230599874, -11.489172649613799 ], [ 31.882180106977323, -11.484437083491937 ], [ 31.900828074573706, -11.482956674185218 ], [ 31.912827544305415, -11.4827916614088 ], [ 31.925295196760036, -11.47707064447526 ], [ 31.934521093939182, -11.46179373033736 ], [ 31.944273086059013, -11.434026896151355 ], [ 31.953494526961794, -11.410433837427995 ], [ 31.965823925846777, -11.38531125522468 ], [ 31.973101184213135, -11.357633623211395 ], [ 31.972450190386827, -11.334450751526349 ], [ 31.967879587678969, -11.318705642750363 ], [ 31.967509470728086, -11.302086551015817 ], [ 31.968410245558967, -11.290261005212885 ], [ 31.964450512609002, -11.280379671407188 ], [ 31.960593390993779, -11.272919630130044 ], [ 31.958408453035606, -11.263305763264631 ], [ 31.958096365083385, -11.24806453660929 ], [ 31.956923597278816, -11.237367199089325 ], [ 31.954123241266455, -11.229858064843366 ], [ 31.955536793812627, -11.221818290300096 ], [ 31.956673906252643, -11.215526511837679 ], [ 31.957967051406001, -11.204717633649807 ], [ 31.961659113932619, -11.192419426931595 ], [ 31.973542611711064, -11.19780160126952 ], [ 31.995744544559781, -11.213145333278105 ], [ 32.016385666742245, -11.225077872297232 ], [ 32.026097586778583, -11.22916248085459 ], [ 32.043942975553236, -11.22560854900059 ], [ 32.062002288550268, -11.226892742023264 ], [ 32.083227618781997, -11.228038754689722 ], [ 32.099405281693279, -11.226625244867503 ], [ 32.120759859433115, -11.222554028506465 ], [ 32.134779276415415, -11.220190762664881 ], [ 32.15093458363981, -11.218424932774816 ], [ 32.16314805263265, -11.223080231192036 ], [ 32.177863083285217, -11.236631468654114 ], [ 32.202530862269214, -11.251466847248844 ], [ 32.221432980389345, -11.263778421249935 ], [ 32.237133517296655, -11.275541513291467 ], [ 32.245177719192625, -11.281757529358728 ], [ 32.274072669856018, -11.298858161507681 ], [ 32.274701426214641, -11.286635782206011 ], [ 32.273122865155052, -11.274921716078753 ], [ 32.273234408802956, -11.261397274556614 ], [ 32.272543251672786, -11.245830534065208 ], [ 32.271905569354701, -11.231293861082367 ], [ 32.275227550343992, -11.218656770410066 ], [ 32.28550583258415, -11.203616219084479 ], [ 32.292814261686935, -11.185235821846421 ], [ 32.295333666632111, -11.162570248381211 ], [ 32.295922240161183, -11.136167918179085 ], [ 32.304242986781887, -11.109056584963234 ], [ 32.31976507317686, -11.093057303125784 ], [ 32.338185620811764, -11.078654441521639 ], [ 32.3707460237367, -11.048992461684016 ], [ 32.386522261000081, -11.030875131706891 ], [ 32.389300311972384, -11.022059494240564 ], [ 32.387275863624573, -11.0162492499023 ], [ 32.379775643605853, -11.006528472044064 ], [ 32.369011368466779, -10.994876839232953 ], [ 32.353578477024087, -10.973709470968688 ], [ 32.349761473494844, -10.959636509047048 ], [ 32.350002299345242, -10.941550430789206 ], [ 32.356124625855223, -10.928743861269842 ], [ 32.36569829131372, -10.906381516531082 ], [ 32.36886421886549, -10.890582868543138 ], [ 32.375673260866904, -10.877388440269321 ], [ 32.383588190340369, -10.86518831607061 ], [ 32.396417036766273, -10.8523996189711 ], [ 32.403047723958096, -10.843035476771329 ], [ 32.405897072780121, -10.828284794726347 ], [ 32.40431407233185, -10.816873951280103 ], [ 32.394664652549835, -10.806542238261418 ], [ 32.376881757419831, -10.795898341307055 ], [ 32.358055424558614, -10.785646839295167 ], [ 32.34065595150004, -10.775671880637523 ], [ 32.332941738768618, -10.769067944467775 ], [ 32.324955463173417, -10.75656018337955 ], [ 32.320059422349622, -10.742161716360455 ], [ 32.316550100757908, -10.727344096030263 ], [ 32.308514751947371, -10.698453650216946 ], [ 32.308942870571883, -10.677174760083117 ], [ 32.32021546254343, -10.653991896426662 ], [ 32.335505681362832, -10.633747599184318 ], [ 32.351973159435445, -10.608562559627996 ], [ 32.380663028486467, -10.580693198781956 ], [ 32.412652645582583, -10.55544134349223 ], [ 32.44350066396494, -10.53616014580532 ], [ 32.469590865207188, -10.513258212327639 ], [ 32.499685377110943, -10.500273358915456 ], [ 32.521954080207102, -10.493598057152075 ], [ 32.541172878080225, -10.48677561447219 ], [ 32.513941076509148, -10.473384938419269 ], [ 32.500028700728322, -10.470223412785018 ], [ 32.483583559548755, -10.465786619492665 ], [ 32.469804899867128, -10.465407643143827 ], [ 32.455602689752823, -10.46365070343758 ], [ 32.444998925426319, -10.455780424365861 ], [ 32.436308157768494, -10.44362488864993 ], [ 32.431554757308284, -10.432677783247286 ], [ 32.430707548670149, -10.422234609338375 ], [ 32.42905769713753, -10.402396021988396 ], [ 32.429904919100622, -10.383132754963583 ], [ 32.435608043988282, -10.376916745190776 ], [ 32.444909766423358, -10.372270332250347 ], [ 32.454318473591698, -10.362375647043807 ], [ 32.459852256507176, -10.352668192635701 ], [ 32.467093761789101, -10.334483946086687 ], [ 32.46669245762709, -10.318765587637259 ], [ 32.461399521029179, -10.303979222764825 ], [ 32.451192612128274, -10.289781487120338 ], [ 32.443732549449159, -10.281398362804675 ], [ 32.437583436312373, -10.270848096943697 ], [ 32.427256172029352, -10.261550918357671 ], [ 32.419261050568643, -10.249337397757643 ], [ 32.418855242362753, -10.233605721199138 ], [ 32.424112480276044, -10.225650667897172 ], [ 32.427211584992378, -10.216745817702503 ], [ 32.42313593873326, -10.212741558890494 ], [ 32.408621634192151, -10.204340628711186 ], [ 32.39861089008582, -10.194316604038343 ], [ 32.394686952976194, -10.186098403402498 ], [ 32.393309071636182, -10.179512356561235 ], [ 32.395685713350574, -10.170290905546439 ], [ 32.403020931000853, -10.16153323210993 ], [ 32.416799561201252, -10.147554008711349 ], [ 32.430181334046566, -10.132540165839369 ], [ 32.438800811722231, -10.121258687269245 ], [ 32.451513720427862, -10.099957488534482 ], [ 32.464788444460353, -10.082834586568108 ], [ 32.474687673198048, -10.069024751377524 ], [ 32.48414543228143, -10.046118309749094 ], [ 32.485492066375492, -10.023252077216164 ], [ 32.479574795699527, -10.010561494189977 ], [ 32.472364471676272, -9.993019389171323 ], [ 32.469136104880263, -9.977733528490356 ], [ 32.470977677643752, -9.96501176233377 ], [ 32.474308595325844, -9.953962127829836 ], [ 32.480315034250204, -9.93997391726921 ], [ 32.514520830013787, -9.9256423401046 ], [ 32.534493113286054, -9.915867968220422 ], [ 32.547005344257883, -9.905059153654298 ], [ 32.54756721990681, -9.895195577184337 ], [ 32.544931901843896, -9.884788044196078 ], [ 32.540909790518505, -9.874799662410314 ], [ 32.534577793426095, -9.861056749459499 ], [ 32.530533441208625, -9.850716041939727 ], [ 32.526943873400036, -9.842462291106846 ], [ 32.525414415009344, -9.839871502790718 ], [ 32.518467125870153, -9.828117334495097 ], [ 32.509125241950009, -9.817687538625579 ], [ 32.501665171400177, -9.809620972378969 ], [ 32.490196383617132, -9.798937000888502 ], [ 32.471111469175618, -9.784056935675039 ], [ 32.452780088701864, -9.770189141970489 ], [ 32.438707154669665, -9.763848296078857 ], [ 32.428999717699497, -9.767139131138585 ], [ 32.414810814715487, -9.772405325625677 ], [ 32.407319557601546, -9.770661838193632 ], [ 32.395654510335618, -9.763143795078578 ], [ 32.380511399879779, -9.756495257267439 ], [ 32.367446229141144, -9.756076097422794 ], [ 32.355156965096477, -9.757021452811721 ], [ 32.345186456380922, -9.75504160955736 ], [ 32.335474547034735, -9.744255068714079 ], [ 32.336491164598279, -9.736465016798268 ], [ 32.336963881952848, -9.724831200427564 ], [ 32.338065237740949, -9.711761581266561 ], [ 32.340143210203031, -9.690192898663801 ], [ 32.340116401262677, -9.675763243672053 ], [ 32.334047633653192, -9.667255309640304 ], [ 32.326547352097798, -9.658466410361408 ], [ 32.320010378627074, -9.64082173522803 ], [ 32.308916140241557, -9.62375226749624 ], [ 32.294111866515649, -9.602977358969959 ], [ 32.278375760489908, -9.584712881906883 ], [ 32.269693857760267, -9.559759755550447 ], [ 32.260922798308442, -9.533040803974702 ], [ 32.253128272355561, -9.504859250808726 ], [ 32.248999175748075, -9.486367414637144 ], [ 32.248972430355472, -9.451804865108972 ], [ 32.248044906379619, -9.427150543642165 ], [ 32.247304681760383, -9.3993034325596 ], [ 32.241409793550361, -9.374171918163622 ], [ 32.230315497329414, -9.350694750324157 ], [ 32.219493291922085, -9.339208096797284 ], [ 32.204657893750728, -9.325081682659189 ], [ 32.182500545724452, -9.305657848813395 ], [ 32.163709894651419, -9.289948470995725 ], [ 32.148187822025093, -9.269485635223546 ], [ 32.141887116222918, -9.243631769008504 ], [ 32.141463440236947, -9.215722253839537 ], [ 32.14520022233998, -9.186546319889995 ], [ 32.152125186226719, -9.157914492648066 ], [ 32.151688208969951, -9.143074600920567 ], [ 32.147197913731539, -9.131614670935095 ], [ 32.136843877703939, -9.115829456371317 ], [ 32.140005340975719, -9.10257698591986 ], [ 32.142065423532721, -9.081944782922079 ], [ 32.155424896376104, -9.062547674089489 ], [ 32.155424896376104, -9.062543191294527 ], [ 32.161391216252916, -9.061669251457543 ], [ 32.170728601243908, -9.075100063480694 ], [ 32.176971320584599, -9.078462176155352 ], [ 32.176975737842326, -9.078462184072917 ], [ 32.179009129531593, -9.079559140907062 ], [ 32.183173924236783, -9.082997080040023 ], [ 32.207208474761572, -9.10284007316263 ], [ 32.209959702215045, -9.104093138924892 ], [ 32.226311222823718, -9.111548745677359 ], [ 32.240571448800658, -9.123008638797545 ], [ 32.242818821143523, -9.124818983381429 ], [ 32.24675176039537, -9.125318414238114 ], [ 32.257560645844222, -9.131182152989318 ], [ 32.262291758036334, -9.132377169214672 ], [ 32.267018419757477, -9.133572218682497 ], [ 32.270621366477734, -9.13250652848207 ], [ 32.273751627123239, -9.131578978763024 ], [ 32.308920552044121, -9.130111989386704 ], [ 32.317152050520626, -9.131052871571789 ], [ 32.326480494109127, -9.132118546241946 ], [ 32.361899104765868, -9.129501080265122 ], [ 32.364579066773075, -9.128680622486966 ], [ 32.365845445329931, -9.128292647184365 ], [ 32.366741766213671, -9.128020631426127 ], [ 32.37280165358969, -9.126170151399291 ], [ 32.381336364059464, -9.125443274498631 ], [ 32.387378470034243, -9.124930498995372 ], [ 32.399810393883861, -9.122027642203534 ], [ 32.402459141615758, -9.121407771033716 ], [ 32.404719850269686, -9.121764550591797 ], [ 32.408688526580235, -9.1223888009033 ], [ 32.411939151494693, -9.120810263807344 ], [ 32.431398708990145, -9.118250786266204 ], [ 32.441873131359309, -9.127218001033221 ], [ 32.44768782853621, -9.132198797113629 ], [ 32.460859985095063, -9.13371047813985 ], [ 32.467504047490799, -9.13684078475341 ], [ 32.476288439364104, -9.140978808282702 ], [ 32.4814877803936, -9.144639734859085 ], [ 32.482031787111353, -9.145018732444479 ], [ 32.49351839812001, -9.153098669658345 ], [ 32.486629087699619, -9.172330738407634 ], [ 32.497861580956396, -9.189315429226447 ], [ 32.498708850105515, -9.19059964388941 ], [ 32.499810237893399, -9.192071187758621 ], [ 32.535500897427049, -9.239658672616599 ], [ 32.53851970270285, -9.248041776654182 ], [ 32.540628835053568, -9.253883213145688 ], [ 32.54073586579652, -9.25417750780575 ], [ 32.540909790518505, -9.254659125331933 ], [ 32.545738998306227, -9.254155223986988 ], [ 32.551089877845165, -9.253597820721483 ], [ 32.573849154001053, -9.246458836011511 ], [ 32.580069605738466, -9.246391948628373 ], [ 32.584488546453279, -9.246338455797645 ], [ 32.59556940716076, -9.248510018635292 ], [ 32.619100062719568, -9.257918746036495 ], [ 32.620353090868974, -9.258578653470051 ], [ 32.646728692908731, -9.272419712653683 ], [ 32.649725194743617, -9.27291019066012 ], [ 32.654108473254162, -9.27362815810134 ], [ 32.661519536574026, -9.274849958751691 ], [ 32.68626751306698, -9.273623674652331 ], [ 32.708518406835132, -9.27251785677772 ], [ 32.721008394354271, -9.274011581366947 ], [ 32.727398294395975, -9.276709365573954 ], [ 32.727853125054608, -9.27690113237103 ], [ 32.735888448253341, -9.280298940025094 ], [ 32.742501223665059, -9.280851893381609 ], [ 32.74571183156938, -9.281119445554971 ], [ 32.747156529048439, -9.281984521880961 ], [ 32.751927821854196, -9.284851692458522 ], [ 32.756083634693354, -9.290238271335491 ], [ 32.760850461002931, -9.296418579613761 ], [ 32.76604080480223, -9.30728095506762 ], [ 32.768350677986831, -9.312110151008847 ], [ 32.768319414952877, -9.315151317012091 ], [ 32.768288238033399, -9.317938220145338 ], [ 32.771454196780176, -9.318473309602464 ], [ 32.776390384330298, -9.319311620739732 ], [ 32.783805927051809, -9.318451008316218 ], [ 32.783810404820962, -9.318450987567038 ], [ 32.79049006922655, -9.32217883049851 ], [ 32.793986055413789, -9.324542124218921 ], [ 32.799791767921931, -9.328461715871876 ], [ 32.804870697289722, -9.335944090274163 ], [ 32.809530463384689, -9.342802161810043 ], [ 32.823362574230195, -9.351550890086095 ], [ 32.827950995055588, -9.354449323061159 ], [ 32.839968284415548, -9.359737801707478 ], [ 32.848699191093324, -9.363581608278309 ], [ 32.848841871445693, -9.363675226985341 ], [ 32.861371999318294, -9.371969176255407 ], [ 32.863400832805532, -9.372602379814015 ], [ 32.865380667838586, -9.373222148899442 ], [ 32.867369498160002, -9.373850849307962 ], [ 32.873424885514794, -9.371184379373284 ], [ 32.879154888860192, -9.368656041625966 ], [ 32.882708801631267, -9.367090904474898 ], [ 32.892438555781546, -9.365788801372382 ], [ 32.892545562617457, -9.369378387902037 ], [ 32.892991480552972, -9.384178156106827 ], [ 32.893530983559081, -9.38511012435356 ], [ 32.895947873313155, -9.389261533587948 ], [ 32.902520525092648, -9.39046103367634 ], [ 32.903818146149433, -9.390697344651954 ], [ 32.911086475040349, -9.378813835414249 ], [ 32.911090947166855, -9.378809410693774 ], [ 32.916089627961071, -9.385346453322979 ], [ 32.925061327298366, -9.397078317685857 ], [ 32.930372128927452, -9.399196394519906 ], [ 32.931526998837477, -9.399660164641347 ], [ 32.93153147005242, -9.399660137986144 ], [ 32.953505938967872, -9.401448255577753 ], [ 32.953510409200973, -9.401448228469366 ], [ 32.953260677603488, -9.404199556602126 ], [ 32.948823861844389, -9.409688701272282 ], [ 32.947169526529912, -9.411739861547806 ], [ 32.945265498268419, -9.419191010484743 ], [ 32.943588836706851, -9.425728052425502 ], [ 32.94774028948995, -9.486661715259958 ], [ 32.95273894716896, -9.489965890583157 ], [ 32.953728848616961, -9.490621401261828 ], [ 32.966749416788161, -9.484102139171542 ], [ 32.969389220484288, -9.482777817906799 ], [ 32.969540840327568, -9.482702022636531 ], [ 32.969964497954763, -9.482603864932306 ], [ 32.975342103248735, -9.481368739281605 ], [ 32.982258209102874, -9.484409847627594 ], [ 32.986316015597573, -9.489100781990079 ], [ 32.988460827508554, -9.491580081736533 ], [ 32.991769477596854, -9.493323572815338 ], [ 32.994230914121019, -9.494621159727963 ], [ 33.012281307910712, -9.495909872123834 ], [ 33.016102750033497, -9.497885229846904 ], [ 33.022211769311738, -9.501037832230692 ], [ 33.026791268603617, -9.507280566433801 ], [ 33.028508021738965, -9.524760241638532 ], [ 33.024031086561806, -9.535528993439968 ], [ 33.017650100209984, -9.546489409464288 ], [ 33.01110855622926, -9.557721887834445 ], [ 33.011211140334822, -9.560000538146978 ], [ 33.011897866886102, -9.575201575017793 ], [ 33.007889131434681, -9.584360609685103 ], [ 33.008321647551753, -9.588957907184048 ], [ 33.005993994449412, -9.595031193272513 ], [ 33.004540289857303, -9.598821458813172 ], [ 33.004237070471447, -9.601135767982477 ], [ 33.002810234290166, -9.612131861699957 ], [ 33.004335193706204, -9.630775388387455 ], [ 33.005137875939639, -9.640647830277844 ], [ 33.005142343859454, -9.640652277723655 ], [ 33.027781121932144, -9.650480120492894 ], [ 33.038219895917557, -9.648718832971429 ], [ 33.039905444598745, -9.646507071842635 ], [ 33.043660033611417, -9.641579783759722 ], [ 33.050402201979026, -9.63272845194837 ], [ 33.053291672753808, -9.632661607151077 ], [ 33.057808765728602, -9.632550118491414 ], [ 33.062379322734913, -9.634636978779245 ], [ 33.062428355636939, -9.634659269445727 ], [ 33.06956740718725, -9.647015385633644 ], [ 33.070428036035317, -9.64850917810632 ], [ 33.082588007951976, -9.665150560017137 ], [ 33.086190910664747, -9.679428609800187 ], [ 33.088728128371578, -9.68198371563161 ], [ 33.093098095699048, -9.686380375817089 ], [ 33.094529470344042, -9.68659882927909 ], [ 33.099349755545575, -9.687339089400727 ], [ 33.101441050692742, -9.685519780508461 ], [ 33.102716338709584, -9.680119790506271 ], [ 33.103122089204206, -9.678411945267685 ], [ 33.110898837076128, -9.660999143288693 ], [ 33.111059338750991, -9.654497767731888 ], [ 33.111112810641337, -9.652228093250358 ], [ 33.111219840164559, -9.647898338956519 ], [ 33.111224303301739, -9.647898298839371 ], [ 33.111589936545734, -9.647822534507775 ], [ 33.118648709677323, -9.646342083097972 ], [ 33.1166376824305, -9.641187405408276 ], [ 33.114778183792374, -9.636429527888861 ], [ 33.114122724902586, -9.635970195467351 ], [ 33.108789631964534, -9.632251363460826 ], [ 33.108722769064173, -9.628688494491149 ], [ 33.108620200085255, -9.62352040195489 ], [ 33.112892043358421, -9.610218913394233 ], [ 33.121301894877782, -9.600859286115766 ], [ 33.125462226860115, -9.601581641326764 ], [ 33.133180919974457, -9.610419543606815 ], [ 33.133738342925675, -9.611061702674764 ], [ 33.133965739004672, -9.611039397929126 ], [ 33.141390146723879, -9.610428529810305 ], [ 33.151561340046612, -9.61349190184675 ], [ 33.153541197107955, -9.613581089059551 ], [ 33.157349287657084, -9.613759410314556 ], [ 33.174668367274165, -9.60703064595933 ], [ 33.178182215323673, -9.605670608223257 ], [ 33.180590123880556, -9.604738645497438 ], [ 33.188317691948534, -9.605144433388316 ], [ 33.195639540524141, -9.605527946014528 ], [ 33.195643999826714, -9.605532381498813 ], [ 33.213150426189287, -9.62014042332906 ], [ 33.216798014634215, -9.627752125123056 ], [ 33.218639633659507, -9.639154035417311 ], [ 33.219032044919523, -9.641557490370838 ], [ 33.219032044919523, -9.641561966981731 ], [ 33.219919401250415, -9.642953207386491 ], [ 33.227281318488288, -9.65447997456892 ], [ 33.227281318488295, -9.654484451651584 ], [ 33.226701623654584, -9.66028124887397 ], [ 33.224289277752398, -9.684578874139801 ], [ 33.225029473670965, -9.699021887459338 ], [ 33.225368363906149, -9.705670464870062 ], [ 33.225921319137491, -9.716541701860802 ], [ 33.232596570326805, -9.72617787572484 ], [ 33.236480448106072, -9.731778481467741 ], [ 33.263221665727819, -9.754261289499526 ], [ 33.272398549702956, -9.767888288152413 ], [ 33.273490984310634, -9.772739803188061 ], [ 33.279599960046873, -9.799891278241359 ], [ 33.28335010297409, -9.805099441967888 ], [ 33.283555217537739, -9.805384858149745 ], [ 33.284429220059252, -9.806588840674291 ], [ 33.285922999899391, -9.807618884361581 ], [ 33.289499153386075, -9.810080297797283 ], [ 33.298725039586138, -9.80918402302577 ], [ 33.300638008373589, -9.809001154493883 ], [ 33.302287871876622, -9.810347850062657 ], [ 33.308017802724656, -9.815029914015629 ], [ 33.329078201701471, -9.822298222262599 ], [ 33.337189261275135, -9.822579172243843 ], [ 33.338509169775627, -9.823332758714821 ], [ 33.345741800945859, -9.827461879226094 ], [ 33.349398283393924, -9.832634403730674 ], [ 33.353090415264901, -9.837860475493699 ], [ 33.358352120487432, -9.849150916525479 ], [ 33.359538271839874, -9.850345993650798 ], [ 33.36525933167777, -9.856098208940221 ], [ 33.367243577014861, -9.859464858325758 ], [ 33.368251392615321, -9.861168202671571 ], [ 33.370150916175788, -9.878219780551248 ], [ 33.37065930416545, -9.882799294256337 ], [ 33.371791889485756, -9.885251819104257 ], [ 33.381642021083742, -9.906548471997647 ], [ 33.381129240271306, -9.908385608247034 ], [ 33.379029044388936, -9.915961599942534 ], [ 33.37576049829061, -9.920300320654901 ], [ 33.375042594779906, -9.920688303850575 ], [ 33.365749768263157, -9.9257493700963 ], [ 33.365745316764084, -9.925753841007619 ], [ 33.361379923763465, -9.931684456493837 ], [ 33.357322113208795, -9.937191387789071 ], [ 33.350820767916609, -9.942051866765233 ], [ 33.349393831140283, -9.943117584768345 ], [ 33.349389378886443, -9.943122057839403 ], [ 33.347480884247474, -9.948397108246974 ], [ 33.346321470318721, -9.95160773376619 ], [ 33.346321470318728, -9.95161215077442 ], [ 33.346138665064949, -9.954416946212879 ], [ 33.345041740651226, -9.971370424246585 ], [ 33.338718705946761, -9.986460040741644 ], [ 33.337215978169354, -9.990045148008653 ], [ 33.334188273380704, -9.997268897313193 ], [ 33.333309838466597, -9.999997876594314 ], [ 33.318791042978042, -10.045222053267061 ], [ 33.317569189840135, -10.053948559463054 ], [ 33.318331715025529, -10.059442112301761 ], [ 33.319129863393606, -10.065221134665263 ], [ 33.328953341026697, -10.076832618831022 ], [ 33.338700894961733, -10.088350496885942 ], [ 33.349371569869035, -10.09071826416527 ], [ 33.350160814419759, -10.091226588666384 ], [ 33.35206925607946, -10.092439476098487 ], [ 33.353415930493917, -10.093304574254185 ], [ 33.354450431492772, -10.093968948129715 ], [ 33.359747847985894, -10.099979849922228 ], [ 33.361192609713179, -10.100737865329693 ], [ 33.365072025163421, -10.102771205372111 ], [ 33.377138341034204, -10.103078895269416 ], [ 33.37954183638675, -10.103805719727363 ], [ 33.385708735818774, -10.105669645888208 ], [ 33.398947776792816, -10.114846505578788 ], [ 33.408129068897104, -10.121209573238842 ], [ 33.41536177871297, -10.123934138441017 ], [ 33.419941269109295, -10.125659752519336 ], [ 33.436970581970463, -10.149221684764456 ], [ 33.449081498622078, -10.161230068346455 ], [ 33.451391334860098, -10.163522043880659 ], [ 33.45735759782297, -10.169443697685484 ], [ 33.459359696455259, -10.171427988339724 ], [ 33.479309716382318, -10.173621856039356 ], [ 33.494140682362783, -10.178772138633272 ], [ 33.498969871288516, -10.183485448414874 ], [ 33.503379950264048, -10.187788405197985 ], [ 33.518358110313983, -10.207421888631119 ], [ 33.52889043953359, -10.212719309925674 ], [ 33.529470198259766, -10.21300908968025 ], [ 33.5345802800394, -10.212349155191006 ], [ 33.55671973703091, -10.224147924782526 ], [ 33.557268227708811, -10.224437755065352 ], [ 33.559649341030486, -10.227336232558272 ], [ 33.560501011728007, -10.228370759483193 ], [ 33.563238967127575, -10.237119460245934 ], [ 33.5571165814602, -10.251250384586811 ], [ 33.550521571924058, -10.266478193949091 ], [ 33.550619657584583, -10.273532484452387 ], [ 33.550691000314039, -10.278660433087781 ], [ 33.549197234699157, -10.28734232298779 ], [ 33.54803786908716, -10.294048815051033 ], [ 33.543717016237061, -10.298289396290132 ], [ 33.54056885344518, -10.30137065004009 ], [ 33.537759660428726, -10.306182052738077 ], [ 33.539079542879065, -10.317909471770289 ], [ 33.53482997881779, -10.330069464081525 ], [ 33.541589969172918, -10.339041126285137 ], [ 33.542352509019551, -10.340048882476982 ], [ 33.549808140941529, -10.349939200969516 ], [ 33.54806016964266, -10.371539049158276 ], [ 33.548635368366895, -10.372693953066801 ], [ 33.550129142827082, -10.375690509614865 ], [ 33.554075489018288, -10.379641230834673 ], [ 33.556140059244811, -10.381710312685973 ], [ 33.563229997076157, -10.401522041463657 ], [ 33.563198815462187, -10.406119377413537 ], [ 33.566667942018313, -10.409129276407441 ], [ 33.574783573680079, -10.424673744804924 ], [ 33.576781238492316, -10.42849963937487 ], [ 33.588579985801331, -10.438229406304384 ], [ 33.598938506337767, -10.441841240921676 ], [ 33.614353597319159, -10.447218946295736 ], [ 33.618736882560079, -10.448748387999476 ], [ 33.618741322264242, -10.448748452917748 ], [ 33.625006390372462, -10.461189338329659 ], [ 33.629541308434597, -10.470192258743646 ], [ 33.630138805184131, -10.474860875781696 ], [ 33.630660576643756, -10.478940978691972 ], [ 33.62081933700717, -10.492911348777104 ], [ 33.62497070434636, -10.499600013602423 ], [ 33.633567914217878, -10.497580055762354 ], [ 33.633572353223599, -10.497580044454786 ], [ 33.639810656832736, -10.504282017217411 ], [ 33.643801486135132, -10.513481194099736 ], [ 33.646708844795427, -10.520192149934664 ], [ 33.657869956107234, -10.526697946557181 ], [ 33.660991341173577, -10.527728007992344 ], [ 33.668509378516255, -10.53019838098591 ], [ 33.67379787679868, -10.540802082078473 ], [ 33.674029715372825, -10.543727257941601 ], [ 33.674230408442504, -10.546317966342503 ], [ 33.678850070222225, -10.552556293771035 ], [ 33.678850070222225, -10.55256073258785 ], [ 33.67856022280337, -10.568403951773684 ], [ 33.678520034880393, -10.570490825482125 ], [ 33.679117561820661, -10.57173041068773 ], [ 33.681512153599293, -10.576720148049837 ], [ 33.687317878363046, -10.577669958482565 ], [ 33.697083315778031, -10.573157355409261 ], [ 33.698617222893013, -10.572448363091386 ], [ 33.705038357514546, -10.569478538337034 ], [ 33.705047228772585, -10.569541018861196 ], [ 33.705372820420855, -10.572252122507486 ], [ 33.705698325637002, -10.5750078526753 ], [ 33.701462148469538, -10.585330651625011 ], [ 33.687438260141171, -10.598360199175385 ], [ 33.6859311305642, -10.602640905956893 ], [ 33.684967971217361, -10.605378771985734 ], [ 33.684611167184173, -10.606399918051336 ], [ 33.669713345292742, -10.617525383906838 ], [ 33.663831775503418, -10.621922081571629 ], [ 33.661250008242149, -10.622724672547372 ], [ 33.651480074477057, -10.625770286306345 ], [ 33.648710962497596, -10.628004306133958 ], [ 33.646111367816069, -10.630100075436419 ], [ 33.638602209845118, -10.641791838665432 ], [ 33.62339222447855, -10.659641595390791 ], [ 33.615941022748899, -10.660520063929621 ], [ 33.602238267818386, -10.656761027141771 ], [ 33.60089603771015, -10.657835694273915 ], [ 33.597101346364511, -10.660881210614422 ], [ 33.593328963340817, -10.670058051782325 ], [ 33.592111636764237, -10.671578631559061 ], [ 33.591964487274431, -10.671761409226807 ], [ 33.584419673211968, -10.681268257920506 ], [ 33.577222671714033, -10.692540859532725 ], [ 33.569642171189855, -10.704410999470259 ], [ 33.567394828774646, -10.706497816088207 ], [ 33.559809868172024, -10.713552099009121 ], [ 33.552015402127971, -10.728579300495916 ], [ 33.549701083110854, -10.733038399989111 ], [ 33.546740241149806, -10.735174303671069 ], [ 33.544323429112133, -10.736917840640091 ], [ 33.544318985915069, -10.736917785854992 ], [ 33.537590208957809, -10.734121925516774 ], [ 33.532239300713769, -10.735468603163449 ], [ 33.531507957173318, -10.739602183249319 ], [ 33.532069839396485, -10.743379088568419 ], [ 33.533969361267452, -10.756172194735319 ], [ 33.531360799029166, -10.765589841110263 ], [ 33.529929456273592, -10.766191851410303 ], [ 33.526460268522115, -10.767627663105678 ], [ 33.526460268522108, -10.767632120465068 ], [ 33.523365633233858, -10.770798051659343 ], [ 33.516627936629121, -10.777691821521437 ], [ 33.512645930459861, -10.778646122257301 ], [ 33.51009986526546, -10.779261426611155 ], [ 33.503781291596177, -10.786119534742925 ], [ 33.499897399081547, -10.788500715284828 ], [ 33.495612230681957, -10.791131588650234 ], [ 33.483251562121033, -10.794047858012416 ], [ 33.477089139438611, -10.798225972256638 ], [ 33.472500667047143, -10.801338449350183 ], [ 33.460309502701648, -10.816441434488613 ], [ 33.452608667797215, -10.820530390728537 ], [ 33.442597990180069, -10.820699854323408 ], [ 33.432248357715395, -10.817761331995658 ], [ 33.423120619729033, -10.815170596670503 ], [ 33.416110867691806, -10.813181847758122 ], [ 33.409560440670163, -10.812307865084531 ], [ 33.403322163093151, -10.811478437464379 ], [ 33.388651720210397, -10.812539720156536 ], [ 33.376242065001378, -10.824178001964972 ], [ 33.36670854788774, -10.82803066137728 ], [ 33.363881404680171, -10.829172146555829 ], [ 33.334558381704106, -10.828521106773046 ], [ 33.327116123450509, -10.841920754691207 ], [ 33.321832162131336, -10.851432013303405 ], [ 33.32007523117376, -10.856229947834676 ], [ 33.319517843858804, -10.857750532969725 ], [ 33.319228014890029, -10.858539804010187 ], [ 33.317752049117338, -10.860515191539395 ], [ 33.31100992339983, -10.869518068795553 ], [ 33.305899741373892, -10.871533609686773 ], [ 33.302368137105468, -10.872920395949604 ], [ 33.295380701540836, -10.87424923494202 ], [ 33.286061195863262, -10.876019448869551 ], [ 33.285022279538424, -10.871141209610073 ], [ 33.284250838848465, -10.867511538621571 ], [ 33.278681359012374, -10.865629791858522 ], [ 33.27424905764655, -10.865830437762899 ], [ 33.265620707858737, -10.868760037538905 ], [ 33.249639289638104, -10.886721293490067 ], [ 33.247320507098564, -10.889329859400229 ], [ 33.245889132297357, -10.893918276178249 ], [ 33.248430879470682, -10.897391945790719 ], [ 33.250918993285481, -10.907291185635739 ], [ 33.250923535770646, -10.907291154519426 ], [ 33.25256892994885, -10.907692485289326 ], [ 33.25581069850314, -10.90848172062111 ], [ 33.258615458958438, -10.905940049654136 ], [ 33.260871755381132, -10.903897805825766 ], [ 33.262129201430724, -10.902769629041883 ], [ 33.262646469550681, -10.902952480144849 ], [ 33.27142195469569, -10.906051528010625 ], [ 33.27328139274158, -10.903607949827434 ], [ 33.276826394205003, -10.898961515993289 ], [ 33.276830849795964, -10.898961569726952 ], [ 33.279274453594489, -10.900192270088832 ], [ 33.280540829499941, -10.900829905252287 ], [ 33.299491996317499, -10.920958291511093 ], [ 33.299491996317506, -10.920962766771039 ], [ 33.304080417601092, -10.930420514969578 ], [ 33.30534681241182, -10.931686908911765 ], [ 33.309868316750283, -10.936208413660667 ], [ 33.313078879853762, -10.943360846201486 ], [ 33.311647531582125, -10.956501791036498 ], [ 33.307870644056258, -10.991157945163899 ], [ 33.3089274747473, -10.998537729556025 ], [ 33.310541650450993, -11.009810371708134 ], [ 33.310804781239739, -11.010416769058876 ], [ 33.313792361936116, -11.017279355366547 ], [ 33.31856801696118, -11.028262102020314 ], [ 33.31805078990066, -11.037229328549497 ], [ 33.320329428871212, -11.044377302892947 ], [ 33.320329428871212, -11.044381784147559 ], [ 33.329350188456914, -11.053411431599644 ], [ 33.331031248310886, -11.063934900837666 ], [ 33.331588654930478, -11.067448669759484 ], [ 33.338308538680039, -11.07300915811245 ], [ 33.339401001209119, -11.074369223105613 ], [ 33.345077445904039, -11.08148143808058 ], [ 33.347552207314287, -11.084580572331175 ], [ 33.351583202087689, -11.086863610506796 ], [ 33.358231749495317, -11.090618136132541 ], [ 33.365861312489997, -11.099638966093622 ], [ 33.375831800445681, -11.118081751575417 ], [ 33.376219809927392, -11.118799688026614 ], [ 33.372188732042915, -11.129131397145615 ], [ 33.373758367010268, -11.138339454100166 ], [ 33.378609889896346, -11.145268946541163 ], [ 33.384054390908091, -11.144377099406736 ], [ 33.392138748338411, -11.14304828864962 ], [ 33.403059113367839, -11.147948821848173 ], [ 33.403598646917644, -11.14870690076877 ], [ 33.405368946031892, -11.151190582588988 ], [ 33.405926265176589, -11.159796648967802 ], [ 33.406011065027137, -11.161080894253875 ], [ 33.405783619850446, -11.161549055444347 ], [ 33.40199783647337, -11.169339121006157 ], [ 33.401355690658335, -11.174150524195534 ], [ 33.401262072559888, -11.174850571793254 ], [ 33.397841954357808, -11.179893840423599 ], [ 33.393498812514558, -11.186301536840368 ], [ 33.392227925045852, -11.202849306538125 ], [ 33.382551684614441, -11.223031162802011 ], [ 33.382030007154256, -11.230611652783718 ], [ 33.382025556407399, -11.230616103420193 ], [ 33.376848513788232, -11.237937919749305 ], [ 33.365830066422582, -11.247663246343599 ], [ 33.359511561121884, -11.253241574504058 ], [ 33.356399112554612, -11.264951195197655 ], [ 33.352809505527432, -11.271211795242365 ], [ 33.349558821248316, -11.276870397989976 ], [ 33.347627982663688, -11.28742955212989 ], [ 33.342352934505939, -11.29608906053476 ], [ 33.337019797213195, -11.304837860364039 ], [ 33.326451726010887, -11.316270973131795 ], [ 33.313359819404333, -11.327641712564667 ], [ 33.309101356468538, -11.331338292615969 ], [ 33.309092448250013, -11.331360557849619 ], [ 33.308829398466379, -11.332172129274809 ], [ 33.30802671104199, -11.334593409024388 ], [ 33.30742925236747, -11.336390455337796 ], [ 33.308307665245465, -11.340537388346215 ], [ 33.308789225707798, -11.34282938753317 ], [ 33.315696382624765, -11.353112053576082 ], [ 33.317328431735767, -11.355537833182895 ], [ 33.318184572028272, -11.360581070489349 ], [ 33.318229194579004, -11.360839695516152 ], [ 33.316552537349679, -11.362815049332532 ], [ 33.312588432819304, -11.367470391239241 ], [ 33.303170785738509, -11.369231727540511 ], [ 33.294636071835818, -11.367122579504827 ], [ 33.294631617061981, -11.367118119985733 ], [ 33.288790204558509, -11.368919582625681 ], [ 33.283367924139661, -11.376941525371448 ], [ 33.283506123740516, -11.382180967870699 ], [ 33.283559672820033, -11.384299018418702 ], [ 33.286092467706283, -11.387817247504366 ], [ 33.29073883756034, -11.394269602857818 ], [ 33.291175764628122, -11.394876053809877 ], [ 33.291875871898256, -11.395857015419466 ], [ 33.291880326798633, -11.395861475471991 ], [ 33.293570347035015, -11.421849101225208 ], [ 33.293565892212243, -11.421853571550074 ], [ 33.288598466209457, -11.431940027908698 ], [ 33.284380126703958, -11.435592036729734 ], [ 33.278311294262352, -11.436470478167992 ], [ 33.272724079191462, -11.434129487549948 ], [ 33.272719623412186, -11.434129455099553 ], [ 33.269584846386998, -11.431369300872024 ], [ 33.253260059204358, -11.417002061454305 ], [ 33.249541153475626, -11.413729124400593 ], [ 33.249438646077166, -11.410340140451272 ], [ 33.249349423412575, -11.40729016304757 ], [ 33.245180208283237, -11.402893461781272 ], [ 33.245180208283237, -11.40288903306141 ], [ 33.243958371509223, -11.40246093257919 ], [ 33.239829212684953, -11.401020654923336 ], [ 33.23183851548886, -11.410161808490402 ], [ 33.231539766713304, -11.412293288538361 ], [ 33.231098371223652, -11.415441345945354 ], [ 33.227548875382929, -11.422781054368926 ], [ 33.227169871952405, -11.426491014257172 ], [ 33.22679978281198, -11.43012965879128 ], [ 33.230197571900455, -11.436198485176792 ], [ 33.234170610417003, -11.443301830851999 ], [ 33.238001022808128, -11.446659517680759 ], [ 33.24183137041593, -11.450021682124756 ], [ 33.246223578759675, -11.45905584150786 ], [ 33.246879097351936, -11.460398029396666 ], [ 33.247298222382611, -11.46393859113399 ], [ 33.24798938904614, -11.469837981612622 ], [ 33.243427718440316, -11.485163865290872 ], [ 33.241077758890206, -11.493038694032988 ], [ 33.251142003344988, -11.502759515360196 ], [ 33.252341466444733, -11.512221757425978 ], [ 33.249781994012338, -11.523828757170278 ], [ 33.248751946575346, -11.528501882863678 ], [ 33.245857933235143, -11.531311111261651 ], [ 33.239820298113834, -11.537179325468271 ], [ 33.235601985889161, -11.53944898028565 ], [ 33.230639057191304, -11.548157623132214 ], [ 33.230639057191304, -11.54816206001485 ], [ 33.230442832228121, -11.54835384639855 ], [ 33.224770825816293, -11.553860779271469 ], [ 33.2247708258163, -11.553865291894802 ], [ 33.224289277752398, -11.589279472887437 ], [ 33.231851888439913, -11.588026473534384 ], [ 33.240038790588471, -11.586670846972934 ], [ 33.2407121797714, -11.586554898820303 ], [ 33.241581681528444, -11.586407791989686 ], [ 33.260309914354686, -11.577801750922154 ], [ 33.269415349780878, -11.580481635823412 ], [ 33.275261269554342, -11.582202858202054 ], [ 33.278708177727388, -11.583219487652672 ], [ 33.27871263323204, -11.583219514024259 ], [ 33.285057921252445, -11.576129545982813 ], [ 33.289481333346068, -11.578229779641987 ], [ 33.292250425500107, -11.582849397863409 ], [ 33.292460061800305, -11.586068853544717 ], [ 33.306671181219841, -11.59121913668368 ], [ 33.309574090467073, -11.593979358314511 ], [ 33.311067825659507, -11.595401815398279 ], [ 33.315870337844075, -11.61083915596271 ], [ 33.317609358956865, -11.630169378739563 ], [ 33.317297255615848, -11.634316389827109 ], [ 33.317141117919185, -11.636389839404828 ], [ 33.314800135714727, -11.667411789832761 ], [ 33.316610521944781, -11.710442162562549 ], [ 33.314898205949966, -11.721701349493738 ], [ 33.315005269412147, -11.722133930060954 ], [ 33.323530995134533, -11.758101030847207 ], [ 33.323138662938021, -11.761601373976783 ], [ 33.322541126213252, -11.767059332882834 ], [ 33.327330223225779, -11.784110953479329 ], [ 33.327691365652832, -11.784592520637348 ], [ 33.330799344287726, -11.788739522990943 ], [ 33.333541736468341, -11.798879470072221 ], [ 33.333617522806961, -11.802669740008112 ], [ 33.333720112580849, -11.807619308485599 ], [ 33.329189617023438, -11.821620868319398 ], [ 33.321167728406216, -11.832848925702228 ], [ 33.314800135714727, -11.841758187011061 ], [ 33.305810570549383, -11.85826133646809 ], [ 33.30549842918785, -11.86045967209666 ], [ 33.304838509015141, -11.865150661116163 ], [ 33.307121570420129, -11.872989767893598 ], [ 33.309502739388059, -11.875638469500554 ], [ 33.310568460358979, -11.876829022516723 ], [ 33.317319524273955, -11.884329268921455 ], [ 33.323080682253668, -11.896787999113322 ], [ 33.323022701534541, -11.905398470737033 ], [ 33.322937999948905, -11.918410122314352 ], [ 33.320324975278481, -11.929397381835557 ], [ 33.319330534278713, -11.933571126803793 ], [ 33.318465496764908, -11.935599995788598 ], [ 33.310550558536264, -11.954207795180638 ], [ 33.310305328928301, -11.96084740736085 ], [ 33.309970931703809, -11.970082173796179 ], [ 33.307821648221839, -11.977421896490101 ], [ 33.309640901753909, -11.984601069741739 ], [ 33.310100185276056, -11.986398035238905 ], [ 33.310100185276056, -11.986402491203728 ], [ 33.309038998921629, -11.996752105527342 ], [ 33.308775863336642, -11.999374051525097 ], [ 33.308601981031217, -12.001122035022577 ], [ 33.301480761473769, -12.017170322263517 ], [ 33.297369465349533, -12.022182352010637 ], [ 33.293231437241261, -12.027230091296946 ], [ 33.293226982402921, -12.027234541629896 ], [ 33.289169225095591, -12.040090100910886 ], [ 33.288049979349907, -12.042119013687214 ], [ 33.283885164909584, -12.049686058293295 ], [ 33.279461754887237, -12.057730327534268 ], [ 33.270151175421603, -12.085501611776195 ], [ 33.262240693681825, -12.11329964047232 ], [ 33.261099198949722, -12.117308376891412 ], [ 33.26080928115033, -12.118329504849273 ], [ 33.260037905346209, -12.128210822485308 ], [ 33.260207332596764, -12.130003440863335 ], [ 33.261348837793307, -12.142248126861508 ], [ 33.265968540489403, -12.151019160635226 ], [ 33.266485788190884, -12.151362539499464 ], [ 33.266891546349129, -12.151630059832732 ], [ 33.272719623412186, -12.155438152807996 ], [ 33.277147453284208, -12.15665542998747 ], [ 33.288130256361313, -12.159678692244718 ], [ 33.297699451419497, -12.160650820315219 ], [ 33.305190741109882, -12.161408841311456 ], [ 33.305449346494804, -12.16171211598151 ], [ 33.309360037072409, -12.166269268798283 ], [ 33.308998826249976, -12.185581639386228 ], [ 33.311669801539509, -12.205839372077939 ], [ 33.311611899639686, -12.206213884732843 ], [ 33.311571728034991, -12.206490372723787 ], [ 33.308784771584286, -12.223524150015466 ], [ 33.307768112535278, -12.229731202663823 ], [ 33.307768112535278, -12.229735670690856 ], [ 33.307768112535278, -12.230306443997991 ], [ 33.30771012264622, -12.238239190861083 ], [ 33.311148083616047, -12.249538528617054 ], [ 33.317890285362751, -12.255571735552987 ], [ 33.327709178666268, -12.256548229969443 ], [ 33.331160559396885, -12.265537795554049 ], [ 33.333858326010599, -12.282121191070594 ], [ 33.338718705946761, -12.290201074639102 ], [ 33.339771089570739, -12.290936854985638 ], [ 33.351297835797695, -12.299021216007683 ], [ 33.3551773067162, -12.304073363874823 ], [ 33.357331016984361, -12.306878112664426 ], [ 33.358057870506812, -12.308443270478211 ], [ 33.35865090700932, -12.309718587921299 ], [ 33.361255019233781, -12.315345968765518 ], [ 33.3631010899961, -12.31934134264587 ], [ 33.365214730845153, -12.34063354506667 ], [ 33.365959416515302, -12.348106948247347 ], [ 33.365959416515302, -12.348111419664958 ], [ 33.367065262837308, -12.348245228203819 ], [ 33.369928008725346, -12.348588520638877 ], [ 33.379211872895688, -12.34411162158896 ], [ 33.381682163549172, -12.342921013632658 ], [ 33.384651974827555, -12.342145107357593 ], [ 33.394568997993815, -12.339549944079421 ], [ 33.40206475494017, -12.340633520667254 ], [ 33.40790171430352, -12.341480771064706 ], [ 33.423321245273705, -12.341128506775442 ], [ 33.430509351692848, -12.338640321645169 ], [ 33.432970795599026, -12.337788620827736 ], [ 33.448238752887946, -12.326779083639336 ], [ 33.448243200565805, -12.326779076565161 ], [ 33.454111389337641, -12.322551878096336 ], [ 33.464657144719432, -12.322676717518878 ], [ 33.476121457926574, -12.322810486092177 ], [ 33.481476888109285, -12.328272883348566 ], [ 33.485650602839165, -12.332531307963212 ], [ 33.502251825859972, -12.334471003526119 ], [ 33.511812122335215, -12.342350252611141 ], [ 33.515321417982413, -12.342140695502115 ], [ 33.526616322304015, -12.331626123126464 ], [ 33.526620766329096, -12.331621649939581 ], [ 33.531530261610826, -12.331880288817388 ], [ 33.535253576510648, -12.335911318008121 ], [ 33.54221869756212, -12.34345165734803 ], [ 33.547480438939694, -12.355954994046646 ], [ 33.548229602427682, -12.357738586486628 ], [ 33.548140400333487, -12.35812658130614 ], [ 33.548051198155441, -12.358518967259435 ], [ 33.547609799937035, -12.36046757793577 ], [ 33.545589817242906, -12.369448216903972 ], [ 33.543230909051303, -12.372431395249347 ], [ 33.53448217780727, -12.378535873889884 ], [ 33.522308853322329, -12.387030468833151 ], [ 33.519263312888491, -12.388363705386128 ], [ 33.511981534274767, -12.391560889172228 ], [ 33.505859178314815, -12.396818208308806 ], [ 33.50350039558262, -12.400960676513767 ], [ 33.500900657689812, -12.405531240076764 ], [ 33.49760985131082, -12.40834497168227 ], [ 33.496892005296594, -12.408955887512723 ], [ 33.496892005296594, -12.408960280842205 ], [ 33.492071687874173, -12.409673752453379 ], [ 33.487991616495599, -12.410280184547846 ], [ 33.486707362035453, -12.411114099868918 ], [ 33.48305986882098, -12.413481826489683 ], [ 33.476696663980306, -12.413865337942383 ], [ 33.476268615922315, -12.413892111845021 ], [ 33.474725797142121, -12.416130575999379 ], [ 33.473428195680611, -12.418007835003072 ], [ 33.472821758692341, -12.420197211559222 ], [ 33.471519684767486, -12.424901609778036 ], [ 33.476589694899161, -12.442738020198142 ], [ 33.477494866729529, -12.445939658192147 ], [ 33.478850470762552, -12.450706434418613 ], [ 33.478850470762552, -12.450710906211215 ], [ 33.478346589159663, -12.451575913179552 ], [ 33.476718981255509, -12.45437181043588 ], [ 33.472121683455512, -12.459013700372822 ], [ 33.470828493243033, -12.460320219435454 ], [ 33.463172205782236, -12.459972454415102 ], [ 33.458891546091387, -12.459780708607301 ], [ 33.449491706892204, -12.466389063857802 ], [ 33.449487259272345, -12.466393550271654 ], [ 33.448341306023259, -12.468747941827733 ], [ 33.447592126751879, -12.470290760038422 ], [ 33.442820900145911, -12.472676443678925 ], [ 33.433501349828354, -12.477340661905215 ], [ 33.419201022521491, -12.497103343459546 ], [ 33.415780944128635, -12.501830028854755 ], [ 33.415589201204831, -12.503653783517727 ], [ 33.414278220359364, -12.516308718485782 ], [ 33.409801225289087, -12.52133859818886 ], [ 33.400303380330762, -12.525209043982038 ], [ 33.399050382640667, -12.525721896210616 ], [ 33.394778583503552, -12.527460958389186 ], [ 33.385071103013914, -12.534604374785189 ], [ 33.383010963857814, -12.536120480472531 ], [ 33.382012118574316, -12.53715945584452 ], [ 33.370280260469968, -12.549381877120968 ], [ 33.360648557929281, -12.55323008477718 ], [ 33.354561903172232, -12.55203953136324 ], [ 33.351048171708932, -12.550492189700403 ], [ 33.338678631225832, -12.545038731816295 ], [ 33.33263203886564, -12.540401253113066 ], [ 33.332627585839283, -12.540396784228705 ], [ 33.332195041859343, -12.539224025780426 ], [ 33.33100898280842, -12.53601792901553 ], [ 33.325805137372036, -12.531759513530476 ], [ 33.324489765768526, -12.5306804298062 ], [ 33.321212263936467, -12.528963632231905 ], [ 33.315152417241421, -12.525788732997048 ], [ 33.315147963410517, -12.525788745040096 ], [ 33.308298756953967, -12.528103054547378 ], [ 33.301779552438106, -12.530301357115349 ], [ 33.295188976215215, -12.534171848876705 ], [ 33.29171086909794, -12.534840777472171 ], [ 33.285035645182717, -12.53612493575022 ], [ 33.281361308890347, -12.536829497318767 ], [ 33.270811074406105, -12.536990030712555 ], [ 33.264942949104899, -12.54036552281112 ], [ 33.26212028890091, -12.541988691623846 ], [ 33.262432398352871, -12.545890392199908 ], [ 33.262971945993613, -12.55257904101739 ], [ 33.238411271325937, -12.582530826448288 ], [ 33.232239874670263, -12.592840273185221 ], [ 33.227312523495534, -12.595529080979581 ], [ 33.223080896282006, -12.597838926459122 ], [ 33.217449015495397, -12.598258101886298 ], [ 33.212811579289401, -12.60064370873371 ], [ 33.206872050530222, -12.603698188144124 ], [ 33.204468561384573, -12.606025863494198 ], [ 33.201619196911025, -12.608790492523624 ], [ 33.198850100018589, -12.611470420625789 ], [ 33.195590488182404, -12.623634839467428 ], [ 33.193071119988382, -12.633048002007254 ], [ 33.18858972938245, -12.638068924868081 ], [ 33.186823959694877, -12.638974119604574 ], [ 33.181058335745526, -12.641930491067066 ], [ 33.175671748553889, -12.641658473176268 ], [ 33.17478433390356, -12.638323074500555 ], [ 33.174079783050509, -12.635669930757446 ], [ 33.177156559023842, -12.623331602190603 ], [ 33.178659273076079, -12.617298415032398 ], [ 33.178605752149402, -12.615715456811559 ], [ 33.178472035475657, -12.611550676594048 ], [ 33.168702162326291, -12.601361592812534 ], [ 33.1636232038991, -12.59951556037762 ], [ 33.152577998243608, -12.595497920424174 ], [ 33.145229424631232, -12.596206902570472 ], [ 33.137109414481031, -12.5969916774753 ], [ 33.134108440502068, -12.597660520461131 ], [ 33.129132043326592, -12.598770850013995 ], [ 33.119906181615235, -12.607091561018667 ], [ 33.115219674137364, -12.611318773573913 ], [ 33.109739440746097, -12.611862800597516 ], [ 33.10653781216385, -12.61217938427003 ], [ 33.099541435839967, -12.607987802671012 ], [ 33.090730281439285, -12.595738656795913 ], [ 33.086061618473082, -12.593861365509298 ], [ 33.083221182587806, -12.597749721397099 ], [ 33.074298497871027, -12.600897854542687 ], [ 33.069946417960558, -12.604875416724415 ], [ 33.065558682623312, -12.608879683308341 ], [ 33.056167834158082, -12.611568523639303 ], [ 33.040119485930937, -12.627318023621681 ], [ 33.035820877184378, -12.634840560087506 ], [ 33.03413087840314, -12.637796905454472 ], [ 33.026109026018581, -12.651820797262902 ], [ 33.019540719636126, -12.652690333948971 ], [ 33.016655678551821, -12.655914269792298 ], [ 33.015050407569525, -12.657711273896298 ], [ 33.015014753678436, -12.657804931612995 ], [ 33.011460812766025, -12.667802205261266 ], [ 33.008718505640303, -12.692532390272456 ], [ 33.00842870230354, -12.695149870919034 ], [ 33.006261551453399, -12.702262162150566 ], [ 33.000214965670629, -12.710694304843905 ], [ 32.991341358109651, -12.723081669973441 ], [ 32.975632002838438, -12.739758727984425 ], [ 32.975516060293046, -12.739879143954639 ], [ 32.974789203178695, -12.740650521064854 ], [ 32.963708295684199, -12.748841925359985 ], [ 32.961906873414016, -12.752801589868728 ], [ 32.960368456976788, -12.756181607848662 ], [ 32.959610457756909, -12.763855687429272 ], [ 32.95807200596294, -12.779391238231407 ], [ 32.956997388020831, -12.80751478591873 ], [ 32.955998578695123, -12.833640599815796 ], [ 32.956801220215546, -12.839045054654896 ], [ 32.957331783611195, -12.842621282429215 ], [ 32.96081880103452, -12.846558633140361 ], [ 32.961166679469621, -12.846835130012726 ], [ 32.970098238962599, -12.853880509550841 ], [ 32.970838452663031, -12.854460183857892 ], [ 32.975993151401084, -12.857287250558068 ], [ 32.980180299369103, -12.859588120913402 ], [ 32.987992561549177, -12.867378222475725 ], [ 33.000420156236729, -12.879761138458466 ], [ 33.006132240916699, -12.882570346632599 ], [ 33.015607809390097, -12.887230127736718 ], [ 33.017935495240977, -12.890601164036159 ], [ 33.020240790382651, -12.893941055431469 ], [ 33.021707838829407, -12.901410081268272 ], [ 33.02205120939967, -12.903149097870157 ], [ 33.025979655390188, -12.91076972215232 ], [ 33.025649699392503, -12.912687098314148 ], [ 33.024989784109181, -12.916508534969269 ], [ 33.017337986042712, -12.93554000678998 ], [ 33.017489532928401, -12.945889571258613 ], [ 33.015429454893521, -12.952988485028925 ], [ 33.012428480826465, -12.963329124498955 ], [ 33.01184880900999, -12.970905144665288 ], [ 33.011130894485717, -12.980331703740697 ], [ 33.012241185425964, -12.988389264724567 ], [ 33.007238119820883, -12.997780171995689 ], [ 33.003318556691525, -13.00111556259454 ], [ 32.999198286577112, -13.004620392963101 ], [ 32.991550949553712, -13.023179185564752 ], [ 32.987060663635845, -13.027058605848291 ], [ 32.987939109137898, -13.034420594785423 ], [ 32.987943577829341, -13.034420570090731 ], [ 32.991336889570576, -13.038545294000125 ], [ 32.995381351029103, -13.043450270800376 ], [ 32.996228530872479, -13.054950328471449 ], [ 32.994266575458653, -13.058076129501249 ], [ 32.991479624921539, -13.062508471464691 ], [ 32.989499787435399, -13.064715711923942 ], [ 32.988670425011058, -13.065638764464779 ], [ 32.984233549685989, -13.070610629734501 ], [ 32.979640747359568, -13.075752015396839 ], [ 32.979872536785294, -13.085660155067517 ], [ 32.980157954170195, -13.098060892048283 ], [ 32.978940648923512, -13.104259026011585 ], [ 32.974428050258616, -13.110198538133933 ], [ 32.974561785285736, -13.123772057345226 ], [ 32.977857059431933, -13.14175116158736 ], [ 32.980639578040915, -13.156929886578187 ], [ 32.995559655530322, -13.169919293689858 ], [ 32.996478240890589, -13.171225773160584 ], [ 33.001427886680681, -13.178271198275842 ], [ 33.006471111494598, -13.185410187402276 ], [ 33.009521152514679, -13.195657252037492 ], [ 33.010591338273215, -13.199237883649797 ], [ 33.012611308290047, -13.201543249040119 ], [ 33.013846501760113, -13.202947858317831 ], [ 33.013850969288811, -13.202947826374356 ], [ 33.016602155618052, -13.211009931508421 ], [ 33.016597774124612, -13.211009874718089 ], [ 33.01444841353009, -13.213658599369669 ], [ 33.01399805396774, -13.214211525727301 ], [ 33.012343768363316, -13.215143487873002 ], [ 33.001499204188832, -13.221247976192549 ], [ 32.991381489018885, -13.223241227425452 ], [ 32.982320602447196, -13.228244321210273 ], [ 32.981950538872681, -13.228449440266298 ], [ 32.981402058471097, -13.230647784041404 ], [ 32.978789043360841, -13.241068681488072 ], [ 32.9735897097652, -13.246089677872305 ], [ 32.972769239716087, -13.248582253355718 ], [ 32.969741538575512, -13.257790341155285 ], [ 32.967610076787416, -13.26006894766279 ], [ 32.958459952150179, -13.25885156939913 ], [ 32.956132338402156, -13.259475895412953 ], [ 32.955160255426776, -13.25973896402259 ], [ 32.953318618828327, -13.262249406709875 ], [ 32.952837035105517, -13.262909372054663 ], [ 32.945430480522887, -13.273000325435534 ], [ 32.941069492855753, -13.28952132496695 ], [ 32.939522158029703, -13.292370628916371 ], [ 32.938211156292155, -13.294778556188351 ], [ 32.938594708616478, -13.299866405473715 ], [ 32.938839919957864, -13.303068034044685 ], [ 32.933747620369459, -13.316052938865855 ], [ 32.932369733342519, -13.31957115944334 ], [ 32.932664056762448, -13.320828656310761 ], [ 32.933497925430849, -13.324409325496767 ], [ 32.929614074402387, -13.334955074985992 ], [ 32.922938802481383, -13.353059022407832 ], [ 32.92289864408162, -13.358253873257596 ], [ 32.922698023826456, -13.381797903552844 ], [ 32.922680137389023, -13.384330729021116 ], [ 32.922425943250488, -13.385454434507842 ], [ 32.920000231449571, -13.396272190727116 ], [ 32.915438533879907, -13.407732050124418 ], [ 32.901182806191358, -13.429791254274855 ], [ 32.888541244480344, -13.449348824351414 ], [ 32.882610645090729, -13.455738733604917 ], [ 32.875770421105642, -13.458668378844191 ], [ 32.86075212958454, -13.456478950866426 ], [ 32.848997976256371, -13.45638086870145 ], [ 32.844989259022519, -13.457731980463555 ], [ 32.843731758185214, -13.461192263094761 ], [ 32.843071847976269, -13.462998170013678 ], [ 32.843143192154358, -13.46829109206606 ], [ 32.843361699522475, -13.484611405587172 ], [ 32.843834341648851, -13.493195224467392 ], [ 32.843968078658861, -13.495652174839952 ], [ 32.843972553768097, -13.495652135431813 ], [ 32.847169710448966, -13.50717893365311 ], [ 32.844521011327856, -13.51450972523531 ], [ 32.844516536242921, -13.514509688362063 ], [ 32.842924684313417, -13.515419389669262 ], [ 32.836958351158195, -13.518821628841076 ], [ 32.821801893893991, -13.532261373315672 ], [ 32.808429033380101, -13.535360449239537 ], [ 32.803657810927497, -13.536470798763462 ], [ 32.79774056320251, -13.540791665779015 ], [ 32.793219053145876, -13.546958588200711 ], [ 32.792068624974007, -13.54737776998766 ], [ 32.783181620767223, -13.5506195320988 ], [ 32.782138202646252, -13.550998505063315 ], [ 32.770682804312635, -13.550401011371635 ], [ 32.766402016620432, -13.55017804813559 ], [ 32.759271936940472, -13.55816875869588 ], [ 32.752079424532816, -13.574190295301099 ], [ 32.747571215721464, -13.57897938257385 ], [ 32.735821508508423, -13.577730799059207 ], [ 32.731349024188354, -13.578841179517507 ], [ 32.724330396164298, -13.575331815569514 ], [ 32.723202280423926, -13.575492352713958 ], [ 32.721258097533983, -13.575768820839 ], [ 32.708692307045339, -13.566792647427702 ], [ 32.705611092761345, -13.564589853760735 ], [ 32.692920475261353, -13.564710294945659 ], [ 32.692358701979877, -13.565245337404333 ], [ 32.690071154858792, -13.567439254627486 ], [ 32.690245086426401, -13.570315335720666 ], [ 32.690481419133526, -13.57411002732932 ], [ 32.690476937263767, -13.574110066112844 ], [ 32.684100417006242, -13.576031929436779 ], [ 32.681621155317991, -13.57677655866989 ], [ 32.680814087230083, -13.577017354483779 ], [ 32.680809604937359, -13.577021869978935 ], [ 32.684399169032211, -13.596129053236783 ], [ 32.673951467516801, -13.607758392619724 ], [ 32.673951467516801, -13.60776287098766 ], [ 32.675320459422352, -13.612828403712792 ], [ 32.679632392926386, -13.617559526359715 ], [ 32.679971240355641, -13.617929613275342 ], [ 32.684969950198031, -13.619530419213978 ], [ 32.689589523188396, -13.621010890561962 ], [ 32.704781721391043, -13.631721635175253 ], [ 32.713677636554785, -13.632800762583718 ], [ 32.71699074306985, -13.633202037073971 ], [ 32.718007427908162, -13.63388875914298 ], [ 32.727268970135214, -13.64018944937394 ], [ 32.736450240699831, -13.640501595624878 ], [ 32.746759672149246, -13.64426956245028 ], [ 32.750661413842437, -13.644519278526545 ], [ 32.754991185811569, -13.644800144567705 ], [ 32.760471400412001, -13.636800543024705 ], [ 32.769255837693976, -13.635953303052837 ], [ 32.773648030102791, -13.635529691445516 ], [ 32.781397978090347, -13.638361255101426 ], [ 32.786539310041114, -13.640238537693383 ], [ 32.798899967342479, -13.652300353674857 ], [ 32.799212072608242, -13.657187579309191 ], [ 32.799938908236754, -13.668629619540017 ], [ 32.826582073838154, -13.688160487 ], [ 32.834394419408568, -13.69806861398107 ], [ 32.839147840564635, -13.704101723565113 ], [ 32.839954944618135, -13.705122879984346 ], [ 32.84263930668115, -13.708529666598135 ], [ 32.843156531530667, -13.710447093376278 ], [ 32.844008268575138, -13.713590732373129 ], [ 32.840440942423321, -13.718620557858754 ], [ 32.838376360796538, -13.719677394118186 ], [ 32.830278652237084, -13.72382885523874 ], [ 32.823928875481862, -13.723057383253435 ], [ 32.815951560105205, -13.722089770645891 ], [ 32.808014336800696, -13.726919002719834 ], [ 32.806248521338908, -13.727989174071906 ], [ 32.806016675601477, -13.729933368063005 ], [ 32.805481611839397, -13.734419172153279 ], [ 32.795417410097969, -13.745731950508901 ], [ 32.794320476230439, -13.746971532162398 ], [ 32.781612054755456, -13.748237924817657 ], [ 32.781607576889371, -13.748242375329927 ], [ 32.778651194933389, -13.760955265601483 ], [ 32.777451687585966, -13.766127837021585 ], [ 32.76985783764195, -13.772508846806533 ], [ 32.772109664778498, -13.774881037153767 ], [ 32.773599028061959, -13.776446217064379 ], [ 32.773599028061959, -13.776450698493877 ], [ 32.775922249964452, -13.776107305852543 ], [ 32.777509643862857, -13.775870997016392 ], [ 32.78018067758137, -13.775478548114888 ], [ 32.783961959967719, -13.774930130531809 ], [ 32.790298398700841, -13.776820795254482 ], [ 32.791100984321574, -13.777957837930662 ], [ 32.796799753738583, -13.786068961542805 ], [ 32.798904444445498, -13.787420029756971 ], [ 32.800790578701353, -13.788628498274516 ], [ 32.805191737821609, -13.796249100655182 ], [ 32.810600631402018, -13.796748527621638 ], [ 32.814118908764549, -13.782720194878076 ], [ 32.814738720342888, -13.780240939811229 ], [ 32.82733565417783, -13.781520669127465 ], [ 32.833368828494294, -13.782136027441108 ], [ 32.834488061296454, -13.782251969544713 ], [ 32.848039227297704, -13.793399717487848 ], [ 32.861470090514892, -13.79097843651077 ], [ 32.861331816318099, -13.793943697779971 ], [ 32.861189153631287, -13.796949162430215 ], [ 32.861902637135529, -13.799102867771936 ], [ 32.863249224538933, -13.803178545834822 ], [ 32.86718218927372, -13.801970119324041 ], [ 32.871271156867145, -13.800721569229292 ], [ 32.888817717962318, -13.813496872780389 ], [ 32.88882219108023, -13.813501375531748 ], [ 32.895100618056944, -13.822049426693406 ], [ 32.896607781291401, -13.838837960302721 ], [ 32.903341054971655, -13.850391493119234 ], [ 32.916428460086657, -13.861762168667175 ], [ 32.918787353544666, -13.863327349116997 ], [ 32.923451573096912, -13.866421979778826 ], [ 32.929087835356704, -13.867608100196392 ], [ 32.929203831749831, -13.867701746847413 ], [ 32.936570230464547, -13.873418321989753 ], [ 32.946540815195291, -13.89059918652103 ], [ 32.947017958713758, -13.891428625545256 ], [ 32.952569506694303, -13.903651001129774 ], [ 32.947080374075959, -13.912801094935181 ], [ 32.94391880647283, -13.924412575103554 ], [ 32.942960102872142, -13.927939755475913 ], [ 32.944204240619364, -13.930267388772826 ], [ 32.946670117014989, -13.934869145951405 ], [ 32.950420226926383, -13.936969406575521 ], [ 32.962218989318977, -13.933839139420746 ], [ 32.965095120281291, -13.934137843575227 ], [ 32.974209484208302, -13.935078702900848 ], [ 32.986900132942253, -13.93886001801059 ], [ 32.990467411174194, -13.941406178246083 ], [ 33.000241774512325, -13.948389151674286 ], [ 33.001454609271036, -13.951653234982958 ], [ 33.003238304476859, -13.95645121912421 ], [ 33.003425530902753, -13.961079790140245 ], [ 33.003630628928384, -13.966109646386547 ], [ 33.001811368053986, -13.968129589992545 ], [ 33.001303037956042, -13.968695894411235 ], [ 32.997459287573648, -13.972958787778904 ], [ 32.993182980680501, -13.980757799265596 ], [ 32.992438292455773, -13.982108876705345 ], [ 32.991345826648526, -13.990139723488948 ], [ 32.98994123470618, -14.000480385632883 ], [ 32.991711472756002, -14.014281325894403 ], [ 33.001521544602561, -14.024702174589541 ], [ 33.005802219044405, -14.025999799609506 ], [ 33.011630325040194, -14.027770080861666 ], [ 33.016049226802053, -14.032380762530702 ], [ 33.029150132186246, -14.046061322677389 ], [ 33.03182109528661, -14.047109180023474 ], [ 33.038068294767697, -14.049570601956502 ], [ 33.039860866911674, -14.049454696817467 ], [ 33.04113170965077, -14.049369927610478 ], [ 33.04113170965077, -14.049365522921052 ], [ 33.050741093297049, -14.037401707726614 ], [ 33.051958378606614, -14.035885616342719 ], [ 33.053978365915867, -14.033379631472163 ], [ 33.062990214285215, -14.024938519877875 ], [ 33.066602074331975, -14.015079491583659 ], [ 33.069380133770402, -13.990050502600084 ], [ 33.072037734488198, -13.987071817337611 ], [ 33.080782042825284, -13.977270733983655 ], [ 33.092215172540179, -13.968967891261119 ], [ 33.103978305683313, -13.960428702924636 ], [ 33.108843190917483, -13.959416488036647 ], [ 33.110350297026507, -13.959099894764813 ], [ 33.110403855131679, -13.959104373390367 ], [ 33.126122158579463, -13.960589233377615 ], [ 33.127183446515865, -13.960147781413546 ], [ 33.131548877938812, -13.958341857609804 ], [ 33.131861060952936, -13.957739898991136 ], [ 33.142767965891871, -13.937040719718944 ], [ 33.144859283107252, -13.936519032541998 ], [ 33.15173078381018, -13.934811167845492 ], [ 33.167623051488725, -13.944054893740359 ], [ 33.178931337334767, -13.950632054084034 ], [ 33.181232188528185, -13.952674371024747 ], [ 33.183368142479694, -13.954569490822966 ], [ 33.1879030306606, -13.963942512561154 ], [ 33.189169393007468, -13.966559968119601 ], [ 33.189089120220174, -13.978051084927822 ], [ 33.19675881909405, -13.992128431378692 ], [ 33.239748981515504, -13.99817503092299 ], [ 33.240373257131267, -13.998259741127706 ], [ 33.24222377411013, -13.998522833469245 ], [ 33.240899469596776, -13.998732419549077 ], [ 33.208142883322864, -14.003913868469139 ], [ 33.17584115068869, -14.01486099015716 ], [ 33.130171073234422, -14.030325098933004 ], [ 33.0845009127273, -14.045789315031163 ], [ 33.075854728241694, -14.049994255647398 ], [ 33.070080196223969, -14.052798975370445 ], [ 33.054772059111762, -14.05844872679514 ], [ 33.054468907191612, -14.058560122123476 ], [ 33.001204911732238, -14.078195778294091 ], [ 32.947940945554443, -14.097831446958185 ], [ 32.934260421659189, -14.10117130658784 ], [ 32.933435501598929, -14.101501319967053 ], [ 32.932851329583833, -14.101742096139255 ], [ 32.921721402474319, -14.106348328175256 ], [ 32.918167579655936, -14.106865566727528 ], [ 32.914181138937685, -14.107440817264989 ], [ 32.843049558289067, -14.133058377645458 ], [ 32.810761185760164, -14.143407945217369 ], [ 32.794142072677609, -14.14874098996909 ], [ 32.76702186137846, -14.159264487561252 ], [ 32.759378912499088, -14.162229820305583 ], [ 32.690129074620749, -14.18690200675503 ], [ 32.689834821204798, -14.186973338261851 ], [ 32.689241743721638, -14.187120500085562 ], [ 32.683141663637194, -14.188574191768327 ], [ 32.678080628063235, -14.189778121335772 ], [ 32.661844994474528, -14.196560386748477 ], [ 32.654902214926949, -14.199458829373512 ], [ 32.610690200641898, -14.214459257519794 ], [ 32.580479791057044, -14.227323771564693 ], [ 32.568480378898329, -14.232429446126082 ], [ 32.535670342314326, -14.246390841084786 ], [ 32.531888971060404, -14.247278199714113 ], [ 32.527171257232581, -14.248388520857638 ], [ 32.451161425609257, -14.282821718063571 ], [ 32.450537174939384, -14.282946581677216 ], [ 32.449948513341951, -14.283071481343084 ], [ 32.430725348330476, -14.287120269602656 ], [ 32.395881920462543, -14.294459973532616 ], [ 32.358099954430273, -14.299601353584254 ], [ 32.334480146371597, -14.304649053595949 ], [ 32.32253865242518, -14.305358030454187 ], [ 32.321316819529216, -14.305429357020152 ], [ 32.321267776388488, -14.305429383625665 ], [ 32.315109784329593, -14.307899751923966 ], [ 32.306347661463057, -14.309719052089136 ], [ 32.273278974308433, -14.316577158541403 ], [ 32.242328372930942, -14.322998213415294 ], [ 32.205411488694587, -14.335938554430131 ], [ 32.197639239776926, -14.337980781391192 ], [ 32.186817023630738, -14.340830188374154 ], [ 32.182710137945506, -14.341909243056039 ], [ 32.17123245655651, -14.34685889361872 ], [ 32.163990901183908, -14.349980250094054 ], [ 32.159282039164076, -14.349471944567354 ], [ 32.097501183894799, -14.370171024354168 ], [ 32.076061825816595, -14.379851786941982 ], [ 32.056258963729206, -14.38878784458551 ], [ 32.03168933959995, -14.392422011163056 ], [ 31.975651841771633, -14.404430362658774 ], [ 31.951180299620027, -14.411801228779213 ], [ 31.947719977045342, -14.41284022892582 ], [ 31.931850032448086, -14.418860013914999 ], [ 31.87278480806884, -14.449083774133747 ], [ 31.866350326436532, -14.452379082201661 ], [ 31.835328314428793, -14.468249023482286 ], [ 31.828443483872725, -14.471767251472027 ], [ 31.826459168714212, -14.472779475258619 ], [ 31.819882010376983, -14.475116032416631 ], [ 31.810821140806993, -14.478339930716436 ], [ 31.785538002278305, -14.484052034504725 ], [ 31.750971093793453, -14.491859907233556 ], [ 31.748808454275487, -14.494361485112199 ], [ 31.736550389786714, -14.494209892367556 ], [ 31.725300014251406, -14.496796148058186 ], [ 31.711258292404192, -14.500020097039583 ], [ 31.683308707408013, -14.506427818179816 ], [ 31.638891571864121, -14.529080036822245 ], [ 31.605809490038254, -14.550260787122905 ], [ 31.604552048652167, -14.550586317938615 ], [ 31.599887823473487, -14.551790276645454 ], [ 31.595401987362344, -14.554238274177516 ], [ 31.547600381038102, -14.580301714666932 ], [ 31.534972228591315, -14.589099557775031 ], [ 31.533594394606855, -14.589465167988054 ], [ 31.528341555377789, -14.590851954507878 ], [ 31.518049927153253, -14.596595286872414 ], [ 31.490519412532343, -14.611961326434676 ], [ 31.482399388883955, -14.615680280383575 ], [ 31.476517875015308, -14.618369061240459 ], [ 31.472469033686952, -14.620219572043659 ], [ 31.471189206939091, -14.620206275627353 ], [ 31.465160502724807, -14.620130435259721 ], [ 31.427271558928965, -14.627358605301724 ], [ 31.364309054740705, -14.641306689882377 ], [ 31.356220224085838, -14.643099295645236 ], [ 31.325229503336715, -14.649961823872093 ], [ 31.284286052149692, -14.656155469083863 ], [ 31.266788498193471, -14.658799774525006 ], [ 31.244707073704401, -14.664788339993867 ], [ 31.229349906304552, -14.668948702122027 ], [ 31.214728466224951, -14.672908382936772 ], [ 31.188571457947528, -14.679989378155218 ], [ 31.182600693366748, -14.684729418556511 ], [ 31.170770732474949, -14.686629017536831 ], [ 31.130884020679186, -14.699957294237914 ], [ 31.106671080329242, -14.708050518974165 ], [ 31.078458408552436, -14.717468162802787 ], [ 31.071390712905398, -14.716219619086001 ], [ 31.059270884480835, -14.721789015154812 ], [ 31.047900137286906, -14.72346116468456 ], [ 31.047329428512235, -14.723728681530542 ], [ 31.041719822723863, -14.726350668553399 ], [ 31.033947615079047, -14.728018386025235 ], [ 31.02869033025296, -14.7291509703751 ], [ 31.023740714074414, -14.728388461708654 ], [ 30.992237205448653, -14.736758198364232 ], [ 30.983087154917275, -14.739188434243752 ], [ 30.98256095306423, -14.73933108410835 ], [ 30.944301843226857, -14.749488915708975 ] ] ] } }
]
}
