,year,month,date,region,admin2_name,precipitation
0,2000,1,2000-01-01T00:00:00,Zambia,Chibombo,216.89919684440824
1,2000,2,2000-02-01T00:00:00,Zambia,Chibombo,242.51791474563345
2,2000,3,2000-03-01T00:00:00,Zambia,Chibombo,195.53064086990764
10,2000,11,2000-11-01T00:00:00,Zambia,Chibombo,117.32810289485903
11,2000,12,2000-12-01T00:00:00,Zambia,Chibombo,201.9032062450079
12,2001,1,2001-01-01T00:00:00,Zambia,Chibombo,222.09239624667313
13,2001,2,2001-02-01T00:00:00,Zambia,Chibombo,331.40041422985723
14,2001,3,2001-03-01T00:00:00,Zambia,Chibombo,160.70373621497933
22,2001,11,2001-11-01T00:00:00,Zambia,Chibombo,134.06971368254017
23,2001,12,2001-12-01T00:00:00,Zambia,Chibombo,199.8735935736115
24,2002,1,2002-01-01T00:00:00,Zambia,Chibombo,131.59346050154696
25,2002,2,2002-02-01T00:00:00,Zambia,Chibombo,64.78326358810281
26,2002,3,2002-03-01T00:00:00,Zambia,Chibombo,40.5113603156078
34,2002,11,2002-11-01T00:00:00,Zambia,Chibombo,82.07636043315293
35,2002,12,2002-12-01T00:00:00,Zambia,Chibombo,223.1151467840832
36,2003,1,2003-01-01T00:00:00,Zambia,Chibombo,148.013992240786
37,2003,2,2003-02-01T00:00:00,Zambia,Chibombo,233.91351882511208
38,2003,3,2003-03-01T00:00:00,Zambia,Chibombo,214.50782028991415
46,2003,11,2003-11-01T00:00:00,Zambia,Chibombo,95.4768062346781
47,2003,12,2003-12-01T00:00:00,Zambia,Chibombo,181.3376006082415
48,2004,1,2004-01-01T00:00:00,Zambia,Chibombo,216.41819684346225
49,2004,2,2004-02-01T00:00:00,Zambia,Chibombo,206.68237515338618
50,2004,3,2004-03-01T00:00:00,Zambia,Chibombo,120.56909053479444
58,2004,11,2004-11-01T00:00:00,Zambia,Chibombo,72.87788772016785
59,2004,12,2004-12-01T00:00:00,Zambia,Chibombo,285.6087537687245
60,2005,1,2005-01-01T00:00:00,Zambia,Chibombo,188.95048917580948
61,2005,2,2005-02-01T00:00:00,Zambia,Chibombo,61.31102570777801
62,2005,3,2005-03-01T00:00:00,Zambia,Chibombo,52.318108688352034
70,2005,11,2005-11-01T00:00:00,Zambia,Chibombo,92.83503265861232
71,2005,12,2005-12-01T00:00:00,Zambia,Chibombo,251.63213123363803
72,2006,1,2006-01-01T00:00:00,Zambia,Chibombo,189.2751051705118
73,2006,2,2006-02-01T00:00:00,Zambia,Chibombo,219.96001545397124
74,2006,3,2006-03-01T00:00:00,Zambia,Chibombo,140.8405612709806
82,2006,11,2006-11-01T00:00:00,Zambia,Chibombo,103.8510028787556
83,2006,12,2006-12-01T00:00:00,Zambia,Chibombo,157.49651470143107
84,2007,1,2007-01-01T00:00:00,Zambia,Chibombo,277.5966519008278
85,2007,2,2007-02-01T00:00:00,Zambia,Chibombo,226.36865013484723
86,2007,3,2007-03-01T00:00:00,Zambia,Chibombo,60.01102254714314
94,2007,11,2007-11-01T00:00:00,Zambia,Chibombo,121.1723265179537
95,2007,12,2007-12-01T00:00:00,Zambia,Chibombo,319.38880378891497
96,2008,1,2008-01-01T00:00:00,Zambia,Chibombo,326.53537811533596
97,2008,2,2008-02-01T00:00:00,Zambia,Chibombo,114.10015948554422
98,2008,3,2008-03-01T00:00:00,Zambia,Chibombo,83.57129277612175
106,2008,11,2008-11-01T00:00:00,Zambia,Chibombo,134.72653474879377
107,2008,12,2008-12-01T00:00:00,Zambia,Chibombo,250.51720444494524
108,2009,1,2009-01-01T00:00:00,Zambia,Chibombo,272.7791357933195
109,2009,2,2009-02-01T00:00:00,Zambia,Chibombo,78.82712475493018
110,2009,3,2009-03-01T00:00:00,Zambia,Chibombo,155.12835909542505
118,2009,11,2009-11-01T00:00:00,Zambia,Chibombo,169.34991856064931
119,2009,12,2009-12-01T00:00:00,Zambia,Chibombo,149.6277126095429
120,2010,1,2010-01-01T00:00:00,Zambia,Chibombo,149.7885457768565
121,2010,2,2010-02-01T00:00:00,Zambia,Chibombo,335.62597907558506
122,2010,3,2010-03-01T00:00:00,Zambia,Chibombo,123.36811017390292
130,2010,11,2010-11-01T00:00:00,Zambia,Chibombo,115.40962384136162
131,2010,12,2010-12-01T00:00:00,Zambia,Chibombo,246.316975058934
132,2011,1,2011-01-01T00:00:00,Zambia,Chibombo,228.47297317364195
133,2011,2,2011-02-01T00:00:00,Zambia,Chibombo,74.88168926202746
134,2011,3,2011-03-01T00:00:00,Zambia,Chibombo,110.19899701829966
142,2011,11,2011-11-01T00:00:00,Zambia,Chibombo,107.86435607333016
143,2011,12,2011-12-01T00:00:00,Zambia,Chibombo,141.38328709402535
144,2012,1,2012-01-01T00:00:00,Zambia,Chibombo,242.0674224507054
145,2012,2,2012-02-01T00:00:00,Zambia,Chibombo,186.4582998020216
146,2012,3,2012-03-01T00:00:00,Zambia,Chibombo,113.61971961875574
154,2012,11,2012-11-01T00:00:00,Zambia,Chibombo,72.27475694689267
155,2012,12,2012-12-01T00:00:00,Zambia,Chibombo,229.0657738925895
156,2013,1,2013-01-01T00:00:00,Zambia,Chibombo,288.2032918905371
157,2013,2,2013-02-01T00:00:00,Zambia,Chibombo,196.28608003549022
158,2013,3,2013-03-01T00:00:00,Zambia,Chibombo,48.27050574477388
166,2013,11,2013-11-01T00:00:00,Zambia,Chibombo,67.920053632379
167,2013,12,2013-12-01T00:00:00,Zambia,Chibombo,198.3789800893646
168,2014,1,2014-01-01T00:00:00,Zambia,Chibombo,234.80420977562696
169,2014,2,2014-02-01T00:00:00,Zambia,Chibombo,172.3823688569268
170,2014,3,2014-03-01T00:00:00,Zambia,Chibombo,77.55073461967909
178,2014,11,2014-11-01T00:00:00,Zambia,Chibombo,47.67287168768544
179,2014,12,2014-12-01T00:00:00,Zambia,Chibombo,242.72750994733732
180,2015,1,2015-01-01T00:00:00,Zambia,Chibombo,219.71961891965324
181,2015,2,2015-02-01T00:00:00,Zambia,Chibombo,173.4498518345915
182,2015,3,2015-03-01T00:00:00,Zambia,Chibombo,66.96811089822404
190,2015,11,2015-11-01T00:00:00,Zambia,Chibombo,48.85278984820634
191,2015,12,2015-12-01T00:00:00,Zambia,Chibombo,122.19268870349899
192,2016,1,2016-01-01T00:00:00,Zambia,Chibombo,234.50977173227074
193,2016,2,2016-02-01T00:00:00,Zambia,Chibombo,115.68227306457185
194,2016,3,2016-03-01T00:00:00,Zambia,Chibombo,214.5062723444555
202,2016,11,2016-11-01T00:00:00,Zambia,Chibombo,150.59432493077992
203,2016,12,2016-12-01T00:00:00,Zambia,Chibombo,187.0718277190013
204,2017,1,2017-01-01T00:00:00,Zambia,Chibombo,319.4010912050823
205,2017,2,2017-02-01T00:00:00,Zambia,Chibombo,303.9103336062006
206,2017,3,2017-03-01T00:00:00,Zambia,Chibombo,97.04735675867367
214,2017,11,2017-11-01T00:00:00,Zambia,Chibombo,137.64704800885156
215,2017,12,2017-12-01T00:00:00,Zambia,Chibombo,197.79071405781133
216,2018,1,2018-01-01T00:00:00,Zambia,Chibombo,63.960572573316234
217,2018,2,2018-02-01T00:00:00,Zambia,Chibombo,300.2505875778452
218,2018,3,2018-03-01T00:00:00,Zambia,Chibombo,166.76545848088824
226,2018,11,2018-11-01T00:00:00,Zambia,Chibombo,45.81287713901855
227,2018,12,2018-12-01T00:00:00,Zambia,Chibombo,132.60592022465352
228,2019,1,2019-01-01T00:00:00,Zambia,Chibombo,192.830316640602
229,2019,2,2019-02-01T00:00:00,Zambia,Chibombo,129.68702307129544
230,2019,3,2019-03-01T00:00:00,Zambia,Chibombo,46.25129996033079
238,2019,11,2019-11-01T00:00:00,Zambia,Chibombo,81.40767907524479
239,2019,12,2019-12-01T00:00:00,Zambia,Chibombo,59.525259444067295
240,2020,1,2020-01-01T00:00:00,Zambia,Chibombo,260.1719738020713
241,2020,2,2020-02-01T00:00:00,Zambia,Chibombo,238.43766988332445
242,2020,3,2020-03-01T00:00:00,Zambia,Chibombo,47.72556589290691
250,2020,11,2020-11-01T00:00:00,Zambia,Chibombo,65.93166331191647
251,2020,12,2020-12-01T00:00:00,Zambia,Chibombo,314.54053274399485
252,2021,1,2021-01-01T00:00:00,Zambia,Chibombo,267.5070855205379
253,2021,2,2021-02-01T00:00:00,Zambia,Chibombo,230.48135020122828
254,2021,3,2021-03-01T00:00:00,Zambia,Chibombo,124.30449560673952
262,2021,11,2021-11-01T00:00:00,Zambia,Chibombo,62.68329134882409
263,2021,12,2021-12-01T00:00:00,Zambia,Chibombo,100.22700131117921
264,2022,1,2022-01-01T00:00:00,Zambia,Chibombo,431.99419239026076
265,2022,2,2022-02-01T00:00:00,Zambia,Chibombo,92.23364672325566
266,2022,3,2022-03-01T00:00:00,Zambia,Chibombo,75.57837236891672
274,2022,11,2022-11-01T00:00:00,Zambia,Chibombo,107.37349852153417
275,2022,12,2022-12-01T00:00:00,Zambia,Chibombo,145.84098928384225
276,2023,1,2023-01-01T00:00:00,Zambia,Chibombo,337.6196243677613
277,2023,2,2023-02-01T00:00:00,Zambia,Chibombo,180.40538641810625
278,2023,3,2023-03-01T00:00:00,Zambia,Chibombo,62.41091139511495
286,2023,11,2023-11-01T00:00:00,Zambia,Chibombo,37.06166156253625
287,2023,12,2023-12-01T00:00:00,Zambia,Chibombo,257.5240626293059
288,2000,1,2000-01-01T00:00:00,Zambia,Kabwe,233.66071074192732
289,2000,2,2000-02-01T00:00:00,Zambia,Kabwe,251.07318788166086
290,2000,3,2000-03-01T00:00:00,Zambia,Kabwe,212.3069165711777
298,2000,11,2000-11-01T00:00:00,Zambia,Kabwe,149.55139569577548
299,2000,12,2000-12-01T00:00:00,Zambia,Kabwe,219.0894586580563
300,2001,1,2001-01-01T00:00:00,Zambia,Kabwe,232.99204024199972
301,2001,2,2001-02-01T00:00:00,Zambia,Kabwe,330.1566031770324
302,2001,3,2001-03-01T00:00:00,Zambia,Kabwe,206.6464274699404
310,2001,11,2001-11-01T00:00:00,Zambia,Kabwe,130.90657728105924
311,2001,12,2001-12-01T00:00:00,Zambia,Kabwe,210.34244230765148
312,2002,1,2002-01-01T00:00:00,Zambia,Kabwe,128.0523917537723
313,2002,2,2002-02-01T00:00:00,Zambia,Kabwe,75.10504777806975
314,2002,3,2002-03-01T00:00:00,Zambia,Kabwe,52.14206589996765
322,2002,11,2002-11-01T00:00:00,Zambia,Kabwe,90.0859206446383
323,2002,12,2002-12-01T00:00:00,Zambia,Kabwe,259.419741873076
324,2003,1,2003-01-01T00:00:00,Zambia,Kabwe,156.64408660005253
325,2003,2,2003-02-01T00:00:00,Zambia,Kabwe,255.64739216203094
326,2003,3,2003-03-01T00:00:00,Zambia,Kabwe,227.45504898591713
334,2003,11,2003-11-01T00:00:00,Zambia,Kabwe,99.9560790623497
335,2003,12,2003-12-01T00:00:00,Zambia,Kabwe,193.5566228081928
336,2004,1,2004-01-01T00:00:00,Zambia,Kabwe,232.70754169892209
337,2004,2,2004-02-01T00:00:00,Zambia,Kabwe,219.71506848498828
338,2004,3,2004-03-01T00:00:00,Zambia,Kabwe,132.1626650097164
346,2004,11,2004-11-01T00:00:00,Zambia,Kabwe,94.30132768705852
347,2004,12,2004-12-01T00:00:00,Zambia,Kabwe,317.8425961863835
348,2005,1,2005-01-01T00:00:00,Zambia,Kabwe,196.3999360969757
349,2005,2,2005-02-01T00:00:00,Zambia,Kabwe,59.44855620789945
350,2005,3,2005-03-01T00:00:00,Zambia,Kabwe,64.74577259123642
358,2005,11,2005-11-01T00:00:00,Zambia,Kabwe,110.42095218361874
359,2005,12,2005-12-01T00:00:00,Zambia,Kabwe,287.2292579920464
360,2006,1,2006-01-01T00:00:00,Zambia,Kabwe,214.59476463350356
361,2006,2,2006-02-01T00:00:00,Zambia,Kabwe,191.3847022681082
362,2006,3,2006-03-01T00:00:00,Zambia,Kabwe,170.01356645420466
370,2006,11,2006-11-01T00:00:00,Zambia,Kabwe,111.71076636097342
371,2006,12,2006-12-01T00:00:00,Zambia,Kabwe,178.05754872743034
372,2007,1,2007-01-01T00:00:00,Zambia,Kabwe,289.54557482144827
373,2007,2,2007-02-01T00:00:00,Zambia,Kabwe,257.88676483412183
374,2007,3,2007-03-01T00:00:00,Zambia,Kabwe,59.880253400616255
382,2007,11,2007-11-01T00:00:00,Zambia,Kabwe,142.05777087171413
383,2007,12,2007-12-01T00:00:00,Zambia,Kabwe,329.3100915883602
384,2008,1,2008-01-01T00:00:00,Zambia,Kabwe,312.8026070035487
385,2008,2,2008-02-01T00:00:00,Zambia,Kabwe,110.38494853599298
386,2008,3,2008-03-01T00:00:00,Zambia,Kabwe,105.44926956781134
394,2008,11,2008-11-01T00:00:00,Zambia,Kabwe,162.5651328085897
395,2008,12,2008-12-01T00:00:00,Zambia,Kabwe,263.77420530418414
396,2009,1,2009-01-01T00:00:00,Zambia,Kabwe,284.08044239462345
397,2009,2,2009-02-01T00:00:00,Zambia,Kabwe,91.72343188873454
398,2009,3,2009-03-01T00:00:00,Zambia,Kabwe,192.3329044647771
406,2009,11,2009-11-01T00:00:00,Zambia,Kabwe,209.57655738974793
407,2009,12,2009-12-01T00:00:00,Zambia,Kabwe,174.5988816665925
408,2010,1,2010-01-01T00:00:00,Zambia,Kabwe,158.97083761092554
409,2010,2,2010-02-01T00:00:00,Zambia,Kabwe,340.49438197813987
410,2010,3,2010-03-01T00:00:00,Zambia,Kabwe,179.2785675019345
418,2010,11,2010-11-01T00:00:00,Zambia,Kabwe,131.26498651931718
419,2010,12,2010-12-01T00:00:00,Zambia,Kabwe,264.45609579709674
420,2011,1,2011-01-01T00:00:00,Zambia,Kabwe,250.20984330290273
421,2011,2,2011-02-01T00:00:00,Zambia,Kabwe,72.42766634124804
422,2011,3,2011-03-01T00:00:00,Zambia,Kabwe,125.43462541897901
430,2011,11,2011-11-01T00:00:00,Zambia,Kabwe,140.67115322889813
431,2011,12,2011-12-01T00:00:00,Zambia,Kabwe,155.80601587785122
432,2012,1,2012-01-01T00:00:00,Zambia,Kabwe,264.1301119345813
433,2012,2,2012-02-01T00:00:00,Zambia,Kabwe,187.65586841308766
434,2012,3,2012-03-01T00:00:00,Zambia,Kabwe,157.75213344686225
442,2012,11,2012-11-01T00:00:00,Zambia,Kabwe,84.12045827045281
443,2012,12,2012-12-01T00:00:00,Zambia,Kabwe,245.3330666737975
444,2013,1,2013-01-01T00:00:00,Zambia,Kabwe,290.3497249684944
445,2013,2,2013-02-01T00:00:00,Zambia,Kabwe,199.89190497885156
446,2013,3,2013-03-01T00:00:00,Zambia,Kabwe,58.77427058809841
454,2013,11,2013-11-01T00:00:00,Zambia,Kabwe,60.75251662074205
455,2013,12,2013-12-01T00:00:00,Zambia,Kabwe,227.20908391884606
456,2014,1,2014-01-01T00:00:00,Zambia,Kabwe,218.64948137708942
457,2014,2,2014-02-01T00:00:00,Zambia,Kabwe,169.62954466796538
458,2014,3,2014-03-01T00:00:00,Zambia,Kabwe,98.87576208307985
466,2014,11,2014-11-01T00:00:00,Zambia,Kabwe,50.15084619527292
467,2014,12,2014-12-01T00:00:00,Zambia,Kabwe,229.75698053985772
468,2015,1,2015-01-01T00:00:00,Zambia,Kabwe,218.32783930225492
469,2015,2,2015-02-01T00:00:00,Zambia,Kabwe,187.2249686837715
470,2015,3,2015-03-01T00:00:00,Zambia,Kabwe,83.22505025021603
478,2015,11,2015-11-01T00:00:00,Zambia,Kabwe,56.76212193766924
479,2015,12,2015-12-01T00:00:00,Zambia,Kabwe,159.40346662462505
480,2016,1,2016-01-01T00:00:00,Zambia,Kabwe,247.31300119712608
481,2016,2,2016-02-01T00:00:00,Zambia,Kabwe,98.08754656693706
482,2016,3,2016-03-01T00:00:00,Zambia,Kabwe,238.33521038255185
490,2016,11,2016-11-01T00:00:00,Zambia,Kabwe,194.11979803823425
491,2016,12,2016-12-01T00:00:00,Zambia,Kabwe,201.750043098662
492,2017,1,2017-01-01T00:00:00,Zambia,Kabwe,328.9431930729399
493,2017,2,2017-02-01T00:00:00,Zambia,Kabwe,325.60530130340135
494,2017,3,2017-03-01T00:00:00,Zambia,Kabwe,120.03503546230804
502,2017,11,2017-11-01T00:00:00,Zambia,Kabwe,160.1484670965623
503,2017,12,2017-12-01T00:00:00,Zambia,Kabwe,219.82400658493052
504,2018,1,2018-01-01T00:00:00,Zambia,Kabwe,73.91948934384394
505,2018,2,2018-02-01T00:00:00,Zambia,Kabwe,298.3168026752436
506,2018,3,2018-03-01T00:00:00,Zambia,Kabwe,192.69737255272534
514,2018,11,2018-11-01T00:00:00,Zambia,Kabwe,48.10559223374285
515,2018,12,2018-12-01T00:00:00,Zambia,Kabwe,141.78599877638723
516,2019,1,2019-01-01T00:00:00,Zambia,Kabwe,191.28734954258155
517,2019,2,2019-02-01T00:00:00,Zambia,Kabwe,140.7396001251438
518,2019,3,2019-03-01T00:00:00,Zambia,Kabwe,54.45488753121202
526,2019,11,2019-11-01T00:00:00,Zambia,Kabwe,89.58376626191466
527,2019,12,2019-12-01T00:00:00,Zambia,Kabwe,65.37766449678115
528,2020,1,2020-01-01T00:00:00,Zambia,Kabwe,257.45180662787345
529,2020,2,2020-02-01T00:00:00,Zambia,Kabwe,236.81598225956483
530,2020,3,2020-03-01T00:00:00,Zambia,Kabwe,59.51322880101682
538,2020,11,2020-11-01T00:00:00,Zambia,Kabwe,74.71032602438788
539,2020,12,2020-12-01T00:00:00,Zambia,Kabwe,355.0225750181622
540,2021,1,2021-01-01T00:00:00,Zambia,Kabwe,305.4920197966299
541,2021,2,2021-02-01T00:00:00,Zambia,Kabwe,279.0522018345293
542,2021,3,2021-03-01T00:00:00,Zambia,Kabwe,172.29250466070343
550,2021,11,2021-11-01T00:00:00,Zambia,Kabwe,85.79134609958378
551,2021,12,2021-12-01T00:00:00,Zambia,Kabwe,113.79705094299014
552,2022,1,2022-01-01T00:00:00,Zambia,Kabwe,397.513823928409
553,2022,2,2022-02-01T00:00:00,Zambia,Kabwe,96.49833481730285
554,2022,3,2022-03-01T00:00:00,Zambia,Kabwe,99.94306100086541
562,2022,11,2022-11-01T00:00:00,Zambia,Kabwe,113.49022161094247
563,2022,12,2022-12-01T00:00:00,Zambia,Kabwe,134.35990914898798
564,2023,1,2023-01-01T00:00:00,Zambia,Kabwe,374.7637253404294
565,2023,2,2023-02-01T00:00:00,Zambia,Kabwe,175.10424205781314
566,2023,3,2023-03-01T00:00:00,Zambia,Kabwe,104.34576238604149
574,2023,11,2023-11-01T00:00:00,Zambia,Kabwe,52.724920808543466
575,2023,12,2023-12-01T00:00:00,Zambia,Kabwe,293.5446070025836
576,2000,1,2000-01-01T00:00:00,Zambia,Kapiri-Mposhi,238.49359644738533
577,2000,2,2000-02-01T00:00:00,Zambia,Kapiri-Mposhi,248.7267964679406
578,2000,3,2000-03-01T00:00:00,Zambia,Kapiri-Mposhi,233.5741799429843
586,2000,11,2000-11-01T00:00:00,Zambia,Kapiri-Mposhi,142.32273593814546
587,2000,12,2000-12-01T00:00:00,Zambia,Kapiri-Mposhi,271.06426075844087
588,2001,1,2001-01-01T00:00:00,Zambia,Kapiri-Mposhi,287.02152970472724
589,2001,2,2001-02-01T00:00:00,Zambia,Kapiri-Mposhi,330.3264308078741
590,2001,3,2001-03-01T00:00:00,Zambia,Kapiri-Mposhi,243.15245048929867
598,2001,11,2001-11-01T00:00:00,Zambia,Kapiri-Mposhi,142.33841981710984
599,2001,12,2001-12-01T00:00:00,Zambia,Kapiri-Mposhi,210.29018921159968
600,2002,1,2002-01-01T00:00:00,Zambia,Kapiri-Mposhi,161.36050981395005
601,2002,2,2002-02-01T00:00:00,Zambia,Kapiri-Mposhi,94.3657546403262
602,2002,3,2002-03-01T00:00:00,Zambia,Kapiri-Mposhi,51.806520329551034
610,2002,11,2002-11-01T00:00:00,Zambia,Kapiri-Mposhi,112.12502733258991
611,2002,12,2002-12-01T00:00:00,Zambia,Kapiri-Mposhi,289.61427357979585
612,2003,1,2003-01-01T00:00:00,Zambia,Kapiri-Mposhi,175.8288636769205
613,2003,2,2003-02-01T00:00:00,Zambia,Kapiri-Mposhi,260.9396202828811
614,2003,3,2003-03-01T00:00:00,Zambia,Kapiri-Mposhi,213.14124913770897
622,2003,11,2003-11-01T00:00:00,Zambia,Kapiri-Mposhi,105.29469231663242
623,2003,12,2003-12-01T00:00:00,Zambia,Kapiri-Mposhi,193.05581527371666
624,2004,1,2004-01-01T00:00:00,Zambia,Kapiri-Mposhi,234.53247733963286
625,2004,2,2004-02-01T00:00:00,Zambia,Kapiri-Mposhi,238.1767896393735
626,2004,3,2004-03-01T00:00:00,Zambia,Kapiri-Mposhi,147.16476103288807
634,2004,11,2004-11-01T00:00:00,Zambia,Kapiri-Mposhi,96.81255854131456
635,2004,12,2004-12-01T00:00:00,Zambia,Kapiri-Mposhi,275.01821628907834
636,2005,1,2005-01-01T00:00:00,Zambia,Kapiri-Mposhi,185.7460133057847
637,2005,2,2005-02-01T00:00:00,Zambia,Kapiri-Mposhi,90.37076605606116
638,2005,3,2005-03-01T00:00:00,Zambia,Kapiri-Mposhi,79.43275749590158
646,2005,11,2005-11-01T00:00:00,Zambia,Kapiri-Mposhi,113.65704951271147
647,2005,12,2005-12-01T00:00:00,Zambia,Kapiri-Mposhi,311.1931289582015
648,2006,1,2006-01-01T00:00:00,Zambia,Kapiri-Mposhi,233.51404120660536
649,2006,2,2006-02-01T00:00:00,Zambia,Kapiri-Mposhi,227.71200736367686
650,2006,3,2006-03-01T00:00:00,Zambia,Kapiri-Mposhi,150.61636830239448
658,2006,11,2006-11-01T00:00:00,Zambia,Kapiri-Mposhi,115.64303997762958
659,2006,12,2006-12-01T00:00:00,Zambia,Kapiri-Mposhi,186.77137793107022
660,2007,1,2007-01-01T00:00:00,Zambia,Kapiri-Mposhi,298.22810513640496
661,2007,2,2007-02-01T00:00:00,Zambia,Kapiri-Mposhi,250.61378185293307
662,2007,3,2007-03-01T00:00:00,Zambia,Kapiri-Mposhi,81.96755007888846
670,2007,11,2007-11-01T00:00:00,Zambia,Kapiri-Mposhi,144.09225176163477
671,2007,12,2007-12-01T00:00:00,Zambia,Kapiri-Mposhi,334.15872734898375
672,2008,1,2008-01-01T00:00:00,Zambia,Kapiri-Mposhi,330.35546065856363
673,2008,2,2008-02-01T00:00:00,Zambia,Kapiri-Mposhi,159.63289712656928
674,2008,3,2008-03-01T00:00:00,Zambia,Kapiri-Mposhi,126.27190617620718
682,2008,11,2008-11-01T00:00:00,Zambia,Kapiri-Mposhi,181.98543769646105
683,2008,12,2008-12-01T00:00:00,Zambia,Kapiri-Mposhi,250.7174124514262
684,2009,1,2009-01-01T00:00:00,Zambia,Kapiri-Mposhi,286.5732796391653
685,2009,2,2009-02-01T00:00:00,Zambia,Kapiri-Mposhi,127.16409042018898
686,2009,3,2009-03-01T00:00:00,Zambia,Kapiri-Mposhi,203.40322143737905
694,2009,11,2009-11-01T00:00:00,Zambia,Kapiri-Mposhi,181.0646724228633
695,2009,12,2009-12-01T00:00:00,Zambia,Kapiri-Mposhi,193.0630292329684
696,2010,1,2010-01-01T00:00:00,Zambia,Kapiri-Mposhi,155.61482194952302
697,2010,2,2010-02-01T00:00:00,Zambia,Kapiri-Mposhi,362.5486980699514
698,2010,3,2010-03-01T00:00:00,Zambia,Kapiri-Mposhi,181.16649584269788
706,2010,11,2010-11-01T00:00:00,Zambia,Kapiri-Mposhi,143.28046240514888
707,2010,12,2010-12-01T00:00:00,Zambia,Kapiri-Mposhi,275.3195203176026
708,2011,1,2011-01-01T00:00:00,Zambia,Kapiri-Mposhi,257.2776922986414
709,2011,2,2011-02-01T00:00:00,Zambia,Kapiri-Mposhi,106.77424150648741
710,2011,3,2011-03-01T00:00:00,Zambia,Kapiri-Mposhi,148.7223773234413
718,2011,11,2011-11-01T00:00:00,Zambia,Kapiri-Mposhi,143.24608589842305
719,2011,12,2011-12-01T00:00:00,Zambia,Kapiri-Mposhi,176.79062153880125
720,2012,1,2012-01-01T00:00:00,Zambia,Kapiri-Mposhi,253.75369869682203
721,2012,2,2012-02-01T00:00:00,Zambia,Kapiri-Mposhi,217.43665808595367
722,2012,3,2012-03-01T00:00:00,Zambia,Kapiri-Mposhi,143.02714457225022
730,2012,11,2012-11-01T00:00:00,Zambia,Kapiri-Mposhi,103.19778619751445
731,2012,12,2012-12-01T00:00:00,Zambia,Kapiri-Mposhi,264.73757177144074
732,2013,1,2013-01-01T00:00:00,Zambia,Kapiri-Mposhi,290.9641553761573
733,2013,2,2013-02-01T00:00:00,Zambia,Kapiri-Mposhi,211.66701863894085
734,2013,3,2013-03-01T00:00:00,Zambia,Kapiri-Mposhi,66.65486938282261
742,2013,11,2013-11-01T00:00:00,Zambia,Kapiri-Mposhi,93.69549310523658
743,2013,12,2013-12-01T00:00:00,Zambia,Kapiri-Mposhi,223.24422004002022
744,2014,1,2014-01-01T00:00:00,Zambia,Kapiri-Mposhi,214.22401519639817
745,2014,2,2014-02-01T00:00:00,Zambia,Kapiri-Mposhi,200.5746750265078
746,2014,3,2014-03-01T00:00:00,Zambia,Kapiri-Mposhi,105.20995004895772
754,2014,11,2014-11-01T00:00:00,Zambia,Kapiri-Mposhi,63.71414211071952
755,2014,12,2014-12-01T00:00:00,Zambia,Kapiri-Mposhi,236.38437047925916
756,2015,1,2015-01-01T00:00:00,Zambia,Kapiri-Mposhi,262.11150823194737
757,2015,2,2015-02-01T00:00:00,Zambia,Kapiri-Mposhi,197.12772191085767
758,2015,3,2015-03-01T00:00:00,Zambia,Kapiri-Mposhi,79.76826231351367
766,2015,11,2015-11-01T00:00:00,Zambia,Kapiri-Mposhi,78.70373430013846
767,2015,12,2015-12-01T00:00:00,Zambia,Kapiri-Mposhi,158.27640603502928
768,2016,1,2016-01-01T00:00:00,Zambia,Kapiri-Mposhi,266.77244020455026
769,2016,2,2016-02-01T00:00:00,Zambia,Kapiri-Mposhi,152.36771947772672
770,2016,3,2016-03-01T00:00:00,Zambia,Kapiri-Mposhi,246.61325838095107
778,2016,11,2016-11-01T00:00:00,Zambia,Kapiri-Mposhi,170.31196512769412
779,2016,12,2016-12-01T00:00:00,Zambia,Kapiri-Mposhi,210.65849472165755
780,2017,1,2017-01-01T00:00:00,Zambia,Kapiri-Mposhi,330.93521383280154
781,2017,2,2017-02-01T00:00:00,Zambia,Kapiri-Mposhi,365.793840300408
782,2017,3,2017-03-01T00:00:00,Zambia,Kapiri-Mposhi,136.617028954572
790,2017,11,2017-11-01T00:00:00,Zambia,Kapiri-Mposhi,173.09289724974607
791,2017,12,2017-12-01T00:00:00,Zambia,Kapiri-Mposhi,241.97802023641464
792,2018,1,2018-01-01T00:00:00,Zambia,Kapiri-Mposhi,83.5959891461309
793,2018,2,2018-02-01T00:00:00,Zambia,Kapiri-Mposhi,329.47641095331977
794,2018,3,2018-03-01T00:00:00,Zambia,Kapiri-Mposhi,216.64956459511896
802,2018,11,2018-11-01T00:00:00,Zambia,Kapiri-Mposhi,70.09403109726608
803,2018,12,2018-12-01T00:00:00,Zambia,Kapiri-Mposhi,151.84383749253965
804,2019,1,2019-01-01T00:00:00,Zambia,Kapiri-Mposhi,218.51246424508142
805,2019,2,2019-02-01T00:00:00,Zambia,Kapiri-Mposhi,171.71862056627495
806,2019,3,2019-03-01T00:00:00,Zambia,Kapiri-Mposhi,64.01357009051291
814,2019,11,2019-11-01T00:00:00,Zambia,Kapiri-Mposhi,95.7023279084818
815,2019,12,2019-12-01T00:00:00,Zambia,Kapiri-Mposhi,76.28064136293114
816,2020,1,2020-01-01T00:00:00,Zambia,Kapiri-Mposhi,266.81984286745904
817,2020,2,2020-02-01T00:00:00,Zambia,Kapiri-Mposhi,267.9207359455074
818,2020,3,2020-03-01T00:00:00,Zambia,Kapiri-Mposhi,86.82964983883438
826,2020,11,2020-11-01T00:00:00,Zambia,Kapiri-Mposhi,85.32901050151642
827,2020,12,2020-12-01T00:00:00,Zambia,Kapiri-Mposhi,351.64947373568685
828,2021,1,2021-01-01T00:00:00,Zambia,Kapiri-Mposhi,339.3477457305163
829,2021,2,2021-02-01T00:00:00,Zambia,Kapiri-Mposhi,259.93781518373686
830,2021,3,2021-03-01T00:00:00,Zambia,Kapiri-Mposhi,186.14130352194312
838,2021,11,2021-11-01T00:00:00,Zambia,Kapiri-Mposhi,75.25255930513349
839,2021,12,2021-12-01T00:00:00,Zambia,Kapiri-Mposhi,119.10976164133633
840,2022,1,2022-01-01T00:00:00,Zambia,Kapiri-Mposhi,403.2000326954479
841,2022,2,2022-02-01T00:00:00,Zambia,Kapiri-Mposhi,132.33649362589426
842,2022,3,2022-03-01T00:00:00,Zambia,Kapiri-Mposhi,108.01767402425024
850,2022,11,2022-11-01T00:00:00,Zambia,Kapiri-Mposhi,118.71661819791315
851,2022,12,2022-12-01T00:00:00,Zambia,Kapiri-Mposhi,159.9419594742541
852,2023,1,2023-01-01T00:00:00,Zambia,Kapiri-Mposhi,369.4467837056953
853,2023,2,2023-02-01T00:00:00,Zambia,Kapiri-Mposhi,164.67068005490344
854,2023,3,2023-03-01T00:00:00,Zambia,Kapiri-Mposhi,115.16542356123752
862,2023,11,2023-11-01T00:00:00,Zambia,Kapiri-Mposhi,53.058062078108
863,2023,12,2023-12-01T00:00:00,Zambia,Kapiri-Mposhi,297.80382058847033
864,2000,1,2000-01-01T00:00:00,Zambia,Mkushi,258.62510483686776
865,2000,2,2000-02-01T00:00:00,Zambia,Mkushi,282.8766826128639
866,2000,3,2000-03-01T00:00:00,Zambia,Mkushi,260.5303409487638
874,2000,11,2000-11-01T00:00:00,Zambia,Mkushi,118.86878660772517
875,2000,12,2000-12-01T00:00:00,Zambia,Mkushi,218.3344008185123
876,2001,1,2001-01-01T00:00:00,Zambia,Mkushi,265.6570617787369
877,2001,2,2001-02-01T00:00:00,Zambia,Mkushi,387.3567998426024
878,2001,3,2001-03-01T00:00:00,Zambia,Mkushi,264.0810124123141
886,2001,11,2001-11-01T00:00:00,Zambia,Mkushi,109.67146900792017
887,2001,12,2001-12-01T00:00:00,Zambia,Mkushi,207.93055548828764
888,2002,1,2002-01-01T00:00:00,Zambia,Mkushi,150.96278729941753
889,2002,2,2002-02-01T00:00:00,Zambia,Mkushi,104.77051694980501
890,2002,3,2002-03-01T00:00:00,Zambia,Mkushi,45.56363966821462
898,2002,11,2002-11-01T00:00:00,Zambia,Mkushi,82.25307400486145
899,2002,12,2002-12-01T00:00:00,Zambia,Mkushi,282.63389659278596
900,2003,1,2003-01-01T00:00:00,Zambia,Mkushi,173.13104996896197
901,2003,2,2003-02-01T00:00:00,Zambia,Mkushi,272.3257168243936
902,2003,3,2003-03-01T00:00:00,Zambia,Mkushi,231.3360087261933
910,2003,11,2003-11-01T00:00:00,Zambia,Mkushi,70.20241960325318
911,2003,12,2003-12-01T00:00:00,Zambia,Mkushi,207.7121391176802
912,2004,1,2004-01-01T00:00:00,Zambia,Mkushi,266.78973989300863
913,2004,2,2004-02-01T00:00:00,Zambia,Mkushi,236.87697274734307
914,2004,3,2004-03-01T00:00:00,Zambia,Mkushi,127.49645503380323
922,2004,11,2004-11-01T00:00:00,Zambia,Mkushi,80.03838852502338
923,2004,12,2004-12-01T00:00:00,Zambia,Mkushi,321.97136915562896
924,2005,1,2005-01-01T00:00:00,Zambia,Mkushi,232.18681007665634
925,2005,2,2005-02-01T00:00:00,Zambia,Mkushi,93.36486952079815
926,2005,3,2005-03-01T00:00:00,Zambia,Mkushi,45.22938644963563
934,2005,11,2005-11-01T00:00:00,Zambia,Mkushi,75.74118754880433
935,2005,12,2005-12-01T00:00:00,Zambia,Mkushi,306.5561702986931
936,2006,1,2006-01-01T00:00:00,Zambia,Mkushi,227.53768670642248
937,2006,2,2006-02-01T00:00:00,Zambia,Mkushi,279.9828092590339
938,2006,3,2006-03-01T00:00:00,Zambia,Mkushi,199.63111165036878
946,2006,11,2006-11-01T00:00:00,Zambia,Mkushi,84.07054031820894
947,2006,12,2006-12-01T00:00:00,Zambia,Mkushi,194.06805346429792
948,2007,1,2007-01-01T00:00:00,Zambia,Mkushi,303.7989256506638
949,2007,2,2007-02-01T00:00:00,Zambia,Mkushi,287.26754390755536
950,2007,3,2007-03-01T00:00:00,Zambia,Mkushi,71.34432686034718
958,2007,11,2007-11-01T00:00:00,Zambia,Mkushi,99.05721597303783
959,2007,12,2007-12-01T00:00:00,Zambia,Mkushi,346.03662457669265
960,2008,1,2008-01-01T00:00:00,Zambia,Mkushi,314.89766103987046
961,2008,2,2008-02-01T00:00:00,Zambia,Mkushi,119.30952490603003
962,2008,3,2008-03-01T00:00:00,Zambia,Mkushi,94.0492396330964
970,2008,11,2008-11-01T00:00:00,Zambia,Mkushi,109.98035240007265
971,2008,12,2008-12-01T00:00:00,Zambia,Mkushi,305.495820100039
972,2009,1,2009-01-01T00:00:00,Zambia,Mkushi,315.68329546114086
973,2009,2,2009-02-01T00:00:00,Zambia,Mkushi,110.97489468723306
974,2009,3,2009-03-01T00:00:00,Zambia,Mkushi,178.54436184222612
982,2009,11,2009-11-01T00:00:00,Zambia,Mkushi,143.75748099975826
983,2009,12,2009-12-01T00:00:00,Zambia,Mkushi,234.3058217437144
984,2010,1,2010-01-01T00:00:00,Zambia,Mkushi,164.0966558970186
985,2010,2,2010-02-01T00:00:00,Zambia,Mkushi,409.5339410317279
986,2010,3,2010-03-01T00:00:00,Zambia,Mkushi,148.8037037015826
994,2010,11,2010-11-01T00:00:00,Zambia,Mkushi,91.5367719622594
995,2010,12,2010-12-01T00:00:00,Zambia,Mkushi,298.1718355135958
996,2011,1,2011-01-01T00:00:00,Zambia,Mkushi,264.78144386209175
997,2011,2,2011-02-01T00:00:00,Zambia,Mkushi,83.93598120859328
998,2011,3,2011-03-01T00:00:00,Zambia,Mkushi,135.23329787541235
1006,2011,11,2011-11-01T00:00:00,Zambia,Mkushi,92.53377823800628
1007,2011,12,2011-12-01T00:00:00,Zambia,Mkushi,157.0610630391261
1008,2012,1,2012-01-01T00:00:00,Zambia,Mkushi,270.8808988886052
1009,2012,2,2012-02-01T00:00:00,Zambia,Mkushi,201.06453746335416
1010,2012,3,2012-03-01T00:00:00,Zambia,Mkushi,160.67436503933072
1018,2012,11,2012-11-01T00:00:00,Zambia,Mkushi,52.60183369620302
1019,2012,12,2012-12-01T00:00:00,Zambia,Mkushi,244.14175419687373
1020,2013,1,2013-01-01T00:00:00,Zambia,Mkushi,289.573843290481
1021,2013,2,2013-02-01T00:00:00,Zambia,Mkushi,212.19993351463614
1022,2013,3,2013-03-01T00:00:00,Zambia,Mkushi,57.524389313055345
1030,2013,11,2013-11-01T00:00:00,Zambia,Mkushi,53.47283920574299
1031,2013,12,2013-12-01T00:00:00,Zambia,Mkushi,237.21975696502378
1032,2014,1,2014-01-01T00:00:00,Zambia,Mkushi,243.3789177676085
1033,2014,2,2014-02-01T00:00:00,Zambia,Mkushi,212.2979195192293
1034,2014,3,2014-03-01T00:00:00,Zambia,Mkushi,97.85261566225638
1042,2014,11,2014-11-01T00:00:00,Zambia,Mkushi,29.229988816806973
1043,2014,12,2014-12-01T00:00:00,Zambia,Mkushi,200.2376964950849
1044,2015,1,2015-01-01T00:00:00,Zambia,Mkushi,277.4763995496322
1045,2015,2,2015-02-01T00:00:00,Zambia,Mkushi,222.83038544964143
1046,2015,3,2015-03-01T00:00:00,Zambia,Mkushi,78.29831624280169
1054,2015,11,2015-11-01T00:00:00,Zambia,Mkushi,65.48006124121734
1055,2015,12,2015-12-01T00:00:00,Zambia,Mkushi,170.12287929999613
1056,2016,1,2016-01-01T00:00:00,Zambia,Mkushi,239.6173428448916
1057,2016,2,2016-02-01T00:00:00,Zambia,Mkushi,117.42994305125123
1058,2016,3,2016-03-01T00:00:00,Zambia,Mkushi,223.74822927370667
1066,2016,11,2016-11-01T00:00:00,Zambia,Mkushi,125.60251416799922
1067,2016,12,2016-12-01T00:00:00,Zambia,Mkushi,222.9741625435362
1068,2017,1,2017-01-01T00:00:00,Zambia,Mkushi,345.38688709297804
1069,2017,2,2017-02-01T00:00:00,Zambia,Mkushi,339.932237702042
1070,2017,3,2017-03-01T00:00:00,Zambia,Mkushi,120.50320072384375
1078,2017,11,2017-11-01T00:00:00,Zambia,Mkushi,136.85579930499716
1079,2017,12,2017-12-01T00:00:00,Zambia,Mkushi,226.65250258062
1080,2018,1,2018-01-01T00:00:00,Zambia,Mkushi,90.81785750604081
1081,2018,2,2018-02-01T00:00:00,Zambia,Mkushi,336.91739541845976
1082,2018,3,2018-03-01T00:00:00,Zambia,Mkushi,162.00546334617565
1090,2018,11,2018-11-01T00:00:00,Zambia,Mkushi,52.41638116579241
1091,2018,12,2018-12-01T00:00:00,Zambia,Mkushi,179.6319545235916
1092,2019,1,2019-01-01T00:00:00,Zambia,Mkushi,193.688919844156
1093,2019,2,2019-02-01T00:00:00,Zambia,Mkushi,203.10891291185249
1094,2019,3,2019-03-01T00:00:00,Zambia,Mkushi,61.696789759326656
1102,2019,11,2019-11-01T00:00:00,Zambia,Mkushi,87.83980427193829
1103,2019,12,2019-12-01T00:00:00,Zambia,Mkushi,81.8204442498106
1104,2020,1,2020-01-01T00:00:00,Zambia,Mkushi,245.19857838037905
1105,2020,2,2020-02-01T00:00:00,Zambia,Mkushi,263.26556202908677
1106,2020,3,2020-03-01T00:00:00,Zambia,Mkushi,46.39449070180788
1114,2020,11,2020-11-01T00:00:00,Zambia,Mkushi,51.74409675578521
1115,2020,12,2020-12-01T00:00:00,Zambia,Mkushi,326.8236613362608
1116,2021,1,2021-01-01T00:00:00,Zambia,Mkushi,310.3930953244645
1117,2021,2,2021-02-01T00:00:00,Zambia,Mkushi,336.61832187511055
1118,2021,3,2021-03-01T00:00:00,Zambia,Mkushi,216.06958112499345
1126,2021,11,2021-11-01T00:00:00,Zambia,Mkushi,74.52305571800397
1127,2021,12,2021-12-01T00:00:00,Zambia,Mkushi,108.26190375532161
1128,2022,1,2022-01-01T00:00:00,Zambia,Mkushi,390.83722837826764
1129,2022,2,2022-02-01T00:00:00,Zambia,Mkushi,146.638849147645
1130,2022,3,2022-03-01T00:00:00,Zambia,Mkushi,79.08775221260655
1138,2022,11,2022-11-01T00:00:00,Zambia,Mkushi,103.3647437606937
1139,2022,12,2022-12-01T00:00:00,Zambia,Mkushi,151.69472857211008
1140,2023,1,2023-01-01T00:00:00,Zambia,Mkushi,371.60505735161365
1141,2023,2,2023-02-01T00:00:00,Zambia,Mkushi,213.78610548261406
1142,2023,3,2023-03-01T00:00:00,Zambia,Mkushi,153.54724627108678
1150,2023,11,2023-11-01T00:00:00,Zambia,Mkushi,30.79805018039896
1151,2023,12,2023-12-01T00:00:00,Zambia,Mkushi,258.24005521907867
1152,2000,1,2000-01-01T00:00:00,Zambia,Mumbwa,210.99244101349308
1153,2000,2,2000-02-01T00:00:00,Zambia,Mumbwa,228.16828851459883
1154,2000,3,2000-03-01T00:00:00,Zambia,Mumbwa,212.5938636910611
1162,2000,11,2000-11-01T00:00:00,Zambia,Mumbwa,98.24027927747407
1163,2000,12,2000-12-01T00:00:00,Zambia,Mumbwa,239.06909278947168
1164,2001,1,2001-01-01T00:00:00,Zambia,Mumbwa,231.34246971088945
1165,2001,2,2001-02-01T00:00:00,Zambia,Mumbwa,316.9053707114907
1166,2001,3,2001-03-01T00:00:00,Zambia,Mumbwa,171.85044227559288
1174,2001,11,2001-11-01T00:00:00,Zambia,Mumbwa,148.43737136068643
1175,2001,12,2001-12-01T00:00:00,Zambia,Mumbwa,178.16113780090225
1176,2002,1,2002-01-01T00:00:00,Zambia,Mumbwa,151.56769104563406
1177,2002,2,2002-02-01T00:00:00,Zambia,Mumbwa,68.1815967375158
1178,2002,3,2002-03-01T00:00:00,Zambia,Mumbwa,61.21367148598308
1186,2002,11,2002-11-01T00:00:00,Zambia,Mumbwa,83.6427777452114
1187,2002,12,2002-12-01T00:00:00,Zambia,Mumbwa,193.22984755515785
1188,2003,1,2003-01-01T00:00:00,Zambia,Mumbwa,153.61642289121795
1189,2003,2,2003-02-01T00:00:00,Zambia,Mumbwa,178.79395711637738
1190,2003,3,2003-03-01T00:00:00,Zambia,Mumbwa,222.7051874275744
1198,2003,11,2003-11-01T00:00:00,Zambia,Mumbwa,93.77479080215579
1199,2003,12,2003-12-01T00:00:00,Zambia,Mumbwa,175.59792439538234
1200,2004,1,2004-01-01T00:00:00,Zambia,Mumbwa,204.99683968881058
1201,2004,2,2004-02-01T00:00:00,Zambia,Mumbwa,204.82932882187575
1202,2004,3,2004-03-01T00:00:00,Zambia,Mumbwa,200.54156106223297
1210,2004,11,2004-11-01T00:00:00,Zambia,Mumbwa,63.40847924052415
1211,2004,12,2004-12-01T00:00:00,Zambia,Mumbwa,198.4167552948604
1212,2005,1,2005-01-01T00:00:00,Zambia,Mumbwa,168.3731273788005
1213,2005,2,2005-02-01T00:00:00,Zambia,Mumbwa,73.99256500551414
1214,2005,3,2005-03-01T00:00:00,Zambia,Mumbwa,83.5145292823936
1222,2005,11,2005-11-01T00:00:00,Zambia,Mumbwa,107.35139879335765
1223,2005,12,2005-12-01T00:00:00,Zambia,Mumbwa,239.6365257811471
1224,2006,1,2006-01-01T00:00:00,Zambia,Mumbwa,202.30636796634948
1225,2006,2,2006-02-01T00:00:00,Zambia,Mumbwa,267.7551736670997
1226,2006,3,2006-03-01T00:00:00,Zambia,Mumbwa,146.27929104494157
1234,2006,11,2006-11-01T00:00:00,Zambia,Mumbwa,128.69905006619317
1235,2006,12,2006-12-01T00:00:00,Zambia,Mumbwa,205.58585183849857
1236,2007,1,2007-01-01T00:00:00,Zambia,Mumbwa,312.3659600408748
1237,2007,2,2007-02-01T00:00:00,Zambia,Mumbwa,225.15329539696415
1238,2007,3,2007-03-01T00:00:00,Zambia,Mumbwa,83.9884066783922
1246,2007,11,2007-11-01T00:00:00,Zambia,Mumbwa,122.22661341919299
1247,2007,12,2007-12-01T00:00:00,Zambia,Mumbwa,318.37533452572234
1248,2008,1,2008-01-01T00:00:00,Zambia,Mumbwa,364.79137046075886
1249,2008,2,2008-02-01T00:00:00,Zambia,Mumbwa,162.46440975611932
1250,2008,3,2008-03-01T00:00:00,Zambia,Mumbwa,104.57308634231201
1258,2008,11,2008-11-01T00:00:00,Zambia,Mumbwa,150.72284703167438
1259,2008,12,2008-12-01T00:00:00,Zambia,Mumbwa,220.88379176793805
1260,2009,1,2009-01-01T00:00:00,Zambia,Mumbwa,272.27332781446967
1261,2009,2,2009-02-01T00:00:00,Zambia,Mumbwa,116.30571160596989
1262,2009,3,2009-03-01T00:00:00,Zambia,Mumbwa,167.82195660351505
1270,2009,11,2009-11-01T00:00:00,Zambia,Mumbwa,164.95005062355688
1271,2009,12,2009-12-01T00:00:00,Zambia,Mumbwa,145.87903340969274
1272,2010,1,2010-01-01T00:00:00,Zambia,Mumbwa,157.5620750778608
1273,2010,2,2010-02-01T00:00:00,Zambia,Mumbwa,300.15691914833445
1274,2010,3,2010-03-01T00:00:00,Zambia,Mumbwa,167.03461227337533
1282,2010,11,2010-11-01T00:00:00,Zambia,Mumbwa,141.46953578269404
1283,2010,12,2010-12-01T00:00:00,Zambia,Mumbwa,284.2657585768731
1284,2011,1,2011-01-01T00:00:00,Zambia,Mumbwa,228.06657548755442
1285,2011,2,2011-02-01T00:00:00,Zambia,Mumbwa,119.47031821440457
1286,2011,3,2011-03-01T00:00:00,Zambia,Mumbwa,159.75598789384037
1294,2011,11,2011-11-01T00:00:00,Zambia,Mumbwa,100.51190627910893
1295,2011,12,2011-12-01T00:00:00,Zambia,Mumbwa,162.00890908802458
1296,2012,1,2012-01-01T00:00:00,Zambia,Mumbwa,213.07215493667778
1297,2012,2,2012-02-01T00:00:00,Zambia,Mumbwa,182.1255357366281
1298,2012,3,2012-03-01T00:00:00,Zambia,Mumbwa,102.45404074630423
1306,2012,11,2012-11-01T00:00:00,Zambia,Mumbwa,100.20964081806872
1307,2012,12,2012-12-01T00:00:00,Zambia,Mumbwa,247.38417985092585
1308,2013,1,2013-01-01T00:00:00,Zambia,Mumbwa,267.1294126373893
1309,2013,2,2013-02-01T00:00:00,Zambia,Mumbwa,190.25079002801647
1310,2013,3,2013-03-01T00:00:00,Zambia,Mumbwa,61.6261940082841
1318,2013,11,2013-11-01T00:00:00,Zambia,Mumbwa,88.02899683913287
1319,2013,12,2013-12-01T00:00:00,Zambia,Mumbwa,191.5438526760374
1320,2014,1,2014-01-01T00:00:00,Zambia,Mumbwa,199.98260097576215
1321,2014,2,2014-02-01T00:00:00,Zambia,Mumbwa,145.14209150295875
1322,2014,3,2014-03-01T00:00:00,Zambia,Mumbwa,84.06829634110167
1330,2014,11,2014-11-01T00:00:00,Zambia,Mumbwa,88.36212777909252
1331,2014,12,2014-12-01T00:00:00,Zambia,Mumbwa,212.77926925950263
1332,2015,1,2015-01-01T00:00:00,Zambia,Mumbwa,206.06335590187845
1333,2015,2,2015-02-01T00:00:00,Zambia,Mumbwa,126.80482306410595
1334,2015,3,2015-03-01T00:00:00,Zambia,Mumbwa,62.95277398457648
1342,2015,11,2015-11-01T00:00:00,Zambia,Mumbwa,53.03670635647831
1343,2015,12,2015-12-01T00:00:00,Zambia,Mumbwa,132.90169128502288
1344,2016,1,2016-01-01T00:00:00,Zambia,Mumbwa,219.42438864086432
1345,2016,2,2016-02-01T00:00:00,Zambia,Mumbwa,147.1179921932125
1346,2016,3,2016-03-01T00:00:00,Zambia,Mumbwa,213.89587706893235
1354,2016,11,2016-11-01T00:00:00,Zambia,Mumbwa,136.4621703366606
1355,2016,12,2016-12-01T00:00:00,Zambia,Mumbwa,172.17874580373334
1356,2017,1,2017-01-01T00:00:00,Zambia,Mumbwa,274.26733707570014
1357,2017,2,2017-02-01T00:00:00,Zambia,Mumbwa,300.396996271592
1358,2017,3,2017-03-01T00:00:00,Zambia,Mumbwa,115.08980711481502
1366,2017,11,2017-11-01T00:00:00,Zambia,Mumbwa,122.30448615744065
1367,2017,12,2017-12-01T00:00:00,Zambia,Mumbwa,180.0354033709934
1368,2018,1,2018-01-01T00:00:00,Zambia,Mumbwa,68.2133910653553
1369,2018,2,2018-02-01T00:00:00,Zambia,Mumbwa,299.6197798575652
1370,2018,3,2018-03-01T00:00:00,Zambia,Mumbwa,180.04373367618115
1378,2018,11,2018-11-01T00:00:00,Zambia,Mumbwa,53.04294631996206
1379,2018,12,2018-12-01T00:00:00,Zambia,Mumbwa,129.68819008906866
1380,2019,1,2019-01-01T00:00:00,Zambia,Mumbwa,174.73986221353334
1381,2019,2,2019-02-01T00:00:00,Zambia,Mumbwa,129.2527632617229
1382,2019,3,2019-03-01T00:00:00,Zambia,Mumbwa,45.93793545153533
1390,2019,11,2019-11-01T00:00:00,Zambia,Mumbwa,73.6318564671731
1391,2019,12,2019-12-01T00:00:00,Zambia,Mumbwa,67.8396828032008
1392,2020,1,2020-01-01T00:00:00,Zambia,Mumbwa,257.9725999773199
1393,2020,2,2020-02-01T00:00:00,Zambia,Mumbwa,226.92164699933767
1394,2020,3,2020-03-01T00:00:00,Zambia,Mumbwa,111.04853935451719
1402,2020,11,2020-11-01T00:00:00,Zambia,Mumbwa,87.22371034720953
1403,2020,12,2020-12-01T00:00:00,Zambia,Mumbwa,300.3952902929045
1404,2021,1,2021-01-01T00:00:00,Zambia,Mumbwa,243.05125054997845
1405,2021,2,2021-02-01T00:00:00,Zambia,Mumbwa,186.12797226440796
1406,2021,3,2021-03-01T00:00:00,Zambia,Mumbwa,98.95958373948477
1414,2021,11,2021-11-01T00:00:00,Zambia,Mumbwa,46.615314960090785
1415,2021,12,2021-12-01T00:00:00,Zambia,Mumbwa,101.39425704468333
1416,2022,1,2022-01-01T00:00:00,Zambia,Mumbwa,404.34200237307874
1417,2022,2,2022-02-01T00:00:00,Zambia,Mumbwa,95.49697779482754
1418,2022,3,2022-03-01T00:00:00,Zambia,Mumbwa,110.18880653468555
1426,2022,11,2022-11-01T00:00:00,Zambia,Mumbwa,113.1429470630958
1427,2022,12,2022-12-01T00:00:00,Zambia,Mumbwa,167.99287159856547
1428,2023,1,2023-01-01T00:00:00,Zambia,Mumbwa,313.2639257737964
1429,2023,2,2023-02-01T00:00:00,Zambia,Mumbwa,159.3919251903608
1430,2023,3,2023-03-01T00:00:00,Zambia,Mumbwa,57.890485433986825
1438,2023,11,2023-11-01T00:00:00,Zambia,Mumbwa,25.630308907780528
1439,2023,12,2023-12-01T00:00:00,Zambia,Mumbwa,230.12086434022154
1440,2000,1,2000-01-01T00:00:00,Zambia,Serenje,265.9187067181852
1441,2000,2,2000-02-01T00:00:00,Zambia,Serenje,265.36532027555074
1442,2000,3,2000-03-01T00:00:00,Zambia,Serenje,245.8080603255692
1450,2000,11,2000-11-01T00:00:00,Zambia,Serenje,126.01609657385316
1451,2000,12,2000-12-01T00:00:00,Zambia,Serenje,202.35112083604923
1452,2001,1,2001-01-01T00:00:00,Zambia,Serenje,305.6865198644118
1453,2001,2,2001-02-01T00:00:00,Zambia,Serenje,285.83045044657666
1454,2001,3,2001-03-01T00:00:00,Zambia,Serenje,230.71566290828014
1462,2001,11,2001-11-01T00:00:00,Zambia,Serenje,91.9949616036207
1463,2001,12,2001-12-01T00:00:00,Zambia,Serenje,201.68620644488126
1464,2002,1,2002-01-01T00:00:00,Zambia,Serenje,236.6535131987453
1465,2002,2,2002-02-01T00:00:00,Zambia,Serenje,161.69826435468246
1466,2002,3,2002-03-01T00:00:00,Zambia,Serenje,80.10881955914182
1474,2002,11,2002-11-01T00:00:00,Zambia,Serenje,86.25788326481458
1475,2002,12,2002-12-01T00:00:00,Zambia,Serenje,320.87121449178056
1476,2003,1,2003-01-01T00:00:00,Zambia,Serenje,229.86607688199516
1477,2003,2,2003-02-01T00:00:00,Zambia,Serenje,243.6483612990281
1478,2003,3,2003-03-01T00:00:00,Zambia,Serenje,222.75715741254805
1486,2003,11,2003-11-01T00:00:00,Zambia,Serenje,67.83218485619913
1487,2003,12,2003-12-01T00:00:00,Zambia,Serenje,214.55138943250594
1488,2004,1,2004-01-01T00:00:00,Zambia,Serenje,265.73003117023705
1489,2004,2,2004-02-01T00:00:00,Zambia,Serenje,211.21879999494166
1490,2004,3,2004-03-01T00:00:00,Zambia,Serenje,180.43287435422934
1498,2004,11,2004-11-01T00:00:00,Zambia,Serenje,110.32057213420246
1499,2004,12,2004-12-01T00:00:00,Zambia,Serenje,364.3968845399316
1500,2005,1,2005-01-01T00:00:00,Zambia,Serenje,272.0332342575755
1501,2005,2,2005-02-01T00:00:00,Zambia,Serenje,151.32623757020986
1502,2005,3,2005-03-01T00:00:00,Zambia,Serenje,59.56572015115433
1510,2005,11,2005-11-01T00:00:00,Zambia,Serenje,73.0975654366949
1511,2005,12,2005-12-01T00:00:00,Zambia,Serenje,198.47277279067745
1512,2006,1,2006-01-01T00:00:00,Zambia,Serenje,312.451903778382
1513,2006,2,2006-02-01T00:00:00,Zambia,Serenje,270.938143080626
1514,2006,3,2006-03-01T00:00:00,Zambia,Serenje,215.1170323691816
1522,2006,11,2006-11-01T00:00:00,Zambia,Serenje,111.5556751561539
1523,2006,12,2006-12-01T00:00:00,Zambia,Serenje,254.89544391998697
1524,2007,1,2007-01-01T00:00:00,Zambia,Serenje,443.35535961119405
1525,2007,2,2007-02-01T00:00:00,Zambia,Serenje,364.1192866229519
1526,2007,3,2007-03-01T00:00:00,Zambia,Serenje,134.23400685672848
1534,2007,11,2007-11-01T00:00:00,Zambia,Serenje,100.61051225315514
1535,2007,12,2007-12-01T00:00:00,Zambia,Serenje,346.98389368341304
1536,2008,1,2008-01-01T00:00:00,Zambia,Serenje,354.0570209261522
1537,2008,2,2008-02-01T00:00:00,Zambia,Serenje,199.68472265093928
1538,2008,3,2008-03-01T00:00:00,Zambia,Serenje,100.13643635570777
1546,2008,11,2008-11-01T00:00:00,Zambia,Serenje,120.05661746874989
1547,2008,12,2008-12-01T00:00:00,Zambia,Serenje,312.5034775872185
1548,2009,1,2009-01-01T00:00:00,Zambia,Serenje,264.6846605794967
1549,2009,2,2009-02-01T00:00:00,Zambia,Serenje,172.7038888316122
1550,2009,3,2009-03-01T00:00:00,Zambia,Serenje,204.95629206088458
1558,2009,11,2009-11-01T00:00:00,Zambia,Serenje,147.15833164349525
1559,2009,12,2009-12-01T00:00:00,Zambia,Serenje,299.10523874293386
1560,2010,1,2010-01-01T00:00:00,Zambia,Serenje,197.15881119610756
1561,2010,2,2010-02-01T00:00:00,Zambia,Serenje,455.30920961817793
1562,2010,3,2010-03-01T00:00:00,Zambia,Serenje,195.07065612170948
1570,2010,11,2010-11-01T00:00:00,Zambia,Serenje,74.28079452854057
1571,2010,12,2010-12-01T00:00:00,Zambia,Serenje,306.82034986406217
1572,2011,1,2011-01-01T00:00:00,Zambia,Serenje,305.62205195592287
1573,2011,2,2011-02-01T00:00:00,Zambia,Serenje,126.96548445891789
1574,2011,3,2011-03-01T00:00:00,Zambia,Serenje,153.39510704912738
1582,2011,11,2011-11-01T00:00:00,Zambia,Serenje,96.19904083912284
1583,2011,12,2011-12-01T00:00:00,Zambia,Serenje,190.97590494723002
1584,2012,1,2012-01-01T00:00:00,Zambia,Serenje,326.39323018069155
1585,2012,2,2012-02-01T00:00:00,Zambia,Serenje,265.4067105562915
1586,2012,3,2012-03-01T00:00:00,Zambia,Serenje,212.33663620746043
1594,2012,11,2012-11-01T00:00:00,Zambia,Serenje,54.33835265622
1595,2012,12,2012-12-01T00:00:00,Zambia,Serenje,225.9572220472624
1596,2013,1,2013-01-01T00:00:00,Zambia,Serenje,256.2815279390026
1597,2013,2,2013-02-01T00:00:00,Zambia,Serenje,217.0101307210796
1598,2013,3,2013-03-01T00:00:00,Zambia,Serenje,86.0352711557925
1606,2013,11,2013-11-01T00:00:00,Zambia,Serenje,69.25723761021739
1607,2013,12,2013-12-01T00:00:00,Zambia,Serenje,216.15688140730788
1608,2014,1,2014-01-01T00:00:00,Zambia,Serenje,214.45014536170007
1609,2014,2,2014-02-01T00:00:00,Zambia,Serenje,234.0492747913019
1610,2014,3,2014-03-01T00:00:00,Zambia,Serenje,125.24582790605773
1618,2014,11,2014-11-01T00:00:00,Zambia,Serenje,22.36659316328076
1619,2014,12,2014-12-01T00:00:00,Zambia,Serenje,162.52631133030133
1620,2015,1,2015-01-01T00:00:00,Zambia,Serenje,265.52450582216323
1621,2015,2,2015-02-01T00:00:00,Zambia,Serenje,225.10654605232654
1622,2015,3,2015-03-01T00:00:00,Zambia,Serenje,88.60789522338791
1630,2015,11,2015-11-01T00:00:00,Zambia,Serenje,78.19767125213322
1631,2015,12,2015-12-01T00:00:00,Zambia,Serenje,171.02012457905676
1632,2016,1,2016-01-01T00:00:00,Zambia,Serenje,205.50374826445312
1633,2016,2,2016-02-01T00:00:00,Zambia,Serenje,147.6524689051444
1634,2016,3,2016-03-01T00:00:00,Zambia,Serenje,252.20139738961063
1642,2016,11,2016-11-01T00:00:00,Zambia,Serenje,116.37783848633454
1643,2016,12,2016-12-01T00:00:00,Zambia,Serenje,200.30844042695514
1644,2017,1,2017-01-01T00:00:00,Zambia,Serenje,379.8571381048266
1645,2017,2,2017-02-01T00:00:00,Zambia,Serenje,333.5894331710842
1646,2017,3,2017-03-01T00:00:00,Zambia,Serenje,115.23658084401168
1654,2017,11,2017-11-01T00:00:00,Zambia,Serenje,185.50166276013186
1655,2017,12,2017-12-01T00:00:00,Zambia,Serenje,252.62463420218768
1656,2018,1,2018-01-01T00:00:00,Zambia,Serenje,112.42263320262522
1657,2018,2,2018-02-01T00:00:00,Zambia,Serenje,275.145626818231
1658,2018,3,2018-03-01T00:00:00,Zambia,Serenje,194.85597211421404
1666,2018,11,2018-11-01T00:00:00,Zambia,Serenje,60.28020784064512
1667,2018,12,2018-12-01T00:00:00,Zambia,Serenje,235.514242695581
1668,2019,1,2019-01-01T00:00:00,Zambia,Serenje,246.47677148927804
1669,2019,2,2019-02-01T00:00:00,Zambia,Serenje,226.3421907574028
1670,2019,3,2019-03-01T00:00:00,Zambia,Serenje,111.73174420934122
1678,2019,11,2019-11-01T00:00:00,Zambia,Serenje,103.70468812580573
1679,2019,12,2019-12-01T00:00:00,Zambia,Serenje,133.23831855798153
1680,2020,1,2020-01-01T00:00:00,Zambia,Serenje,239.55742292184607
1681,2020,2,2020-02-01T00:00:00,Zambia,Serenje,249.11299594944506
1682,2020,3,2020-03-01T00:00:00,Zambia,Serenje,80.6702069396696
1690,2020,11,2020-11-01T00:00:00,Zambia,Serenje,54.24043919645621
1691,2020,12,2020-12-01T00:00:00,Zambia,Serenje,292.3865533218368
1692,2021,1,2021-01-01T00:00:00,Zambia,Serenje,347.99343901888955
1693,2021,2,2021-02-01T00:00:00,Zambia,Serenje,304.99658161238494
1694,2021,3,2021-03-01T00:00:00,Zambia,Serenje,336.07090769657697
1702,2021,11,2021-11-01T00:00:00,Zambia,Serenje,84.21121266340656
1703,2021,12,2021-12-01T00:00:00,Zambia,Serenje,111.49357266115533
1704,2022,1,2022-01-01T00:00:00,Zambia,Serenje,335.0918298421498
1705,2022,2,2022-02-01T00:00:00,Zambia,Serenje,216.3848327461475
1706,2022,3,2022-03-01T00:00:00,Zambia,Serenje,106.5869152704935
1714,2022,11,2022-11-01T00:00:00,Zambia,Serenje,120.2511265822044
1715,2022,12,2022-12-01T00:00:00,Zambia,Serenje,190.05036619236182
1716,2023,1,2023-01-01T00:00:00,Zambia,Serenje,342.63039528286725
1717,2023,2,2023-02-01T00:00:00,Zambia,Serenje,229.85929449488015
1718,2023,3,2023-03-01T00:00:00,Zambia,Serenje,217.16835874396733
1726,2023,11,2023-11-01T00:00:00,Zambia,Serenje,41.68906273442029
1727,2023,12,2023-12-01T00:00:00,Zambia,Serenje,217.61057447276093
1728,2000,1,2000-01-01T00:00:00,Zambia,Chililabombwe,319.7831461701596
1729,2000,2,2000-02-01T00:00:00,Zambia,Chililabombwe,257.83189684633766
1730,2000,3,2000-03-01T00:00:00,Zambia,Chililabombwe,282.48518225702855
1738,2000,11,2000-11-01T00:00:00,Zambia,Chililabombwe,163.92676442652888
1739,2000,12,2000-12-01T00:00:00,Zambia,Chililabombwe,331.32387791574007
1740,2001,1,2001-01-01T00:00:00,Zambia,Chililabombwe,454.27699733880263
1741,2001,2,2001-02-01T00:00:00,Zambia,Chililabombwe,319.1155871226033
1742,2001,3,2001-03-01T00:00:00,Zambia,Chililabombwe,285.30864162156377
1750,2001,11,2001-11-01T00:00:00,Zambia,Chililabombwe,167.7433898255008
1751,2001,12,2001-12-01T00:00:00,Zambia,Chililabombwe,212.32030673710483
1752,2002,1,2002-01-01T00:00:00,Zambia,Chililabombwe,302.42208794041665
1753,2002,2,2002-02-01T00:00:00,Zambia,Chililabombwe,210.33929371524488
1754,2002,3,2002-03-01T00:00:00,Zambia,Chililabombwe,125.21127256603774
1762,2002,11,2002-11-01T00:00:00,Zambia,Chililabombwe,146.58656268639268
1763,2002,12,2002-12-01T00:00:00,Zambia,Chililabombwe,311.7310020726732
1764,2003,1,2003-01-01T00:00:00,Zambia,Chililabombwe,362.71389719185953
1765,2003,2,2003-02-01T00:00:00,Zambia,Chililabombwe,254.13876229490256
1766,2003,3,2003-03-01T00:00:00,Zambia,Chililabombwe,239.01202867770516
1774,2003,11,2003-11-01T00:00:00,Zambia,Chililabombwe,148.5675474754619
1775,2003,12,2003-12-01T00:00:00,Zambia,Chililabombwe,302.02796946500354
1776,2004,1,2004-01-01T00:00:00,Zambia,Chililabombwe,318.4848427262642
1777,2004,2,2004-02-01T00:00:00,Zambia,Chililabombwe,266.39031755173033
1778,2004,3,2004-03-01T00:00:00,Zambia,Chililabombwe,214.6457458752924
1786,2004,11,2004-11-01T00:00:00,Zambia,Chililabombwe,148.29429124713042
1787,2004,12,2004-12-01T00:00:00,Zambia,Chililabombwe,251.98118652278143
1788,2005,1,2005-01-01T00:00:00,Zambia,Chililabombwe,323.87229306870665
1789,2005,2,2005-02-01T00:00:00,Zambia,Chililabombwe,176.36960306434696
1790,2005,3,2005-03-01T00:00:00,Zambia,Chililabombwe,142.9858288488288
1798,2005,11,2005-11-01T00:00:00,Zambia,Chililabombwe,113.60095963532585
1799,2005,12,2005-12-01T00:00:00,Zambia,Chililabombwe,267.11225369884414
1800,2006,1,2006-01-01T00:00:00,Zambia,Chililabombwe,304.0580301340762
1801,2006,2,2006-02-01T00:00:00,Zambia,Chililabombwe,272.7728927704756
1802,2006,3,2006-03-01T00:00:00,Zambia,Chililabombwe,290.6587394880503
1810,2006,11,2006-11-01T00:00:00,Zambia,Chililabombwe,133.8134058055021
1811,2006,12,2006-12-01T00:00:00,Zambia,Chililabombwe,311.3742280133571
1812,2007,1,2007-01-01T00:00:00,Zambia,Chililabombwe,358.5461608718903
1813,2007,2,2007-02-01T00:00:00,Zambia,Chililabombwe,338.86577147417256
1814,2007,3,2007-03-01T00:00:00,Zambia,Chililabombwe,166.33867147478972
1822,2007,11,2007-11-01T00:00:00,Zambia,Chililabombwe,165.38602378196043
1823,2007,12,2007-12-01T00:00:00,Zambia,Chililabombwe,341.786714534513
1824,2008,1,2008-01-01T00:00:00,Zambia,Chililabombwe,383.9414035886084
1825,2008,2,2008-02-01T00:00:00,Zambia,Chililabombwe,228.33608918945126
1826,2008,3,2008-03-01T00:00:00,Zambia,Chililabombwe,173.5999157506316
1834,2008,11,2008-11-01T00:00:00,Zambia,Chililabombwe,250.73473605066778
1835,2008,12,2008-12-01T00:00:00,Zambia,Chililabombwe,245.88403562077087
1836,2009,1,2009-01-01T00:00:00,Zambia,Chililabombwe,378.1530773637714
1837,2009,2,2009-02-01T00:00:00,Zambia,Chililabombwe,199.1620189626586
1838,2009,3,2009-03-01T00:00:00,Zambia,Chililabombwe,292.7443613130631
1846,2009,11,2009-11-01T00:00:00,Zambia,Chililabombwe,175.21779632440698
1847,2009,12,2009-12-01T00:00:00,Zambia,Chililabombwe,295.42272201116634
1848,2010,1,2010-01-01T00:00:00,Zambia,Chililabombwe,211.1467792354708
1849,2010,2,2010-02-01T00:00:00,Zambia,Chililabombwe,327.99120531801935
1850,2010,3,2010-03-01T00:00:00,Zambia,Chililabombwe,304.37532236801434
1858,2010,11,2010-11-01T00:00:00,Zambia,Chililabombwe,156.92282040630766
1859,2010,12,2010-12-01T00:00:00,Zambia,Chililabombwe,267.243257602244
1860,2011,1,2011-01-01T00:00:00,Zambia,Chililabombwe,285.7828829408773
1861,2011,2,2011-02-01T00:00:00,Zambia,Chililabombwe,183.0424828099753
1862,2011,3,2011-03-01T00:00:00,Zambia,Chililabombwe,228.91142215495051
1870,2011,11,2011-11-01T00:00:00,Zambia,Chililabombwe,186.44040432930777
1871,2011,12,2011-12-01T00:00:00,Zambia,Chililabombwe,195.10656692340498
1872,2012,1,2012-01-01T00:00:00,Zambia,Chililabombwe,384.86211747834477
1873,2012,2,2012-02-01T00:00:00,Zambia,Chililabombwe,294.74804695100323
1874,2012,3,2012-03-01T00:00:00,Zambia,Chililabombwe,339.0092270732958
1882,2012,11,2012-11-01T00:00:00,Zambia,Chililabombwe,117.59446234546938
1883,2012,12,2012-12-01T00:00:00,Zambia,Chililabombwe,290.6343866493154
1884,2013,1,2013-01-01T00:00:00,Zambia,Chililabombwe,304.81522808397034
1885,2013,2,2013-02-01T00:00:00,Zambia,Chililabombwe,214.27099544271414
1886,2013,3,2013-03-01T00:00:00,Zambia,Chililabombwe,154.69107460833257
1894,2013,11,2013-11-01T00:00:00,Zambia,Chililabombwe,165.58293306099674
1895,2013,12,2013-12-01T00:00:00,Zambia,Chililabombwe,270.73184597011067
1896,2014,1,2014-01-01T00:00:00,Zambia,Chililabombwe,290.2479797338044
1897,2014,2,2014-02-01T00:00:00,Zambia,Chililabombwe,287.25853877181964
1898,2014,3,2014-03-01T00:00:00,Zambia,Chililabombwe,211.6733029915582
1906,2014,11,2014-11-01T00:00:00,Zambia,Chililabombwe,87.20211449312123
1907,2014,12,2014-12-01T00:00:00,Zambia,Chililabombwe,191.56485224064727
1908,2015,1,2015-01-01T00:00:00,Zambia,Chililabombwe,285.1758246111025
1909,2015,2,2015-02-01T00:00:00,Zambia,Chililabombwe,227.07624802386158
1910,2015,3,2015-03-01T00:00:00,Zambia,Chililabombwe,121.10493373433883
1918,2015,11,2015-11-01T00:00:00,Zambia,Chililabombwe,112.07902640185304
1919,2015,12,2015-12-01T00:00:00,Zambia,Chililabombwe,195.7606553019468
1920,2016,1,2016-01-01T00:00:00,Zambia,Chililabombwe,344.35663825676113
1921,2016,2,2016-02-01T00:00:00,Zambia,Chililabombwe,204.56661771625718
1922,2016,3,2016-03-01T00:00:00,Zambia,Chililabombwe,328.34993058634547
1930,2016,11,2016-11-01T00:00:00,Zambia,Chililabombwe,134.63906750436473
1931,2016,12,2016-12-01T00:00:00,Zambia,Chililabombwe,184.67059929720455
1932,2017,1,2017-01-01T00:00:00,Zambia,Chililabombwe,417.69043647855085
1933,2017,2,2017-02-01T00:00:00,Zambia,Chililabombwe,372.0571146070762
1934,2017,3,2017-03-01T00:00:00,Zambia,Chililabombwe,150.43549873094383
1942,2017,11,2017-11-01T00:00:00,Zambia,Chililabombwe,175.9462162939927
1943,2017,12,2017-12-01T00:00:00,Zambia,Chililabombwe,266.37717382140966
1944,2018,1,2018-01-01T00:00:00,Zambia,Chililabombwe,166.0234519578578
1945,2018,2,2018-02-01T00:00:00,Zambia,Chililabombwe,301.824824325458
1946,2018,3,2018-03-01T00:00:00,Zambia,Chililabombwe,281.3042055511297
1954,2018,11,2018-11-01T00:00:00,Zambia,Chililabombwe,98.4593544144128
1955,2018,12,2018-12-01T00:00:00,Zambia,Chililabombwe,258.98252011757023
1956,2019,1,2019-01-01T00:00:00,Zambia,Chililabombwe,317.6686341127219
1957,2019,2,2019-02-01T00:00:00,Zambia,Chililabombwe,236.16111876568837
1958,2019,3,2019-03-01T00:00:00,Zambia,Chililabombwe,206.5715495204857
1966,2019,11,2019-11-01T00:00:00,Zambia,Chililabombwe,108.83302485126592
1967,2019,12,2019-12-01T00:00:00,Zambia,Chililabombwe,95.57380689743177
1968,2020,1,2020-01-01T00:00:00,Zambia,Chililabombwe,300.2053628987595
1969,2020,2,2020-02-01T00:00:00,Zambia,Chililabombwe,253.6882036584115
1970,2020,3,2020-03-01T00:00:00,Zambia,Chililabombwe,226.05309977147985
1978,2020,11,2020-11-01T00:00:00,Zambia,Chililabombwe,96.85280110251276
1979,2020,12,2020-12-01T00:00:00,Zambia,Chililabombwe,272.84326104458904
1980,2021,1,2021-01-01T00:00:00,Zambia,Chililabombwe,390.17748605080646
1981,2021,2,2021-02-01T00:00:00,Zambia,Chililabombwe,304.79798410324713
1982,2021,3,2021-03-01T00:00:00,Zambia,Chililabombwe,415.049255567632
1990,2021,11,2021-11-01T00:00:00,Zambia,Chililabombwe,74.7564677693183
1991,2021,12,2021-12-01T00:00:00,Zambia,Chililabombwe,192.55640109273702
1992,2022,1,2022-01-01T00:00:00,Zambia,Chililabombwe,347.9057208247102
1993,2022,2,2022-02-01T00:00:00,Zambia,Chililabombwe,195.74862535165312
1994,2022,3,2022-03-01T00:00:00,Zambia,Chililabombwe,214.9243231989701
2002,2022,11,2022-11-01T00:00:00,Zambia,Chililabombwe,163.98347208207036
2003,2022,12,2022-12-01T00:00:00,Zambia,Chililabombwe,260.41041840087547
2004,2023,1,2023-01-01T00:00:00,Zambia,Chililabombwe,392.78120660644396
2005,2023,2,2023-02-01T00:00:00,Zambia,Chililabombwe,165.2116790163458
2006,2023,3,2023-03-01T00:00:00,Zambia,Chililabombwe,217.1646442355149
2014,2023,11,2023-11-01T00:00:00,Zambia,Chililabombwe,101.54072500908933
2015,2023,12,2023-12-01T00:00:00,Zambia,Chililabombwe,280.64994073981995
2016,2000,1,2000-01-01T00:00:00,Zambia,Chingola,315.5863512190762
2017,2000,2,2000-02-01T00:00:00,Zambia,Chingola,258.0080088207997
2018,2000,3,2000-03-01T00:00:00,Zambia,Chingola,264.8116544217294
2026,2000,11,2000-11-01T00:00:00,Zambia,Chingola,151.74236186937776
2027,2000,12,2000-12-01T00:00:00,Zambia,Chingola,353.5430695279735
2028,2001,1,2001-01-01T00:00:00,Zambia,Chingola,442.0102231038176
2029,2001,2,2001-02-01T00:00:00,Zambia,Chingola,312.6523329039306
2030,2001,3,2001-03-01T00:00:00,Zambia,Chingola,300.0617303059431
2038,2001,11,2001-11-01T00:00:00,Zambia,Chingola,162.26036795602624
2039,2001,12,2001-12-01T00:00:00,Zambia,Chingola,228.93153525739092
2040,2002,1,2002-01-01T00:00:00,Zambia,Chingola,287.5675172489497
2041,2002,2,2002-02-01T00:00:00,Zambia,Chingola,204.1569947169936
2042,2002,3,2002-03-01T00:00:00,Zambia,Chingola,118.0510397544864
2050,2002,11,2002-11-01T00:00:00,Zambia,Chingola,144.89211129899115
2051,2002,12,2002-12-01T00:00:00,Zambia,Chingola,336.49830287202224
2052,2003,1,2003-01-01T00:00:00,Zambia,Chingola,350.93681053841
2053,2003,2,2003-02-01T00:00:00,Zambia,Chingola,245.99162151301306
2054,2003,3,2003-03-01T00:00:00,Zambia,Chingola,232.14907327566698
2062,2003,11,2003-11-01T00:00:00,Zambia,Chingola,140.75826564708734
2063,2003,12,2003-12-01T00:00:00,Zambia,Chingola,317.0803796614398
2064,2004,1,2004-01-01T00:00:00,Zambia,Chingola,307.9166857556791
2065,2004,2,2004-02-01T00:00:00,Zambia,Chingola,242.97039961760274
2066,2004,3,2004-03-01T00:00:00,Zambia,Chingola,204.0604331778075
2074,2004,11,2004-11-01T00:00:00,Zambia,Chingola,145.05420069742615
2075,2004,12,2004-12-01T00:00:00,Zambia,Chingola,271.417172391477
2076,2005,1,2005-01-01T00:00:00,Zambia,Chingola,298.0143897960853
2077,2005,2,2005-02-01T00:00:00,Zambia,Chingola,164.0087392410509
2078,2005,3,2005-03-01T00:00:00,Zambia,Chingola,139.54900834542187
2086,2005,11,2005-11-01T00:00:00,Zambia,Chingola,116.95449082042809
2087,2005,12,2005-12-01T00:00:00,Zambia,Chingola,292.2647116385473
2088,2006,1,2006-01-01T00:00:00,Zambia,Chingola,301.0627063220562
2089,2006,2,2006-02-01T00:00:00,Zambia,Chingola,268.4700197170839
2090,2006,3,2006-03-01T00:00:00,Zambia,Chingola,292.8817927979981
2098,2006,11,2006-11-01T00:00:00,Zambia,Chingola,127.240614422587
2099,2006,12,2006-12-01T00:00:00,Zambia,Chingola,310.5701046305239
2100,2007,1,2007-01-01T00:00:00,Zambia,Chingola,334.8874382527861
2101,2007,2,2007-02-01T00:00:00,Zambia,Chingola,312.03277392681184
2102,2007,3,2007-03-01T00:00:00,Zambia,Chingola,161.2911461866798
2110,2007,11,2007-11-01T00:00:00,Zambia,Chingola,162.11613782935467
2111,2007,12,2007-12-01T00:00:00,Zambia,Chingola,346.6146220197462
2112,2008,1,2008-01-01T00:00:00,Zambia,Chingola,381.3064260402447
2113,2008,2,2008-02-01T00:00:00,Zambia,Chingola,206.60193694192944
2114,2008,3,2008-03-01T00:00:00,Zambia,Chingola,186.79745224736376
2122,2008,11,2008-11-01T00:00:00,Zambia,Chingola,251.44983050220011
2123,2008,12,2008-12-01T00:00:00,Zambia,Chingola,262.59400432484233
2124,2009,1,2009-01-01T00:00:00,Zambia,Chingola,371.23527378253334
2125,2009,2,2009-02-01T00:00:00,Zambia,Chingola,194.1689048392952
2126,2009,3,2009-03-01T00:00:00,Zambia,Chingola,289.95636947517687
2134,2009,11,2009-11-01T00:00:00,Zambia,Chingola,168.43915516590476
2135,2009,12,2009-12-01T00:00:00,Zambia,Chingola,298.198916362416
2136,2010,1,2010-01-01T00:00:00,Zambia,Chingola,207.24714033151267
2137,2010,2,2010-02-01T00:00:00,Zambia,Chingola,343.7245178495135
2138,2010,3,2010-03-01T00:00:00,Zambia,Chingola,296.215821485561
2146,2010,11,2010-11-01T00:00:00,Zambia,Chingola,145.97600112253863
2147,2010,12,2010-12-01T00:00:00,Zambia,Chingola,294.4973359408658
2148,2011,1,2011-01-01T00:00:00,Zambia,Chingola,282.3926946266915
2149,2011,2,2011-02-01T00:00:00,Zambia,Chingola,178.38513373291215
2150,2011,3,2011-03-01T00:00:00,Zambia,Chingola,219.63804663621224
2158,2011,11,2011-11-01T00:00:00,Zambia,Chingola,180.5197913015812
2159,2011,12,2011-12-01T00:00:00,Zambia,Chingola,196.3105785455801
2160,2012,1,2012-01-01T00:00:00,Zambia,Chingola,363.2658959219993
2161,2012,2,2012-02-01T00:00:00,Zambia,Chingola,291.0374158832861
2162,2012,3,2012-03-01T00:00:00,Zambia,Chingola,312.6847330745589
2170,2012,11,2012-11-01T00:00:00,Zambia,Chingola,130.96399205568173
2171,2012,12,2012-12-01T00:00:00,Zambia,Chingola,296.9846313173921
2172,2013,1,2013-01-01T00:00:00,Zambia,Chingola,301.60928881360763
2173,2013,2,2013-02-01T00:00:00,Zambia,Chingola,225.41470314829795
2174,2013,3,2013-03-01T00:00:00,Zambia,Chingola,137.1879633608145
2182,2013,11,2013-11-01T00:00:00,Zambia,Chingola,148.26048421444392
2183,2013,12,2013-12-01T00:00:00,Zambia,Chingola,281.53287912341995
2184,2014,1,2014-01-01T00:00:00,Zambia,Chingola,276.10943710662286
2185,2014,2,2014-02-01T00:00:00,Zambia,Chingola,275.1119169631206
2186,2014,3,2014-03-01T00:00:00,Zambia,Chingola,215.46976087657546
2194,2014,11,2014-11-01T00:00:00,Zambia,Chingola,91.279909990879
2195,2014,12,2014-12-01T00:00:00,Zambia,Chingola,200.42070443508013
2196,2015,1,2015-01-01T00:00:00,Zambia,Chingola,272.8940550805959
2197,2015,2,2015-02-01T00:00:00,Zambia,Chingola,220.9634051260536
2198,2015,3,2015-03-01T00:00:00,Zambia,Chingola,117.81214610713907
2206,2015,11,2015-11-01T00:00:00,Zambia,Chingola,108.95691081497372
2207,2015,12,2015-12-01T00:00:00,Zambia,Chingola,213.18386251805524
2208,2016,1,2016-01-01T00:00:00,Zambia,Chingola,347.8298010710931
2209,2016,2,2016-02-01T00:00:00,Zambia,Chingola,203.75751912066042
2210,2016,3,2016-03-01T00:00:00,Zambia,Chingola,329.95977431776214
2218,2016,11,2016-11-01T00:00:00,Zambia,Chingola,138.6215840902687
2219,2016,12,2016-12-01T00:00:00,Zambia,Chingola,208.39293092491835
2220,2017,1,2017-01-01T00:00:00,Zambia,Chingola,408.6607453538391
2221,2017,2,2017-02-01T00:00:00,Zambia,Chingola,375.49133613699786
2222,2017,3,2017-03-01T00:00:00,Zambia,Chingola,148.21204301568645
2230,2017,11,2017-11-01T00:00:00,Zambia,Chingola,185.61881730469383
2231,2017,12,2017-12-01T00:00:00,Zambia,Chingola,289.43601698796124
2232,2018,1,2018-01-01T00:00:00,Zambia,Chingola,164.14164884281524
2233,2018,2,2018-02-01T00:00:00,Zambia,Chingola,309.6821635608583
2234,2018,3,2018-03-01T00:00:00,Zambia,Chingola,289.96604942369373
2242,2018,11,2018-11-01T00:00:00,Zambia,Chingola,88.54433394162187
2243,2018,12,2018-12-01T00:00:00,Zambia,Chingola,246.99293405949865
2244,2019,1,2019-01-01T00:00:00,Zambia,Chingola,304.37504411029687
2245,2019,2,2019-02-01T00:00:00,Zambia,Chingola,221.60553975932726
2246,2019,3,2019-03-01T00:00:00,Zambia,Chingola,181.96237803802882
2254,2019,11,2019-11-01T00:00:00,Zambia,Chingola,107.40190221392668
2255,2019,12,2019-12-01T00:00:00,Zambia,Chingola,94.75231119379347
2256,2020,1,2020-01-01T00:00:00,Zambia,Chingola,293.8368505958121
2257,2020,2,2020-02-01T00:00:00,Zambia,Chingola,253.84649761839808
2258,2020,3,2020-03-01T00:00:00,Zambia,Chingola,240.40363348501444
2266,2020,11,2020-11-01T00:00:00,Zambia,Chingola,99.51935513853505
2267,2020,12,2020-12-01T00:00:00,Zambia,Chingola,281.40805739114955
2268,2021,1,2021-01-01T00:00:00,Zambia,Chingola,383.6507469033468
2269,2021,2,2021-02-01T00:00:00,Zambia,Chingola,289.34349910984116
2270,2021,3,2021-03-01T00:00:00,Zambia,Chingola,400.09420587857903
2278,2021,11,2021-11-01T00:00:00,Zambia,Chingola,78.33925003304734
2279,2021,12,2021-12-01T00:00:00,Zambia,Chingola,195.2996386606664
2280,2022,1,2022-01-01T00:00:00,Zambia,Chingola,353.0345786502343
2281,2022,2,2022-02-01T00:00:00,Zambia,Chingola,180.90265742853657
2282,2022,3,2022-03-01T00:00:00,Zambia,Chingola,195.9781561955501
2290,2022,11,2022-11-01T00:00:00,Zambia,Chingola,148.88324029170053
2291,2022,12,2022-12-01T00:00:00,Zambia,Chingola,250.45665209537756
2292,2023,1,2023-01-01T00:00:00,Zambia,Chingola,373.47479424007315
2293,2023,2,2023-02-01T00:00:00,Zambia,Chingola,162.60997067049
2294,2023,3,2023-03-01T00:00:00,Zambia,Chingola,209.8115259834178
2302,2023,11,2023-11-01T00:00:00,Zambia,Chingola,93.3592725113538
2303,2023,12,2023-12-01T00:00:00,Zambia,Chingola,295.0017769919356
2304,2000,1,2000-01-01T00:00:00,Zambia,Kalulushi,323.35325765654704
2305,2000,2,2000-02-01T00:00:00,Zambia,Kalulushi,248.2908426289532
2306,2000,3,2000-03-01T00:00:00,Zambia,Kalulushi,253.03975134671916
2314,2000,11,2000-11-01T00:00:00,Zambia,Kalulushi,147.65631640280438
2315,2000,12,2000-12-01T00:00:00,Zambia,Kalulushi,344.95623678180567
2316,2001,1,2001-01-01T00:00:00,Zambia,Kalulushi,457.00649293056586
2317,2001,2,2001-02-01T00:00:00,Zambia,Kalulushi,310.78943683916685
2318,2001,3,2001-03-01T00:00:00,Zambia,Kalulushi,324.89202742150525
2326,2001,11,2001-11-01T00:00:00,Zambia,Kalulushi,172.7498784686541
2327,2001,12,2001-12-01T00:00:00,Zambia,Kalulushi,231.52815854894902
2328,2002,1,2002-01-01T00:00:00,Zambia,Kalulushi,284.9685431456119
2329,2002,2,2002-02-01T00:00:00,Zambia,Kalulushi,187.20388726101706
2330,2002,3,2002-03-01T00:00:00,Zambia,Kalulushi,122.59040396958915
2338,2002,11,2002-11-01T00:00:00,Zambia,Kalulushi,150.69339406159128
2339,2002,12,2002-12-01T00:00:00,Zambia,Kalulushi,353.5470821360252
2340,2003,1,2003-01-01T00:00:00,Zambia,Kalulushi,345.7543894135507
2341,2003,2,2003-02-01T00:00:00,Zambia,Kalulushi,242.87615362327472
2342,2003,3,2003-03-01T00:00:00,Zambia,Kalulushi,258.9280945700696
2350,2003,11,2003-11-01T00:00:00,Zambia,Kalulushi,136.7911908704448
2351,2003,12,2003-12-01T00:00:00,Zambia,Kalulushi,309.9790257812466
2352,2004,1,2004-01-01T00:00:00,Zambia,Kalulushi,322.4867871925527
2353,2004,2,2004-02-01T00:00:00,Zambia,Kalulushi,231.64188490026783
2354,2004,3,2004-03-01T00:00:00,Zambia,Kalulushi,192.04795872645846
2362,2004,11,2004-11-01T00:00:00,Zambia,Kalulushi,151.4662820670151
2363,2004,12,2004-12-01T00:00:00,Zambia,Kalulushi,284.9772566644226
2364,2005,1,2005-01-01T00:00:00,Zambia,Kalulushi,310.1792955671282
2365,2005,2,2005-02-01T00:00:00,Zambia,Kalulushi,143.63578138286422
2366,2005,3,2005-03-01T00:00:00,Zambia,Kalulushi,145.6404446722855
2374,2005,11,2005-11-01T00:00:00,Zambia,Kalulushi,126.0101027239495
2375,2005,12,2005-12-01T00:00:00,Zambia,Kalulushi,319.38558647475577
2376,2006,1,2006-01-01T00:00:00,Zambia,Kalulushi,318.66893475891044
2377,2006,2,2006-02-01T00:00:00,Zambia,Kalulushi,270.6239393518342
2378,2006,3,2006-03-01T00:00:00,Zambia,Kalulushi,267.85544764233003
2386,2006,11,2006-11-01T00:00:00,Zambia,Kalulushi,126.3773525765411
2387,2006,12,2006-12-01T00:00:00,Zambia,Kalulushi,290.9468363099473
2388,2007,1,2007-01-01T00:00:00,Zambia,Kalulushi,354.71200681906197
2389,2007,2,2007-02-01T00:00:00,Zambia,Kalulushi,289.39799760966645
2390,2007,3,2007-03-01T00:00:00,Zambia,Kalulushi,153.31429902232742
2398,2007,11,2007-11-01T00:00:00,Zambia,Kalulushi,162.58816467546268
2399,2007,12,2007-12-01T00:00:00,Zambia,Kalulushi,331.47016108277273
2400,2008,1,2008-01-01T00:00:00,Zambia,Kalulushi,406.9962894902631
2401,2008,2,2008-02-01T00:00:00,Zambia,Kalulushi,202.15411147585124
2402,2008,3,2008-03-01T00:00:00,Zambia,Kalulushi,190.77418006429372
2410,2008,11,2008-11-01T00:00:00,Zambia,Kalulushi,263.0198919220703
2411,2008,12,2008-12-01T00:00:00,Zambia,Kalulushi,264.99395967948647
2412,2009,1,2009-01-01T00:00:00,Zambia,Kalulushi,401.22090831205253
2413,2009,2,2009-02-01T00:00:00,Zambia,Kalulushi,172.7345411100798
2414,2009,3,2009-03-01T00:00:00,Zambia,Kalulushi,288.8456768775309
2422,2009,11,2009-11-01T00:00:00,Zambia,Kalulushi,177.70551745363292
2423,2009,12,2009-12-01T00:00:00,Zambia,Kalulushi,290.54032757547617
2424,2010,1,2010-01-01T00:00:00,Zambia,Kalulushi,216.56372831344515
2425,2010,2,2010-02-01T00:00:00,Zambia,Kalulushi,311.27516096845693
2426,2010,3,2010-03-01T00:00:00,Zambia,Kalulushi,294.5091820190668
2434,2010,11,2010-11-01T00:00:00,Zambia,Kalulushi,146.56437831271714
2435,2010,12,2010-12-01T00:00:00,Zambia,Kalulushi,297.89778422763453
2436,2011,1,2011-01-01T00:00:00,Zambia,Kalulushi,300.22296697621965
2437,2011,2,2011-02-01T00:00:00,Zambia,Kalulushi,157.96399986496544
2438,2011,3,2011-03-01T00:00:00,Zambia,Kalulushi,219.8857980743522
2446,2011,11,2011-11-01T00:00:00,Zambia,Kalulushi,180.48805011402283
2447,2011,12,2011-12-01T00:00:00,Zambia,Kalulushi,220.05288310027242
2448,2012,1,2012-01-01T00:00:00,Zambia,Kalulushi,366.172883007911
2449,2012,2,2012-02-01T00:00:00,Zambia,Kalulushi,296.6732329716303
2450,2012,3,2012-03-01T00:00:00,Zambia,Kalulushi,294.00790226304116
2458,2012,11,2012-11-01T00:00:00,Zambia,Kalulushi,134.53280071148313
2459,2012,12,2012-12-01T00:00:00,Zambia,Kalulushi,265.0169410509916
2460,2013,1,2013-01-01T00:00:00,Zambia,Kalulushi,316.60780199819925
2461,2013,2,2013-02-01T00:00:00,Zambia,Kalulushi,209.21392890908578
2462,2013,3,2013-03-01T00:00:00,Zambia,Kalulushi,129.0763167277798
2470,2013,11,2013-11-01T00:00:00,Zambia,Kalulushi,137.85626388861613
2471,2013,12,2013-12-01T00:00:00,Zambia,Kalulushi,269.2606555038241
2472,2014,1,2014-01-01T00:00:00,Zambia,Kalulushi,282.65515923945725
2473,2014,2,2014-02-01T00:00:00,Zambia,Kalulushi,234.57092722554768
2474,2014,3,2014-03-01T00:00:00,Zambia,Kalulushi,196.90248714595683
2482,2014,11,2014-11-01T00:00:00,Zambia,Kalulushi,94.2044973752037
2483,2014,12,2014-12-01T00:00:00,Zambia,Kalulushi,214.37713394153178
2484,2015,1,2015-01-01T00:00:00,Zambia,Kalulushi,284.7215757069057
2485,2015,2,2015-02-01T00:00:00,Zambia,Kalulushi,202.8544700966753
2486,2015,3,2015-03-01T00:00:00,Zambia,Kalulushi,111.73384716694358
2494,2015,11,2015-11-01T00:00:00,Zambia,Kalulushi,110.73227263059155
2495,2015,12,2015-12-01T00:00:00,Zambia,Kalulushi,223.44102638705345
2496,2016,1,2016-01-01T00:00:00,Zambia,Kalulushi,376.5755783477709
2497,2016,2,2016-02-01T00:00:00,Zambia,Kalulushi,184.76591723966172
2498,2016,3,2016-03-01T00:00:00,Zambia,Kalulushi,348.1690135105173
2506,2016,11,2016-11-01T00:00:00,Zambia,Kalulushi,146.38450634534718
2507,2016,12,2016-12-01T00:00:00,Zambia,Kalulushi,238.2946830554106
2508,2017,1,2017-01-01T00:00:00,Zambia,Kalulushi,450.68127034405967
2509,2017,2,2017-02-01T00:00:00,Zambia,Kalulushi,365.1889552535659
2510,2017,3,2017-03-01T00:00:00,Zambia,Kalulushi,142.79873958792732
2518,2017,11,2017-11-01T00:00:00,Zambia,Kalulushi,197.42285375790527
2519,2017,12,2017-12-01T00:00:00,Zambia,Kalulushi,288.49865703882466
2520,2018,1,2018-01-01T00:00:00,Zambia,Kalulushi,153.81115886292508
2521,2018,2,2018-02-01T00:00:00,Zambia,Kalulushi,302.68588475665007
2522,2018,3,2018-03-01T00:00:00,Zambia,Kalulushi,299.11446554056454
2530,2018,11,2018-11-01T00:00:00,Zambia,Kalulushi,82.71614801889828
2531,2018,12,2018-12-01T00:00:00,Zambia,Kalulushi,223.4411686924018
2532,2019,1,2019-01-01T00:00:00,Zambia,Kalulushi,327.10071959076015
2533,2019,2,2019-02-01T00:00:00,Zambia,Kalulushi,203.63635680794485
2534,2019,3,2019-03-01T00:00:00,Zambia,Kalulushi,163.42532159449647
2542,2019,11,2019-11-01T00:00:00,Zambia,Kalulushi,108.08463954376613
2543,2019,12,2019-12-01T00:00:00,Zambia,Kalulushi,100.5087196902782
2544,2020,1,2020-01-01T00:00:00,Zambia,Kalulushi,319.49656806603804
2545,2020,2,2020-02-01T00:00:00,Zambia,Kalulushi,229.60678295411654
2546,2020,3,2020-03-01T00:00:00,Zambia,Kalulushi,227.66009033384583
2554,2020,11,2020-11-01T00:00:00,Zambia,Kalulushi,103.5533335657742
2555,2020,12,2020-12-01T00:00:00,Zambia,Kalulushi,307.68914763945037
2556,2021,1,2021-01-01T00:00:00,Zambia,Kalulushi,434.7266998560877
2557,2021,2,2021-02-01T00:00:00,Zambia,Kalulushi,268.08169457724756
2558,2021,3,2021-03-01T00:00:00,Zambia,Kalulushi,401.0999889133356
2566,2021,11,2021-11-01T00:00:00,Zambia,Kalulushi,88.69450175278672
2567,2021,12,2021-12-01T00:00:00,Zambia,Kalulushi,188.80039992732742
2568,2022,1,2022-01-01T00:00:00,Zambia,Kalulushi,407.0921735407003
2569,2022,2,2022-02-01T00:00:00,Zambia,Kalulushi,168.28442556877278
2570,2022,3,2022-03-01T00:00:00,Zambia,Kalulushi,180.18333198670103
2578,2022,11,2022-11-01T00:00:00,Zambia,Kalulushi,124.41463549778852
2579,2022,12,2022-12-01T00:00:00,Zambia,Kalulushi,239.53791780527808
2580,2023,1,2023-01-01T00:00:00,Zambia,Kalulushi,390.1899193605658
2581,2023,2,2023-02-01T00:00:00,Zambia,Kalulushi,139.84080986354306
2582,2023,3,2023-03-01T00:00:00,Zambia,Kalulushi,191.8552493025642
2590,2023,11,2023-11-01T00:00:00,Zambia,Kalulushi,94.85199252519729
2591,2023,12,2023-12-01T00:00:00,Zambia,Kalulushi,312.010122365065
2592,2000,1,2000-01-01T00:00:00,Zambia,Kitwe,330.93565721752884
2593,2000,2,2000-02-01T00:00:00,Zambia,Kitwe,235.34045747259216
2594,2000,3,2000-03-01T00:00:00,Zambia,Kitwe,253.40456158797062
2602,2000,11,2000-11-01T00:00:00,Zambia,Kitwe,160.5014085807252
2603,2000,12,2000-12-01T00:00:00,Zambia,Kitwe,338.36255013144375
2604,2001,1,2001-01-01T00:00:00,Zambia,Kitwe,443.6122879865078
2605,2001,2,2001-02-01T00:00:00,Zambia,Kitwe,323.26852356014933
2606,2001,3,2001-03-01T00:00:00,Zambia,Kitwe,331.71673006721954
2614,2001,11,2001-11-01T00:00:00,Zambia,Kitwe,164.77035299354918
2615,2001,12,2001-12-01T00:00:00,Zambia,Kitwe,236.43881776732547
2616,2002,1,2002-01-01T00:00:00,Zambia,Kitwe,257.2334705741598
2617,2002,2,2002-02-01T00:00:00,Zambia,Kitwe,185.42660085076923
2618,2002,3,2002-03-01T00:00:00,Zambia,Kitwe,129.2924835382411
2626,2002,11,2002-11-01T00:00:00,Zambia,Kitwe,159.15703533351953
2627,2002,12,2002-12-01T00:00:00,Zambia,Kitwe,380.38347255562996
2628,2003,1,2003-01-01T00:00:00,Zambia,Kitwe,324.16503888637726
2629,2003,2,2003-02-01T00:00:00,Zambia,Kitwe,252.95320632798186
2630,2003,3,2003-03-01T00:00:00,Zambia,Kitwe,266.06925131360924
2638,2003,11,2003-11-01T00:00:00,Zambia,Kitwe,141.8267159518889
2639,2003,12,2003-12-01T00:00:00,Zambia,Kitwe,297.570382532612
2640,2004,1,2004-01-01T00:00:00,Zambia,Kitwe,312.7054972450067
2641,2004,2,2004-02-01T00:00:00,Zambia,Kitwe,255.10713438839392
2642,2004,3,2004-03-01T00:00:00,Zambia,Kitwe,167.844947452266
2650,2004,11,2004-11-01T00:00:00,Zambia,Kitwe,153.1540905941019
2651,2004,12,2004-12-01T00:00:00,Zambia,Kitwe,319.78854257904914
2652,2005,1,2005-01-01T00:00:00,Zambia,Kitwe,288.1894046320826
2653,2005,2,2005-02-01T00:00:00,Zambia,Kitwe,143.9803045394483
2654,2005,3,2005-03-01T00:00:00,Zambia,Kitwe,123.10736547476482
2662,2005,11,2005-11-01T00:00:00,Zambia,Kitwe,134.04450927673807
2663,2005,12,2005-12-01T00:00:00,Zambia,Kitwe,318.5505082366224
2664,2006,1,2006-01-01T00:00:00,Zambia,Kitwe,289.9107710764562
2665,2006,2,2006-02-01T00:00:00,Zambia,Kitwe,264.26862921720453
2666,2006,3,2006-03-01T00:00:00,Zambia,Kitwe,260.24873995389504
2674,2006,11,2006-11-01T00:00:00,Zambia,Kitwe,130.24657289738218
2675,2006,12,2006-12-01T00:00:00,Zambia,Kitwe,292.85309928705846
2676,2007,1,2007-01-01T00:00:00,Zambia,Kitwe,354.33213268894184
2677,2007,2,2007-02-01T00:00:00,Zambia,Kitwe,323.5191182917667
2678,2007,3,2007-03-01T00:00:00,Zambia,Kitwe,145.48745860626488
2686,2007,11,2007-11-01T00:00:00,Zambia,Kitwe,165.89638261989217
2687,2007,12,2007-12-01T00:00:00,Zambia,Kitwe,321.53724986408776
2688,2008,1,2008-01-01T00:00:00,Zambia,Kitwe,390.0940770788723
2689,2008,2,2008-02-01T00:00:00,Zambia,Kitwe,211.25553363632446
2690,2008,3,2008-03-01T00:00:00,Zambia,Kitwe,174.9515827966576
2698,2008,11,2008-11-01T00:00:00,Zambia,Kitwe,272.74314791977497
2699,2008,12,2008-12-01T00:00:00,Zambia,Kitwe,270.90826289144906
2700,2009,1,2009-01-01T00:00:00,Zambia,Kitwe,380.00760331803355
2701,2009,2,2009-02-01T00:00:00,Zambia,Kitwe,174.21716398712778
2702,2009,3,2009-03-01T00:00:00,Zambia,Kitwe,276.8222318776717
2710,2009,11,2009-11-01T00:00:00,Zambia,Kitwe,182.86854639022957
2711,2009,12,2009-12-01T00:00:00,Zambia,Kitwe,299.41061659545824
2712,2010,1,2010-01-01T00:00:00,Zambia,Kitwe,209.59702400544165
2713,2010,2,2010-02-01T00:00:00,Zambia,Kitwe,298.2243840212337
2714,2010,3,2010-03-01T00:00:00,Zambia,Kitwe,268.6212291798135
2722,2010,11,2010-11-01T00:00:00,Zambia,Kitwe,149.74119503597484
2723,2010,12,2010-12-01T00:00:00,Zambia,Kitwe,301.5659730814013
2724,2011,1,2011-01-01T00:00:00,Zambia,Kitwe,288.33357636823996
2725,2011,2,2011-02-01T00:00:00,Zambia,Kitwe,153.288786058396
2726,2011,3,2011-03-01T00:00:00,Zambia,Kitwe,233.13957306655755
2734,2011,11,2011-11-01T00:00:00,Zambia,Kitwe,171.53539186343957
2735,2011,12,2011-12-01T00:00:00,Zambia,Kitwe,233.15915151213076
2736,2012,1,2012-01-01T00:00:00,Zambia,Kitwe,335.97968612939957
2737,2012,2,2012-02-01T00:00:00,Zambia,Kitwe,291.36496225122386
2738,2012,3,2012-03-01T00:00:00,Zambia,Kitwe,287.7813677722626
2746,2012,11,2012-11-01T00:00:00,Zambia,Kitwe,132.39156282298327
2747,2012,12,2012-12-01T00:00:00,Zambia,Kitwe,260.3983104526932
2748,2013,1,2013-01-01T00:00:00,Zambia,Kitwe,299.1881596682576
2749,2013,2,2013-02-01T00:00:00,Zambia,Kitwe,204.15170976018052
2750,2013,3,2013-03-01T00:00:00,Zambia,Kitwe,127.36930885233048
2758,2013,11,2013-11-01T00:00:00,Zambia,Kitwe,129.3685391840036
2759,2013,12,2013-12-01T00:00:00,Zambia,Kitwe,286.7249034059874
2760,2014,1,2014-01-01T00:00:00,Zambia,Kitwe,263.08806754544065
2761,2014,2,2014-02-01T00:00:00,Zambia,Kitwe,241.18331440140452
2762,2014,3,2014-03-01T00:00:00,Zambia,Kitwe,172.70756440660722
2770,2014,11,2014-11-01T00:00:00,Zambia,Kitwe,93.77682938540207
2771,2014,12,2014-12-01T00:00:00,Zambia,Kitwe,214.5554671471668
2772,2015,1,2015-01-01T00:00:00,Zambia,Kitwe,270.39029050321443
2773,2015,2,2015-02-01T00:00:00,Zambia,Kitwe,187.33709700129728
2774,2015,3,2015-03-01T00:00:00,Zambia,Kitwe,100.77429427472737
2782,2015,11,2015-11-01T00:00:00,Zambia,Kitwe,112.73245370567011
2783,2015,12,2015-12-01T00:00:00,Zambia,Kitwe,231.39417958012353
2784,2016,1,2016-01-01T00:00:00,Zambia,Kitwe,348.4489083887305
2785,2016,2,2016-02-01T00:00:00,Zambia,Kitwe,167.72520643798447
2786,2016,3,2016-03-01T00:00:00,Zambia,Kitwe,326.41658016542925
2794,2016,11,2016-11-01T00:00:00,Zambia,Kitwe,144.24784453163963
2795,2016,12,2016-12-01T00:00:00,Zambia,Kitwe,257.86709185016423
2796,2017,1,2017-01-01T00:00:00,Zambia,Kitwe,450.73482570081126
2797,2017,2,2017-02-01T00:00:00,Zambia,Kitwe,339.845731718619
2798,2017,3,2017-03-01T00:00:00,Zambia,Kitwe,134.37451247191368
2806,2017,11,2017-11-01T00:00:00,Zambia,Kitwe,208.83900533736616
2807,2017,12,2017-12-01T00:00:00,Zambia,Kitwe,295.327766865627
2808,2018,1,2018-01-01T00:00:00,Zambia,Kitwe,136.49994504706706
2809,2018,2,2018-02-01T00:00:00,Zambia,Kitwe,319.0745955954156
2810,2018,3,2018-03-01T00:00:00,Zambia,Kitwe,280.4521585007574
2818,2018,11,2018-11-01T00:00:00,Zambia,Kitwe,78.15948247107349
2819,2018,12,2018-12-01T00:00:00,Zambia,Kitwe,225.69303620721743
2820,2019,1,2019-01-01T00:00:00,Zambia,Kitwe,302.9390285844858
2821,2019,2,2019-02-01T00:00:00,Zambia,Kitwe,221.22402981198562
2822,2019,3,2019-03-01T00:00:00,Zambia,Kitwe,160.32603346546927
2830,2019,11,2019-11-01T00:00:00,Zambia,Kitwe,107.00382689000152
2831,2019,12,2019-12-01T00:00:00,Zambia,Kitwe,107.63930921795094
2832,2020,1,2020-01-01T00:00:00,Zambia,Kitwe,308.68618357168674
2833,2020,2,2020-02-01T00:00:00,Zambia,Kitwe,221.88752370556426
2834,2020,3,2020-03-01T00:00:00,Zambia,Kitwe,185.08104366500578
2842,2020,11,2020-11-01T00:00:00,Zambia,Kitwe,97.60818200354495
2843,2020,12,2020-12-01T00:00:00,Zambia,Kitwe,326.43202655349916
2844,2021,1,2021-01-01T00:00:00,Zambia,Kitwe,428.9197644076921
2845,2021,2,2021-02-01T00:00:00,Zambia,Kitwe,264.0391268511265
2846,2021,3,2021-03-01T00:00:00,Zambia,Kitwe,408.1396799038079
2854,2021,11,2021-11-01T00:00:00,Zambia,Kitwe,93.9215423597788
2855,2021,12,2021-12-01T00:00:00,Zambia,Kitwe,186.27817170765212
2856,2022,1,2022-01-01T00:00:00,Zambia,Kitwe,378.2036212417728
2857,2022,2,2022-02-01T00:00:00,Zambia,Kitwe,181.25237135937107
2858,2022,3,2022-03-01T00:00:00,Zambia,Kitwe,176.53760956559023
2866,2022,11,2022-11-01T00:00:00,Zambia,Kitwe,120.98436029895021
2867,2022,12,2022-12-01T00:00:00,Zambia,Kitwe,231.77910065344483
2868,2023,1,2023-01-01T00:00:00,Zambia,Kitwe,368.73955589933297
2869,2023,2,2023-02-01T00:00:00,Zambia,Kitwe,147.40404748713175
2870,2023,3,2023-03-01T00:00:00,Zambia,Kitwe,202.6101625261566
2878,2023,11,2023-11-01T00:00:00,Zambia,Kitwe,93.81107728000747
2879,2023,12,2023-12-01T00:00:00,Zambia,Kitwe,310.63560926885896
2880,2000,1,2000-01-01T00:00:00,Zambia,Luanshya,307.8133435869086
2881,2000,2,2000-02-01T00:00:00,Zambia,Luanshya,254.45927759172093
2882,2000,3,2000-03-01T00:00:00,Zambia,Luanshya,296.8639482741101
2890,2000,11,2000-11-01T00:00:00,Zambia,Luanshya,162.92248747471632
2891,2000,12,2000-12-01T00:00:00,Zambia,Luanshya,326.7301048669199
2892,2001,1,2001-01-01T00:00:00,Zambia,Luanshya,415.912638952018
2893,2001,2,2001-02-01T00:00:00,Zambia,Luanshya,330.3227148366875
2894,2001,3,2001-03-01T00:00:00,Zambia,Luanshya,346.28489246270925
2902,2001,11,2001-11-01T00:00:00,Zambia,Luanshya,165.89333178024685
2903,2001,12,2001-12-01T00:00:00,Zambia,Luanshya,244.26481202732563
2904,2002,1,2002-01-01T00:00:00,Zambia,Luanshya,222.99062221095397
2905,2002,2,2002-02-01T00:00:00,Zambia,Luanshya,187.5192566356965
2906,2002,3,2002-03-01T00:00:00,Zambia,Luanshya,101.15312783256427
2914,2002,11,2002-11-01T00:00:00,Zambia,Luanshya,175.57892733161324
2915,2002,12,2002-12-01T00:00:00,Zambia,Luanshya,365.01268170258584
2916,2003,1,2003-01-01T00:00:00,Zambia,Luanshya,289.3383746546571
2917,2003,2,2003-02-01T00:00:00,Zambia,Luanshya,264.8193470528884
2918,2003,3,2003-03-01T00:00:00,Zambia,Luanshya,275.5868425289863
2926,2003,11,2003-11-01T00:00:00,Zambia,Luanshya,145.8494570029386
2927,2003,12,2003-12-01T00:00:00,Zambia,Luanshya,290.16571228090777
2928,2004,1,2004-01-01T00:00:00,Zambia,Luanshya,320.8461029694406
2929,2004,2,2004-02-01T00:00:00,Zambia,Luanshya,279.8367001497502
2930,2004,3,2004-03-01T00:00:00,Zambia,Luanshya,157.80626057936533
2938,2004,11,2004-11-01T00:00:00,Zambia,Luanshya,159.2301367488585
2939,2004,12,2004-12-01T00:00:00,Zambia,Luanshya,338.31058668629316
2940,2005,1,2005-01-01T00:00:00,Zambia,Luanshya,266.3473929026215
2941,2005,2,2005-02-01T00:00:00,Zambia,Luanshya,130.0665605131679
2942,2005,3,2005-03-01T00:00:00,Zambia,Luanshya,100.34290572149888
2950,2005,11,2005-11-01T00:00:00,Zambia,Luanshya,138.26973452687764
2951,2005,12,2005-12-01T00:00:00,Zambia,Luanshya,334.63195922285666
2952,2006,1,2006-01-01T00:00:00,Zambia,Luanshya,278.95339623331637
2953,2006,2,2006-02-01T00:00:00,Zambia,Luanshya,260.6100312436274
2954,2006,3,2006-03-01T00:00:00,Zambia,Luanshya,256.026191575552
2962,2006,11,2006-11-01T00:00:00,Zambia,Luanshya,143.84820722351074
2963,2006,12,2006-12-01T00:00:00,Zambia,Luanshya,262.72693013025105
2964,2007,1,2007-01-01T00:00:00,Zambia,Luanshya,335.35247481097366
2965,2007,2,2007-02-01T00:00:00,Zambia,Luanshya,342.7181770500112
2966,2007,3,2007-03-01T00:00:00,Zambia,Luanshya,124.7548973918239
2974,2007,11,2007-11-01T00:00:00,Zambia,Luanshya,166.62677174840988
2975,2007,12,2007-12-01T00:00:00,Zambia,Luanshya,308.6871136861699
2976,2008,1,2008-01-01T00:00:00,Zambia,Luanshya,397.69098030269515
2977,2008,2,2008-02-01T00:00:00,Zambia,Luanshya,209.3227184086221
2978,2008,3,2008-03-01T00:00:00,Zambia,Luanshya,168.13671716923105
2986,2008,11,2008-11-01T00:00:00,Zambia,Luanshya,273.72946936761514
2987,2008,12,2008-12-01T00:00:00,Zambia,Luanshya,270.3896195169572
2988,2009,1,2009-01-01T00:00:00,Zambia,Luanshya,365.49061159866034
2989,2009,2,2009-02-01T00:00:00,Zambia,Luanshya,163.30391039207814
2990,2009,3,2009-03-01T00:00:00,Zambia,Luanshya,254.7075320124229
2998,2009,11,2009-11-01T00:00:00,Zambia,Luanshya,203.74723592812342
2999,2009,12,2009-12-01T00:00:00,Zambia,Luanshya,268.2961179263342
3000,2010,1,2010-01-01T00:00:00,Zambia,Luanshya,204.16537288509767
3001,2010,2,2010-02-01T00:00:00,Zambia,Luanshya,317.21994037885935
3002,2010,3,2010-03-01T00:00:00,Zambia,Luanshya,243.84286263336816
3010,2010,11,2010-11-01T00:00:00,Zambia,Luanshya,151.08922722274713
3011,2010,12,2010-12-01T00:00:00,Zambia,Luanshya,295.4361297895291
3012,2011,1,2011-01-01T00:00:00,Zambia,Luanshya,278.9654872602316
3013,2011,2,2011-02-01T00:00:00,Zambia,Luanshya,140.09108289676544
3014,2011,3,2011-03-01T00:00:00,Zambia,Luanshya,201.77529960294547
3022,2011,11,2011-11-01T00:00:00,Zambia,Luanshya,176.92766427863455
3023,2011,12,2011-12-01T00:00:00,Zambia,Luanshya,226.9549186043634
3024,2012,1,2012-01-01T00:00:00,Zambia,Luanshya,333.31245082978205
3025,2012,2,2012-02-01T00:00:00,Zambia,Luanshya,290.9920208339979
3026,2012,3,2012-03-01T00:00:00,Zambia,Luanshya,251.96035231901033
3034,2012,11,2012-11-01T00:00:00,Zambia,Luanshya,129.65384599503417
3035,2012,12,2012-12-01T00:00:00,Zambia,Luanshya,266.9325824748024
3036,2013,1,2013-01-01T00:00:00,Zambia,Luanshya,316.77777183880045
3037,2013,2,2013-02-01T00:00:00,Zambia,Luanshya,206.48426944406575
3038,2013,3,2013-03-01T00:00:00,Zambia,Luanshya,109.39846249692944
3046,2013,11,2013-11-01T00:00:00,Zambia,Luanshya,127.23880716016484
3047,2013,12,2013-12-01T00:00:00,Zambia,Luanshya,273.19281925294956
3048,2014,1,2014-01-01T00:00:00,Zambia,Luanshya,250.0767437463493
3049,2014,2,2014-02-01T00:00:00,Zambia,Luanshya,207.09600807520192
3050,2014,3,2014-03-01T00:00:00,Zambia,Luanshya,148.7618115281079
3058,2014,11,2014-11-01T00:00:00,Zambia,Luanshya,85.93744397506092
3059,2014,12,2014-12-01T00:00:00,Zambia,Luanshya,219.9094254412093
3060,2015,1,2015-01-01T00:00:00,Zambia,Luanshya,275.9280854144407
3061,2015,2,2015-02-01T00:00:00,Zambia,Luanshya,193.19540615098197
3062,2015,3,2015-03-01T00:00:00,Zambia,Luanshya,88.35557846367051
3070,2015,11,2015-11-01T00:00:00,Zambia,Luanshya,105.18293274544621
3071,2015,12,2015-12-01T00:00:00,Zambia,Luanshya,210.33959414300347
3072,2016,1,2016-01-01T00:00:00,Zambia,Luanshya,356.87159062522744
3073,2016,2,2016-02-01T00:00:00,Zambia,Luanshya,154.94315173126617
3074,2016,3,2016-03-01T00:00:00,Zambia,Luanshya,278.92277602698596
3082,2016,11,2016-11-01T00:00:00,Zambia,Luanshya,176.16208774074033
3083,2016,12,2016-12-01T00:00:00,Zambia,Luanshya,260.8843389379434
3084,2017,1,2017-01-01T00:00:00,Zambia,Luanshya,423.02849314736255
3085,2017,2,2017-02-01T00:00:00,Zambia,Luanshya,336.8402995371073
3086,2017,3,2017-03-01T00:00:00,Zambia,Luanshya,125.4115422811449
3094,2017,11,2017-11-01T00:00:00,Zambia,Luanshya,227.38715613903162
3095,2017,12,2017-12-01T00:00:00,Zambia,Luanshya,299.38651472217265
3096,2018,1,2018-01-01T00:00:00,Zambia,Luanshya,118.23778398061819
3097,2018,2,2018-02-01T00:00:00,Zambia,Luanshya,344.19492840332504
3098,2018,3,2018-03-01T00:00:00,Zambia,Luanshya,277.4496357004126
3106,2018,11,2018-11-01T00:00:00,Zambia,Luanshya,71.28569271612996
3107,2018,12,2018-12-01T00:00:00,Zambia,Luanshya,194.6502924131254
3108,2019,1,2019-01-01T00:00:00,Zambia,Luanshya,279.8001400318352
3109,2019,2,2019-02-01T00:00:00,Zambia,Luanshya,225.97402547153692
3110,2019,3,2019-03-01T00:00:00,Zambia,Luanshya,116.86704416699297
3118,2019,11,2019-11-01T00:00:00,Zambia,Luanshya,102.93875871746997
3119,2019,12,2019-12-01T00:00:00,Zambia,Luanshya,104.5117718104663
3120,2020,1,2020-01-01T00:00:00,Zambia,Luanshya,294.1969294736763
3121,2020,2,2020-02-01T00:00:00,Zambia,Luanshya,242.8079359482894
3122,2020,3,2020-03-01T00:00:00,Zambia,Luanshya,143.05989084864981
3130,2020,11,2020-11-01T00:00:00,Zambia,Luanshya,96.77031599085204
3131,2020,12,2020-12-01T00:00:00,Zambia,Luanshya,330.87780306302835
3132,2021,1,2021-01-01T00:00:00,Zambia,Luanshya,406.34546082694834
3133,2021,2,2021-02-01T00:00:00,Zambia,Luanshya,277.7446661745564
3134,2021,3,2021-03-01T00:00:00,Zambia,Luanshya,358.75074581781837
3142,2021,11,2021-11-01T00:00:00,Zambia,Luanshya,96.95665511417417
3143,2021,12,2021-12-01T00:00:00,Zambia,Luanshya,166.7992803473888
3144,2022,1,2022-01-01T00:00:00,Zambia,Luanshya,389.98152903987284
3145,2022,2,2022-02-01T00:00:00,Zambia,Luanshya,189.50006905921214
3146,2022,3,2022-03-01T00:00:00,Zambia,Luanshya,181.66442246738265
3154,2022,11,2022-11-01T00:00:00,Zambia,Luanshya,109.88649923563226
3155,2022,12,2022-12-01T00:00:00,Zambia,Luanshya,203.4749041551617
3156,2023,1,2023-01-01T00:00:00,Zambia,Luanshya,361.96422605749115
3157,2023,2,2023-02-01T00:00:00,Zambia,Luanshya,150.7638440491736
3158,2023,3,2023-03-01T00:00:00,Zambia,Luanshya,209.96546520399102
3166,2023,11,2023-11-01T00:00:00,Zambia,Luanshya,91.93976850485025
3167,2023,12,2023-12-01T00:00:00,Zambia,Luanshya,295.87058477469793
3168,2000,1,2000-01-01T00:00:00,Zambia,Lufwanyama,302.3656656492908
3169,2000,2,2000-02-01T00:00:00,Zambia,Lufwanyama,256.5357819118043
3170,2000,3,2000-03-01T00:00:00,Zambia,Lufwanyama,252.0644716588053
3178,2000,11,2000-11-01T00:00:00,Zambia,Lufwanyama,149.0568191218005
3179,2000,12,2000-12-01T00:00:00,Zambia,Lufwanyama,355.6005177824554
3180,2001,1,2001-01-01T00:00:00,Zambia,Lufwanyama,410.93305585374554
3181,2001,2,2001-02-01T00:00:00,Zambia,Lufwanyama,315.86705105050436
3182,2001,3,2001-03-01T00:00:00,Zambia,Lufwanyama,302.5381297687765
3190,2001,11,2001-11-01T00:00:00,Zambia,Lufwanyama,178.54089506516144
3191,2001,12,2001-12-01T00:00:00,Zambia,Lufwanyama,224.03115683647198
3192,2002,1,2002-01-01T00:00:00,Zambia,Lufwanyama,246.5263335714066
3193,2002,2,2002-02-01T00:00:00,Zambia,Lufwanyama,190.93863562446177
3194,2002,3,2002-03-01T00:00:00,Zambia,Lufwanyama,97.06210317663262
3202,2002,11,2002-11-01T00:00:00,Zambia,Lufwanyama,153.6005957190773
3203,2002,12,2002-12-01T00:00:00,Zambia,Lufwanyama,340.0486879567403
3204,2003,1,2003-01-01T00:00:00,Zambia,Lufwanyama,285.8063486352615
3205,2003,2,2003-02-01T00:00:00,Zambia,Lufwanyama,234.73707684384595
3206,2003,3,2003-03-01T00:00:00,Zambia,Lufwanyama,233.40972798025763
3214,2003,11,2003-11-01T00:00:00,Zambia,Lufwanyama,146.40895289013898
3215,2003,12,2003-12-01T00:00:00,Zambia,Lufwanyama,303.29287329410886
3216,2004,1,2004-01-01T00:00:00,Zambia,Lufwanyama,299.2760107615254
3217,2004,2,2004-02-01T00:00:00,Zambia,Lufwanyama,258.7600618299645
3218,2004,3,2004-03-01T00:00:00,Zambia,Lufwanyama,199.11199164903374
3226,2004,11,2004-11-01T00:00:00,Zambia,Lufwanyama,134.39857693630017
3227,2004,12,2004-12-01T00:00:00,Zambia,Lufwanyama,276.66766928686786
3228,2005,1,2005-01-01T00:00:00,Zambia,Lufwanyama,261.8521586163654
3229,2005,2,2005-02-01T00:00:00,Zambia,Lufwanyama,147.27025581580867
3230,2005,3,2005-03-01T00:00:00,Zambia,Lufwanyama,129.69274972724315
3238,2005,11,2005-11-01T00:00:00,Zambia,Lufwanyama,122.25036112464812
3239,2005,12,2005-12-01T00:00:00,Zambia,Lufwanyama,321.74384610740447
3240,2006,1,2006-01-01T00:00:00,Zambia,Lufwanyama,305.04610475391615
3241,2006,2,2006-02-01T00:00:00,Zambia,Lufwanyama,290.2811964308553
3242,2006,3,2006-03-01T00:00:00,Zambia,Lufwanyama,256.249481962131
3250,2006,11,2006-11-01T00:00:00,Zambia,Lufwanyama,143.86153935334318
3251,2006,12,2006-12-01T00:00:00,Zambia,Lufwanyama,278.5609777656085
3252,2007,1,2007-01-01T00:00:00,Zambia,Lufwanyama,325.36824615363435
3253,2007,2,2007-02-01T00:00:00,Zambia,Lufwanyama,305.9964758787105
3254,2007,3,2007-03-01T00:00:00,Zambia,Lufwanyama,152.24842357224452
3262,2007,11,2007-11-01T00:00:00,Zambia,Lufwanyama,163.59511232265527
3263,2007,12,2007-12-01T00:00:00,Zambia,Lufwanyama,359.3661773370243
3264,2008,1,2008-01-01T00:00:00,Zambia,Lufwanyama,368.35682539063134
3265,2008,2,2008-02-01T00:00:00,Zambia,Lufwanyama,200.90067895580276
3266,2008,3,2008-03-01T00:00:00,Zambia,Lufwanyama,187.58005540050019
3274,2008,11,2008-11-01T00:00:00,Zambia,Lufwanyama,270.8624342648642
3275,2008,12,2008-12-01T00:00:00,Zambia,Lufwanyama,268.6270662307551
3276,2009,1,2009-01-01T00:00:00,Zambia,Lufwanyama,359.30770831548364
3277,2009,2,2009-02-01T00:00:00,Zambia,Lufwanyama,188.50567523589677
3278,2009,3,2009-03-01T00:00:00,Zambia,Lufwanyama,264.73153819135825
3286,2009,11,2009-11-01T00:00:00,Zambia,Lufwanyama,201.61747510588006
3287,2009,12,2009-12-01T00:00:00,Zambia,Lufwanyama,264.3620371506315
3288,2010,1,2010-01-01T00:00:00,Zambia,Lufwanyama,186.04479189224972
3289,2010,2,2010-02-01T00:00:00,Zambia,Lufwanyama,372.24681554714147
3290,2010,3,2010-03-01T00:00:00,Zambia,Lufwanyama,306.2060909630504
3298,2010,11,2010-11-01T00:00:00,Zambia,Lufwanyama,150.9258002387464
3299,2010,12,2010-12-01T00:00:00,Zambia,Lufwanyama,295.52487313604036
3300,2011,1,2011-01-01T00:00:00,Zambia,Lufwanyama,279.1940467953399
3301,2011,2,2011-02-01T00:00:00,Zambia,Lufwanyama,167.57375685526267
3302,2011,3,2011-03-01T00:00:00,Zambia,Lufwanyama,221.76292967796132
3310,2011,11,2011-11-01T00:00:00,Zambia,Lufwanyama,178.4746375687404
3311,2011,12,2011-12-01T00:00:00,Zambia,Lufwanyama,222.10836142925453
3312,2012,1,2012-01-01T00:00:00,Zambia,Lufwanyama,328.8318575683773
3313,2012,2,2012-02-01T00:00:00,Zambia,Lufwanyama,303.3200411893829
3314,2012,3,2012-03-01T00:00:00,Zambia,Lufwanyama,247.2815747750047
3322,2012,11,2012-11-01T00:00:00,Zambia,Lufwanyama,147.52459409146425
3323,2012,12,2012-12-01T00:00:00,Zambia,Lufwanyama,297.14147360661025
3324,2013,1,2013-01-01T00:00:00,Zambia,Lufwanyama,291.94106184211637
3325,2013,2,2013-02-01T00:00:00,Zambia,Lufwanyama,222.19818977692117
3326,2013,3,2013-03-01T00:00:00,Zambia,Lufwanyama,110.64606739847031
3334,2013,11,2013-11-01T00:00:00,Zambia,Lufwanyama,139.16557830426825
3335,2013,12,2013-12-01T00:00:00,Zambia,Lufwanyama,275.0708461703588
3336,2014,1,2014-01-01T00:00:00,Zambia,Lufwanyama,247.38564152426
3337,2014,2,2014-02-01T00:00:00,Zambia,Lufwanyama,256.67588187006845
3338,2014,3,2014-03-01T00:00:00,Zambia,Lufwanyama,193.79268268611344
3346,2014,11,2014-11-01T00:00:00,Zambia,Lufwanyama,103.13043031892063
3347,2014,12,2014-12-01T00:00:00,Zambia,Lufwanyama,247.75605006857725
3348,2015,1,2015-01-01T00:00:00,Zambia,Lufwanyama,261.7613657370427
3349,2015,2,2015-02-01T00:00:00,Zambia,Lufwanyama,218.8083833023928
3350,2015,3,2015-03-01T00:00:00,Zambia,Lufwanyama,108.99600694660985
3358,2015,11,2015-11-01T00:00:00,Zambia,Lufwanyama,114.605219256986
3359,2015,12,2015-12-01T00:00:00,Zambia,Lufwanyama,197.01517864077195
3360,2016,1,2016-01-01T00:00:00,Zambia,Lufwanyama,353.85180031661685
3361,2016,2,2016-02-01T00:00:00,Zambia,Lufwanyama,217.62155157666203
3362,2016,3,2016-03-01T00:00:00,Zambia,Lufwanyama,301.5471458752264
3370,2016,11,2016-11-01T00:00:00,Zambia,Lufwanyama,158.47194195139167
3371,2016,12,2016-12-01T00:00:00,Zambia,Lufwanyama,215.62909566042745
3372,2017,1,2017-01-01T00:00:00,Zambia,Lufwanyama,368.83224563527955
3373,2017,2,2017-02-01T00:00:00,Zambia,Lufwanyama,432.2228356920812
3374,2017,3,2017-03-01T00:00:00,Zambia,Lufwanyama,163.71905493973682
3382,2017,11,2017-11-01T00:00:00,Zambia,Lufwanyama,209.61482271281878
3383,2017,12,2017-12-01T00:00:00,Zambia,Lufwanyama,318.8864683598781
3384,2018,1,2018-01-01T00:00:00,Zambia,Lufwanyama,142.09381613867384
3385,2018,2,2018-02-01T00:00:00,Zambia,Lufwanyama,329.1639997009413
3386,2018,3,2018-03-01T00:00:00,Zambia,Lufwanyama,294.5731623941231
3394,2018,11,2018-11-01T00:00:00,Zambia,Lufwanyama,85.29748030777566
3395,2018,12,2018-12-01T00:00:00,Zambia,Lufwanyama,225.8967140516936
3396,2019,1,2019-01-01T00:00:00,Zambia,Lufwanyama,278.4509285456637
3397,2019,2,2019-02-01T00:00:00,Zambia,Lufwanyama,221.20072857525258
3398,2019,3,2019-03-01T00:00:00,Zambia,Lufwanyama,132.75667834764465
3406,2019,11,2019-11-01T00:00:00,Zambia,Lufwanyama,108.79220684301757
3407,2019,12,2019-12-01T00:00:00,Zambia,Lufwanyama,88.20819848677473
3408,2020,1,2020-01-01T00:00:00,Zambia,Lufwanyama,305.24006580187677
3409,2020,2,2020-02-01T00:00:00,Zambia,Lufwanyama,290.7546028349485
3410,2020,3,2020-03-01T00:00:00,Zambia,Lufwanyama,220.79852008746886
3418,2020,11,2020-11-01T00:00:00,Zambia,Lufwanyama,113.54448010563927
3419,2020,12,2020-12-01T00:00:00,Zambia,Lufwanyama,299.02507029342644
3420,2021,1,2021-01-01T00:00:00,Zambia,Lufwanyama,373.52852445945643
3421,2021,2,2021-02-01T00:00:00,Zambia,Lufwanyama,299.98602196388094
3422,2021,3,2021-03-01T00:00:00,Zambia,Lufwanyama,314.07147333193814
3430,2021,11,2021-11-01T00:00:00,Zambia,Lufwanyama,86.31909173883625
3431,2021,12,2021-12-01T00:00:00,Zambia,Lufwanyama,176.97749075337117
3432,2022,1,2022-01-01T00:00:00,Zambia,Lufwanyama,360.05707266100325
3433,2022,2,2022-02-01T00:00:00,Zambia,Lufwanyama,184.41097331879027
3434,2022,3,2022-03-01T00:00:00,Zambia,Lufwanyama,191.97014170843252
3442,2022,11,2022-11-01T00:00:00,Zambia,Lufwanyama,145.0321487799883
3443,2022,12,2022-12-01T00:00:00,Zambia,Lufwanyama,229.38233802007983
3444,2023,1,2023-01-01T00:00:00,Zambia,Lufwanyama,349.5197663915585
3445,2023,2,2023-02-01T00:00:00,Zambia,Lufwanyama,156.07206790399275
3446,2023,3,2023-03-01T00:00:00,Zambia,Lufwanyama,182.0496536222788
3454,2023,11,2023-11-01T00:00:00,Zambia,Lufwanyama,95.38955604461515
3455,2023,12,2023-12-01T00:00:00,Zambia,Lufwanyama,308.16989996372837
3456,2000,1,2000-01-01T00:00:00,Zambia,Masaiti,275.40961009087204
3457,2000,2,2000-02-01T00:00:00,Zambia,Masaiti,276.74321472322305
3458,2000,3,2000-03-01T00:00:00,Zambia,Masaiti,293.89459232506044
3466,2000,11,2000-11-01T00:00:00,Zambia,Masaiti,167.6415193989341
3467,2000,12,2000-12-01T00:00:00,Zambia,Masaiti,307.78857015833927
3468,2001,1,2001-01-01T00:00:00,Zambia,Masaiti,331.5410622300471
3469,2001,2,2001-02-01T00:00:00,Zambia,Masaiti,351.34334570515864
3470,2001,3,2001-03-01T00:00:00,Zambia,Masaiti,357.6671705490353
3478,2001,11,2001-11-01T00:00:00,Zambia,Masaiti,158.5363793111637
3479,2001,12,2001-12-01T00:00:00,Zambia,Masaiti,243.35176713041005
3480,2002,1,2002-01-01T00:00:00,Zambia,Masaiti,200.42216573414592
3481,2002,2,2002-02-01T00:00:00,Zambia,Masaiti,183.35368032911532
3482,2002,3,2002-03-01T00:00:00,Zambia,Masaiti,81.07741036658676
3490,2002,11,2002-11-01T00:00:00,Zambia,Masaiti,156.44938922452215
3491,2002,12,2002-12-01T00:00:00,Zambia,Masaiti,338.55204834314185
3492,2003,1,2003-01-01T00:00:00,Zambia,Masaiti,219.98856584282004
3493,2003,2,2003-02-01T00:00:00,Zambia,Masaiti,287.21270919144376
3494,2003,3,2003-03-01T00:00:00,Zambia,Masaiti,262.0887980094079
3502,2003,11,2003-11-01T00:00:00,Zambia,Masaiti,118.2909750626489
3503,2003,12,2003-12-01T00:00:00,Zambia,Masaiti,261.5304461563071
3504,2004,1,2004-01-01T00:00:00,Zambia,Masaiti,283.47586558601455
3505,2004,2,2004-02-01T00:00:00,Zambia,Masaiti,298.98322316280456
3506,2004,3,2004-03-01T00:00:00,Zambia,Masaiti,143.21639522656125
3514,2004,11,2004-11-01T00:00:00,Zambia,Masaiti,152.75177048592943
3515,2004,12,2004-12-01T00:00:00,Zambia,Masaiti,352.6701420298958
3516,2005,1,2005-01-01T00:00:00,Zambia,Masaiti,227.78501576907553
3517,2005,2,2005-02-01T00:00:00,Zambia,Masaiti,122.85218250707385
3518,2005,3,2005-03-01T00:00:00,Zambia,Masaiti,80.08624845190467
3526,2005,11,2005-11-01T00:00:00,Zambia,Masaiti,121.03225711744405
3527,2005,12,2005-12-01T00:00:00,Zambia,Masaiti,345.30316672101424
3528,2006,1,2006-01-01T00:00:00,Zambia,Masaiti,245.71267146874678
3529,2006,2,2006-02-01T00:00:00,Zambia,Masaiti,255.62155901860035
3530,2006,3,2006-03-01T00:00:00,Zambia,Masaiti,263.17524428949207
3538,2006,11,2006-11-01T00:00:00,Zambia,Masaiti,140.1132511688143
3539,2006,12,2006-12-01T00:00:00,Zambia,Masaiti,246.22226981412697
3540,2007,1,2007-01-01T00:00:00,Zambia,Masaiti,321.23257216720594
3541,2007,2,2007-02-01T00:00:00,Zambia,Masaiti,331.44258407608163
3542,2007,3,2007-03-01T00:00:00,Zambia,Masaiti,119.69450351349961
3550,2007,11,2007-11-01T00:00:00,Zambia,Masaiti,159.80112112924277
3551,2007,12,2007-12-01T00:00:00,Zambia,Masaiti,345.7448506852815
3552,2008,1,2008-01-01T00:00:00,Zambia,Masaiti,335.7847968809237
3553,2008,2,2008-02-01T00:00:00,Zambia,Masaiti,183.5915524884006
3554,2008,3,2008-03-01T00:00:00,Zambia,Masaiti,158.0617408077823
3562,2008,11,2008-11-01T00:00:00,Zambia,Masaiti,234.70617352117927
3563,2008,12,2008-12-01T00:00:00,Zambia,Masaiti,300.82523981472883
3564,2009,1,2009-01-01T00:00:00,Zambia,Masaiti,346.6150051498586
3565,2009,2,2009-02-01T00:00:00,Zambia,Masaiti,160.1184125784943
3566,2009,3,2009-03-01T00:00:00,Zambia,Masaiti,248.03902001417563
3574,2009,11,2009-11-01T00:00:00,Zambia,Masaiti,201.0999870172415
3575,2009,12,2009-12-01T00:00:00,Zambia,Masaiti,280.8859636272152
3576,2010,1,2010-01-01T00:00:00,Zambia,Masaiti,191.3107790405501
3577,2010,2,2010-02-01T00:00:00,Zambia,Masaiti,364.7628680097083
3578,2010,3,2010-03-01T00:00:00,Zambia,Masaiti,190.34110619609848
3586,2010,11,2010-11-01T00:00:00,Zambia,Masaiti,146.03665291420452
3587,2010,12,2010-12-01T00:00:00,Zambia,Masaiti,321.5894826139732
3588,2011,1,2011-01-01T00:00:00,Zambia,Masaiti,271.3486534925621
3589,2011,2,2011-02-01T00:00:00,Zambia,Masaiti,147.34596719156494
3590,2011,3,2011-03-01T00:00:00,Zambia,Masaiti,186.40581297250588
3598,2011,11,2011-11-01T00:00:00,Zambia,Masaiti,158.46551691412088
3599,2011,12,2011-12-01T00:00:00,Zambia,Masaiti,209.5981076350273
3600,2012,1,2012-01-01T00:00:00,Zambia,Masaiti,320.2512967632312
3601,2012,2,2012-02-01T00:00:00,Zambia,Masaiti,267.17622102695674
3602,2012,3,2012-03-01T00:00:00,Zambia,Masaiti,231.41550198850894
3610,2012,11,2012-11-01T00:00:00,Zambia,Masaiti,117.67842137288514
3611,2012,12,2012-12-01T00:00:00,Zambia,Masaiti,300.330986284526
3612,2013,1,2013-01-01T00:00:00,Zambia,Masaiti,298.8826753138811
3613,2013,2,2013-02-01T00:00:00,Zambia,Masaiti,241.56681650890667
3614,2013,3,2013-03-01T00:00:00,Zambia,Masaiti,100.19973355179062
3622,2013,11,2013-11-01T00:00:00,Zambia,Masaiti,121.92896896940297
3623,2013,12,2013-12-01T00:00:00,Zambia,Masaiti,263.6814251795701
3624,2014,1,2014-01-01T00:00:00,Zambia,Masaiti,236.04864148801562
3625,2014,2,2014-02-01T00:00:00,Zambia,Masaiti,230.2545689162532
3626,2014,3,2014-03-01T00:00:00,Zambia,Masaiti,133.4975285275453
3634,2014,11,2014-11-01T00:00:00,Zambia,Masaiti,75.96693330374053
3635,2014,12,2014-12-01T00:00:00,Zambia,Masaiti,216.78596942131475
3636,2015,1,2015-01-01T00:00:00,Zambia,Masaiti,282.68272837332376
3637,2015,2,2015-02-01T00:00:00,Zambia,Masaiti,202.301843466627
3638,2015,3,2015-03-01T00:00:00,Zambia,Masaiti,92.80865043463547
3646,2015,11,2015-11-01T00:00:00,Zambia,Masaiti,107.73484235258499
3647,2015,12,2015-12-01T00:00:00,Zambia,Masaiti,207.78771196193367
3648,2016,1,2016-01-01T00:00:00,Zambia,Masaiti,292.99015465834054
3649,2016,2,2016-02-01T00:00:00,Zambia,Masaiti,155.05487862244098
3650,2016,3,2016-03-01T00:00:00,Zambia,Masaiti,267.6701049612684
3658,2016,11,2016-11-01T00:00:00,Zambia,Masaiti,189.04243301004357
3659,2016,12,2016-12-01T00:00:00,Zambia,Masaiti,283.65445963021574
3660,2017,1,2017-01-01T00:00:00,Zambia,Masaiti,380.0800594584469
3661,2017,2,2017-02-01T00:00:00,Zambia,Masaiti,372.108704501072
3662,2017,3,2017-03-01T00:00:00,Zambia,Masaiti,153.781323608384
3670,2017,11,2017-11-01T00:00:00,Zambia,Masaiti,215.98554555223356
3671,2017,12,2017-12-01T00:00:00,Zambia,Masaiti,286.25858647083277
3672,2018,1,2018-01-01T00:00:00,Zambia,Masaiti,111.87952919820341
3673,2018,2,2018-02-01T00:00:00,Zambia,Masaiti,379.6598604462186
3674,2018,3,2018-03-01T00:00:00,Zambia,Masaiti,249.4517965096684
3682,2018,11,2018-11-01T00:00:00,Zambia,Masaiti,63.7778620771856
3683,2018,12,2018-12-01T00:00:00,Zambia,Masaiti,187.670469198197
3684,2019,1,2019-01-01T00:00:00,Zambia,Masaiti,225.622303233384
3685,2019,2,2019-02-01T00:00:00,Zambia,Masaiti,253.23994045646543
3686,2019,3,2019-03-01T00:00:00,Zambia,Masaiti,97.2372895489765
3694,2019,11,2019-11-01T00:00:00,Zambia,Masaiti,109.29298741004258
3695,2019,12,2019-12-01T00:00:00,Zambia,Masaiti,112.37064708379643
3696,2020,1,2020-01-01T00:00:00,Zambia,Masaiti,269.1149798834421
3697,2020,2,2020-02-01T00:00:00,Zambia,Masaiti,268.92704119024285
3698,2020,3,2020-03-01T00:00:00,Zambia,Masaiti,115.68474597253
3706,2020,11,2020-11-01T00:00:00,Zambia,Masaiti,76.69522084263365
3707,2020,12,2020-12-01T00:00:00,Zambia,Masaiti,357.53059025285495
3708,2021,1,2021-01-01T00:00:00,Zambia,Masaiti,367.6402276762581
3709,2021,2,2021-02-01T00:00:00,Zambia,Masaiti,286.13627551105884
3710,2021,3,2021-03-01T00:00:00,Zambia,Masaiti,356.0004886148123
3718,2021,11,2021-11-01T00:00:00,Zambia,Masaiti,85.06609464430517
3719,2021,12,2021-12-01T00:00:00,Zambia,Masaiti,146.79849176015395
3720,2022,1,2022-01-01T00:00:00,Zambia,Masaiti,384.2688220751668
3721,2022,2,2022-02-01T00:00:00,Zambia,Masaiti,165.4443130528395
3722,2022,3,2022-03-01T00:00:00,Zambia,Masaiti,143.38589550799495
3730,2022,11,2022-11-01T00:00:00,Zambia,Masaiti,111.46500021497623
3731,2022,12,2022-12-01T00:00:00,Zambia,Masaiti,177.93575890504167
3732,2023,1,2023-01-01T00:00:00,Zambia,Masaiti,367.03941884004763
3733,2023,2,2023-02-01T00:00:00,Zambia,Masaiti,177.6469571921612
3734,2023,3,2023-03-01T00:00:00,Zambia,Masaiti,204.914006565044
3742,2023,11,2023-11-01T00:00:00,Zambia,Masaiti,67.63236080604761
3743,2023,12,2023-12-01T00:00:00,Zambia,Masaiti,292.8852162899064
3744,2000,1,2000-01-01T00:00:00,Zambia,Mpongwe,267.3898206883937
3745,2000,2,2000-02-01T00:00:00,Zambia,Mpongwe,257.5813045745177
3746,2000,3,2000-03-01T00:00:00,Zambia,Mpongwe,258.1178485027287
3754,2000,11,2000-11-01T00:00:00,Zambia,Mpongwe,152.81028430541994
3755,2000,12,2000-12-01T00:00:00,Zambia,Mpongwe,298.18430765794176
3756,2001,1,2001-01-01T00:00:00,Zambia,Mpongwe,352.9747278558442
3757,2001,2,2001-02-01T00:00:00,Zambia,Mpongwe,327.1124433101348
3758,2001,3,2001-03-01T00:00:00,Zambia,Mpongwe,314.3826616732968
3766,2001,11,2001-11-01T00:00:00,Zambia,Mpongwe,158.61008544206132
3767,2001,12,2001-12-01T00:00:00,Zambia,Mpongwe,221.62474968250305
3768,2002,1,2002-01-01T00:00:00,Zambia,Mpongwe,202.45552716032748
3769,2002,2,2002-02-01T00:00:00,Zambia,Mpongwe,148.59396432613983
3770,2002,3,2002-03-01T00:00:00,Zambia,Mpongwe,67.93053630612164
3778,2002,11,2002-11-01T00:00:00,Zambia,Mpongwe,132.3669092012309
3779,2002,12,2002-12-01T00:00:00,Zambia,Mpongwe,309.817885588198
3780,2003,1,2003-01-01T00:00:00,Zambia,Mpongwe,211.4830282694008
3781,2003,2,2003-02-01T00:00:00,Zambia,Mpongwe,252.75015260905445
3782,2003,3,2003-03-01T00:00:00,Zambia,Mpongwe,247.23900275248332
3790,2003,11,2003-11-01T00:00:00,Zambia,Mpongwe,117.4436793825272
3791,2003,12,2003-12-01T00:00:00,Zambia,Mpongwe,251.63627162852063
3792,2004,1,2004-01-01T00:00:00,Zambia,Mpongwe,273.2548554415824
3793,2004,2,2004-02-01T00:00:00,Zambia,Mpongwe,266.1169352401387
3794,2004,3,2004-03-01T00:00:00,Zambia,Mpongwe,169.2022984453949
3802,2004,11,2004-11-01T00:00:00,Zambia,Mpongwe,125.10906519857919
3803,2004,12,2004-12-01T00:00:00,Zambia,Mpongwe,279.45981169645137
3804,2005,1,2005-01-01T00:00:00,Zambia,Mpongwe,218.59292712875427
3805,2005,2,2005-02-01T00:00:00,Zambia,Mpongwe,107.72348042916093
3806,2005,3,2005-03-01T00:00:00,Zambia,Mpongwe,103.66414846038457
3814,2005,11,2005-11-01T00:00:00,Zambia,Mpongwe,117.56056733745244
3815,2005,12,2005-12-01T00:00:00,Zambia,Mpongwe,338.60302492407556
3816,2006,1,2006-01-01T00:00:00,Zambia,Mpongwe,268.08675085563374
3817,2006,2,2006-02-01T00:00:00,Zambia,Mpongwe,253.15844607805698
3818,2006,3,2006-03-01T00:00:00,Zambia,Mpongwe,206.45112153712964
3826,2006,11,2006-11-01T00:00:00,Zambia,Mpongwe,130.31682358813677
3827,2006,12,2006-12-01T00:00:00,Zambia,Mpongwe,230.68411239483913
3828,2007,1,2007-01-01T00:00:00,Zambia,Mpongwe,328.70498674134757
3829,2007,2,2007-02-01T00:00:00,Zambia,Mpongwe,290.9276815899901
3830,2007,3,2007-03-01T00:00:00,Zambia,Mpongwe,118.25529466282805
3838,2007,11,2007-11-01T00:00:00,Zambia,Mpongwe,156.5143442983614
3839,2007,12,2007-12-01T00:00:00,Zambia,Mpongwe,335.2616964478674
3840,2008,1,2008-01-01T00:00:00,Zambia,Mpongwe,336.2812111016475
3841,2008,2,2008-02-01T00:00:00,Zambia,Mpongwe,185.61424607134109
3842,2008,3,2008-03-01T00:00:00,Zambia,Mpongwe,169.78139402571654
3850,2008,11,2008-11-01T00:00:00,Zambia,Mpongwe,224.05032814718157
3851,2008,12,2008-12-01T00:00:00,Zambia,Mpongwe,265.8941734604493
3852,2009,1,2009-01-01T00:00:00,Zambia,Mpongwe,334.62229869488147
3853,2009,2,2009-02-01T00:00:00,Zambia,Mpongwe,155.26498510568922
3854,2009,3,2009-03-01T00:00:00,Zambia,Mpongwe,244.0773212873709
3862,2009,11,2009-11-01T00:00:00,Zambia,Mpongwe,198.46837179589096
3863,2009,12,2009-12-01T00:00:00,Zambia,Mpongwe,223.26628316515345
3864,2010,1,2010-01-01T00:00:00,Zambia,Mpongwe,173.0992488894137
3865,2010,2,2010-02-01T00:00:00,Zambia,Mpongwe,376.3130648582119
3866,2010,3,2010-03-01T00:00:00,Zambia,Mpongwe,239.51928757211024
3874,2010,11,2010-11-01T00:00:00,Zambia,Mpongwe,151.29013937690257
3875,2010,12,2010-12-01T00:00:00,Zambia,Mpongwe,295.55931985154984
3876,2011,1,2011-01-01T00:00:00,Zambia,Mpongwe,266.7270401767049
3877,2011,2,2011-02-01T00:00:00,Zambia,Mpongwe,131.52362282177006
3878,2011,3,2011-03-01T00:00:00,Zambia,Mpongwe,196.52275975749492
3886,2011,11,2011-11-01T00:00:00,Zambia,Mpongwe,164.25704374511892
3887,2011,12,2011-12-01T00:00:00,Zambia,Mpongwe,210.95116872345557
3888,2012,1,2012-01-01T00:00:00,Zambia,Mpongwe,291.1220171212361
3889,2012,2,2012-02-01T00:00:00,Zambia,Mpongwe,259.0164629616479
3890,2012,3,2012-03-01T00:00:00,Zambia,Mpongwe,193.26192798090008
3898,2012,11,2012-11-01T00:00:00,Zambia,Mpongwe,131.73156639222915
3899,2012,12,2012-12-01T00:00:00,Zambia,Mpongwe,282.0225170545979
3900,2013,1,2013-01-01T00:00:00,Zambia,Mpongwe,296.28214362255915
3901,2013,2,2013-02-01T00:00:00,Zambia,Mpongwe,206.74424397710592
3902,2013,3,2013-03-01T00:00:00,Zambia,Mpongwe,88.63314509780727
3910,2013,11,2013-11-01T00:00:00,Zambia,Mpongwe,121.85990381429191
3911,2013,12,2013-12-01T00:00:00,Zambia,Mpongwe,244.170816458662
3912,2014,1,2014-01-01T00:00:00,Zambia,Mpongwe,232.44180924987754
3913,2014,2,2014-02-01T00:00:00,Zambia,Mpongwe,221.05658681595827
3914,2014,3,2014-03-01T00:00:00,Zambia,Mpongwe,133.20797995225956
3922,2014,11,2014-11-01T00:00:00,Zambia,Mpongwe,83.16298844459034
3923,2014,12,2014-12-01T00:00:00,Zambia,Mpongwe,246.6280818669936
3924,2015,1,2015-01-01T00:00:00,Zambia,Mpongwe,280.2892024945794
3925,2015,2,2015-02-01T00:00:00,Zambia,Mpongwe,196.92199092649275
3926,2015,3,2015-03-01T00:00:00,Zambia,Mpongwe,83.09376932741785
3934,2015,11,2015-11-01T00:00:00,Zambia,Mpongwe,100.75721397933748
3935,2015,12,2015-12-01T00:00:00,Zambia,Mpongwe,187.257518222797
3936,2016,1,2016-01-01T00:00:00,Zambia,Mpongwe,303.1106462118811
3937,2016,2,2016-02-01T00:00:00,Zambia,Mpongwe,174.66941955174025
3938,2016,3,2016-03-01T00:00:00,Zambia,Mpongwe,268.6924157202256
3946,2016,11,2016-11-01T00:00:00,Zambia,Mpongwe,174.62935443245814
3947,2016,12,2016-12-01T00:00:00,Zambia,Mpongwe,237.65717837978616
3948,2017,1,2017-01-01T00:00:00,Zambia,Mpongwe,366.158922057362
3949,2017,2,2017-02-01T00:00:00,Zambia,Mpongwe,387.55504463804004
3950,2017,3,2017-03-01T00:00:00,Zambia,Mpongwe,147.30479655706495
3958,2017,11,2017-11-01T00:00:00,Zambia,Mpongwe,200.9421798850876
3959,2017,12,2017-12-01T00:00:00,Zambia,Mpongwe,281.2780136009178
3960,2018,1,2018-01-01T00:00:00,Zambia,Mpongwe,107.16924489279434
3961,2018,2,2018-02-01T00:00:00,Zambia,Mpongwe,344.0791391566934
3962,2018,3,2018-03-01T00:00:00,Zambia,Mpongwe,253.6907637900602
3970,2018,11,2018-11-01T00:00:00,Zambia,Mpongwe,74.0603463017185
3971,2018,12,2018-12-01T00:00:00,Zambia,Mpongwe,172.0933248092407
3972,2019,1,2019-01-01T00:00:00,Zambia,Mpongwe,247.15724920312778
3973,2019,2,2019-02-01T00:00:00,Zambia,Mpongwe,198.09120470333073
3974,2019,3,2019-03-01T00:00:00,Zambia,Mpongwe,84.80329362802813
3982,2019,11,2019-11-01T00:00:00,Zambia,Mpongwe,106.03946593482607
3983,2019,12,2019-12-01T00:00:00,Zambia,Mpongwe,91.51227157962066
3984,2020,1,2020-01-01T00:00:00,Zambia,Mpongwe,299.36528448347167
3985,2020,2,2020-02-01T00:00:00,Zambia,Mpongwe,270.2841188250967
3986,2020,3,2020-03-01T00:00:00,Zambia,Mpongwe,137.1300124813984
3994,2020,11,2020-11-01T00:00:00,Zambia,Mpongwe,97.1590266570982
3995,2020,12,2020-12-01T00:00:00,Zambia,Mpongwe,356.3185956457558
3996,2021,1,2021-01-01T00:00:00,Zambia,Mpongwe,368.1345173837275
3997,2021,2,2021-02-01T00:00:00,Zambia,Mpongwe,274.8919277010704
3998,2021,3,2021-03-01T00:00:00,Zambia,Mpongwe,247.19456808738974
4006,2021,11,2021-11-01T00:00:00,Zambia,Mpongwe,82.1973570187329
4007,2021,12,2021-12-01T00:00:00,Zambia,Mpongwe,145.7038525897404
4008,2022,1,2022-01-01T00:00:00,Zambia,Mpongwe,396.88513870316405
4009,2022,2,2022-02-01T00:00:00,Zambia,Mpongwe,148.91451936166578
4010,2022,3,2022-03-01T00:00:00,Zambia,Mpongwe,131.8946277285578
4018,2022,11,2022-11-01T00:00:00,Zambia,Mpongwe,117.66184704840029
4019,2022,12,2022-12-01T00:00:00,Zambia,Mpongwe,183.18865616588147
4020,2023,1,2023-01-01T00:00:00,Zambia,Mpongwe,364.45816953185465
4021,2023,2,2023-02-01T00:00:00,Zambia,Mpongwe,165.09008049547978
4022,2023,3,2023-03-01T00:00:00,Zambia,Mpongwe,169.04746962887978
4030,2023,11,2023-11-01T00:00:00,Zambia,Mpongwe,68.4471853214886
4031,2023,12,2023-12-01T00:00:00,Zambia,Mpongwe,320.54972180369526
4032,2000,1,2000-01-01T00:00:00,Zambia,Mufulira,344.1281623189081
4033,2000,2,2000-02-01T00:00:00,Zambia,Mufulira,240.62913449388626
4034,2000,3,2000-03-01T00:00:00,Zambia,Mufulira,252.01208804801797
4042,2000,11,2000-11-01T00:00:00,Zambia,Mufulira,171.27678026324944
4043,2000,12,2000-12-01T00:00:00,Zambia,Mufulira,334.5489653339523
4044,2001,1,2001-01-01T00:00:00,Zambia,Mufulira,449.520706142955
4045,2001,2,2001-02-01T00:00:00,Zambia,Mufulira,311.9560275290836
4046,2001,3,2001-03-01T00:00:00,Zambia,Mufulira,316.61314202555076
4054,2001,11,2001-11-01T00:00:00,Zambia,Mufulira,162.11647464724987
4055,2001,12,2001-12-01T00:00:00,Zambia,Mufulira,224.4945129679354
4056,2002,1,2002-01-01T00:00:00,Zambia,Mufulira,295.32552182366385
4057,2002,2,2002-02-01T00:00:00,Zambia,Mufulira,189.97989863349284
4058,2002,3,2002-03-01T00:00:00,Zambia,Mufulira,128.68064133300877
4066,2002,11,2002-11-01T00:00:00,Zambia,Mufulira,146.53804948649952
4067,2002,12,2002-12-01T00:00:00,Zambia,Mufulira,359.3898415477483
4068,2003,1,2003-01-01T00:00:00,Zambia,Mufulira,361.13736737442485
4069,2003,2,2003-02-01T00:00:00,Zambia,Mufulira,243.01544217459315
4070,2003,3,2003-03-01T00:00:00,Zambia,Mufulira,265.8258810159944
4078,2003,11,2003-11-01T00:00:00,Zambia,Mufulira,130.81231731828424
4079,2003,12,2003-12-01T00:00:00,Zambia,Mufulira,300.5424711155211
4080,2004,1,2004-01-01T00:00:00,Zambia,Mufulira,323.9166648776739
4081,2004,2,2004-02-01T00:00:00,Zambia,Mufulira,253.41952712109813
4082,2004,3,2004-03-01T00:00:00,Zambia,Mufulira,191.08908395022155
4090,2004,11,2004-11-01T00:00:00,Zambia,Mufulira,149.9276642091122
4091,2004,12,2004-12-01T00:00:00,Zambia,Mufulira,295.00612829851616
4092,2005,1,2005-01-01T00:00:00,Zambia,Mufulira,314.61092995033164
4093,2005,2,2005-02-01T00:00:00,Zambia,Mufulira,159.92179174451218
4094,2005,3,2005-03-01T00:00:00,Zambia,Mufulira,117.86402641510801
4102,2005,11,2005-11-01T00:00:00,Zambia,Mufulira,124.47055867744378
4103,2005,12,2005-12-01T00:00:00,Zambia,Mufulira,295.0302773939282
4104,2006,1,2006-01-01T00:00:00,Zambia,Mufulira,305.26114298797296
4105,2006,2,2006-02-01T00:00:00,Zambia,Mufulira,258.0676098661734
4106,2006,3,2006-03-01T00:00:00,Zambia,Mufulira,275.24331522883983
4114,2006,11,2006-11-01T00:00:00,Zambia,Mufulira,112.29231932539264
4115,2006,12,2006-12-01T00:00:00,Zambia,Mufulira,296.2818413557822
4116,2007,1,2007-01-01T00:00:00,Zambia,Mufulira,375.4324392275521
4117,2007,2,2007-02-01T00:00:00,Zambia,Mufulira,318.88890949623686
4118,2007,3,2007-03-01T00:00:00,Zambia,Mufulira,148.87334079959444
4126,2007,11,2007-11-01T00:00:00,Zambia,Mufulira,162.21896455999985
4127,2007,12,2007-12-01T00:00:00,Zambia,Mufulira,307.02004139269354
4128,2008,1,2008-01-01T00:00:00,Zambia,Mufulira,405.48515004827664
4129,2008,2,2008-02-01T00:00:00,Zambia,Mufulira,223.33306520801256
4130,2008,3,2008-03-01T00:00:00,Zambia,Mufulira,150.75975602505187
4138,2008,11,2008-11-01T00:00:00,Zambia,Mufulira,255.44700002610273
4139,2008,12,2008-12-01T00:00:00,Zambia,Mufulira,251.9500525978988
4140,2009,1,2009-01-01T00:00:00,Zambia,Mufulira,397.9613856351616
4141,2009,2,2009-02-01T00:00:00,Zambia,Mufulira,171.84689636330478
4142,2009,3,2009-03-01T00:00:00,Zambia,Mufulira,267.79190506661087
4150,2009,11,2009-11-01T00:00:00,Zambia,Mufulira,169.8149438245484
4151,2009,12,2009-12-01T00:00:00,Zambia,Mufulira,309.9398989638826
4152,2010,1,2010-01-01T00:00:00,Zambia,Mufulira,216.54454980484596
4153,2010,2,2010-02-01T00:00:00,Zambia,Mufulira,294.5538770836672
4154,2010,3,2010-03-01T00:00:00,Zambia,Mufulira,264.26087283624094
4162,2010,11,2010-11-01T00:00:00,Zambia,Mufulira,146.9877581680781
4163,2010,12,2010-12-01T00:00:00,Zambia,Mufulira,270.5682763533904
4164,2011,1,2011-01-01T00:00:00,Zambia,Mufulira,296.35439943923245
4165,2011,2,2011-02-01T00:00:00,Zambia,Mufulira,158.20963964686297
4166,2011,3,2011-03-01T00:00:00,Zambia,Mufulira,241.3024729858308
4174,2011,11,2011-11-01T00:00:00,Zambia,Mufulira,164.09720315183162
4175,2011,12,2011-12-01T00:00:00,Zambia,Mufulira,221.1428571982272
4176,2012,1,2012-01-01T00:00:00,Zambia,Mufulira,382.1756342615857
4177,2012,2,2012-02-01T00:00:00,Zambia,Mufulira,277.6533484705142
4178,2012,3,2012-03-01T00:00:00,Zambia,Mufulira,320.3537224255752
4186,2012,11,2012-11-01T00:00:00,Zambia,Mufulira,119.40137162504581
4187,2012,12,2012-12-01T00:00:00,Zambia,Mufulira,255.07972288123707
4188,2013,1,2013-01-01T00:00:00,Zambia,Mufulira,310.6468412528902
4189,2013,2,2013-02-01T00:00:00,Zambia,Mufulira,201.71294354348373
4190,2013,3,2013-03-01T00:00:00,Zambia,Mufulira,137.24476296833697
4198,2013,11,2013-11-01T00:00:00,Zambia,Mufulira,134.28450306881996
4199,2013,12,2013-12-01T00:00:00,Zambia,Mufulira,280.7394175773498
4200,2014,1,2014-01-01T00:00:00,Zambia,Mufulira,281.0171906693269
4201,2014,2,2014-02-01T00:00:00,Zambia,Mufulira,256.38471096658066
4202,2014,3,2014-03-01T00:00:00,Zambia,Mufulira,179.17555000377976
4210,2014,11,2014-11-01T00:00:00,Zambia,Mufulira,87.24084165566319
4211,2014,12,2014-12-01T00:00:00,Zambia,Mufulira,189.17343752564196
4212,2015,1,2015-01-01T00:00:00,Zambia,Mufulira,284.4305328333937
4213,2015,2,2015-02-01T00:00:00,Zambia,Mufulira,189.14731202557576
4214,2015,3,2015-03-01T00:00:00,Zambia,Mufulira,91.86771255253548
4222,2015,11,2015-11-01T00:00:00,Zambia,Mufulira,111.3464428807065
4223,2015,12,2015-12-01T00:00:00,Zambia,Mufulira,219.45798776965816
4224,2016,1,2016-01-01T00:00:00,Zambia,Mufulira,352.7923208994752
4225,2016,2,2016-02-01T00:00:00,Zambia,Mufulira,191.40098500417787
4226,2016,3,2016-03-01T00:00:00,Zambia,Mufulira,338.5456715750813
4234,2016,11,2016-11-01T00:00:00,Zambia,Mufulira,139.94024026095866
4235,2016,12,2016-12-01T00:00:00,Zambia,Mufulira,224.11513771092737
4236,2017,1,2017-01-01T00:00:00,Zambia,Mufulira,454.61314653542223
4237,2017,2,2017-02-01T00:00:00,Zambia,Mufulira,320.36984779818744
4238,2017,3,2017-03-01T00:00:00,Zambia,Mufulira,144.9665130717642
4246,2017,11,2017-11-01T00:00:00,Zambia,Mufulira,201.11878008240421
4247,2017,12,2017-12-01T00:00:00,Zambia,Mufulira,272.4551778493712
4248,2018,1,2018-01-01T00:00:00,Zambia,Mufulira,162.49953977045595
4249,2018,2,2018-02-01T00:00:00,Zambia,Mufulira,296.6642238303318
4250,2018,3,2018-03-01T00:00:00,Zambia,Mufulira,270.6646985641862
4258,2018,11,2018-11-01T00:00:00,Zambia,Mufulira,86.15468451810763
4259,2018,12,2018-12-01T00:00:00,Zambia,Mufulira,228.2976740200647
4260,2019,1,2019-01-01T00:00:00,Zambia,Mufulira,307.36646942784324
4261,2019,2,2019-02-01T00:00:00,Zambia,Mufulira,230.69870674660137
4262,2019,3,2019-03-01T00:00:00,Zambia,Mufulira,183.71228087030397
4270,2019,11,2019-11-01T00:00:00,Zambia,Mufulira,105.8934742823368
4271,2019,12,2019-12-01T00:00:00,Zambia,Mufulira,103.93726779863538
4272,2020,1,2020-01-01T00:00:00,Zambia,Mufulira,314.45847857174454
4273,2020,2,2020-02-01T00:00:00,Zambia,Mufulira,233.35895578659222
4274,2020,3,2020-03-01T00:00:00,Zambia,Mufulira,184.74265841161633
4282,2020,11,2020-11-01T00:00:00,Zambia,Mufulira,90.03127307854845
4283,2020,12,2020-12-01T00:00:00,Zambia,Mufulira,304.61937199068944
4284,2021,1,2021-01-01T00:00:00,Zambia,Mufulira,427.5187247930357
4285,2021,2,2021-02-01T00:00:00,Zambia,Mufulira,266.9124346865704
4286,2021,3,2021-03-01T00:00:00,Zambia,Mufulira,392.34462623556186
4294,2021,11,2021-11-01T00:00:00,Zambia,Mufulira,86.65575953249964
4295,2021,12,2021-12-01T00:00:00,Zambia,Mufulira,175.74434870345476
4296,2022,1,2022-01-01T00:00:00,Zambia,Mufulira,376.6838682570313
4297,2022,2,2022-02-01T00:00:00,Zambia,Mufulira,192.74931108645544
4298,2022,3,2022-03-01T00:00:00,Zambia,Mufulira,183.35614994392301
4306,2022,11,2022-11-01T00:00:00,Zambia,Mufulira,119.16134828071064
4307,2022,12,2022-12-01T00:00:00,Zambia,Mufulira,241.18088000828786
4308,2023,1,2023-01-01T00:00:00,Zambia,Mufulira,384.6925831649528
4309,2023,2,2023-02-01T00:00:00,Zambia,Mufulira,169.31282448258574
4310,2023,3,2023-03-01T00:00:00,Zambia,Mufulira,226.28276317663645
4318,2023,11,2023-11-01T00:00:00,Zambia,Mufulira,90.7855113747536
4319,2023,12,2023-12-01T00:00:00,Zambia,Mufulira,306.387122450579
4320,2000,1,2000-01-01T00:00:00,Zambia,Ndola,301.1792037296738
4321,2000,2,2000-02-01T00:00:00,Zambia,Ndola,250.55091475737376
4322,2000,3,2000-03-01T00:00:00,Zambia,Ndola,281.3676461734328
4330,2000,11,2000-11-01T00:00:00,Zambia,Ndola,165.55666472654562
4331,2000,12,2000-12-01T00:00:00,Zambia,Ndola,342.5799902244833
4332,2001,1,2001-01-01T00:00:00,Zambia,Ndola,406.53631553539003
4333,2001,2,2001-02-01T00:00:00,Zambia,Ndola,341.4207149545536
4334,2001,3,2001-03-01T00:00:00,Zambia,Ndola,346.9543488933653
4342,2001,11,2001-11-01T00:00:00,Zambia,Ndola,156.36644095152474
4343,2001,12,2001-12-01T00:00:00,Zambia,Ndola,256.8544035424964
4344,2002,1,2002-01-01T00:00:00,Zambia,Ndola,246.7928791213811
4345,2002,2,2002-02-01T00:00:00,Zambia,Ndola,201.83292854788138
4346,2002,3,2002-03-01T00:00:00,Zambia,Ndola,103.75811328016322
4354,2002,11,2002-11-01T00:00:00,Zambia,Ndola,171.6516526501678
4355,2002,12,2002-12-01T00:00:00,Zambia,Ndola,400.6835518830322
4356,2003,1,2003-01-01T00:00:00,Zambia,Ndola,288.4937335524448
4357,2003,2,2003-02-01T00:00:00,Zambia,Ndola,268.4491909699551
4358,2003,3,2003-03-01T00:00:00,Zambia,Ndola,266.21338122252536
4366,2003,11,2003-11-01T00:00:00,Zambia,Ndola,141.59512116851363
4367,2003,12,2003-12-01T00:00:00,Zambia,Ndola,299.5738553450829
4368,2004,1,2004-01-01T00:00:00,Zambia,Ndola,303.1088031011403
4369,2004,2,2004-02-01T00:00:00,Zambia,Ndola,262.1489734762105
4370,2004,3,2004-03-01T00:00:00,Zambia,Ndola,148.7855140418119
4378,2004,11,2004-11-01T00:00:00,Zambia,Ndola,152.86773343319118
4379,2004,12,2004-12-01T00:00:00,Zambia,Ndola,383.4519757636757
4380,2005,1,2005-01-01T00:00:00,Zambia,Ndola,263.0960773818437
4381,2005,2,2005-02-01T00:00:00,Zambia,Ndola,138.56315273047605
4382,2005,3,2005-03-01T00:00:00,Zambia,Ndola,90.87852455227873
4390,2005,11,2005-11-01T00:00:00,Zambia,Ndola,132.45442642347203
4391,2005,12,2005-12-01T00:00:00,Zambia,Ndola,344.0824991794852
4392,2006,1,2006-01-01T00:00:00,Zambia,Ndola,272.04003154284453
4393,2006,2,2006-02-01T00:00:00,Zambia,Ndola,262.63936372949917
4394,2006,3,2006-03-01T00:00:00,Zambia,Ndola,277.00908642946285
4402,2006,11,2006-11-01T00:00:00,Zambia,Ndola,137.8658142173679
4403,2006,12,2006-12-01T00:00:00,Zambia,Ndola,290.3733759199187
4404,2007,1,2007-01-01T00:00:00,Zambia,Ndola,344.7380456150854
4405,2007,2,2007-02-01T00:00:00,Zambia,Ndola,340.72019920597523
4406,2007,3,2007-03-01T00:00:00,Zambia,Ndola,140.21962096258653
4414,2007,11,2007-11-01T00:00:00,Zambia,Ndola,152.21313681857538
4415,2007,12,2007-12-01T00:00:00,Zambia,Ndola,336.9106302693833
4416,2008,1,2008-01-01T00:00:00,Zambia,Ndola,370.5263844084185
4417,2008,2,2008-02-01T00:00:00,Zambia,Ndola,196.02940937678764
4418,2008,3,2008-03-01T00:00:00,Zambia,Ndola,164.73708554026138
4426,2008,11,2008-11-01T00:00:00,Zambia,Ndola,270.96538270610984
4427,2008,12,2008-12-01T00:00:00,Zambia,Ndola,304.1215386252514
4428,2009,1,2009-01-01T00:00:00,Zambia,Ndola,364.0239866980396
4429,2009,2,2009-02-01T00:00:00,Zambia,Ndola,166.8374912915341
4430,2009,3,2009-03-01T00:00:00,Zambia,Ndola,259.16252957776544
4438,2009,11,2009-11-01T00:00:00,Zambia,Ndola,190.62071307259936
4439,2009,12,2009-12-01T00:00:00,Zambia,Ndola,307.0019279304993
4440,2010,1,2010-01-01T00:00:00,Zambia,Ndola,209.965704803489
4441,2010,2,2010-02-01T00:00:00,Zambia,Ndola,318.75722710165866
4442,2010,3,2010-03-01T00:00:00,Zambia,Ndola,230.68455666457774
4450,2010,11,2010-11-01T00:00:00,Zambia,Ndola,154.5557544425698
4451,2010,12,2010-12-01T00:00:00,Zambia,Ndola,331.3986090882767
4452,2011,1,2011-01-01T00:00:00,Zambia,Ndola,285.69856971115297
4453,2011,2,2011-02-01T00:00:00,Zambia,Ndola,153.03490950471306
4454,2011,3,2011-03-01T00:00:00,Zambia,Ndola,212.3054410504186
4462,2011,11,2011-11-01T00:00:00,Zambia,Ndola,158.39915995089956
4463,2011,12,2011-12-01T00:00:00,Zambia,Ndola,245.1997935043158
4464,2012,1,2012-01-01T00:00:00,Zambia,Ndola,332.26583073913224
4465,2012,2,2012-02-01T00:00:00,Zambia,Ndola,287.2517685757348
4466,2012,3,2012-03-01T00:00:00,Zambia,Ndola,255.22147522810994
4474,2012,11,2012-11-01T00:00:00,Zambia,Ndola,128.42912614538503
4475,2012,12,2012-12-01T00:00:00,Zambia,Ndola,289.3224600440845
4476,2013,1,2013-01-01T00:00:00,Zambia,Ndola,304.5907556845643
4477,2013,2,2013-02-01T00:00:00,Zambia,Ndola,209.12138035457085
4478,2013,3,2013-03-01T00:00:00,Zambia,Ndola,112.97230542859367
4486,2013,11,2013-11-01T00:00:00,Zambia,Ndola,125.69479677929989
4487,2013,12,2013-12-01T00:00:00,Zambia,Ndola,310.62901954850486
4488,2014,1,2014-01-01T00:00:00,Zambia,Ndola,255.0145903334506
4489,2014,2,2014-02-01T00:00:00,Zambia,Ndola,224.75465856993475
4490,2014,3,2014-03-01T00:00:00,Zambia,Ndola,146.03145933976285
4498,2014,11,2014-11-01T00:00:00,Zambia,Ndola,91.14427999525293
4499,2014,12,2014-12-01T00:00:00,Zambia,Ndola,228.4471503183453
4500,2015,1,2015-01-01T00:00:00,Zambia,Ndola,273.5876682490194
4501,2015,2,2015-02-01T00:00:00,Zambia,Ndola,189.2400811683521
4502,2015,3,2015-03-01T00:00:00,Zambia,Ndola,94.43139933013919
4510,2015,11,2015-11-01T00:00:00,Zambia,Ndola,110.82507402607453
4511,2015,12,2015-12-01T00:00:00,Zambia,Ndola,224.93514713134334
4512,2016,1,2016-01-01T00:00:00,Zambia,Ndola,344.3319485970874
4513,2016,2,2016-02-01T00:00:00,Zambia,Ndola,145.52075585562685
4514,2016,3,2016-03-01T00:00:00,Zambia,Ndola,300.25139088657295
4522,2016,11,2016-11-01T00:00:00,Zambia,Ndola,168.76997611236578
4523,2016,12,2016-12-01T00:00:00,Zambia,Ndola,279.33458304640305
4524,2017,1,2017-01-01T00:00:00,Zambia,Ndola,426.4844105885306
4525,2017,2,2017-02-01T00:00:00,Zambia,Ndola,342.6822784736767
4526,2017,3,2017-03-01T00:00:00,Zambia,Ndola,131.44070792233668
4534,2017,11,2017-11-01T00:00:00,Zambia,Ndola,223.90376508548653
4535,2017,12,2017-12-01T00:00:00,Zambia,Ndola,298.7636427936554
4536,2018,1,2018-01-01T00:00:00,Zambia,Ndola,126.04007301734215
4537,2018,2,2018-02-01T00:00:00,Zambia,Ndola,328.01791719654
4538,2018,3,2018-03-01T00:00:00,Zambia,Ndola,262.9971629921447
4546,2018,11,2018-11-01T00:00:00,Zambia,Ndola,69.98553518195486
4547,2018,12,2018-12-01T00:00:00,Zambia,Ndola,212.30898504008815
4548,2019,1,2019-01-01T00:00:00,Zambia,Ndola,266.80508242822253
4549,2019,2,2019-02-01T00:00:00,Zambia,Ndola,242.7304068464013
4550,2019,3,2019-03-01T00:00:00,Zambia,Ndola,132.3371766439482
4558,2019,11,2019-11-01T00:00:00,Zambia,Ndola,107.03404735015155
4559,2019,12,2019-12-01T00:00:00,Zambia,Ndola,135.0368885706968
4560,2020,1,2020-01-01T00:00:00,Zambia,Ndola,294.3527183431138
4561,2020,2,2020-02-01T00:00:00,Zambia,Ndola,217.07209761337901
4562,2020,3,2020-03-01T00:00:00,Zambia,Ndola,142.5836176799508
4570,2020,11,2020-11-01T00:00:00,Zambia,Ndola,84.57195761242582
4571,2020,12,2020-12-01T00:00:00,Zambia,Ndola,336.7161109100608
4572,2021,1,2021-01-01T00:00:00,Zambia,Ndola,405.29354231452925
4573,2021,2,2021-02-01T00:00:00,Zambia,Ndola,267.2754540418359
4574,2021,3,2021-03-01T00:00:00,Zambia,Ndola,381.55834201142954
4582,2021,11,2021-11-01T00:00:00,Zambia,Ndola,100.4448843537486
4583,2021,12,2021-12-01T00:00:00,Zambia,Ndola,170.30790842695018
4584,2022,1,2022-01-01T00:00:00,Zambia,Ndola,364.8297580364581
4585,2022,2,2022-02-01T00:00:00,Zambia,Ndola,199.38016179634812
4586,2022,3,2022-03-01T00:00:00,Zambia,Ndola,171.91926557332417
4594,2022,11,2022-11-01T00:00:00,Zambia,Ndola,104.68437137764552
4595,2022,12,2022-12-01T00:00:00,Zambia,Ndola,210.4122163563883
4596,2023,1,2023-01-01T00:00:00,Zambia,Ndola,359.4561571805644
4597,2023,2,2023-02-01T00:00:00,Zambia,Ndola,161.40106535567796
4598,2023,3,2023-03-01T00:00:00,Zambia,Ndola,242.81931178183893
4606,2023,11,2023-11-01T00:00:00,Zambia,Ndola,88.60801171473571
4607,2023,12,2023-12-01T00:00:00,Zambia,Ndola,309.85530650782033
4608,2000,1,2000-01-01T00:00:00,Zambia,Chadiza,214.29998888975513
4609,2000,2,2000-02-01T00:00:00,Zambia,Chadiza,226.87401765670262
4610,2000,3,2000-03-01T00:00:00,Zambia,Chadiza,197.71138685935657
4618,2000,11,2000-11-01T00:00:00,Zambia,Chadiza,98.43076777506108
4619,2000,12,2000-12-01T00:00:00,Zambia,Chadiza,171.7354012571476
4620,2001,1,2001-01-01T00:00:00,Zambia,Chadiza,265.8312296134925
4621,2001,2,2001-02-01T00:00:00,Zambia,Chadiza,280.1285260025973
4622,2001,3,2001-03-01T00:00:00,Zambia,Chadiza,205.71597988614823
4630,2001,11,2001-11-01T00:00:00,Zambia,Chadiza,74.13559341781342
4631,2001,12,2001-12-01T00:00:00,Zambia,Chadiza,230.28459453205193
4632,2002,1,2002-01-01T00:00:00,Zambia,Chadiza,299.23986490431076
4633,2002,2,2002-02-01T00:00:00,Zambia,Chadiza,151.76913864509478
4634,2002,3,2002-03-01T00:00:00,Zambia,Chadiza,98.2098348696164
4642,2002,11,2002-11-01T00:00:00,Zambia,Chadiza,41.058999298050345
4643,2002,12,2002-12-01T00:00:00,Zambia,Chadiza,239.24339878615098
4644,2003,1,2003-01-01T00:00:00,Zambia,Chadiza,283.79890085143586
4645,2003,2,2003-02-01T00:00:00,Zambia,Chadiza,209.5252044686343
4646,2003,3,2003-03-01T00:00:00,Zambia,Chadiza,225.00704863082444
4654,2003,11,2003-11-01T00:00:00,Zambia,Chadiza,32.499632918351445
4655,2003,12,2003-12-01T00:00:00,Zambia,Chadiza,243.78822380055996
4656,2004,1,2004-01-01T00:00:00,Zambia,Chadiza,214.5283224147611
4657,2004,2,2004-02-01T00:00:00,Zambia,Chadiza,178.36181743480802
4658,2004,3,2004-03-01T00:00:00,Zambia,Chadiza,145.50278905747638
4666,2004,11,2004-11-01T00:00:00,Zambia,Chadiza,107.96935730372893
4667,2004,12,2004-12-01T00:00:00,Zambia,Chadiza,319.56114766279046
4668,2005,1,2005-01-01T00:00:00,Zambia,Chadiza,262.0875889699975
4669,2005,2,2005-02-01T00:00:00,Zambia,Chadiza,133.92241940589895
4670,2005,3,2005-03-01T00:00:00,Zambia,Chadiza,23.728429130556243
4678,2005,11,2005-11-01T00:00:00,Zambia,Chadiza,89.85298161258177
4679,2005,12,2005-12-01T00:00:00,Zambia,Chadiza,178.01768356982882
4680,2006,1,2006-01-01T00:00:00,Zambia,Chadiza,338.86586871096364
4681,2006,2,2006-02-01T00:00:00,Zambia,Chadiza,168.15107053741554
4682,2006,3,2006-03-01T00:00:00,Zambia,Chadiza,225.52912750928311
4690,2006,11,2006-11-01T00:00:00,Zambia,Chadiza,129.33268627664668
4691,2006,12,2006-12-01T00:00:00,Zambia,Chadiza,215.2017812155969
4692,2007,1,2007-01-01T00:00:00,Zambia,Chadiza,425.0002667952895
4693,2007,2,2007-02-01T00:00:00,Zambia,Chadiza,249.92181816770903
4694,2007,3,2007-03-01T00:00:00,Zambia,Chadiza,116.84052995635655
4702,2007,11,2007-11-01T00:00:00,Zambia,Chadiza,68.28328192017717
4703,2007,12,2007-12-01T00:00:00,Zambia,Chadiza,284.7758364423218
4704,2008,1,2008-01-01T00:00:00,Zambia,Chadiza,349.12987214337386
4705,2008,2,2008-02-01T00:00:00,Zambia,Chadiza,173.89623629203507
4706,2008,3,2008-03-01T00:00:00,Zambia,Chadiza,98.21300739578618
4714,2008,11,2008-11-01T00:00:00,Zambia,Chadiza,46.547216187061494
4715,2008,12,2008-12-01T00:00:00,Zambia,Chadiza,209.5997385835649
4716,2009,1,2009-01-01T00:00:00,Zambia,Chadiza,196.05880017204805
4717,2009,2,2009-02-01T00:00:00,Zambia,Chadiza,182.28777188748123
4718,2009,3,2009-03-01T00:00:00,Zambia,Chadiza,201.8544696097837
4726,2009,11,2009-11-01T00:00:00,Zambia,Chadiza,157.52701997868925
4727,2009,12,2009-12-01T00:00:00,Zambia,Chadiza,393.24784475575467
4728,2010,1,2010-01-01T00:00:00,Zambia,Chadiza,182.06669920707313
4729,2010,2,2010-02-01T00:00:00,Zambia,Chadiza,389.70640163831524
4730,2010,3,2010-03-01T00:00:00,Zambia,Chadiza,155.77194014459118
4738,2010,11,2010-11-01T00:00:00,Zambia,Chadiza,69.1209714721898
4739,2010,12,2010-12-01T00:00:00,Zambia,Chadiza,320.0504701129929
4740,2011,1,2011-01-01T00:00:00,Zambia,Chadiza,366.28253977020256
4741,2011,2,2011-02-01T00:00:00,Zambia,Chadiza,138.13368089937958
4742,2011,3,2011-03-01T00:00:00,Zambia,Chadiza,115.69758779090643
4750,2011,11,2011-11-01T00:00:00,Zambia,Chadiza,75.26738459242007
4751,2011,12,2011-12-01T00:00:00,Zambia,Chadiza,166.07187606204786
4752,2012,1,2012-01-01T00:00:00,Zambia,Chadiza,368.8049379000958
4753,2012,2,2012-02-01T00:00:00,Zambia,Chadiza,253.2692487044477
4754,2012,3,2012-03-01T00:00:00,Zambia,Chadiza,194.09420175867118
4762,2012,11,2012-11-01T00:00:00,Zambia,Chadiza,52.696231627628244
4763,2012,12,2012-12-01T00:00:00,Zambia,Chadiza,224.09955961423793
4764,2013,1,2013-01-01T00:00:00,Zambia,Chadiza,257.48417531612307
4765,2013,2,2013-02-01T00:00:00,Zambia,Chadiza,148.50077696765942
4766,2013,3,2013-03-01T00:00:00,Zambia,Chadiza,79.92843921669937
4774,2013,11,2013-11-01T00:00:00,Zambia,Chadiza,54.50196177691528
4775,2013,12,2013-12-01T00:00:00,Zambia,Chadiza,224.11963061797837
4776,2014,1,2014-01-01T00:00:00,Zambia,Chadiza,245.27034242923423
4777,2014,2,2014-02-01T00:00:00,Zambia,Chadiza,211.75120102708468
4778,2014,3,2014-03-01T00:00:00,Zambia,Chadiza,98.71086285079085
4786,2014,11,2014-11-01T00:00:00,Zambia,Chadiza,24.520213601080165
4787,2014,12,2014-12-01T00:00:00,Zambia,Chadiza,186.67115005815538
4788,2015,1,2015-01-01T00:00:00,Zambia,Chadiza,304.14449155787037
4789,2015,2,2015-02-01T00:00:00,Zambia,Chadiza,191.265096511571
4790,2015,3,2015-03-01T00:00:00,Zambia,Chadiza,70.83764747287563
4798,2015,11,2015-11-01T00:00:00,Zambia,Chadiza,53.17585730924404
4799,2015,12,2015-12-01T00:00:00,Zambia,Chadiza,173.88295448350834
4800,2016,1,2016-01-01T00:00:00,Zambia,Chadiza,174.14933263834078
4801,2016,2,2016-02-01T00:00:00,Zambia,Chadiza,164.46157236850232
4802,2016,3,2016-03-01T00:00:00,Zambia,Chadiza,176.1468582404081
4810,2016,11,2016-11-01T00:00:00,Zambia,Chadiza,167.28694983400598
4811,2016,12,2016-12-01T00:00:00,Zambia,Chadiza,178.4071636365125
4812,2017,1,2017-01-01T00:00:00,Zambia,Chadiza,335.769711089232
4813,2017,2,2017-02-01T00:00:00,Zambia,Chadiza,309.5886174061441
4814,2017,3,2017-03-01T00:00:00,Zambia,Chadiza,96.40534197735504
4822,2017,11,2017-11-01T00:00:00,Zambia,Chadiza,154.42321233549723
4823,2017,12,2017-12-01T00:00:00,Zambia,Chadiza,226.98084420862602
4824,2018,1,2018-01-01T00:00:00,Zambia,Chadiza,122.86544140935652
4825,2018,2,2018-02-01T00:00:00,Zambia,Chadiza,253.0783686768834
4826,2018,3,2018-03-01T00:00:00,Zambia,Chadiza,221.05180642598273
4834,2018,11,2018-11-01T00:00:00,Zambia,Chadiza,87.49696989017258
4835,2018,12,2018-12-01T00:00:00,Zambia,Chadiza,262.5662040530226
4836,2019,1,2019-01-01T00:00:00,Zambia,Chadiza,305.4063603234701
4837,2019,2,2019-02-01T00:00:00,Zambia,Chadiza,216.13550526786233
4838,2019,3,2019-03-01T00:00:00,Zambia,Chadiza,106.71367340822259
4846,2019,11,2019-11-01T00:00:00,Zambia,Chadiza,90.92183459117827
4847,2019,12,2019-12-01T00:00:00,Zambia,Chadiza,138.20367079025308
4848,2020,1,2020-01-01T00:00:00,Zambia,Chadiza,238.18898518605803
4849,2020,2,2020-02-01T00:00:00,Zambia,Chadiza,225.82911297592165
4850,2020,3,2020-03-01T00:00:00,Zambia,Chadiza,34.438284510571556
4858,2020,11,2020-11-01T00:00:00,Zambia,Chadiza,27.58825912171751
4859,2020,12,2020-12-01T00:00:00,Zambia,Chadiza,269.42891018122924
4860,2021,1,2021-01-01T00:00:00,Zambia,Chadiza,312.3131756083228
4861,2021,2,2021-02-01T00:00:00,Zambia,Chadiza,282.29801167844136
4862,2021,3,2021-03-01T00:00:00,Zambia,Chadiza,226.95461185132464
4870,2021,11,2021-11-01T00:00:00,Zambia,Chadiza,72.11010407987656
4871,2021,12,2021-12-01T00:00:00,Zambia,Chadiza,86.77306423356725
4872,2022,1,2022-01-01T00:00:00,Zambia,Chadiza,351.4339249572169
4873,2022,2,2022-02-01T00:00:00,Zambia,Chadiza,267.0870871169285
4874,2022,3,2022-03-01T00:00:00,Zambia,Chadiza,75.68174425786732
4882,2022,11,2022-11-01T00:00:00,Zambia,Chadiza,93.7977829906894
4883,2022,12,2022-12-01T00:00:00,Zambia,Chadiza,242.87395826422235
4884,2023,1,2023-01-01T00:00:00,Zambia,Chadiza,367.0024001896547
4885,2023,2,2023-02-01T00:00:00,Zambia,Chadiza,261.4462252074441
4886,2023,3,2023-03-01T00:00:00,Zambia,Chadiza,189.39967668851904
4894,2023,11,2023-11-01T00:00:00,Zambia,Chadiza,34.59265052749585
4895,2023,12,2023-12-01T00:00:00,Zambia,Chadiza,150.87009349370757
4896,2000,1,2000-01-01T00:00:00,Zambia,Chama,185.16569705166464
4897,2000,2,2000-02-01T00:00:00,Zambia,Chama,153.71116709593832
4898,2000,3,2000-03-01T00:00:00,Zambia,Chama,162.97594607417733
4906,2000,11,2000-11-01T00:00:00,Zambia,Chama,151.45877633673385
4907,2000,12,2000-12-01T00:00:00,Zambia,Chama,217.32190965419258
4908,2001,1,2001-01-01T00:00:00,Zambia,Chama,276.13419273976444
4909,2001,2,2001-02-01T00:00:00,Zambia,Chama,162.44460958026713
4910,2001,3,2001-03-01T00:00:00,Zambia,Chama,145.17433092914015
4918,2001,11,2001-11-01T00:00:00,Zambia,Chama,28.2467691248681
4919,2001,12,2001-12-01T00:00:00,Zambia,Chama,145.72961550219622
4920,2002,1,2002-01-01T00:00:00,Zambia,Chama,276.52793540845096
4921,2002,2,2002-02-01T00:00:00,Zambia,Chama,185.27142776686435
4922,2002,3,2002-03-01T00:00:00,Zambia,Chama,151.25202940163277
4930,2002,11,2002-11-01T00:00:00,Zambia,Chama,68.16887404066021
4931,2002,12,2002-12-01T00:00:00,Zambia,Chama,224.93577038587256
4932,2003,1,2003-01-01T00:00:00,Zambia,Chama,205.6650320508248
4933,2003,2,2003-02-01T00:00:00,Zambia,Chama,189.0984340830904
4934,2003,3,2003-03-01T00:00:00,Zambia,Chama,160.79454883375377
4942,2003,11,2003-11-01T00:00:00,Zambia,Chama,39.7720219665416
4943,2003,12,2003-12-01T00:00:00,Zambia,Chama,174.32927691870975
4944,2004,1,2004-01-01T00:00:00,Zambia,Chama,230.2810920150749
4945,2004,2,2004-02-01T00:00:00,Zambia,Chama,171.65306577212417
4946,2004,3,2004-03-01T00:00:00,Zambia,Chama,143.10141137026494
4954,2004,11,2004-11-01T00:00:00,Zambia,Chama,98.62876212715949
4955,2004,12,2004-12-01T00:00:00,Zambia,Chama,302.0913166858817
4956,2005,1,2005-01-01T00:00:00,Zambia,Chama,231.00608465163745
4957,2005,2,2005-02-01T00:00:00,Zambia,Chama,175.13292303342854
4958,2005,3,2005-03-01T00:00:00,Zambia,Chama,86.41697701589541
4966,2005,11,2005-11-01T00:00:00,Zambia,Chama,57.82804429021696
4967,2005,12,2005-12-01T00:00:00,Zambia,Chama,110.61386411588546
4968,2006,1,2006-01-01T00:00:00,Zambia,Chama,211.6982627715223
4969,2006,2,2006-02-01T00:00:00,Zambia,Chama,189.35552884229384
4970,2006,3,2006-03-01T00:00:00,Zambia,Chama,167.55378426074083
4978,2006,11,2006-11-01T00:00:00,Zambia,Chama,84.16516466171528
4979,2006,12,2006-12-01T00:00:00,Zambia,Chama,216.10681523851596
4980,2007,1,2007-01-01T00:00:00,Zambia,Chama,305.7370828012967
4981,2007,2,2007-02-01T00:00:00,Zambia,Chama,219.1564769436888
4982,2007,3,2007-03-01T00:00:00,Zambia,Chama,117.49177153709738
4990,2007,11,2007-11-01T00:00:00,Zambia,Chama,49.681573510782535
4991,2007,12,2007-12-01T00:00:00,Zambia,Chama,218.46382114376482
4992,2008,1,2008-01-01T00:00:00,Zambia,Chama,258.38860241864177
4993,2008,2,2008-02-01T00:00:00,Zambia,Chama,166.66954855504872
4994,2008,3,2008-03-01T00:00:00,Zambia,Chama,120.18342514575242
5002,2008,11,2008-11-01T00:00:00,Zambia,Chama,34.184409029841724
5003,2008,12,2008-12-01T00:00:00,Zambia,Chama,90.1899119769406
5004,2009,1,2009-01-01T00:00:00,Zambia,Chama,222.3286820967242
5005,2009,2,2009-02-01T00:00:00,Zambia,Chama,178.03598969450198
5006,2009,3,2009-03-01T00:00:00,Zambia,Chama,176.4554961915784
5014,2009,11,2009-11-01T00:00:00,Zambia,Chama,137.08521918828737
5015,2009,12,2009-12-01T00:00:00,Zambia,Chama,212.16876384910157
5016,2010,1,2010-01-01T00:00:00,Zambia,Chama,220.7263009944034
5017,2010,2,2010-02-01T00:00:00,Zambia,Chama,219.20396141585945
5018,2010,3,2010-03-01T00:00:00,Zambia,Chama,209.63477692222781
5026,2010,11,2010-11-01T00:00:00,Zambia,Chama,37.118933627281265
5027,2010,12,2010-12-01T00:00:00,Zambia,Chama,172.57723664723505
5028,2011,1,2011-01-01T00:00:00,Zambia,Chama,181.78390697612346
5029,2011,2,2011-02-01T00:00:00,Zambia,Chama,176.62271468855505
5030,2011,3,2011-03-01T00:00:00,Zambia,Chama,196.94119441820683
5038,2011,11,2011-11-01T00:00:00,Zambia,Chama,73.05996340171689
5039,2011,12,2011-12-01T00:00:00,Zambia,Chama,128.31694930562435
5040,2012,1,2012-01-01T00:00:00,Zambia,Chama,236.3086950169597
5041,2012,2,2012-02-01T00:00:00,Zambia,Chama,174.91096012513944
5042,2012,3,2012-03-01T00:00:00,Zambia,Chama,157.4649488327901
5050,2012,11,2012-11-01T00:00:00,Zambia,Chama,69.71853670302976
5051,2012,12,2012-12-01T00:00:00,Zambia,Chama,181.68896504947898
5052,2013,1,2013-01-01T00:00:00,Zambia,Chama,197.09992037020396
5053,2013,2,2013-02-01T00:00:00,Zambia,Chama,169.37417073410847
5054,2013,3,2013-03-01T00:00:00,Zambia,Chama,147.51259699076584
5062,2013,11,2013-11-01T00:00:00,Zambia,Chama,56.71331467249183
5063,2013,12,2013-12-01T00:00:00,Zambia,Chama,221.16544590821155
5064,2014,1,2014-01-01T00:00:00,Zambia,Chama,251.20169340263888
5065,2014,2,2014-02-01T00:00:00,Zambia,Chama,215.35051031110632
5066,2014,3,2014-03-01T00:00:00,Zambia,Chama,141.25574349115513
5074,2014,11,2014-11-01T00:00:00,Zambia,Chama,38.57944632963739
5075,2014,12,2014-12-01T00:00:00,Zambia,Chama,100.99385477221219
5076,2015,1,2015-01-01T00:00:00,Zambia,Chama,209.82647370599966
5077,2015,2,2015-02-01T00:00:00,Zambia,Chama,177.83605073529583
5078,2015,3,2015-03-01T00:00:00,Zambia,Chama,121.57939639102365
5086,2015,11,2015-11-01T00:00:00,Zambia,Chama,64.0486413413893
5087,2015,12,2015-12-01T00:00:00,Zambia,Chama,167.94987278707382
5088,2016,1,2016-01-01T00:00:00,Zambia,Chama,205.2074041242031
5089,2016,2,2016-02-01T00:00:00,Zambia,Chama,138.31713700897606
5090,2016,3,2016-03-01T00:00:00,Zambia,Chama,175.96666388995826
5098,2016,11,2016-11-01T00:00:00,Zambia,Chama,43.201748835675524
5099,2016,12,2016-12-01T00:00:00,Zambia,Chama,120.2836176479687
5100,2017,1,2017-01-01T00:00:00,Zambia,Chama,214.52349271428477
5101,2017,2,2017-02-01T00:00:00,Zambia,Chama,245.92706262480974
5102,2017,3,2017-03-01T00:00:00,Zambia,Chama,131.575535438523
5110,2017,11,2017-11-01T00:00:00,Zambia,Chama,95.36886322135592
5111,2017,12,2017-12-01T00:00:00,Zambia,Chama,223.30241145460585
5112,2018,1,2018-01-01T00:00:00,Zambia,Chama,179.5161016623465
5113,2018,2,2018-02-01T00:00:00,Zambia,Chama,192.13748400021652
5114,2018,3,2018-03-01T00:00:00,Zambia,Chama,156.32901277943148
5122,2018,11,2018-11-01T00:00:00,Zambia,Chama,42.90895503749765
5123,2018,12,2018-12-01T00:00:00,Zambia,Chama,216.90859140816684
5124,2019,1,2019-01-01T00:00:00,Zambia,Chama,223.97672959251096
5125,2019,2,2019-02-01T00:00:00,Zambia,Chama,223.01188217858234
5126,2019,3,2019-03-01T00:00:00,Zambia,Chama,173.91627242656645
5134,2019,11,2019-11-01T00:00:00,Zambia,Chama,76.3449607640983
5135,2019,12,2019-12-01T00:00:00,Zambia,Chama,182.867864910909
5136,2020,1,2020-01-01T00:00:00,Zambia,Chama,227.6414410356523
5137,2020,2,2020-02-01T00:00:00,Zambia,Chama,206.46019331691144
5138,2020,3,2020-03-01T00:00:00,Zambia,Chama,169.62194540973815
5146,2020,11,2020-11-01T00:00:00,Zambia,Chama,34.721880917915016
5147,2020,12,2020-12-01T00:00:00,Zambia,Chama,177.32182189797732
5148,2021,1,2021-01-01T00:00:00,Zambia,Chama,267.055722854262
5149,2021,2,2021-02-01T00:00:00,Zambia,Chama,253.6227648067833
5150,2021,3,2021-03-01T00:00:00,Zambia,Chama,181.74370319542533
5158,2021,11,2021-11-01T00:00:00,Zambia,Chama,31.325325321489245
5159,2021,12,2021-12-01T00:00:00,Zambia,Chama,63.790588892479235
5160,2022,1,2022-01-01T00:00:00,Zambia,Chama,266.74552235389854
5161,2022,2,2022-02-01T00:00:00,Zambia,Chama,261.34880044977933
5162,2022,3,2022-03-01T00:00:00,Zambia,Chama,169.02892992906098
5170,2022,11,2022-11-01T00:00:00,Zambia,Chama,65.57502359723375
5171,2022,12,2022-12-01T00:00:00,Zambia,Chama,261.84937805231357
5172,2023,1,2023-01-01T00:00:00,Zambia,Chama,228.25347081923195
5173,2023,2,2023-02-01T00:00:00,Zambia,Chama,154.2296319529605
5174,2023,3,2023-03-01T00:00:00,Zambia,Chama,192.54963292381947
5182,2023,11,2023-11-01T00:00:00,Zambia,Chama,42.08934910373169
5183,2023,12,2023-12-01T00:00:00,Zambia,Chama,157.7612991600726
5184,2000,1,2000-01-01T00:00:00,Zambia,Chipata,205.49571990856893
5185,2000,2,2000-02-01T00:00:00,Zambia,Chipata,190.03238419510956
5186,2000,3,2000-03-01T00:00:00,Zambia,Chipata,161.5370978943489
5194,2000,11,2000-11-01T00:00:00,Zambia,Chipata,96.95245449037483
5195,2000,12,2000-12-01T00:00:00,Zambia,Chipata,194.0921973362606
5196,2001,1,2001-01-01T00:00:00,Zambia,Chipata,286.8309483474107
5197,2001,2,2001-02-01T00:00:00,Zambia,Chipata,228.05091067636113
5198,2001,3,2001-03-01T00:00:00,Zambia,Chipata,216.1708008969454
5206,2001,11,2001-11-01T00:00:00,Zambia,Chipata,51.11965776681071
5207,2001,12,2001-12-01T00:00:00,Zambia,Chipata,203.8129299607257
5208,2002,1,2002-01-01T00:00:00,Zambia,Chipata,304.3120073550072
5209,2002,2,2002-02-01T00:00:00,Zambia,Chipata,162.0184388762423
5210,2002,3,2002-03-01T00:00:00,Zambia,Chipata,106.87590649393671
5218,2002,11,2002-11-01T00:00:00,Zambia,Chipata,42.87155620260394
5219,2002,12,2002-12-01T00:00:00,Zambia,Chipata,266.5258527082799
5220,2003,1,2003-01-01T00:00:00,Zambia,Chipata,253.8687506163765
5221,2003,2,2003-02-01T00:00:00,Zambia,Chipata,212.39800461821474
5222,2003,3,2003-03-01T00:00:00,Zambia,Chipata,216.25872620104082
5230,2003,11,2003-11-01T00:00:00,Zambia,Chipata,31.7130053046141
5231,2003,12,2003-12-01T00:00:00,Zambia,Chipata,259.35636450177617
5232,2004,1,2004-01-01T00:00:00,Zambia,Chipata,208.59014176959352
5233,2004,2,2004-02-01T00:00:00,Zambia,Chipata,184.67160183692474
5234,2004,3,2004-03-01T00:00:00,Zambia,Chipata,135.39246496728094
5242,2004,11,2004-11-01T00:00:00,Zambia,Chipata,117.72641045409948
5243,2004,12,2004-12-01T00:00:00,Zambia,Chipata,344.9952547638892
5244,2005,1,2005-01-01T00:00:00,Zambia,Chipata,271.5860723488193
5245,2005,2,2005-02-01T00:00:00,Zambia,Chipata,137.8407826226508
5246,2005,3,2005-03-01T00:00:00,Zambia,Chipata,36.82983204649917
5254,2005,11,2005-11-01T00:00:00,Zambia,Chipata,90.10481217448361
5255,2005,12,2005-12-01T00:00:00,Zambia,Chipata,152.96999474136507
5256,2006,1,2006-01-01T00:00:00,Zambia,Chipata,309.8952675916208
5257,2006,2,2006-02-01T00:00:00,Zambia,Chipata,162.19230367481032
5258,2006,3,2006-03-01T00:00:00,Zambia,Chipata,238.9091284093739
5266,2006,11,2006-11-01T00:00:00,Zambia,Chipata,116.75390325203952
5267,2006,12,2006-12-01T00:00:00,Zambia,Chipata,264.1394304226147
5268,2007,1,2007-01-01T00:00:00,Zambia,Chipata,460.4431915605389
5269,2007,2,2007-02-01T00:00:00,Zambia,Chipata,265.4491043751251
5270,2007,3,2007-03-01T00:00:00,Zambia,Chipata,109.02791233975529
5278,2007,11,2007-11-01T00:00:00,Zambia,Chipata,58.72181106047804
5279,2007,12,2007-12-01T00:00:00,Zambia,Chipata,271.2838974068894
5280,2008,1,2008-01-01T00:00:00,Zambia,Chipata,303.05612239199274
5281,2008,2,2008-02-01T00:00:00,Zambia,Chipata,194.15844955128296
5282,2008,3,2008-03-01T00:00:00,Zambia,Chipata,96.85900518237138
5290,2008,11,2008-11-01T00:00:00,Zambia,Chipata,51.99906552291075
5291,2008,12,2008-12-01T00:00:00,Zambia,Chipata,243.18306690372984
5292,2009,1,2009-01-01T00:00:00,Zambia,Chipata,162.9900824550996
5293,2009,2,2009-02-01T00:00:00,Zambia,Chipata,159.56592884999827
5294,2009,3,2009-03-01T00:00:00,Zambia,Chipata,204.64207516749056
5302,2009,11,2009-11-01T00:00:00,Zambia,Chipata,164.14968722770885
5303,2009,12,2009-12-01T00:00:00,Zambia,Chipata,384.4532319362153
5304,2010,1,2010-01-01T00:00:00,Zambia,Chipata,192.6550559630966
5305,2010,2,2010-02-01T00:00:00,Zambia,Chipata,357.8782557514133
5306,2010,3,2010-03-01T00:00:00,Zambia,Chipata,171.39983792742788
5314,2010,11,2010-11-01T00:00:00,Zambia,Chipata,46.52539585622744
5315,2010,12,2010-12-01T00:00:00,Zambia,Chipata,321.7395221420217
5316,2011,1,2011-01-01T00:00:00,Zambia,Chipata,322.6248909866398
5317,2011,2,2011-02-01T00:00:00,Zambia,Chipata,140.83508314713703
5318,2011,3,2011-03-01T00:00:00,Zambia,Chipata,123.22531647895167
5326,2011,11,2011-11-01T00:00:00,Zambia,Chipata,64.39377256145116
5327,2011,12,2011-12-01T00:00:00,Zambia,Chipata,164.11400573883682
5328,2012,1,2012-01-01T00:00:00,Zambia,Chipata,363.57038368962276
5329,2012,2,2012-02-01T00:00:00,Zambia,Chipata,229.44327662604144
5330,2012,3,2012-03-01T00:00:00,Zambia,Chipata,181.50901392883603
5338,2012,11,2012-11-01T00:00:00,Zambia,Chipata,57.37767045642407
5339,2012,12,2012-12-01T00:00:00,Zambia,Chipata,226.7148899722257
5340,2013,1,2013-01-01T00:00:00,Zambia,Chipata,229.1240301595606
5341,2013,2,2013-02-01T00:00:00,Zambia,Chipata,158.13510780062467
5342,2013,3,2013-03-01T00:00:00,Zambia,Chipata,85.95500094154711
5350,2013,11,2013-11-01T00:00:00,Zambia,Chipata,47.97257710382834
5351,2013,12,2013-12-01T00:00:00,Zambia,Chipata,226.24242097340218
5352,2014,1,2014-01-01T00:00:00,Zambia,Chipata,228.66696571217602
5353,2014,2,2014-02-01T00:00:00,Zambia,Chipata,205.17444882357725
5354,2014,3,2014-03-01T00:00:00,Zambia,Chipata,98.17076074771933
5362,2014,11,2014-11-01T00:00:00,Zambia,Chipata,19.086087174276813
5363,2014,12,2014-12-01T00:00:00,Zambia,Chipata,148.2768636023893
5364,2015,1,2015-01-01T00:00:00,Zambia,Chipata,225.4175315089738
5365,2015,2,2015-02-01T00:00:00,Zambia,Chipata,186.36576638803498
5366,2015,3,2015-03-01T00:00:00,Zambia,Chipata,73.7819286314961
5374,2015,11,2015-11-01T00:00:00,Zambia,Chipata,55.76118183716999
5375,2015,12,2015-12-01T00:00:00,Zambia,Chipata,180.1107742879036
5376,2016,1,2016-01-01T00:00:00,Zambia,Chipata,177.24734552159157
5377,2016,2,2016-02-01T00:00:00,Zambia,Chipata,160.64539765246568
5378,2016,3,2016-03-01T00:00:00,Zambia,Chipata,193.63829624326644
5386,2016,11,2016-11-01T00:00:00,Zambia,Chipata,119.0992630500557
5387,2016,12,2016-12-01T00:00:00,Zambia,Chipata,173.04851269112478
5388,2017,1,2017-01-01T00:00:00,Zambia,Chipata,308.3315286299477
5389,2017,2,2017-02-01T00:00:00,Zambia,Chipata,297.24359097883047
5390,2017,3,2017-03-01T00:00:00,Zambia,Chipata,80.36339295648536
5398,2017,11,2017-11-01T00:00:00,Zambia,Chipata,161.90944950632965
5399,2017,12,2017-12-01T00:00:00,Zambia,Chipata,259.95923573183467
5400,2018,1,2018-01-01T00:00:00,Zambia,Chipata,136.1381536331295
5401,2018,2,2018-02-01T00:00:00,Zambia,Chipata,224.40554290377364
5402,2018,3,2018-03-01T00:00:00,Zambia,Chipata,215.05403208379184
5410,2018,11,2018-11-01T00:00:00,Zambia,Chipata,68.73373995394313
5411,2018,12,2018-12-01T00:00:00,Zambia,Chipata,269.12549787254164
5412,2019,1,2019-01-01T00:00:00,Zambia,Chipata,269.3753375753803
5413,2019,2,2019-02-01T00:00:00,Zambia,Chipata,224.40635930356464
5414,2019,3,2019-03-01T00:00:00,Zambia,Chipata,107.26687843969638
5422,2019,11,2019-11-01T00:00:00,Zambia,Chipata,66.73982244115399
5423,2019,12,2019-12-01T00:00:00,Zambia,Chipata,159.93489488140946
5424,2020,1,2020-01-01T00:00:00,Zambia,Chipata,232.60915569018977
5425,2020,2,2020-02-01T00:00:00,Zambia,Chipata,214.5097851718374
5426,2020,3,2020-03-01T00:00:00,Zambia,Chipata,58.04964584734905
5434,2020,11,2020-11-01T00:00:00,Zambia,Chipata,19.160279605391413
5435,2020,12,2020-12-01T00:00:00,Zambia,Chipata,265.9804836255097
5436,2021,1,2021-01-01T00:00:00,Zambia,Chipata,310.6206602532796
5437,2021,2,2021-02-01T00:00:00,Zambia,Chipata,277.8734525967976
5438,2021,3,2021-03-01T00:00:00,Zambia,Chipata,255.36776374211075
5446,2021,11,2021-11-01T00:00:00,Zambia,Chipata,48.727880673328954
5447,2021,12,2021-12-01T00:00:00,Zambia,Chipata,88.20813767398383
5448,2022,1,2022-01-01T00:00:00,Zambia,Chipata,331.3451104427725
5449,2022,2,2022-02-01T00:00:00,Zambia,Chipata,260.0246045230182
5450,2022,3,2022-03-01T00:00:00,Zambia,Chipata,111.59674642948112
5458,2022,11,2022-11-01T00:00:00,Zambia,Chipata,80.14720939874924
5459,2022,12,2022-12-01T00:00:00,Zambia,Chipata,254.05377302380367
5460,2023,1,2023-01-01T00:00:00,Zambia,Chipata,342.9079132297274
5461,2023,2,2023-02-01T00:00:00,Zambia,Chipata,227.6271594771109
5462,2023,3,2023-03-01T00:00:00,Zambia,Chipata,176.46300933806071
5470,2023,11,2023-11-01T00:00:00,Zambia,Chipata,38.31713160102571
5471,2023,12,2023-12-01T00:00:00,Zambia,Chipata,140.49049897860405
5472,2000,1,2000-01-01T00:00:00,Zambia,Katete,198.08881915464227
5473,2000,2,2000-02-01T00:00:00,Zambia,Katete,210.2568793923931
5474,2000,3,2000-03-01T00:00:00,Zambia,Katete,209.47310413705785
5482,2000,11,2000-11-01T00:00:00,Zambia,Katete,102.61069006543725
5483,2000,12,2000-12-01T00:00:00,Zambia,Katete,147.50581655759692
5484,2001,1,2001-01-01T00:00:00,Zambia,Katete,260.656086098669
5485,2001,2,2001-02-01T00:00:00,Zambia,Katete,283.6961556986235
5486,2001,3,2001-03-01T00:00:00,Zambia,Katete,172.66029541966648
5494,2001,11,2001-11-01T00:00:00,Zambia,Katete,58.410507582296816
5495,2001,12,2001-12-01T00:00:00,Zambia,Katete,224.9384253466004
5496,2002,1,2002-01-01T00:00:00,Zambia,Katete,272.854162280382
5497,2002,2,2002-02-01T00:00:00,Zambia,Katete,129.8045408942014
5498,2002,3,2002-03-01T00:00:00,Zambia,Katete,71.47876903160157
5506,2002,11,2002-11-01T00:00:00,Zambia,Katete,35.16951993202763
5507,2002,12,2002-12-01T00:00:00,Zambia,Katete,225.70333256686413
5508,2003,1,2003-01-01T00:00:00,Zambia,Katete,232.60027400400853
5509,2003,2,2003-02-01T00:00:00,Zambia,Katete,186.62344000986806
5510,2003,3,2003-03-01T00:00:00,Zambia,Katete,181.90921927544858
5518,2003,11,2003-11-01T00:00:00,Zambia,Katete,28.350437986294303
5519,2003,12,2003-12-01T00:00:00,Zambia,Katete,226.09095214507408
5520,2004,1,2004-01-01T00:00:00,Zambia,Katete,205.37771835964088
5521,2004,2,2004-02-01T00:00:00,Zambia,Katete,166.31510986847002
5522,2004,3,2004-03-01T00:00:00,Zambia,Katete,162.617903782697
5530,2004,11,2004-11-01T00:00:00,Zambia,Katete,98.47847125806301
5531,2004,12,2004-12-01T00:00:00,Zambia,Katete,290.0587449470226
5532,2005,1,2005-01-01T00:00:00,Zambia,Katete,265.9244222154491
5533,2005,2,2005-02-01T00:00:00,Zambia,Katete,130.84842517941578
5534,2005,3,2005-03-01T00:00:00,Zambia,Katete,22.075883597399386
5542,2005,11,2005-11-01T00:00:00,Zambia,Katete,65.68441489685888
5543,2005,12,2005-12-01T00:00:00,Zambia,Katete,154.10667737356474
5544,2006,1,2006-01-01T00:00:00,Zambia,Katete,328.53823425555
5545,2006,2,2006-02-01T00:00:00,Zambia,Katete,205.75697222013642
5546,2006,3,2006-03-01T00:00:00,Zambia,Katete,201.7206800941017
5554,2006,11,2006-11-01T00:00:00,Zambia,Katete,103.88769736283217
5555,2006,12,2006-12-01T00:00:00,Zambia,Katete,203.19042498181136
5556,2007,1,2007-01-01T00:00:00,Zambia,Katete,392.8080754987725
5557,2007,2,2007-02-01T00:00:00,Zambia,Katete,246.9407391250011
5558,2007,3,2007-03-01T00:00:00,Zambia,Katete,112.0811440814103
5566,2007,11,2007-11-01T00:00:00,Zambia,Katete,64.51923711224984
5567,2007,12,2007-12-01T00:00:00,Zambia,Katete,275.08414573401416
5568,2008,1,2008-01-01T00:00:00,Zambia,Katete,339.3607127030441
5569,2008,2,2008-02-01T00:00:00,Zambia,Katete,158.31823249831157
5570,2008,3,2008-03-01T00:00:00,Zambia,Katete,91.34717778077157
5578,2008,11,2008-11-01T00:00:00,Zambia,Katete,49.712406832939486
5579,2008,12,2008-12-01T00:00:00,Zambia,Katete,210.44782894221018
5580,2009,1,2009-01-01T00:00:00,Zambia,Katete,190.22874471280002
5581,2009,2,2009-02-01T00:00:00,Zambia,Katete,194.86770766191754
5582,2009,3,2009-03-01T00:00:00,Zambia,Katete,151.07267132622098
5590,2009,11,2009-11-01T00:00:00,Zambia,Katete,157.11092717080192
5591,2009,12,2009-12-01T00:00:00,Zambia,Katete,334.0317317660015
5592,2010,1,2010-01-01T00:00:00,Zambia,Katete,164.25451850010012
5593,2010,2,2010-02-01T00:00:00,Zambia,Katete,424.575326251489
5594,2010,3,2010-03-01T00:00:00,Zambia,Katete,120.50429119643938
5602,2010,11,2010-11-01T00:00:00,Zambia,Katete,59.690895742821375
5603,2010,12,2010-12-01T00:00:00,Zambia,Katete,319.7572923452944
5604,2011,1,2011-01-01T00:00:00,Zambia,Katete,372.38106541408155
5605,2011,2,2011-02-01T00:00:00,Zambia,Katete,99.2990067784396
5606,2011,3,2011-03-01T00:00:00,Zambia,Katete,104.82542672517894
5614,2011,11,2011-11-01T00:00:00,Zambia,Katete,68.20052845113143
5615,2011,12,2011-12-01T00:00:00,Zambia,Katete,168.17560143547254
5616,2012,1,2012-01-01T00:00:00,Zambia,Katete,313.88396664700986
5617,2012,2,2012-02-01T00:00:00,Zambia,Katete,220.76370346338257
5618,2012,3,2012-03-01T00:00:00,Zambia,Katete,147.64689561160247
5626,2012,11,2012-11-01T00:00:00,Zambia,Katete,48.18801392921708
5627,2012,12,2012-12-01T00:00:00,Zambia,Katete,205.4554116174893
5628,2013,1,2013-01-01T00:00:00,Zambia,Katete,243.96827444317623
5629,2013,2,2013-02-01T00:00:00,Zambia,Katete,157.1210086879677
5630,2013,3,2013-03-01T00:00:00,Zambia,Katete,64.55510173656582
5638,2013,11,2013-11-01T00:00:00,Zambia,Katete,46.457006010481805
5639,2013,12,2013-12-01T00:00:00,Zambia,Katete,207.26735530593194
5640,2014,1,2014-01-01T00:00:00,Zambia,Katete,249.99473861888276
5641,2014,2,2014-02-01T00:00:00,Zambia,Katete,194.51912948138283
5642,2014,3,2014-03-01T00:00:00,Zambia,Katete,108.58045344846178
5650,2014,11,2014-11-01T00:00:00,Zambia,Katete,9.429551368199103
5651,2014,12,2014-12-01T00:00:00,Zambia,Katete,174.36148357506374
5652,2015,1,2015-01-01T00:00:00,Zambia,Katete,359.8008222550682
5653,2015,2,2015-02-01T00:00:00,Zambia,Katete,190.70892974113667
5654,2015,3,2015-03-01T00:00:00,Zambia,Katete,60.83181337517144
5662,2015,11,2015-11-01T00:00:00,Zambia,Katete,59.748871525678894
5663,2015,12,2015-12-01T00:00:00,Zambia,Katete,172.42428333078064
5664,2016,1,2016-01-01T00:00:00,Zambia,Katete,172.64943098705015
5665,2016,2,2016-02-01T00:00:00,Zambia,Katete,130.81914451031705
5666,2016,3,2016-03-01T00:00:00,Zambia,Katete,153.7224038547147
5674,2016,11,2016-11-01T00:00:00,Zambia,Katete,136.33994582267889
5675,2016,12,2016-12-01T00:00:00,Zambia,Katete,202.51738958344964
5676,2017,1,2017-01-01T00:00:00,Zambia,Katete,363.6476786146114
5677,2017,2,2017-02-01T00:00:00,Zambia,Katete,329.9820990073984
5678,2017,3,2017-03-01T00:00:00,Zambia,Katete,93.43766777219508
5686,2017,11,2017-11-01T00:00:00,Zambia,Katete,163.57158938813237
5687,2017,12,2017-12-01T00:00:00,Zambia,Katete,187.45178649595454
5688,2018,1,2018-01-01T00:00:00,Zambia,Katete,97.08191793800881
5689,2018,2,2018-02-01T00:00:00,Zambia,Katete,255.85587131765712
5690,2018,3,2018-03-01T00:00:00,Zambia,Katete,153.65165299999452
5698,2018,11,2018-11-01T00:00:00,Zambia,Katete,83.16714293614412
5699,2018,12,2018-12-01T00:00:00,Zambia,Katete,235.3661150486963
5700,2019,1,2019-01-01T00:00:00,Zambia,Katete,271.6599305863693
5701,2019,2,2019-02-01T00:00:00,Zambia,Katete,187.4512966856423
5702,2019,3,2019-03-01T00:00:00,Zambia,Katete,65.87744714185015
5710,2019,11,2019-11-01T00:00:00,Zambia,Katete,85.57275123468312
5711,2019,12,2019-12-01T00:00:00,Zambia,Katete,115.42161206395932
5712,2020,1,2020-01-01T00:00:00,Zambia,Katete,225.19734992441485
5713,2020,2,2020-02-01T00:00:00,Zambia,Katete,213.53719709591553
5714,2020,3,2020-03-01T00:00:00,Zambia,Katete,36.01659765722035
5722,2020,11,2020-11-01T00:00:00,Zambia,Katete,26.66111444034848
5723,2020,12,2020-12-01T00:00:00,Zambia,Katete,265.6440793186544
5724,2021,1,2021-01-01T00:00:00,Zambia,Katete,297.0467704959577
5725,2021,2,2021-02-01T00:00:00,Zambia,Katete,270.7483439437902
5726,2021,3,2021-03-01T00:00:00,Zambia,Katete,165.8481791932338
5734,2021,11,2021-11-01T00:00:00,Zambia,Katete,80.91519729501589
5735,2021,12,2021-12-01T00:00:00,Zambia,Katete,103.24260190368601
5736,2022,1,2022-01-01T00:00:00,Zambia,Katete,367.4658990271286
5737,2022,2,2022-02-01T00:00:00,Zambia,Katete,198.54921909923965
5738,2022,3,2022-03-01T00:00:00,Zambia,Katete,58.266412918847415
5746,2022,11,2022-11-01T00:00:00,Zambia,Katete,116.40760023848969
5747,2022,12,2022-12-01T00:00:00,Zambia,Katete,184.37424794719755
5748,2023,1,2023-01-01T00:00:00,Zambia,Katete,361.7627701849
5749,2023,2,2023-02-01T00:00:00,Zambia,Katete,236.6670291673401
5750,2023,3,2023-03-01T00:00:00,Zambia,Katete,135.37739205854723
5758,2023,11,2023-11-01T00:00:00,Zambia,Katete,30.18802356955342
5759,2023,12,2023-12-01T00:00:00,Zambia,Katete,159.1540787391561
5760,2000,1,2000-01-01T00:00:00,Zambia,Lundazi,208.15760017792712
5761,2000,2,2000-02-01T00:00:00,Zambia,Lundazi,162.25790595993274
5762,2000,3,2000-03-01T00:00:00,Zambia,Lundazi,142.43735980153437
5770,2000,11,2000-11-01T00:00:00,Zambia,Lundazi,140.3471321459143
5771,2000,12,2000-12-01T00:00:00,Zambia,Lundazi,180.4894259643785
5772,2001,1,2001-01-01T00:00:00,Zambia,Lundazi,319.0978801657319
5773,2001,2,2001-02-01T00:00:00,Zambia,Lundazi,189.1189179414104
5774,2001,3,2001-03-01T00:00:00,Zambia,Lundazi,200.5873000155871
5782,2001,11,2001-11-01T00:00:00,Zambia,Lundazi,41.46910497138137
5783,2001,12,2001-12-01T00:00:00,Zambia,Lundazi,161.20183242346044
5784,2002,1,2002-01-01T00:00:00,Zambia,Lundazi,290.3625191408302
5785,2002,2,2002-02-01T00:00:00,Zambia,Lundazi,169.19108077670745
5786,2002,3,2002-03-01T00:00:00,Zambia,Lundazi,146.92775006256076
5794,2002,11,2002-11-01T00:00:00,Zambia,Lundazi,56.98466413635206
5795,2002,12,2002-12-01T00:00:00,Zambia,Lundazi,224.36983958620732
5796,2003,1,2003-01-01T00:00:00,Zambia,Lundazi,222.48206222946277
5797,2003,2,2003-02-01T00:00:00,Zambia,Lundazi,233.2848793530344
5798,2003,3,2003-03-01T00:00:00,Zambia,Lundazi,211.51763493863416
5806,2003,11,2003-11-01T00:00:00,Zambia,Lundazi,39.513083067256
5807,2003,12,2003-12-01T00:00:00,Zambia,Lundazi,221.54089889873111
5808,2004,1,2004-01-01T00:00:00,Zambia,Lundazi,235.48381623115935
5809,2004,2,2004-02-01T00:00:00,Zambia,Lundazi,173.27544829218297
5810,2004,3,2004-03-01T00:00:00,Zambia,Lundazi,133.22562275338555
5818,2004,11,2004-11-01T00:00:00,Zambia,Lundazi,135.97116925220345
5819,2004,12,2004-12-01T00:00:00,Zambia,Lundazi,307.3084904101763
5820,2005,1,2005-01-01T00:00:00,Zambia,Lundazi,272.0272011450412
5821,2005,2,2005-02-01T00:00:00,Zambia,Lundazi,168.93450578525648
5822,2005,3,2005-03-01T00:00:00,Zambia,Lundazi,51.043191599219284
5830,2005,11,2005-11-01T00:00:00,Zambia,Lundazi,82.54221587953558
5831,2005,12,2005-12-01T00:00:00,Zambia,Lundazi,117.25543670514452
5832,2006,1,2006-01-01T00:00:00,Zambia,Lundazi,257.9929339181915
5833,2006,2,2006-02-01T00:00:00,Zambia,Lundazi,180.56451593321106
5834,2006,3,2006-03-01T00:00:00,Zambia,Lundazi,213.16234368136037
5842,2006,11,2006-11-01T00:00:00,Zambia,Lundazi,107.691051841218
5843,2006,12,2006-12-01T00:00:00,Zambia,Lundazi,244.0618895314423
5844,2007,1,2007-01-01T00:00:00,Zambia,Lundazi,436.4261907573497
5845,2007,2,2007-02-01T00:00:00,Zambia,Lundazi,259.014708478062
5846,2007,3,2007-03-01T00:00:00,Zambia,Lundazi,117.91400306955991
5854,2007,11,2007-11-01T00:00:00,Zambia,Lundazi,47.379746361583116
5855,2007,12,2007-12-01T00:00:00,Zambia,Lundazi,222.36082330006704
5856,2008,1,2008-01-01T00:00:00,Zambia,Lundazi,284.58171144204374
5857,2008,2,2008-02-01T00:00:00,Zambia,Lundazi,203.29764949502538
5858,2008,3,2008-03-01T00:00:00,Zambia,Lundazi,100.81018431015663
5866,2008,11,2008-11-01T00:00:00,Zambia,Lundazi,51.4767301512258
5867,2008,12,2008-12-01T00:00:00,Zambia,Lundazi,174.06459940564082
5868,2009,1,2009-01-01T00:00:00,Zambia,Lundazi,183.67976586074096
5869,2009,2,2009-02-01T00:00:00,Zambia,Lundazi,182.43906022871334
5870,2009,3,2009-03-01T00:00:00,Zambia,Lundazi,192.76365109603717
5878,2009,11,2009-11-01T00:00:00,Zambia,Lundazi,138.6667050176519
5879,2009,12,2009-12-01T00:00:00,Zambia,Lundazi,278.81546615895377
5880,2010,1,2010-01-01T00:00:00,Zambia,Lundazi,235.38899848325698
5881,2010,2,2010-02-01T00:00:00,Zambia,Lundazi,318.28903991628135
5882,2010,3,2010-03-01T00:00:00,Zambia,Lundazi,194.23548566473212
5890,2010,11,2010-11-01T00:00:00,Zambia,Lundazi,42.03186054035332
5891,2010,12,2010-12-01T00:00:00,Zambia,Lundazi,224.5177921158779
5892,2011,1,2011-01-01T00:00:00,Zambia,Lundazi,274.01851805191313
5893,2011,2,2011-02-01T00:00:00,Zambia,Lundazi,171.40249454303924
5894,2011,3,2011-03-01T00:00:00,Zambia,Lundazi,149.87727281020867
5902,2011,11,2011-11-01T00:00:00,Zambia,Lundazi,63.57779729874433
5903,2011,12,2011-12-01T00:00:00,Zambia,Lundazi,127.93140892072113
5904,2012,1,2012-01-01T00:00:00,Zambia,Lundazi,369.7724408286632
5905,2012,2,2012-02-01T00:00:00,Zambia,Lundazi,210.86192195391507
5906,2012,3,2012-03-01T00:00:00,Zambia,Lundazi,187.95060189255705
5914,2012,11,2012-11-01T00:00:00,Zambia,Lundazi,66.80080458637542
5915,2012,12,2012-12-01T00:00:00,Zambia,Lundazi,187.409459757744
5916,2013,1,2013-01-01T00:00:00,Zambia,Lundazi,244.3756301562268
5917,2013,2,2013-02-01T00:00:00,Zambia,Lundazi,184.58146771247777
5918,2013,3,2013-03-01T00:00:00,Zambia,Lundazi,122.95034803749908
5926,2013,11,2013-11-01T00:00:00,Zambia,Lundazi,57.66431715843804
5927,2013,12,2013-12-01T00:00:00,Zambia,Lundazi,201.1404911556962
5928,2014,1,2014-01-01T00:00:00,Zambia,Lundazi,239.4244821155905
5929,2014,2,2014-02-01T00:00:00,Zambia,Lundazi,221.7246823079527
5930,2014,3,2014-03-01T00:00:00,Zambia,Lundazi,101.35951736319261
5938,2014,11,2014-11-01T00:00:00,Zambia,Lundazi,26.758609515479222
5939,2014,12,2014-12-01T00:00:00,Zambia,Lundazi,105.70107824382941
5940,2015,1,2015-01-01T00:00:00,Zambia,Lundazi,210.22752416452266
5941,2015,2,2015-02-01T00:00:00,Zambia,Lundazi,196.27356365930342
5942,2015,3,2015-03-01T00:00:00,Zambia,Lundazi,89.13557193287205
5950,2015,11,2015-11-01T00:00:00,Zambia,Lundazi,53.38621634110642
5951,2015,12,2015-12-01T00:00:00,Zambia,Lundazi,159.60788062419135
5952,2016,1,2016-01-01T00:00:00,Zambia,Lundazi,220.7289246694145
5953,2016,2,2016-02-01T00:00:00,Zambia,Lundazi,142.59565730470374
5954,2016,3,2016-03-01T00:00:00,Zambia,Lundazi,206.46988667243755
5962,2016,11,2016-11-01T00:00:00,Zambia,Lundazi,76.42399951729638
5963,2016,12,2016-12-01T00:00:00,Zambia,Lundazi,132.17035592366102
5964,2017,1,2017-01-01T00:00:00,Zambia,Lundazi,275.2334697951437
5965,2017,2,2017-02-01T00:00:00,Zambia,Lundazi,296.7355727368685
5966,2017,3,2017-03-01T00:00:00,Zambia,Lundazi,91.27276319885563
5974,2017,11,2017-11-01T00:00:00,Zambia,Lundazi,160.2845966833936
5975,2017,12,2017-12-01T00:00:00,Zambia,Lundazi,247.62957275073745
5976,2018,1,2018-01-01T00:00:00,Zambia,Lundazi,165.20297246376904
5977,2018,2,2018-02-01T00:00:00,Zambia,Lundazi,215.5393947378776
5978,2018,3,2018-03-01T00:00:00,Zambia,Lundazi,170.13066498142837
5986,2018,11,2018-11-01T00:00:00,Zambia,Lundazi,58.84332177763237
5987,2018,12,2018-12-01T00:00:00,Zambia,Lundazi,244.0245347563253
5988,2019,1,2019-01-01T00:00:00,Zambia,Lundazi,277.83334107738324
5989,2019,2,2019-02-01T00:00:00,Zambia,Lundazi,247.1128711739144
5990,2019,3,2019-03-01T00:00:00,Zambia,Lundazi,162.35564352160023
5998,2019,11,2019-11-01T00:00:00,Zambia,Lundazi,74.68948506322563
5999,2019,12,2019-12-01T00:00:00,Zambia,Lundazi,179.0572642705492
6000,2020,1,2020-01-01T00:00:00,Zambia,Lundazi,243.89664378895333
6001,2020,2,2020-02-01T00:00:00,Zambia,Lundazi,220.84307652940223
6002,2020,3,2020-03-01T00:00:00,Zambia,Lundazi,79.97963008411074
6010,2020,11,2020-11-01T00:00:00,Zambia,Lundazi,17.60553586102048
6011,2020,12,2020-12-01T00:00:00,Zambia,Lundazi,211.866301456532
6012,2021,1,2021-01-01T00:00:00,Zambia,Lundazi,293.360363711707
6013,2021,2,2021-02-01T00:00:00,Zambia,Lundazi,289.56436927871715
6014,2021,3,2021-03-01T00:00:00,Zambia,Lundazi,235.13444092606602
6022,2021,11,2021-11-01T00:00:00,Zambia,Lundazi,42.07253918842677
6023,2021,12,2021-12-01T00:00:00,Zambia,Lundazi,66.50523917663365
6024,2022,1,2022-01-01T00:00:00,Zambia,Lundazi,281.60955138374885
6025,2022,2,2022-02-01T00:00:00,Zambia,Lundazi,279.45921339791255
6026,2022,3,2022-03-01T00:00:00,Zambia,Lundazi,145.27967167062693
6034,2022,11,2022-11-01T00:00:00,Zambia,Lundazi,67.11383162846005
6035,2022,12,2022-12-01T00:00:00,Zambia,Lundazi,257.6435235617392
6036,2023,1,2023-01-01T00:00:00,Zambia,Lundazi,283.9643597741848
6037,2023,2,2023-02-01T00:00:00,Zambia,Lundazi,215.2953611470673
6038,2023,3,2023-03-01T00:00:00,Zambia,Lundazi,176.23467085718204
6046,2023,11,2023-11-01T00:00:00,Zambia,Lundazi,53.02647462477175
6047,2023,12,2023-12-01T00:00:00,Zambia,Lundazi,135.78517543634163
6048,2000,1,2000-01-01T00:00:00,Zambia,Mambwe,203.6617249671329
6049,2000,2,2000-02-01T00:00:00,Zambia,Mambwe,190.7087060189557
6050,2000,3,2000-03-01T00:00:00,Zambia,Mambwe,154.86480805415968
6058,2000,11,2000-11-01T00:00:00,Zambia,Mambwe,113.78344894140876
6059,2000,12,2000-12-01T00:00:00,Zambia,Mambwe,160.06235034633164
6060,2001,1,2001-01-01T00:00:00,Zambia,Mambwe,280.2927299017156
6061,2001,2,2001-02-01T00:00:00,Zambia,Mambwe,193.28156978542313
6062,2001,3,2001-03-01T00:00:00,Zambia,Mambwe,194.2988414802374
6070,2001,11,2001-11-01T00:00:00,Zambia,Mambwe,51.42650282274454
6071,2001,12,2001-12-01T00:00:00,Zambia,Mambwe,178.67764724024474
6072,2002,1,2002-01-01T00:00:00,Zambia,Mambwe,301.97033273404924
6073,2002,2,2002-02-01T00:00:00,Zambia,Mambwe,144.0650954778261
6074,2002,3,2002-03-01T00:00:00,Zambia,Mambwe,92.65368624248781
6082,2002,11,2002-11-01T00:00:00,Zambia,Mambwe,49.011121930151845
6083,2002,12,2002-12-01T00:00:00,Zambia,Mambwe,244.88436328907798
6084,2003,1,2003-01-01T00:00:00,Zambia,Mambwe,214.49767734598092
6085,2003,2,2003-02-01T00:00:00,Zambia,Mambwe,199.77799397989165
6086,2003,3,2003-03-01T00:00:00,Zambia,Mambwe,173.60097087492542
6094,2003,11,2003-11-01T00:00:00,Zambia,Mambwe,43.517753826791484
6095,2003,12,2003-12-01T00:00:00,Zambia,Mambwe,216.4530158339992
6096,2004,1,2004-01-01T00:00:00,Zambia,Mambwe,237.2083457141811
6097,2004,2,2004-02-01T00:00:00,Zambia,Mambwe,176.89249451570265
6098,2004,3,2004-03-01T00:00:00,Zambia,Mambwe,146.60175813343977
6106,2004,11,2004-11-01T00:00:00,Zambia,Mambwe,115.38352553350587
6107,2004,12,2004-12-01T00:00:00,Zambia,Mambwe,271.86433946644195
6108,2005,1,2005-01-01T00:00:00,Zambia,Mambwe,299.3427240109784
6109,2005,2,2005-02-01T00:00:00,Zambia,Mambwe,122.82679315325392
6110,2005,3,2005-03-01T00:00:00,Zambia,Mambwe,42.94254777645465
6118,2005,11,2005-11-01T00:00:00,Zambia,Mambwe,86.53484022048389
6119,2005,12,2005-12-01T00:00:00,Zambia,Mambwe,124.00446001162467
6120,2006,1,2006-01-01T00:00:00,Zambia,Mambwe,309.4465686694566
6121,2006,2,2006-02-01T00:00:00,Zambia,Mambwe,182.74988517015572
6122,2006,3,2006-03-01T00:00:00,Zambia,Mambwe,219.0541819143337
6130,2006,11,2006-11-01T00:00:00,Zambia,Mambwe,131.26720231961414
6131,2006,12,2006-12-01T00:00:00,Zambia,Mambwe,228.45715438394296
6132,2007,1,2007-01-01T00:00:00,Zambia,Mambwe,463.7086184174567
6133,2007,2,2007-02-01T00:00:00,Zambia,Mambwe,258.2662170162483
6134,2007,3,2007-03-01T00:00:00,Zambia,Mambwe,130.50233232466954
6142,2007,11,2007-11-01T00:00:00,Zambia,Mambwe,79.10512055966551
6143,2007,12,2007-12-01T00:00:00,Zambia,Mambwe,233.77221631438113
6144,2008,1,2008-01-01T00:00:00,Zambia,Mambwe,308.7166137477676
6145,2008,2,2008-02-01T00:00:00,Zambia,Mambwe,194.98072734275894
6146,2008,3,2008-03-01T00:00:00,Zambia,Mambwe,101.49173420509892
6154,2008,11,2008-11-01T00:00:00,Zambia,Mambwe,68.70507395180753
6155,2008,12,2008-12-01T00:00:00,Zambia,Mambwe,222.62066951499753
6156,2009,1,2009-01-01T00:00:00,Zambia,Mambwe,166.47264947152644
6157,2009,2,2009-02-01T00:00:00,Zambia,Mambwe,177.48583695148847
6158,2009,3,2009-03-01T00:00:00,Zambia,Mambwe,203.45310569983664
6166,2009,11,2009-11-01T00:00:00,Zambia,Mambwe,158.2959034874631
6167,2009,12,2009-12-01T00:00:00,Zambia,Mambwe,309.70603169384356
6168,2010,1,2010-01-01T00:00:00,Zambia,Mambwe,184.28660419238568
6169,2010,2,2010-02-01T00:00:00,Zambia,Mambwe,363.4564123075898
6170,2010,3,2010-03-01T00:00:00,Zambia,Mambwe,159.70639874043135
6178,2010,11,2010-11-01T00:00:00,Zambia,Mambwe,48.516244080097124
6179,2010,12,2010-12-01T00:00:00,Zambia,Mambwe,300.7395286255343
6180,2011,1,2011-01-01T00:00:00,Zambia,Mambwe,306.6732459829802
6181,2011,2,2011-02-01T00:00:00,Zambia,Mambwe,112.5160313054482
6182,2011,3,2011-03-01T00:00:00,Zambia,Mambwe,130.73007751327214
6190,2011,11,2011-11-01T00:00:00,Zambia,Mambwe,81.9102942246735
6191,2011,12,2011-12-01T00:00:00,Zambia,Mambwe,152.93761784436623
6192,2012,1,2012-01-01T00:00:00,Zambia,Mambwe,312.52310391763444
6193,2012,2,2012-02-01T00:00:00,Zambia,Mambwe,204.40210978377064
6194,2012,3,2012-03-01T00:00:00,Zambia,Mambwe,141.6964788660849
6202,2012,11,2012-11-01T00:00:00,Zambia,Mambwe,66.6025413317938
6203,2012,12,2012-12-01T00:00:00,Zambia,Mambwe,200.11455594794836
6204,2013,1,2013-01-01T00:00:00,Zambia,Mambwe,225.96544487275798
6205,2013,2,2013-02-01T00:00:00,Zambia,Mambwe,145.94548506031805
6206,2013,3,2013-03-01T00:00:00,Zambia,Mambwe,81.9072810490591
6214,2013,11,2013-11-01T00:00:00,Zambia,Mambwe,61.133212830809875
6215,2013,12,2013-12-01T00:00:00,Zambia,Mambwe,201.086472912472
6216,2014,1,2014-01-01T00:00:00,Zambia,Mambwe,207.30961689102773
6217,2014,2,2014-02-01T00:00:00,Zambia,Mambwe,181.8376126400154
6218,2014,3,2014-03-01T00:00:00,Zambia,Mambwe,98.27571223126783
6226,2014,11,2014-11-01T00:00:00,Zambia,Mambwe,16.007669431872472
6227,2014,12,2014-12-01T00:00:00,Zambia,Mambwe,118.90381533791859
6228,2015,1,2015-01-01T00:00:00,Zambia,Mambwe,237.1412062673715
6229,2015,2,2015-02-01T00:00:00,Zambia,Mambwe,171.62082912501324
6230,2015,3,2015-03-01T00:00:00,Zambia,Mambwe,74.81893438062174
6238,2015,11,2015-11-01T00:00:00,Zambia,Mambwe,62.66892182210047
6239,2015,12,2015-12-01T00:00:00,Zambia,Mambwe,143.4914889982802
6240,2016,1,2016-01-01T00:00:00,Zambia,Mambwe,164.55154996987505
6241,2016,2,2016-02-01T00:00:00,Zambia,Mambwe,124.07631099898099
6242,2016,3,2016-03-01T00:00:00,Zambia,Mambwe,185.14191554221438
6250,2016,11,2016-11-01T00:00:00,Zambia,Mambwe,103.70292929907562
6251,2016,12,2016-12-01T00:00:00,Zambia,Mambwe,160.96340600402425
6252,2017,1,2017-01-01T00:00:00,Zambia,Mambwe,300.8738981917925
6253,2017,2,2017-02-01T00:00:00,Zambia,Mambwe,288.46260232977914
6254,2017,3,2017-03-01T00:00:00,Zambia,Mambwe,80.53392674020903
6262,2017,11,2017-11-01T00:00:00,Zambia,Mambwe,159.56954037206648
6263,2017,12,2017-12-01T00:00:00,Zambia,Mambwe,192.59573031998656
6264,2018,1,2018-01-01T00:00:00,Zambia,Mambwe,121.79099913595626
6265,2018,2,2018-02-01T00:00:00,Zambia,Mambwe,220.36061000450061
6266,2018,3,2018-03-01T00:00:00,Zambia,Mambwe,193.37025992535865
6274,2018,11,2018-11-01T00:00:00,Zambia,Mambwe,58.617534394686395
6275,2018,12,2018-12-01T00:00:00,Zambia,Mambwe,218.2045648165508
6276,2019,1,2019-01-01T00:00:00,Zambia,Mambwe,238.5956495471519
6277,2019,2,2019-02-01T00:00:00,Zambia,Mambwe,208.97448465197584
6278,2019,3,2019-03-01T00:00:00,Zambia,Mambwe,83.20967691565014
6286,2019,11,2019-11-01T00:00:00,Zambia,Mambwe,80.91461033327036
6287,2019,12,2019-12-01T00:00:00,Zambia,Mambwe,136.3538108081109
6288,2020,1,2020-01-01T00:00:00,Zambia,Mambwe,202.6747775386814
6289,2020,2,2020-02-01T00:00:00,Zambia,Mambwe,204.00350011054215
6290,2020,3,2020-03-01T00:00:00,Zambia,Mambwe,59.335002715202236
6298,2020,11,2020-11-01T00:00:00,Zambia,Mambwe,27.203531366647702
6299,2020,12,2020-12-01T00:00:00,Zambia,Mambwe,230.3754629045988
6300,2021,1,2021-01-01T00:00:00,Zambia,Mambwe,299.352133455956
6301,2021,2,2021-02-01T00:00:00,Zambia,Mambwe,260.750491135215
6302,2021,3,2021-03-01T00:00:00,Zambia,Mambwe,241.08296591679598
6310,2021,11,2021-11-01T00:00:00,Zambia,Mambwe,53.522284353986485
6311,2021,12,2021-12-01T00:00:00,Zambia,Mambwe,92.4058879979015
6312,2022,1,2022-01-01T00:00:00,Zambia,Mambwe,325.6630614428601
6313,2022,2,2022-02-01T00:00:00,Zambia,Mambwe,238.49804314065057
6314,2022,3,2022-03-01T00:00:00,Zambia,Mambwe,95.5591530772227
6322,2022,11,2022-11-01T00:00:00,Zambia,Mambwe,89.15611685964278
6323,2022,12,2022-12-01T00:00:00,Zambia,Mambwe,197.6591885688783
6324,2023,1,2023-01-01T00:00:00,Zambia,Mambwe,332.1050992386512
6325,2023,2,2023-02-01T00:00:00,Zambia,Mambwe,210.79123845511484
6326,2023,3,2023-03-01T00:00:00,Zambia,Mambwe,143.94266615197498
6334,2023,11,2023-11-01T00:00:00,Zambia,Mambwe,41.95781334281706
6335,2023,12,2023-12-01T00:00:00,Zambia,Mambwe,127.77843909801659
6336,2000,1,2000-01-01T00:00:00,Zambia,Nyimba,247.73828194258707
6337,2000,2,2000-02-01T00:00:00,Zambia,Nyimba,244.30951872426175
6338,2000,3,2000-03-01T00:00:00,Zambia,Nyimba,249.61975800253398
6346,2000,11,2000-11-01T00:00:00,Zambia,Nyimba,116.22707365983861
6347,2000,12,2000-12-01T00:00:00,Zambia,Nyimba,187.16292958562005
6348,2001,1,2001-01-01T00:00:00,Zambia,Nyimba,255.63526973588012
6349,2001,2,2001-02-01T00:00:00,Zambia,Nyimba,310.1575090177648
6350,2001,3,2001-03-01T00:00:00,Zambia,Nyimba,204.50002848646375
6358,2001,11,2001-11-01T00:00:00,Zambia,Nyimba,86.31535061664425
6359,2001,12,2001-12-01T00:00:00,Zambia,Nyimba,198.15596759330683
6360,2002,1,2002-01-01T00:00:00,Zambia,Nyimba,188.25777197725597
6361,2002,2,2002-02-01T00:00:00,Zambia,Nyimba,69.45305648370298
6362,2002,3,2002-03-01T00:00:00,Zambia,Nyimba,60.07638515839559
6370,2002,11,2002-11-01T00:00:00,Zambia,Nyimba,69.84259166185481
6371,2002,12,2002-12-01T00:00:00,Zambia,Nyimba,231.70060390923445
6372,2003,1,2003-01-01T00:00:00,Zambia,Nyimba,196.857513399013
6373,2003,2,2003-02-01T00:00:00,Zambia,Nyimba,219.86181459934733
6374,2003,3,2003-03-01T00:00:00,Zambia,Nyimba,173.73296200831442
6382,2003,11,2003-11-01T00:00:00,Zambia,Nyimba,52.611876412392625
6383,2003,12,2003-12-01T00:00:00,Zambia,Nyimba,207.55055471014137
6384,2004,1,2004-01-01T00:00:00,Zambia,Nyimba,249.50300736017638
6385,2004,2,2004-02-01T00:00:00,Zambia,Nyimba,169.04203031272576
6386,2004,3,2004-03-01T00:00:00,Zambia,Nyimba,165.07978233121165
6394,2004,11,2004-11-01T00:00:00,Zambia,Nyimba,81.4372252312701
6395,2004,12,2004-12-01T00:00:00,Zambia,Nyimba,301.534470980788
6396,2005,1,2005-01-01T00:00:00,Zambia,Nyimba,267.52862225053804
6397,2005,2,2005-02-01T00:00:00,Zambia,Nyimba,86.99700564933778
6398,2005,3,2005-03-01T00:00:00,Zambia,Nyimba,31.667506630553504
6406,2005,11,2005-11-01T00:00:00,Zambia,Nyimba,78.44693011472256
6407,2005,12,2005-12-01T00:00:00,Zambia,Nyimba,198.02888066853325
6408,2006,1,2006-01-01T00:00:00,Zambia,Nyimba,288.4775408884926
6409,2006,2,2006-02-01T00:00:00,Zambia,Nyimba,294.3890564940579
6410,2006,3,2006-03-01T00:00:00,Zambia,Nyimba,138.0330719139375
6418,2006,11,2006-11-01T00:00:00,Zambia,Nyimba,92.46485470604394
6419,2006,12,2006-12-01T00:00:00,Zambia,Nyimba,175.8269268201778
6420,2007,1,2007-01-01T00:00:00,Zambia,Nyimba,390.42824364615353
6421,2007,2,2007-02-01T00:00:00,Zambia,Nyimba,264.8407896382638
6422,2007,3,2007-03-01T00:00:00,Zambia,Nyimba,101.14326125163002
6430,2007,11,2007-11-01T00:00:00,Zambia,Nyimba,108.41884426957584
6431,2007,12,2007-12-01T00:00:00,Zambia,Nyimba,307.8683214316048
6432,2008,1,2008-01-01T00:00:00,Zambia,Nyimba,346.4893524909082
6433,2008,2,2008-02-01T00:00:00,Zambia,Nyimba,115.76262906302544
6434,2008,3,2008-03-01T00:00:00,Zambia,Nyimba,97.826496407113
6442,2008,11,2008-11-01T00:00:00,Zambia,Nyimba,101.9710203490321
6443,2008,12,2008-12-01T00:00:00,Zambia,Nyimba,300.045776858261
6444,2009,1,2009-01-01T00:00:00,Zambia,Nyimba,256.4168129545252
6445,2009,2,2009-02-01T00:00:00,Zambia,Nyimba,146.32103603606032
6446,2009,3,2009-03-01T00:00:00,Zambia,Nyimba,153.67174404041435
6454,2009,11,2009-11-01T00:00:00,Zambia,Nyimba,121.02265657557092
6455,2009,12,2009-12-01T00:00:00,Zambia,Nyimba,286.65867084594953
6456,2010,1,2010-01-01T00:00:00,Zambia,Nyimba,174.28096854839555
6457,2010,2,2010-02-01T00:00:00,Zambia,Nyimba,475.26869642724307
6458,2010,3,2010-03-01T00:00:00,Zambia,Nyimba,134.7990662390212
6466,2010,11,2010-11-01T00:00:00,Zambia,Nyimba,71.08996629635764
6467,2010,12,2010-12-01T00:00:00,Zambia,Nyimba,300.89846644992656
6468,2011,1,2011-01-01T00:00:00,Zambia,Nyimba,272.54487598169555
6469,2011,2,2011-02-01T00:00:00,Zambia,Nyimba,54.21399646511249
6470,2011,3,2011-03-01T00:00:00,Zambia,Nyimba,124.1810911572807
6478,2011,11,2011-11-01T00:00:00,Zambia,Nyimba,90.63229499332144
6479,2011,12,2011-12-01T00:00:00,Zambia,Nyimba,159.10590810293235
6480,2012,1,2012-01-01T00:00:00,Zambia,Nyimba,277.78792511031133
6481,2012,2,2012-02-01T00:00:00,Zambia,Nyimba,189.1432847153957
6482,2012,3,2012-03-01T00:00:00,Zambia,Nyimba,136.6372216986604
6490,2012,11,2012-11-01T00:00:00,Zambia,Nyimba,52.93789122618637
6491,2012,12,2012-12-01T00:00:00,Zambia,Nyimba,190.673049266643
6492,2013,1,2013-01-01T00:00:00,Zambia,Nyimba,259.4492926773499
6493,2013,2,2013-02-01T00:00:00,Zambia,Nyimba,166.44455896706907
6494,2013,3,2013-03-01T00:00:00,Zambia,Nyimba,50.800857540753206
6502,2013,11,2013-11-01T00:00:00,Zambia,Nyimba,59.88658369084794
6503,2013,12,2013-12-01T00:00:00,Zambia,Nyimba,223.7193483707057
6504,2014,1,2014-01-01T00:00:00,Zambia,Nyimba,249.75544751766563
6505,2014,2,2014-02-01T00:00:00,Zambia,Nyimba,174.21113005017705
6506,2014,3,2014-03-01T00:00:00,Zambia,Nyimba,108.43105444951414
6514,2014,11,2014-11-01T00:00:00,Zambia,Nyimba,24.408646789170803
6515,2014,12,2014-12-01T00:00:00,Zambia,Nyimba,190.8281454875724
6516,2015,1,2015-01-01T00:00:00,Zambia,Nyimba,355.53497658534593
6517,2015,2,2015-02-01T00:00:00,Zambia,Nyimba,200.71522623976773
6518,2015,3,2015-03-01T00:00:00,Zambia,Nyimba,69.07448415061445
6526,2015,11,2015-11-01T00:00:00,Zambia,Nyimba,55.16848860159319
6527,2015,12,2015-12-01T00:00:00,Zambia,Nyimba,148.59317313418828
6528,2016,1,2016-01-01T00:00:00,Zambia,Nyimba,194.15740010317924
6529,2016,2,2016-02-01T00:00:00,Zambia,Nyimba,116.4616553667153
6530,2016,3,2016-03-01T00:00:00,Zambia,Nyimba,173.0917119355594
6538,2016,11,2016-11-01T00:00:00,Zambia,Nyimba,134.98768602397217
6539,2016,12,2016-12-01T00:00:00,Zambia,Nyimba,199.55436822901893
6540,2017,1,2017-01-01T00:00:00,Zambia,Nyimba,361.8420694206389
6541,2017,2,2017-02-01T00:00:00,Zambia,Nyimba,319.727090817018
6542,2017,3,2017-03-01T00:00:00,Zambia,Nyimba,113.32577013024908
6550,2017,11,2017-11-01T00:00:00,Zambia,Nyimba,120.27531882780134
6551,2017,12,2017-12-01T00:00:00,Zambia,Nyimba,217.5551641082065
6552,2018,1,2018-01-01T00:00:00,Zambia,Nyimba,86.88586309752897
6553,2018,2,2018-02-01T00:00:00,Zambia,Nyimba,270.81442495409436
6554,2018,3,2018-03-01T00:00:00,Zambia,Nyimba,147.52253766345302
6562,2018,11,2018-11-01T00:00:00,Zambia,Nyimba,55.69796444817598
6563,2018,12,2018-12-01T00:00:00,Zambia,Nyimba,176.383955440569
6564,2019,1,2019-01-01T00:00:00,Zambia,Nyimba,210.58052227188026
6565,2019,2,2019-02-01T00:00:00,Zambia,Nyimba,155.59960182121594
6566,2019,3,2019-03-01T00:00:00,Zambia,Nyimba,51.499495782022535
6574,2019,11,2019-11-01T00:00:00,Zambia,Nyimba,99.40043504041913
6575,2019,12,2019-12-01T00:00:00,Zambia,Nyimba,91.72925807838709
6576,2020,1,2020-01-01T00:00:00,Zambia,Nyimba,236.13086460503789
6577,2020,2,2020-02-01T00:00:00,Zambia,Nyimba,247.9913065307972
6578,2020,3,2020-03-01T00:00:00,Zambia,Nyimba,34.20702695998723
6586,2020,11,2020-11-01T00:00:00,Zambia,Nyimba,47.5439842975936
6587,2020,12,2020-12-01T00:00:00,Zambia,Nyimba,264.1755718318567
6588,2021,1,2021-01-01T00:00:00,Zambia,Nyimba,280.9377260362396
6589,2021,2,2021-02-01T00:00:00,Zambia,Nyimba,311.57242728504394
6590,2021,3,2021-03-01T00:00:00,Zambia,Nyimba,179.31279284262726
6598,2021,11,2021-11-01T00:00:00,Zambia,Nyimba,90.750491269213
6599,2021,12,2021-12-01T00:00:00,Zambia,Nyimba,101.70006245283932
6600,2022,1,2022-01-01T00:00:00,Zambia,Nyimba,371.63073436543283
6601,2022,2,2022-02-01T00:00:00,Zambia,Nyimba,139.71163444599483
6602,2022,3,2022-03-01T00:00:00,Zambia,Nyimba,54.13374176700939
6610,2022,11,2022-11-01T00:00:00,Zambia,Nyimba,114.10416779499045
6611,2022,12,2022-12-01T00:00:00,Zambia,Nyimba,161.75275279737147
6612,2023,1,2023-01-01T00:00:00,Zambia,Nyimba,365.0663263895358
6613,2023,2,2023-02-01T00:00:00,Zambia,Nyimba,201.2849870121225
6614,2023,3,2023-03-01T00:00:00,Zambia,Nyimba,128.2521261733629
6622,2023,11,2023-11-01T00:00:00,Zambia,Nyimba,23.933202453264656
6623,2023,12,2023-12-01T00:00:00,Zambia,Nyimba,188.45064420296538
6624,2000,1,2000-01-01T00:00:00,Zambia,Petauke,216.2889307057316
6625,2000,2,2000-02-01T00:00:00,Zambia,Petauke,226.3059304534595
6626,2000,3,2000-03-01T00:00:00,Zambia,Petauke,202.08501552190467
6634,2000,11,2000-11-01T00:00:00,Zambia,Petauke,97.76765848199136
6635,2000,12,2000-12-01T00:00:00,Zambia,Petauke,153.91810825235456
6636,2001,1,2001-01-01T00:00:00,Zambia,Petauke,262.66860653403864
6637,2001,2,2001-02-01T00:00:00,Zambia,Petauke,287.1226695245366
6638,2001,3,2001-03-01T00:00:00,Zambia,Petauke,168.02380572600362
6646,2001,11,2001-11-01T00:00:00,Zambia,Petauke,58.159294436194
6647,2001,12,2001-12-01T00:00:00,Zambia,Petauke,212.48897986868013
6648,2002,1,2002-01-01T00:00:00,Zambia,Petauke,262.09327805512225
6649,2002,2,2002-02-01T00:00:00,Zambia,Petauke,108.79662002024655
6650,2002,3,2002-03-01T00:00:00,Zambia,Petauke,68.92250752311418
6658,2002,11,2002-11-01T00:00:00,Zambia,Petauke,57.83511976941984
6659,2002,12,2002-12-01T00:00:00,Zambia,Petauke,220.91806439668642
6660,2003,1,2003-01-01T00:00:00,Zambia,Petauke,224.89477052363426
6661,2003,2,2003-02-01T00:00:00,Zambia,Petauke,182.29792923956765
6662,2003,3,2003-03-01T00:00:00,Zambia,Petauke,172.86020409009672
6670,2003,11,2003-11-01T00:00:00,Zambia,Petauke,35.346879199002906
6671,2003,12,2003-12-01T00:00:00,Zambia,Petauke,226.35448407322107
6672,2004,1,2004-01-01T00:00:00,Zambia,Petauke,231.85411814400032
6673,2004,2,2004-02-01T00:00:00,Zambia,Petauke,178.06659753312016
6674,2004,3,2004-03-01T00:00:00,Zambia,Petauke,181.75440027568675
6682,2004,11,2004-11-01T00:00:00,Zambia,Petauke,105.5899844601349
6683,2004,12,2004-12-01T00:00:00,Zambia,Petauke,286.7678235817222
6684,2005,1,2005-01-01T00:00:00,Zambia,Petauke,278.8515358814472
6685,2005,2,2005-02-01T00:00:00,Zambia,Petauke,129.44822778183084
6686,2005,3,2005-03-01T00:00:00,Zambia,Petauke,31.39554447117016
6694,2005,11,2005-11-01T00:00:00,Zambia,Petauke,75.07895484887916
6695,2005,12,2005-12-01T00:00:00,Zambia,Petauke,148.00424539837937
6696,2006,1,2006-01-01T00:00:00,Zambia,Petauke,337.2025877038836
6697,2006,2,2006-02-01T00:00:00,Zambia,Petauke,269.75440775082023
6698,2006,3,2006-03-01T00:00:00,Zambia,Petauke,178.12819579488678
6706,2006,11,2006-11-01T00:00:00,Zambia,Petauke,111.60555244870115
6707,2006,12,2006-12-01T00:00:00,Zambia,Petauke,215.45987323049658
6708,2007,1,2007-01-01T00:00:00,Zambia,Petauke,452.7000737403041
6709,2007,2,2007-02-01T00:00:00,Zambia,Petauke,251.73734456034708
6710,2007,3,2007-03-01T00:00:00,Zambia,Petauke,108.43403110859967
6718,2007,11,2007-11-01T00:00:00,Zambia,Petauke,85.19244288373928
6719,2007,12,2007-12-01T00:00:00,Zambia,Petauke,275.1955790553527
6720,2008,1,2008-01-01T00:00:00,Zambia,Petauke,346.03522960636207
6721,2008,2,2008-02-01T00:00:00,Zambia,Petauke,158.92723730239317
6722,2008,3,2008-03-01T00:00:00,Zambia,Petauke,87.36359478758119
6730,2008,11,2008-11-01T00:00:00,Zambia,Petauke,55.74139486993605
6731,2008,12,2008-12-01T00:00:00,Zambia,Petauke,218.06059319449972
6732,2009,1,2009-01-01T00:00:00,Zambia,Petauke,209.99635540322666
6733,2009,2,2009-02-01T00:00:00,Zambia,Petauke,160.59562614461242
6734,2009,3,2009-03-01T00:00:00,Zambia,Petauke,158.57707374208238
6742,2009,11,2009-11-01T00:00:00,Zambia,Petauke,131.78806200518852
6743,2009,12,2009-12-01T00:00:00,Zambia,Petauke,306.8507792845602
6744,2010,1,2010-01-01T00:00:00,Zambia,Petauke,172.4698603322079
6745,2010,2,2010-02-01T00:00:00,Zambia,Petauke,454.00494178960656
6746,2010,3,2010-03-01T00:00:00,Zambia,Petauke,120.67411744357098
6754,2010,11,2010-11-01T00:00:00,Zambia,Petauke,55.72606402983717
6755,2010,12,2010-12-01T00:00:00,Zambia,Petauke,314.069806169488
6756,2011,1,2011-01-01T00:00:00,Zambia,Petauke,342.05684044111877
6757,2011,2,2011-02-01T00:00:00,Zambia,Petauke,81.02327512457288
6758,2011,3,2011-03-01T00:00:00,Zambia,Petauke,115.93316519602429
6766,2011,11,2011-11-01T00:00:00,Zambia,Petauke,76.81633420308805
6767,2011,12,2011-12-01T00:00:00,Zambia,Petauke,177.62975052940143
6768,2012,1,2012-01-01T00:00:00,Zambia,Petauke,291.01640102873876
6769,2012,2,2012-02-01T00:00:00,Zambia,Petauke,213.97253699912156
6770,2012,3,2012-03-01T00:00:00,Zambia,Petauke,143.94987261939187
6778,2012,11,2012-11-01T00:00:00,Zambia,Petauke,54.84517052766873
6779,2012,12,2012-12-01T00:00:00,Zambia,Petauke,195.04182673765243
6780,2013,1,2013-01-01T00:00:00,Zambia,Petauke,248.57770257483827
6781,2013,2,2013-02-01T00:00:00,Zambia,Petauke,176.9243540968136
6782,2013,3,2013-03-01T00:00:00,Zambia,Petauke,61.300404188620945
6790,2013,11,2013-11-01T00:00:00,Zambia,Petauke,51.19458057708836
6791,2013,12,2013-12-01T00:00:00,Zambia,Petauke,219.86786509297175
6792,2014,1,2014-01-01T00:00:00,Zambia,Petauke,251.0814656715668
6793,2014,2,2014-02-01T00:00:00,Zambia,Petauke,179.14490020281696
6794,2014,3,2014-03-01T00:00:00,Zambia,Petauke,103.53386273981252
6802,2014,11,2014-11-01T00:00:00,Zambia,Petauke,11.941713582280967
6803,2014,12,2014-12-01T00:00:00,Zambia,Petauke,181.7547035833416
6804,2015,1,2015-01-01T00:00:00,Zambia,Petauke,371.08019611931235
6805,2015,2,2015-02-01T00:00:00,Zambia,Petauke,191.54816155329215
6806,2015,3,2015-03-01T00:00:00,Zambia,Petauke,59.846473813726256
6814,2015,11,2015-11-01T00:00:00,Zambia,Petauke,57.917695147012004
6815,2015,12,2015-12-01T00:00:00,Zambia,Petauke,158.3141160386754
6816,2016,1,2016-01-01T00:00:00,Zambia,Petauke,174.40267236268926
6817,2016,2,2016-02-01T00:00:00,Zambia,Petauke,125.86963430123805
6818,2016,3,2016-03-01T00:00:00,Zambia,Petauke,180.89484336780896
6826,2016,11,2016-11-01T00:00:00,Zambia,Petauke,137.91326347521502
6827,2016,12,2016-12-01T00:00:00,Zambia,Petauke,199.46842224703863
6828,2017,1,2017-01-01T00:00:00,Zambia,Petauke,373.8209410302783
6829,2017,2,2017-02-01T00:00:00,Zambia,Petauke,332.701240465009
6830,2017,3,2017-03-01T00:00:00,Zambia,Petauke,96.37324047267096
6838,2017,11,2017-11-01T00:00:00,Zambia,Petauke,151.52727574190337
6839,2017,12,2017-12-01T00:00:00,Zambia,Petauke,200.0955869352212
6840,2018,1,2018-01-01T00:00:00,Zambia,Petauke,86.1069160748427
6841,2018,2,2018-02-01T00:00:00,Zambia,Petauke,262.0245131981026
6842,2018,3,2018-03-01T00:00:00,Zambia,Petauke,153.6396041676856
6850,2018,11,2018-11-01T00:00:00,Zambia,Petauke,69.25820822579145
6851,2018,12,2018-12-01T00:00:00,Zambia,Petauke,208.8866303607246
6852,2019,1,2019-01-01T00:00:00,Zambia,Petauke,246.81706820807202
6853,2019,2,2019-02-01T00:00:00,Zambia,Petauke,182.55706714359368
6854,2019,3,2019-03-01T00:00:00,Zambia,Petauke,68.68242995893775
6862,2019,11,2019-11-01T00:00:00,Zambia,Petauke,105.01311430633235
6863,2019,12,2019-12-01T00:00:00,Zambia,Petauke,112.3800352862909
6864,2020,1,2020-01-01T00:00:00,Zambia,Petauke,235.32330741307723
6865,2020,2,2020-02-01T00:00:00,Zambia,Petauke,225.1668540667384
6866,2020,3,2020-03-01T00:00:00,Zambia,Petauke,39.42735819450613
6874,2020,11,2020-11-01T00:00:00,Zambia,Petauke,34.05381486335848
6875,2020,12,2020-12-01T00:00:00,Zambia,Petauke,247.42615966784624
6876,2021,1,2021-01-01T00:00:00,Zambia,Petauke,280.72699515962245
6877,2021,2,2021-02-01T00:00:00,Zambia,Petauke,272.6317024855797
6878,2021,3,2021-03-01T00:00:00,Zambia,Petauke,201.50128956061357
6886,2021,11,2021-11-01T00:00:00,Zambia,Petauke,99.95341903988945
6887,2021,12,2021-12-01T00:00:00,Zambia,Petauke,108.47475853080329
6888,2022,1,2022-01-01T00:00:00,Zambia,Petauke,371.5945634740237
6889,2022,2,2022-02-01T00:00:00,Zambia,Petauke,177.96137590115785
6890,2022,3,2022-03-01T00:00:00,Zambia,Petauke,56.610461193557065
6898,2022,11,2022-11-01T00:00:00,Zambia,Petauke,129.07527522572386
6899,2022,12,2022-12-01T00:00:00,Zambia,Petauke,174.51386206761637
6900,2023,1,2023-01-01T00:00:00,Zambia,Petauke,344.8173066093872
6901,2023,2,2023-02-01T00:00:00,Zambia,Petauke,213.86295278319923
6902,2023,3,2023-03-01T00:00:00,Zambia,Petauke,136.406698720167
6910,2023,11,2023-11-01T00:00:00,Zambia,Petauke,29.51732308528304
6911,2023,12,2023-12-01T00:00:00,Zambia,Petauke,160.60343443078855
6912,2000,1,2000-01-01T00:00:00,Zambia,Chienge,154.46252053263106
6913,2000,2,2000-02-01T00:00:00,Zambia,Chienge,160.4924913119899
6914,2000,3,2000-03-01T00:00:00,Zambia,Chienge,223.49716936117449
6922,2000,11,2000-11-01T00:00:00,Zambia,Chienge,159.8844003347906
6923,2000,12,2000-12-01T00:00:00,Zambia,Chienge,224.690243345316
6924,2001,1,2001-01-01T00:00:00,Zambia,Chienge,204.49233058880444
6925,2001,2,2001-02-01T00:00:00,Zambia,Chienge,145.61787310195615
6926,2001,3,2001-03-01T00:00:00,Zambia,Chienge,170.44152416470104
6934,2001,11,2001-11-01T00:00:00,Zambia,Chienge,146.47004177957385
6935,2001,12,2001-12-01T00:00:00,Zambia,Chienge,199.88586407725865
6936,2002,1,2002-01-01T00:00:00,Zambia,Chienge,190.25521478316847
6937,2002,2,2002-02-01T00:00:00,Zambia,Chienge,203.8384211617277
6938,2002,3,2002-03-01T00:00:00,Zambia,Chienge,297.59681078141244
6946,2002,11,2002-11-01T00:00:00,Zambia,Chienge,133.38506758267508
6947,2002,12,2002-12-01T00:00:00,Zambia,Chienge,212.6445864300308
6948,2003,1,2003-01-01T00:00:00,Zambia,Chienge,169.9790831992208
6949,2003,2,2003-02-01T00:00:00,Zambia,Chienge,106.49256086743809
6950,2003,3,2003-03-01T00:00:00,Zambia,Chienge,174.2825424146495
6958,2003,11,2003-11-01T00:00:00,Zambia,Chienge,86.49987356616
6959,2003,12,2003-12-01T00:00:00,Zambia,Chienge,204.95308863949037
6960,2004,1,2004-01-01T00:00:00,Zambia,Chienge,111.86242231943437
6961,2004,2,2004-02-01T00:00:00,Zambia,Chienge,178.2362583085879
6962,2004,3,2004-03-01T00:00:00,Zambia,Chienge,314.94671909437363
6970,2004,11,2004-11-01T00:00:00,Zambia,Chienge,160.2153782284923
6971,2004,12,2004-12-01T00:00:00,Zambia,Chienge,239.03673109373653
6972,2005,1,2005-01-01T00:00:00,Zambia,Chienge,229.25058114035662
6973,2005,2,2005-02-01T00:00:00,Zambia,Chienge,163.99751588812546
6974,2005,3,2005-03-01T00:00:00,Zambia,Chienge,233.3640631068512
6982,2005,11,2005-11-01T00:00:00,Zambia,Chienge,96.98598293050324
6983,2005,12,2005-12-01T00:00:00,Zambia,Chienge,176.86013708864232
6984,2006,1,2006-01-01T00:00:00,Zambia,Chienge,174.50968987219298
6985,2006,2,2006-02-01T00:00:00,Zambia,Chienge,184.150776818057
6986,2006,3,2006-03-01T00:00:00,Zambia,Chienge,215.97938723896303
6994,2006,11,2006-11-01T00:00:00,Zambia,Chienge,204.32280307081624
6995,2006,12,2006-12-01T00:00:00,Zambia,Chienge,243.40858491304954
6996,2007,1,2007-01-01T00:00:00,Zambia,Chienge,132.89295672956595
6997,2007,2,2007-02-01T00:00:00,Zambia,Chienge,201.89289068975904
6998,2007,3,2007-03-01T00:00:00,Zambia,Chienge,181.86031252002905
7006,2007,11,2007-11-01T00:00:00,Zambia,Chienge,117.80412457358362
7007,2007,12,2007-12-01T00:00:00,Zambia,Chienge,235.00596909090424
7008,2008,1,2008-01-01T00:00:00,Zambia,Chienge,187.92037028897573
7009,2008,2,2008-02-01T00:00:00,Zambia,Chienge,201.46123396831507
7010,2008,3,2008-03-01T00:00:00,Zambia,Chienge,181.03998524394763
7018,2008,11,2008-11-01T00:00:00,Zambia,Chienge,176.08609505126998
7019,2008,12,2008-12-01T00:00:00,Zambia,Chienge,197.3243200541236
7020,2009,1,2009-01-01T00:00:00,Zambia,Chienge,171.24364594626624
7021,2009,2,2009-02-01T00:00:00,Zambia,Chienge,178.48256518435647
7022,2009,3,2009-03-01T00:00:00,Zambia,Chienge,228.86037109154773
7030,2009,11,2009-11-01T00:00:00,Zambia,Chienge,164.9397664488042
7031,2009,12,2009-12-01T00:00:00,Zambia,Chienge,272.8104347833907
7032,2010,1,2010-01-01T00:00:00,Zambia,Chienge,157.91399387108686
7033,2010,2,2010-02-01T00:00:00,Zambia,Chienge,154.2248467055061
7034,2010,3,2010-03-01T00:00:00,Zambia,Chienge,194.01177143641422
7042,2010,11,2010-11-01T00:00:00,Zambia,Chienge,107.41677337885257
7043,2010,12,2010-12-01T00:00:00,Zambia,Chienge,208.40843813852493
7044,2011,1,2011-01-01T00:00:00,Zambia,Chienge,127.85040805093531
7045,2011,2,2011-02-01T00:00:00,Zambia,Chienge,186.07599252248082
7046,2011,3,2011-03-01T00:00:00,Zambia,Chienge,221.4604947902532
7054,2011,11,2011-11-01T00:00:00,Zambia,Chienge,144.78458515686665
7055,2011,12,2011-12-01T00:00:00,Zambia,Chienge,186.16474548394228
7056,2012,1,2012-01-01T00:00:00,Zambia,Chienge,160.28313795232515
7057,2012,2,2012-02-01T00:00:00,Zambia,Chienge,206.84988495133538
7058,2012,3,2012-03-01T00:00:00,Zambia,Chienge,189.23881858568174
7066,2012,11,2012-11-01T00:00:00,Zambia,Chienge,166.74481966920746
7067,2012,12,2012-12-01T00:00:00,Zambia,Chienge,249.41454515748424
7068,2013,1,2013-01-01T00:00:00,Zambia,Chienge,144.59426264285028
7069,2013,2,2013-02-01T00:00:00,Zambia,Chienge,177.63491599541683
7070,2013,3,2013-03-01T00:00:00,Zambia,Chienge,289.00300319963367
7078,2013,11,2013-11-01T00:00:00,Zambia,Chienge,168.68528700685454
7079,2013,12,2013-12-01T00:00:00,Zambia,Chienge,272.2686713626832
7080,2014,1,2014-01-01T00:00:00,Zambia,Chienge,169.35787547963
7081,2014,2,2014-02-01T00:00:00,Zambia,Chienge,195.90531537756186
7082,2014,3,2014-03-01T00:00:00,Zambia,Chienge,306.6025523127887
7090,2014,11,2014-11-01T00:00:00,Zambia,Chienge,106.8419569173296
7091,2014,12,2014-12-01T00:00:00,Zambia,Chienge,173.23408127966275
7092,2015,1,2015-01-01T00:00:00,Zambia,Chienge,123.61065449344883
7093,2015,2,2015-02-01T00:00:00,Zambia,Chienge,178.33706011680002
7094,2015,3,2015-03-01T00:00:00,Zambia,Chienge,293.8024637211512
7102,2015,11,2015-11-01T00:00:00,Zambia,Chienge,155.66813102081096
7103,2015,12,2015-12-01T00:00:00,Zambia,Chienge,214.51484196332765
7104,2016,1,2016-01-01T00:00:00,Zambia,Chienge,180.38911458608715
7105,2016,2,2016-02-01T00:00:00,Zambia,Chienge,162.87940145782323
7106,2016,3,2016-03-01T00:00:00,Zambia,Chienge,242.442899970068
7114,2016,11,2016-11-01T00:00:00,Zambia,Chienge,90.43810299167973
7115,2016,12,2016-12-01T00:00:00,Zambia,Chienge,181.72567779134152
7116,2017,1,2017-01-01T00:00:00,Zambia,Chienge,127.70983239356572
7117,2017,2,2017-02-01T00:00:00,Zambia,Chienge,206.75580058916765
7118,2017,3,2017-03-01T00:00:00,Zambia,Chienge,221.44681740102075
7126,2017,11,2017-11-01T00:00:00,Zambia,Chienge,101.85539705926513
7127,2017,12,2017-12-01T00:00:00,Zambia,Chienge,263.41604574563826
7128,2018,1,2018-01-01T00:00:00,Zambia,Chienge,152.25583254792699
7129,2018,2,2018-02-01T00:00:00,Zambia,Chienge,167.3446268582523
7130,2018,3,2018-03-01T00:00:00,Zambia,Chienge,236.97453728156606
7138,2018,11,2018-11-01T00:00:00,Zambia,Chienge,151.97785078638947
7139,2018,12,2018-12-01T00:00:00,Zambia,Chienge,281.3400676165935
7140,2019,1,2019-01-01T00:00:00,Zambia,Chienge,144.69385055374872
7141,2019,2,2019-02-01T00:00:00,Zambia,Chienge,206.7284466018205
7142,2019,3,2019-03-01T00:00:00,Zambia,Chienge,211.90679670920701
7150,2019,11,2019-11-01T00:00:00,Zambia,Chienge,132.26067973574854
7151,2019,12,2019-12-01T00:00:00,Zambia,Chienge,272.3095554137579
7152,2020,1,2020-01-01T00:00:00,Zambia,Chienge,149.03439170736792
7153,2020,2,2020-02-01T00:00:00,Zambia,Chienge,175.84343243535767
7154,2020,3,2020-03-01T00:00:00,Zambia,Chienge,266.72095508510796
7162,2020,11,2020-11-01T00:00:00,Zambia,Chienge,103.68273732520602
7163,2020,12,2020-12-01T00:00:00,Zambia,Chienge,196.34706813697514
7164,2021,1,2021-01-01T00:00:00,Zambia,Chienge,110.94871831632705
7165,2021,2,2021-02-01T00:00:00,Zambia,Chienge,233.52921631779842
7166,2021,3,2021-03-01T00:00:00,Zambia,Chienge,228.68323158614513
7174,2021,11,2021-11-01T00:00:00,Zambia,Chienge,90.73688650840656
7175,2021,12,2021-12-01T00:00:00,Zambia,Chienge,181.05903762359705
7176,2022,1,2022-01-01T00:00:00,Zambia,Chienge,215.7056895888183
7177,2022,2,2022-02-01T00:00:00,Zambia,Chienge,215.45256123442206
7178,2022,3,2022-03-01T00:00:00,Zambia,Chienge,267.02934960954997
7186,2022,11,2022-11-01T00:00:00,Zambia,Chienge,100.49063898057854
7187,2022,12,2022-12-01T00:00:00,Zambia,Chienge,350.39030179062746
7188,2023,1,2023-01-01T00:00:00,Zambia,Chienge,126.69743712820926
7189,2023,2,2023-02-01T00:00:00,Zambia,Chienge,104.17941630187941
7190,2023,3,2023-03-01T00:00:00,Zambia,Chienge,293.777295095875
7198,2023,11,2023-11-01T00:00:00,Zambia,Chienge,257.76958668513475
7199,2023,12,2023-12-01T00:00:00,Zambia,Chienge,395.8807070785335
7200,2000,1,2000-01-01T00:00:00,Zambia,Kawambwa,219.65309906262794
7201,2000,2,2000-02-01T00:00:00,Zambia,Kawambwa,184.59893061170348
7202,2000,3,2000-03-01T00:00:00,Zambia,Kawambwa,279.1469730338417
7210,2000,11,2000-11-01T00:00:00,Zambia,Kawambwa,185.4477188969398
7211,2000,12,2000-12-01T00:00:00,Zambia,Kawambwa,244.92425374248347
7212,2001,1,2001-01-01T00:00:00,Zambia,Kawambwa,336.57330448111463
7213,2001,2,2001-02-01T00:00:00,Zambia,Kawambwa,227.52038275377802
7214,2001,3,2001-03-01T00:00:00,Zambia,Kawambwa,209.59520636642551
7222,2001,11,2001-11-01T00:00:00,Zambia,Kawambwa,172.83285923311826
7223,2001,12,2001-12-01T00:00:00,Zambia,Kawambwa,209.141269927271
7224,2002,1,2002-01-01T00:00:00,Zambia,Kawambwa,267.0863805138576
7225,2002,2,2002-02-01T00:00:00,Zambia,Kawambwa,271.6264152310187
7226,2002,3,2002-03-01T00:00:00,Zambia,Kawambwa,331.46757345979955
7234,2002,11,2002-11-01T00:00:00,Zambia,Kawambwa,175.73328846626256
7235,2002,12,2002-12-01T00:00:00,Zambia,Kawambwa,259.3588206333882
7236,2003,1,2003-01-01T00:00:00,Zambia,Kawambwa,275.7754133237462
7237,2003,2,2003-02-01T00:00:00,Zambia,Kawambwa,118.14511291145983
7238,2003,3,2003-03-01T00:00:00,Zambia,Kawambwa,179.91942611550144
7246,2003,11,2003-11-01T00:00:00,Zambia,Kawambwa,97.6432379448423
7247,2003,12,2003-12-01T00:00:00,Zambia,Kawambwa,293.80125851801563
7248,2004,1,2004-01-01T00:00:00,Zambia,Kawambwa,162.85870039792528
7249,2004,2,2004-02-01T00:00:00,Zambia,Kawambwa,229.51613968998396
7250,2004,3,2004-03-01T00:00:00,Zambia,Kawambwa,312.8519715093388
7258,2004,11,2004-11-01T00:00:00,Zambia,Kawambwa,175.42656858324324
7259,2004,12,2004-12-01T00:00:00,Zambia,Kawambwa,302.5107109415961
7260,2005,1,2005-01-01T00:00:00,Zambia,Kawambwa,323.1664267002907
7261,2005,2,2005-02-01T00:00:00,Zambia,Kawambwa,201.08166631004977
7262,2005,3,2005-03-01T00:00:00,Zambia,Kawambwa,242.04554282282376
7270,2005,11,2005-11-01T00:00:00,Zambia,Kawambwa,134.26921393461035
7271,2005,12,2005-12-01T00:00:00,Zambia,Kawambwa,214.60242524679956
7272,2006,1,2006-01-01T00:00:00,Zambia,Kawambwa,287.9092702724324
7273,2006,2,2006-02-01T00:00:00,Zambia,Kawambwa,229.46799299946616
7274,2006,3,2006-03-01T00:00:00,Zambia,Kawambwa,262.9161063885342
7282,2006,11,2006-11-01T00:00:00,Zambia,Kawambwa,203.56669159194053
7283,2006,12,2006-12-01T00:00:00,Zambia,Kawambwa,323.88526627766765
7284,2007,1,2007-01-01T00:00:00,Zambia,Kawambwa,236.66827871997762
7285,2007,2,2007-02-01T00:00:00,Zambia,Kawambwa,229.87319900955723
7286,2007,3,2007-03-01T00:00:00,Zambia,Kawambwa,233.17845564733693
7294,2007,11,2007-11-01T00:00:00,Zambia,Kawambwa,145.34224492703825
7295,2007,12,2007-12-01T00:00:00,Zambia,Kawambwa,237.79409746732873
7296,2008,1,2008-01-01T00:00:00,Zambia,Kawambwa,277.70224835571975
7297,2008,2,2008-02-01T00:00:00,Zambia,Kawambwa,220.5072934759214
7298,2008,3,2008-03-01T00:00:00,Zambia,Kawambwa,199.03015262978414
7306,2008,11,2008-11-01T00:00:00,Zambia,Kawambwa,210.43859830082567
7307,2008,12,2008-12-01T00:00:00,Zambia,Kawambwa,200.46123825146108
7308,2009,1,2009-01-01T00:00:00,Zambia,Kawambwa,232.45232165565253
7309,2009,2,2009-02-01T00:00:00,Zambia,Kawambwa,249.79343276195044
7310,2009,3,2009-03-01T00:00:00,Zambia,Kawambwa,251.3350218515577
7318,2009,11,2009-11-01T00:00:00,Zambia,Kawambwa,201.78811178173927
7319,2009,12,2009-12-01T00:00:00,Zambia,Kawambwa,293.98971612447116
7320,2010,1,2010-01-01T00:00:00,Zambia,Kawambwa,214.8891718480745
7321,2010,2,2010-02-01T00:00:00,Zambia,Kawambwa,179.10555899082652
7322,2010,3,2010-03-01T00:00:00,Zambia,Kawambwa,263.0507869151682
7330,2010,11,2010-11-01T00:00:00,Zambia,Kawambwa,132.42890564215728
7331,2010,12,2010-12-01T00:00:00,Zambia,Kawambwa,232.35929979701538
7332,2011,1,2011-01-01T00:00:00,Zambia,Kawambwa,184.0545790029241
7333,2011,2,2011-02-01T00:00:00,Zambia,Kawambwa,258.0706892184912
7334,2011,3,2011-03-01T00:00:00,Zambia,Kawambwa,265.7587114033362
7342,2011,11,2011-11-01T00:00:00,Zambia,Kawambwa,177.97770883370188
7343,2011,12,2011-12-01T00:00:00,Zambia,Kawambwa,191.43813612350587
7344,2012,1,2012-01-01T00:00:00,Zambia,Kawambwa,203.50144415035436
7345,2012,2,2012-02-01T00:00:00,Zambia,Kawambwa,200.76565952362435
7346,2012,3,2012-03-01T00:00:00,Zambia,Kawambwa,259.4510080673658
7354,2012,11,2012-11-01T00:00:00,Zambia,Kawambwa,195.8877453114009
7355,2012,12,2012-12-01T00:00:00,Zambia,Kawambwa,307.0659383444948
7356,2013,1,2013-01-01T00:00:00,Zambia,Kawambwa,205.76936868685058
7357,2013,2,2013-02-01T00:00:00,Zambia,Kawambwa,201.6648949167451
7358,2013,3,2013-03-01T00:00:00,Zambia,Kawambwa,299.52019950655205
7366,2013,11,2013-11-01T00:00:00,Zambia,Kawambwa,223.2124886076493
7367,2013,12,2013-12-01T00:00:00,Zambia,Kawambwa,317.1357506113425
7368,2014,1,2014-01-01T00:00:00,Zambia,Kawambwa,240.15736745464636
7369,2014,2,2014-02-01T00:00:00,Zambia,Kawambwa,220.57666549118653
7370,2014,3,2014-03-01T00:00:00,Zambia,Kawambwa,294.28931496559443
7378,2014,11,2014-11-01T00:00:00,Zambia,Kawambwa,100.0584642551142
7379,2014,12,2014-12-01T00:00:00,Zambia,Kawambwa,139.05044215183653
7380,2015,1,2015-01-01T00:00:00,Zambia,Kawambwa,189.5929397409654
7381,2015,2,2015-02-01T00:00:00,Zambia,Kawambwa,172.40548536475922
7382,2015,3,2015-03-01T00:00:00,Zambia,Kawambwa,283.26525492317234
7390,2015,11,2015-11-01T00:00:00,Zambia,Kawambwa,188.52560116699888
7391,2015,12,2015-12-01T00:00:00,Zambia,Kawambwa,242.2394837042063
7392,2016,1,2016-01-01T00:00:00,Zambia,Kawambwa,218.06812396141171
7393,2016,2,2016-02-01T00:00:00,Zambia,Kawambwa,173.2372275337588
7394,2016,3,2016-03-01T00:00:00,Zambia,Kawambwa,259.4257045813724
7402,2016,11,2016-11-01T00:00:00,Zambia,Kawambwa,85.69219671215755
7403,2016,12,2016-12-01T00:00:00,Zambia,Kawambwa,197.65108670736507
7404,2017,1,2017-01-01T00:00:00,Zambia,Kawambwa,193.95547511448973
7405,2017,2,2017-02-01T00:00:00,Zambia,Kawambwa,250.00359995063866
7406,2017,3,2017-03-01T00:00:00,Zambia,Kawambwa,232.53223130129834
7414,2017,11,2017-11-01T00:00:00,Zambia,Kawambwa,151.8368509768055
7415,2017,12,2017-12-01T00:00:00,Zambia,Kawambwa,273.132131879155
7416,2018,1,2018-01-01T00:00:00,Zambia,Kawambwa,211.20477397985377
7417,2018,2,2018-02-01T00:00:00,Zambia,Kawambwa,233.35058676075695
7418,2018,3,2018-03-01T00:00:00,Zambia,Kawambwa,239.96829397229405
7426,2018,11,2018-11-01T00:00:00,Zambia,Kawambwa,143.68029096040618
7427,2018,12,2018-12-01T00:00:00,Zambia,Kawambwa,284.5810353603236
7428,2019,1,2019-01-01T00:00:00,Zambia,Kawambwa,215.17199278047096
7429,2019,2,2019-02-01T00:00:00,Zambia,Kawambwa,238.68284456314848
7430,2019,3,2019-03-01T00:00:00,Zambia,Kawambwa,236.26946605796195
7438,2019,11,2019-11-01T00:00:00,Zambia,Kawambwa,157.45013960740917
7439,2019,12,2019-12-01T00:00:00,Zambia,Kawambwa,234.8116089414509
7440,2020,1,2020-01-01T00:00:00,Zambia,Kawambwa,200.61876052442642
7441,2020,2,2020-02-01T00:00:00,Zambia,Kawambwa,230.52242930352614
7442,2020,3,2020-03-01T00:00:00,Zambia,Kawambwa,331.3966666938502
7450,2020,11,2020-11-01T00:00:00,Zambia,Kawambwa,123.09161999860076
7451,2020,12,2020-12-01T00:00:00,Zambia,Kawambwa,220.2129375359692
7452,2021,1,2021-01-01T00:00:00,Zambia,Kawambwa,182.9778725246763
7453,2021,2,2021-02-01T00:00:00,Zambia,Kawambwa,252.76935537529533
7454,2021,3,2021-03-01T00:00:00,Zambia,Kawambwa,296.31598788909804
7462,2021,11,2021-11-01T00:00:00,Zambia,Kawambwa,120.50343568884064
7463,2021,12,2021-12-01T00:00:00,Zambia,Kawambwa,173.89814753348062
7464,2022,1,2022-01-01T00:00:00,Zambia,Kawambwa,264.1983962325635
7465,2022,2,2022-02-01T00:00:00,Zambia,Kawambwa,211.71149121136898
7466,2022,3,2022-03-01T00:00:00,Zambia,Kawambwa,274.4644563359795
7474,2022,11,2022-11-01T00:00:00,Zambia,Kawambwa,162.41707726684058
7475,2022,12,2022-12-01T00:00:00,Zambia,Kawambwa,308.0128391834015
7476,2023,1,2023-01-01T00:00:00,Zambia,Kawambwa,201.46270764648935
7477,2023,2,2023-02-01T00:00:00,Zambia,Kawambwa,153.28579465752628
7478,2023,3,2023-03-01T00:00:00,Zambia,Kawambwa,259.4178248641541
7486,2023,11,2023-11-01T00:00:00,Zambia,Kawambwa,282.27599571984763
7487,2023,12,2023-12-01T00:00:00,Zambia,Kawambwa,395.2300704514798
7488,2000,1,2000-01-01T00:00:00,Zambia,Mansa,265.8355757880845
7489,2000,2,2000-02-01T00:00:00,Zambia,Mansa,228.27950253780824
7490,2000,3,2000-03-01T00:00:00,Zambia,Mansa,284.4460592679339
7498,2000,11,2000-11-01T00:00:00,Zambia,Mansa,169.18229091661698
7499,2000,12,2000-12-01T00:00:00,Zambia,Mansa,322.3101540895887
7500,2001,1,2001-01-01T00:00:00,Zambia,Mansa,371.97267487932936
7501,2001,2,2001-02-01T00:00:00,Zambia,Mansa,263.47726832438735
7502,2001,3,2001-03-01T00:00:00,Zambia,Mansa,250.92710423187373
7510,2001,11,2001-11-01T00:00:00,Zambia,Mansa,156.15433355721342
7511,2001,12,2001-12-01T00:00:00,Zambia,Mansa,197.46443970566582
7512,2002,1,2002-01-01T00:00:00,Zambia,Mansa,366.05524311725316
7513,2002,2,2002-02-01T00:00:00,Zambia,Mansa,271.9722909975451
7514,2002,3,2002-03-01T00:00:00,Zambia,Mansa,219.94483428920864
7522,2002,11,2002-11-01T00:00:00,Zambia,Mansa,119.08682477506017
7523,2002,12,2002-12-01T00:00:00,Zambia,Mansa,307.4135228495367
7524,2003,1,2003-01-01T00:00:00,Zambia,Mansa,343.38104364442876
7525,2003,2,2003-02-01T00:00:00,Zambia,Mansa,182.47241839184073
7526,2003,3,2003-03-01T00:00:00,Zambia,Mansa,182.91755273356392
7534,2003,11,2003-11-01T00:00:00,Zambia,Mansa,98.91686941595795
7535,2003,12,2003-12-01T00:00:00,Zambia,Mansa,298.51344508368805
7536,2004,1,2004-01-01T00:00:00,Zambia,Mansa,192.67218987738707
7537,2004,2,2004-02-01T00:00:00,Zambia,Mansa,249.24589358229872
7538,2004,3,2004-03-01T00:00:00,Zambia,Mansa,209.02513477572288
7546,2004,11,2004-11-01T00:00:00,Zambia,Mansa,138.2315305235385
7547,2004,12,2004-12-01T00:00:00,Zambia,Mansa,329.4954755696769
7548,2005,1,2005-01-01T00:00:00,Zambia,Mansa,360.76668455313603
7549,2005,2,2005-02-01T00:00:00,Zambia,Mansa,170.78193493831094
7550,2005,3,2005-03-01T00:00:00,Zambia,Mansa,155.34980806967474
7558,2005,11,2005-11-01T00:00:00,Zambia,Mansa,104.78602788151476
7559,2005,12,2005-12-01T00:00:00,Zambia,Mansa,230.78253676780758
7560,2006,1,2006-01-01T00:00:00,Zambia,Mansa,263.94724395346105
7561,2006,2,2006-02-01T00:00:00,Zambia,Mansa,249.26143511980962
7562,2006,3,2006-03-01T00:00:00,Zambia,Mansa,297.96921371069874
7570,2006,11,2006-11-01T00:00:00,Zambia,Mansa,128.65408979769526
7571,2006,12,2006-12-01T00:00:00,Zambia,Mansa,356.1577856057502
7572,2007,1,2007-01-01T00:00:00,Zambia,Mansa,354.2988163691193
7573,2007,2,2007-02-01T00:00:00,Zambia,Mansa,296.416642603989
7574,2007,3,2007-03-01T00:00:00,Zambia,Mansa,147.5886216027266
7582,2007,11,2007-11-01T00:00:00,Zambia,Mansa,116.7488581434494
7583,2007,12,2007-12-01T00:00:00,Zambia,Mansa,264.1633751701938
7584,2008,1,2008-01-01T00:00:00,Zambia,Mansa,310.3929347323056
7585,2008,2,2008-02-01T00:00:00,Zambia,Mansa,223.66034974724505
7586,2008,3,2008-03-01T00:00:00,Zambia,Mansa,183.28059296616576
7594,2008,11,2008-11-01T00:00:00,Zambia,Mansa,235.9313604032821
7595,2008,12,2008-12-01T00:00:00,Zambia,Mansa,240.58787411653972
7596,2009,1,2009-01-01T00:00:00,Zambia,Mansa,293.9113650571987
7597,2009,2,2009-02-01T00:00:00,Zambia,Mansa,291.5328676067921
7598,2009,3,2009-03-01T00:00:00,Zambia,Mansa,244.30450524778445
7606,2009,11,2009-11-01T00:00:00,Zambia,Mansa,163.49573641566968
7607,2009,12,2009-12-01T00:00:00,Zambia,Mansa,286.6926024222744
7608,2010,1,2010-01-01T00:00:00,Zambia,Mansa,216.84960942485583
7609,2010,2,2010-02-01T00:00:00,Zambia,Mansa,289.30521923168885
7610,2010,3,2010-03-01T00:00:00,Zambia,Mansa,276.5971308999356
7618,2010,11,2010-11-01T00:00:00,Zambia,Mansa,123.93690715641596
7619,2010,12,2010-12-01T00:00:00,Zambia,Mansa,244.1460019998211
7620,2011,1,2011-01-01T00:00:00,Zambia,Mansa,240.90919144729435
7621,2011,2,2011-02-01T00:00:00,Zambia,Mansa,267.1225645828103
7622,2011,3,2011-03-01T00:00:00,Zambia,Mansa,299.59780887859984
7630,2011,11,2011-11-01T00:00:00,Zambia,Mansa,155.6009238443936
7631,2011,12,2011-12-01T00:00:00,Zambia,Mansa,219.3560816349027
7632,2012,1,2012-01-01T00:00:00,Zambia,Mansa,302.72778438741204
7633,2012,2,2012-02-01T00:00:00,Zambia,Mansa,252.23570133271784
7634,2012,3,2012-03-01T00:00:00,Zambia,Mansa,265.9393155215933
7642,2012,11,2012-11-01T00:00:00,Zambia,Mansa,119.89075823602307
7643,2012,12,2012-12-01T00:00:00,Zambia,Mansa,300.7405361407542
7644,2013,1,2013-01-01T00:00:00,Zambia,Mansa,263.8000631872251
7645,2013,2,2013-02-01T00:00:00,Zambia,Mansa,222.95297997398848
7646,2013,3,2013-03-01T00:00:00,Zambia,Mansa,159.82905010088962
7654,2013,11,2013-11-01T00:00:00,Zambia,Mansa,148.37331253442716
7655,2013,12,2013-12-01T00:00:00,Zambia,Mansa,275.04430829132434
7656,2014,1,2014-01-01T00:00:00,Zambia,Mansa,278.9321776323563
7657,2014,2,2014-02-01T00:00:00,Zambia,Mansa,256.31900351167764
7658,2014,3,2014-03-01T00:00:00,Zambia,Mansa,200.05850063749284
7666,2014,11,2014-11-01T00:00:00,Zambia,Mansa,55.72453136378422
7667,2014,12,2014-12-01T00:00:00,Zambia,Mansa,137.9517778265663
7668,2015,1,2015-01-01T00:00:00,Zambia,Mansa,246.05859856234176
7669,2015,2,2015-02-01T00:00:00,Zambia,Mansa,191.46482806399112
7670,2015,3,2015-03-01T00:00:00,Zambia,Mansa,141.98107153840425
7678,2015,11,2015-11-01T00:00:00,Zambia,Mansa,122.63269855702126
7679,2015,12,2015-12-01T00:00:00,Zambia,Mansa,224.6881001473475
7680,2016,1,2016-01-01T00:00:00,Zambia,Mansa,285.637758825752
7681,2016,2,2016-02-01T00:00:00,Zambia,Mansa,183.98600635018167
7682,2016,3,2016-03-01T00:00:00,Zambia,Mansa,259.52392088849894
7690,2016,11,2016-11-01T00:00:00,Zambia,Mansa,85.14876666057307
7691,2016,12,2016-12-01T00:00:00,Zambia,Mansa,191.33242064959654
7692,2017,1,2017-01-01T00:00:00,Zambia,Mansa,294.6904428046205
7693,2017,2,2017-02-01T00:00:00,Zambia,Mansa,348.613697621438
7694,2017,3,2017-03-01T00:00:00,Zambia,Mansa,144.10680780275112
7702,2017,11,2017-11-01T00:00:00,Zambia,Mansa,165.6661241500086
7703,2017,12,2017-12-01T00:00:00,Zambia,Mansa,290.94292010013015
7704,2018,1,2018-01-01T00:00:00,Zambia,Mansa,192.31090997828676
7705,2018,2,2018-02-01T00:00:00,Zambia,Mansa,275.6321650487515
7706,2018,3,2018-03-01T00:00:00,Zambia,Mansa,218.94652414474507
7714,2018,11,2018-11-01T00:00:00,Zambia,Mansa,104.0610234644856
7715,2018,12,2018-12-01T00:00:00,Zambia,Mansa,271.66334789041093
7716,2019,1,2019-01-01T00:00:00,Zambia,Mansa,278.4814987321196
7717,2019,2,2019-02-01T00:00:00,Zambia,Mansa,269.3246284558232
7718,2019,3,2019-03-01T00:00:00,Zambia,Mansa,270.1829486130364
7726,2019,11,2019-11-01T00:00:00,Zambia,Mansa,128.86048767631996
7727,2019,12,2019-12-01T00:00:00,Zambia,Mansa,163.43702072929992
7728,2020,1,2020-01-01T00:00:00,Zambia,Mansa,236.228478240927
7729,2020,2,2020-02-01T00:00:00,Zambia,Mansa,238.53012703135022
7730,2020,3,2020-03-01T00:00:00,Zambia,Mansa,256.50123268876666
7738,2020,11,2020-11-01T00:00:00,Zambia,Mansa,81.25655834347725
7739,2020,12,2020-12-01T00:00:00,Zambia,Mansa,274.52057920887404
7740,2021,1,2021-01-01T00:00:00,Zambia,Mansa,316.3288367716255
7741,2021,2,2021-02-01T00:00:00,Zambia,Mansa,324.90243427326425
7742,2021,3,2021-03-01T00:00:00,Zambia,Mansa,270.8405266827126
7750,2021,11,2021-11-01T00:00:00,Zambia,Mansa,76.61404261121487
7751,2021,12,2021-12-01T00:00:00,Zambia,Mansa,172.37078955845396
7752,2022,1,2022-01-01T00:00:00,Zambia,Mansa,263.54774540498477
7753,2022,2,2022-02-01T00:00:00,Zambia,Mansa,251.55388661586412
7754,2022,3,2022-03-01T00:00:00,Zambia,Mansa,164.79655877214032
7762,2022,11,2022-11-01T00:00:00,Zambia,Mansa,136.68354710449043
7763,2022,12,2022-12-01T00:00:00,Zambia,Mansa,289.5880517165373
7764,2023,1,2023-01-01T00:00:00,Zambia,Mansa,257.30819665102297
7765,2023,2,2023-02-01T00:00:00,Zambia,Mansa,159.1599739902873
7766,2023,3,2023-03-01T00:00:00,Zambia,Mansa,265.5713987654198
7774,2023,11,2023-11-01T00:00:00,Zambia,Mansa,107.30637761894346
7775,2023,12,2023-12-01T00:00:00,Zambia,Mansa,328.6018041570315
7776,2000,1,2000-01-01T00:00:00,Zambia,Milenge,285.463590162374
7777,2000,2,2000-02-01T00:00:00,Zambia,Milenge,244.0043479623114
7778,2000,3,2000-03-01T00:00:00,Zambia,Milenge,256.5646914987505
7786,2000,11,2000-11-01T00:00:00,Zambia,Milenge,196.222964400422
7787,2000,12,2000-12-01T00:00:00,Zambia,Milenge,315.66900462341687
7788,2001,1,2001-01-01T00:00:00,Zambia,Milenge,391.62164667060597
7789,2001,2,2001-02-01T00:00:00,Zambia,Milenge,267.20492004313076
7790,2001,3,2001-03-01T00:00:00,Zambia,Milenge,255.70571122883908
7798,2001,11,2001-11-01T00:00:00,Zambia,Milenge,159.52066588598194
7799,2001,12,2001-12-01T00:00:00,Zambia,Milenge,202.69331611904443
7800,2002,1,2002-01-01T00:00:00,Zambia,Milenge,339.86612889181936
7801,2002,2,2002-02-01T00:00:00,Zambia,Milenge,235.9081988935427
7802,2002,3,2002-03-01T00:00:00,Zambia,Milenge,154.38034486911118
7810,2002,11,2002-11-01T00:00:00,Zambia,Milenge,126.4041718644615
7811,2002,12,2002-12-01T00:00:00,Zambia,Milenge,325.820725778752
7812,2003,1,2003-01-01T00:00:00,Zambia,Milenge,328.12637257483937
7813,2003,2,2003-02-01T00:00:00,Zambia,Milenge,222.72524291333048
7814,2003,3,2003-03-01T00:00:00,Zambia,Milenge,217.8932706619691
7822,2003,11,2003-11-01T00:00:00,Zambia,Milenge,109.82058453199153
7823,2003,12,2003-12-01T00:00:00,Zambia,Milenge,280.89026789159277
7824,2004,1,2004-01-01T00:00:00,Zambia,Milenge,235.29276838836688
7825,2004,2,2004-02-01T00:00:00,Zambia,Milenge,244.65784826289755
7826,2004,3,2004-03-01T00:00:00,Zambia,Milenge,184.55388723895155
7834,2004,11,2004-11-01T00:00:00,Zambia,Milenge,157.93251932312657
7835,2004,12,2004-12-01T00:00:00,Zambia,Milenge,344.78879972037197
7836,2005,1,2005-01-01T00:00:00,Zambia,Milenge,340.6394855038998
7837,2005,2,2005-02-01T00:00:00,Zambia,Milenge,169.90041881421413
7838,2005,3,2005-03-01T00:00:00,Zambia,Milenge,147.83033393163143
7846,2005,11,2005-11-01T00:00:00,Zambia,Milenge,94.14837214684971
7847,2005,12,2005-12-01T00:00:00,Zambia,Milenge,239.63283862659227
7848,2006,1,2006-01-01T00:00:00,Zambia,Milenge,289.1175889421111
7849,2006,2,2006-02-01T00:00:00,Zambia,Milenge,264.7097059457858
7850,2006,3,2006-03-01T00:00:00,Zambia,Milenge,244.84951293987655
7858,2006,11,2006-11-01T00:00:00,Zambia,Milenge,122.55114060332704
7859,2006,12,2006-12-01T00:00:00,Zambia,Milenge,314.39804478705855
7860,2007,1,2007-01-01T00:00:00,Zambia,Milenge,355.3868195195567
7861,2007,2,2007-02-01T00:00:00,Zambia,Milenge,336.91464952399843
7862,2007,3,2007-03-01T00:00:00,Zambia,Milenge,151.70080196360473
7870,2007,11,2007-11-01T00:00:00,Zambia,Milenge,148.17316254782463
7871,2007,12,2007-12-01T00:00:00,Zambia,Milenge,280.15109684651975
7872,2008,1,2008-01-01T00:00:00,Zambia,Milenge,322.4700772481354
7873,2008,2,2008-02-01T00:00:00,Zambia,Milenge,214.0982800963988
7874,2008,3,2008-03-01T00:00:00,Zambia,Milenge,162.87412740564284
7882,2008,11,2008-11-01T00:00:00,Zambia,Milenge,253.92923028717044
7883,2008,12,2008-12-01T00:00:00,Zambia,Milenge,241.03150803043297
7884,2009,1,2009-01-01T00:00:00,Zambia,Milenge,309.8214131879131
7885,2009,2,2009-02-01T00:00:00,Zambia,Milenge,264.607282955144
7886,2009,3,2009-03-01T00:00:00,Zambia,Milenge,233.12388616090178
7894,2009,11,2009-11-01T00:00:00,Zambia,Milenge,157.58822803561026
7895,2009,12,2009-12-01T00:00:00,Zambia,Milenge,264.2229376382918
7896,2010,1,2010-01-01T00:00:00,Zambia,Milenge,216.77228880386016
7897,2010,2,2010-02-01T00:00:00,Zambia,Milenge,340.5905002777619
7898,2010,3,2010-03-01T00:00:00,Zambia,Milenge,288.9754804209686
7906,2010,11,2010-11-01T00:00:00,Zambia,Milenge,113.05969525767485
7907,2010,12,2010-12-01T00:00:00,Zambia,Milenge,266.6466441563645
7908,2011,1,2011-01-01T00:00:00,Zambia,Milenge,266.7951895039165
7909,2011,2,2011-02-01T00:00:00,Zambia,Milenge,208.81239712630725
7910,2011,3,2011-03-01T00:00:00,Zambia,Milenge,265.1576514450217
7918,2011,11,2011-11-01T00:00:00,Zambia,Milenge,144.82448193093396
7919,2011,12,2011-12-01T00:00:00,Zambia,Milenge,230.32859174365828
7920,2012,1,2012-01-01T00:00:00,Zambia,Milenge,346.4550029474669
7921,2012,2,2012-02-01T00:00:00,Zambia,Milenge,266.43646389667873
7922,2012,3,2012-03-01T00:00:00,Zambia,Milenge,292.3354499333154
7930,2012,11,2012-11-01T00:00:00,Zambia,Milenge,107.21497491080913
7931,2012,12,2012-12-01T00:00:00,Zambia,Milenge,298.5361427834197
7932,2013,1,2013-01-01T00:00:00,Zambia,Milenge,273.79541425532886
7933,2013,2,2013-02-01T00:00:00,Zambia,Milenge,234.4288133748161
7934,2013,3,2013-03-01T00:00:00,Zambia,Milenge,160.30347960968137
7942,2013,11,2013-11-01T00:00:00,Zambia,Milenge,120.44050726143726
7943,2013,12,2013-12-01T00:00:00,Zambia,Milenge,273.00018940864777
7944,2014,1,2014-01-01T00:00:00,Zambia,Milenge,272.112924129659
7945,2014,2,2014-02-01T00:00:00,Zambia,Milenge,287.70341776787365
7946,2014,3,2014-03-01T00:00:00,Zambia,Milenge,192.42352259530904
7954,2014,11,2014-11-01T00:00:00,Zambia,Milenge,65.37476377892231
7955,2014,12,2014-12-01T00:00:00,Zambia,Milenge,160.49205170667895
7956,2015,1,2015-01-01T00:00:00,Zambia,Milenge,267.04418030997266
7957,2015,2,2015-02-01T00:00:00,Zambia,Milenge,205.97871391274967
7958,2015,3,2015-03-01T00:00:00,Zambia,Milenge,130.989605688243
7966,2015,11,2015-11-01T00:00:00,Zambia,Milenge,105.51170325934262
7967,2015,12,2015-12-01T00:00:00,Zambia,Milenge,226.6900330740495
7968,2016,1,2016-01-01T00:00:00,Zambia,Milenge,290.7494868992693
7969,2016,2,2016-02-01T00:00:00,Zambia,Milenge,189.88018360064632
7970,2016,3,2016-03-01T00:00:00,Zambia,Milenge,293.40803601163833
7978,2016,11,2016-11-01T00:00:00,Zambia,Milenge,123.40948836955354
7979,2016,12,2016-12-01T00:00:00,Zambia,Milenge,220.35623449305155
7980,2017,1,2017-01-01T00:00:00,Zambia,Milenge,348.9017948545124
7981,2017,2,2017-02-01T00:00:00,Zambia,Milenge,361.3519873635715
7982,2017,3,2017-03-01T00:00:00,Zambia,Milenge,132.8749676915252
7990,2017,11,2017-11-01T00:00:00,Zambia,Milenge,193.47921643697032
7991,2017,12,2017-12-01T00:00:00,Zambia,Milenge,265.7969621817163
7992,2018,1,2018-01-01T00:00:00,Zambia,Milenge,159.73940714867948
7993,2018,2,2018-02-01T00:00:00,Zambia,Milenge,283.619121636407
7994,2018,3,2018-03-01T00:00:00,Zambia,Milenge,226.97505337638978
8002,2018,11,2018-11-01T00:00:00,Zambia,Milenge,103.63039718284415
8003,2018,12,2018-12-01T00:00:00,Zambia,Milenge,257.31307284854125
8004,2019,1,2019-01-01T00:00:00,Zambia,Milenge,281.2664123528156
8005,2019,2,2019-02-01T00:00:00,Zambia,Milenge,265.64541772550535
8006,2019,3,2019-03-01T00:00:00,Zambia,Milenge,244.39197865950086
8014,2019,11,2019-11-01T00:00:00,Zambia,Milenge,126.42179196329835
8015,2019,12,2019-12-01T00:00:00,Zambia,Milenge,146.66584278148375
8016,2020,1,2020-01-01T00:00:00,Zambia,Milenge,260.45317269326375
8017,2020,2,2020-02-01T00:00:00,Zambia,Milenge,239.51776802422341
8018,2020,3,2020-03-01T00:00:00,Zambia,Milenge,240.65654986720114
8026,2020,11,2020-11-01T00:00:00,Zambia,Milenge,94.23424122637567
8027,2020,12,2020-12-01T00:00:00,Zambia,Milenge,294.30006121459905
8028,2021,1,2021-01-01T00:00:00,Zambia,Milenge,380.7433057189778
8029,2021,2,2021-02-01T00:00:00,Zambia,Milenge,297.5479400686029
8030,2021,3,2021-03-01T00:00:00,Zambia,Milenge,268.01551535954087
8038,2021,11,2021-11-01T00:00:00,Zambia,Milenge,83.03111138959943
8039,2021,12,2021-12-01T00:00:00,Zambia,Milenge,181.22143091847994
8040,2022,1,2022-01-01T00:00:00,Zambia,Milenge,281.9121190643398
8041,2022,2,2022-02-01T00:00:00,Zambia,Milenge,248.26053275362133
8042,2022,3,2022-03-01T00:00:00,Zambia,Milenge,185.95700330019355
8050,2022,11,2022-11-01T00:00:00,Zambia,Milenge,124.43539088405923
8051,2022,12,2022-12-01T00:00:00,Zambia,Milenge,247.24061887900027
8052,2023,1,2023-01-01T00:00:00,Zambia,Milenge,294.8920194263969
8053,2023,2,2023-02-01T00:00:00,Zambia,Milenge,157.55016190973893
8054,2023,3,2023-03-01T00:00:00,Zambia,Milenge,293.9866215697079
8062,2023,11,2023-11-01T00:00:00,Zambia,Milenge,84.67874896743231
8063,2023,12,2023-12-01T00:00:00,Zambia,Milenge,317.3739979098409
8064,2000,1,2000-01-01T00:00:00,Zambia,Mwense,243.14118751291628
8065,2000,2,2000-02-01T00:00:00,Zambia,Mwense,185.8827024289957
8066,2000,3,2000-03-01T00:00:00,Zambia,Mwense,268.5377154885116
8074,2000,11,2000-11-01T00:00:00,Zambia,Mwense,159.7471514959029
8075,2000,12,2000-12-01T00:00:00,Zambia,Mwense,268.1778757212638
8076,2001,1,2001-01-01T00:00:00,Zambia,Mwense,363.3334441829437
8077,2001,2,2001-02-01T00:00:00,Zambia,Mwense,241.46541033716724
8078,2001,3,2001-03-01T00:00:00,Zambia,Mwense,225.20084408667284
8086,2001,11,2001-11-01T00:00:00,Zambia,Mwense,160.93358132751487
8087,2001,12,2001-12-01T00:00:00,Zambia,Mwense,199.614771984507
8088,2002,1,2002-01-01T00:00:00,Zambia,Mwense,324.84733209412485
8089,2002,2,2002-02-01T00:00:00,Zambia,Mwense,266.7069380007646
8090,2002,3,2002-03-01T00:00:00,Zambia,Mwense,297.74074185059874
8098,2002,11,2002-11-01T00:00:00,Zambia,Mwense,139.60869680572546
8099,2002,12,2002-12-01T00:00:00,Zambia,Mwense,276.7423013317207
8100,2003,1,2003-01-01T00:00:00,Zambia,Mwense,326.996650354504
8101,2003,2,2003-02-01T00:00:00,Zambia,Mwense,133.2430784918377
8102,2003,3,2003-03-01T00:00:00,Zambia,Mwense,171.74985361634097
8110,2003,11,2003-11-01T00:00:00,Zambia,Mwense,90.09172197821198
8111,2003,12,2003-12-01T00:00:00,Zambia,Mwense,303.6400847904934
8112,2004,1,2004-01-01T00:00:00,Zambia,Mwense,170.25416727479552
8113,2004,2,2004-02-01T00:00:00,Zambia,Mwense,261.4791457048229
8114,2004,3,2004-03-01T00:00:00,Zambia,Mwense,211.07029980274606
8122,2004,11,2004-11-01T00:00:00,Zambia,Mwense,161.22486212148394
8123,2004,12,2004-12-01T00:00:00,Zambia,Mwense,291.3884693315144
8124,2005,1,2005-01-01T00:00:00,Zambia,Mwense,355.73068354069846
8125,2005,2,2005-02-01T00:00:00,Zambia,Mwense,180.9052517539311
8126,2005,3,2005-03-01T00:00:00,Zambia,Mwense,196.53184032875723
8134,2005,11,2005-11-01T00:00:00,Zambia,Mwense,107.69043412312496
8135,2005,12,2005-12-01T00:00:00,Zambia,Mwense,210.52518545017404
8136,2006,1,2006-01-01T00:00:00,Zambia,Mwense,269.90618428357294
8137,2006,2,2006-02-01T00:00:00,Zambia,Mwense,241.01449616630626
8138,2006,3,2006-03-01T00:00:00,Zambia,Mwense,296.0399684416348
8146,2006,11,2006-11-01T00:00:00,Zambia,Mwense,176.1284808360647
8147,2006,12,2006-12-01T00:00:00,Zambia,Mwense,350.93443156677154
8148,2007,1,2007-01-01T00:00:00,Zambia,Mwense,290.9142997190049
8149,2007,2,2007-02-01T00:00:00,Zambia,Mwense,253.29351961163283
8150,2007,3,2007-03-01T00:00:00,Zambia,Mwense,187.48931214550984
8158,2007,11,2007-11-01T00:00:00,Zambia,Mwense,119.63640121371333
8159,2007,12,2007-12-01T00:00:00,Zambia,Mwense,237.7571545374205
8160,2008,1,2008-01-01T00:00:00,Zambia,Mwense,289.78941973076996
8161,2008,2,2008-02-01T00:00:00,Zambia,Mwense,205.97799387819953
8162,2008,3,2008-03-01T00:00:00,Zambia,Mwense,184.8648607102504
8170,2008,11,2008-11-01T00:00:00,Zambia,Mwense,218.18117304384904
8171,2008,12,2008-12-01T00:00:00,Zambia,Mwense,213.6515878560581
8172,2009,1,2009-01-01T00:00:00,Zambia,Mwense,269.827790451253
8173,2009,2,2009-02-01T00:00:00,Zambia,Mwense,321.09331380108245
8174,2009,3,2009-03-01T00:00:00,Zambia,Mwense,226.13868474173253
8182,2009,11,2009-11-01T00:00:00,Zambia,Mwense,179.82276209934452
8183,2009,12,2009-12-01T00:00:00,Zambia,Mwense,284.40902160138353
8184,2010,1,2010-01-01T00:00:00,Zambia,Mwense,214.0775318412269
8185,2010,2,2010-02-01T00:00:00,Zambia,Mwense,220.23112967282665
8186,2010,3,2010-03-01T00:00:00,Zambia,Mwense,229.4415192552145
8194,2010,11,2010-11-01T00:00:00,Zambia,Mwense,115.26381746926396
8195,2010,12,2010-12-01T00:00:00,Zambia,Mwense,233.52500322245206
8196,2011,1,2011-01-01T00:00:00,Zambia,Mwense,201.8708501539732
8197,2011,2,2011-02-01T00:00:00,Zambia,Mwense,299.732084783088
8198,2011,3,2011-03-01T00:00:00,Zambia,Mwense,270.82270265985517
8206,2011,11,2011-11-01T00:00:00,Zambia,Mwense,180.50686435707067
8207,2011,12,2011-12-01T00:00:00,Zambia,Mwense,202.62449621326783
8208,2012,1,2012-01-01T00:00:00,Zambia,Mwense,240.43200871091642
8209,2012,2,2012-02-01T00:00:00,Zambia,Mwense,224.19337393196008
8210,2012,3,2012-03-01T00:00:00,Zambia,Mwense,254.26432976036307
8218,2012,11,2012-11-01T00:00:00,Zambia,Mwense,158.57838538155525
8219,2012,12,2012-12-01T00:00:00,Zambia,Mwense,305.6330913688887
8220,2013,1,2013-01-01T00:00:00,Zambia,Mwense,230.0897784493228
8221,2013,2,2013-02-01T00:00:00,Zambia,Mwense,233.77374839268214
8222,2013,3,2013-03-01T00:00:00,Zambia,Mwense,209.56492359600682
8230,2013,11,2013-11-01T00:00:00,Zambia,Mwense,189.27576674336225
8231,2013,12,2013-12-01T00:00:00,Zambia,Mwense,307.4751328517025
8232,2014,1,2014-01-01T00:00:00,Zambia,Mwense,252.07101335855705
8233,2014,2,2014-02-01T00:00:00,Zambia,Mwense,238.66905064467227
8234,2014,3,2014-03-01T00:00:00,Zambia,Mwense,253.9638183066652
8242,2014,11,2014-11-01T00:00:00,Zambia,Mwense,77.4963280955251
8243,2014,12,2014-12-01T00:00:00,Zambia,Mwense,121.03735335916045
8244,2015,1,2015-01-01T00:00:00,Zambia,Mwense,216.15900987918064
8245,2015,2,2015-02-01T00:00:00,Zambia,Mwense,166.07246227000988
8246,2015,3,2015-03-01T00:00:00,Zambia,Mwense,207.7518147074555
8254,2015,11,2015-11-01T00:00:00,Zambia,Mwense,168.7558883223783
8255,2015,12,2015-12-01T00:00:00,Zambia,Mwense,238.94077335316078
8256,2016,1,2016-01-01T00:00:00,Zambia,Mwense,241.22574148547548
8257,2016,2,2016-02-01T00:00:00,Zambia,Mwense,183.2690732695927
8258,2016,3,2016-03-01T00:00:00,Zambia,Mwense,228.4062985225579
8266,2016,11,2016-11-01T00:00:00,Zambia,Mwense,80.73763933417081
8267,2016,12,2016-12-01T00:00:00,Zambia,Mwense,192.98549828164556
8268,2017,1,2017-01-01T00:00:00,Zambia,Mwense,237.6007931001522
8269,2017,2,2017-02-01T00:00:00,Zambia,Mwense,303.80446248793487
8270,2017,3,2017-03-01T00:00:00,Zambia,Mwense,178.37056253655012
8278,2017,11,2017-11-01T00:00:00,Zambia,Mwense,161.89595726520193
8279,2017,12,2017-12-01T00:00:00,Zambia,Mwense,306.84073565800804
8280,2018,1,2018-01-01T00:00:00,Zambia,Mwense,205.98702629740995
8281,2018,2,2018-02-01T00:00:00,Zambia,Mwense,258.14638508983774
8282,2018,3,2018-03-01T00:00:00,Zambia,Mwense,218.9143180809454
8290,2018,11,2018-11-01T00:00:00,Zambia,Mwense,133.92421208156273
8291,2018,12,2018-12-01T00:00:00,Zambia,Mwense,268.31529170537766
8292,2019,1,2019-01-01T00:00:00,Zambia,Mwense,243.01495068735272
8293,2019,2,2019-02-01T00:00:00,Zambia,Mwense,236.89926192606418
8294,2019,3,2019-03-01T00:00:00,Zambia,Mwense,207.52910012772116
8302,2019,11,2019-11-01T00:00:00,Zambia,Mwense,137.48963919659045
8303,2019,12,2019-12-01T00:00:00,Zambia,Mwense,192.43373585055227
8304,2020,1,2020-01-01T00:00:00,Zambia,Mwense,221.02660838664255
8305,2020,2,2020-02-01T00:00:00,Zambia,Mwense,228.7956173763986
8306,2020,3,2020-03-01T00:00:00,Zambia,Mwense,288.1977749833725
8314,2020,11,2020-11-01T00:00:00,Zambia,Mwense,106.96598333276368
8315,2020,12,2020-12-01T00:00:00,Zambia,Mwense,229.13500401133905
8316,2021,1,2021-01-01T00:00:00,Zambia,Mwense,247.23894991428628
8317,2021,2,2021-02-01T00:00:00,Zambia,Mwense,298.53669680924173
8318,2021,3,2021-03-01T00:00:00,Zambia,Mwense,287.57737706679484
8326,2021,11,2021-11-01T00:00:00,Zambia,Mwense,94.88140352543124
8327,2021,12,2021-12-01T00:00:00,Zambia,Mwense,161.1112084235393
8328,2022,1,2022-01-01T00:00:00,Zambia,Mwense,283.10180206884496
8329,2022,2,2022-02-01T00:00:00,Zambia,Mwense,242.2820011536065
8330,2022,3,2022-03-01T00:00:00,Zambia,Mwense,209.10725064923543
8338,2022,11,2022-11-01T00:00:00,Zambia,Mwense,155.35469765207387
8339,2022,12,2022-12-01T00:00:00,Zambia,Mwense,290.49819865190267
8340,2023,1,2023-01-01T00:00:00,Zambia,Mwense,231.10986806108332
8341,2023,2,2023-02-01T00:00:00,Zambia,Mwense,171.1765178587752
8342,2023,3,2023-03-01T00:00:00,Zambia,Mwense,244.76349680277755
8350,2023,11,2023-11-01T00:00:00,Zambia,Mwense,213.64283426315933
8351,2023,12,2023-12-01T00:00:00,Zambia,Mwense,346.4718855548096
8352,2000,1,2000-01-01T00:00:00,Zambia,Nchelenge,188.5686285537175
8353,2000,2,2000-02-01T00:00:00,Zambia,Nchelenge,180.18948070881152
8354,2000,3,2000-03-01T00:00:00,Zambia,Nchelenge,266.8443370550843
8362,2000,11,2000-11-01T00:00:00,Zambia,Nchelenge,165.54513851381665
8363,2000,12,2000-12-01T00:00:00,Zambia,Nchelenge,227.4306478792264
8364,2001,1,2001-01-01T00:00:00,Zambia,Nchelenge,264.945284248536
8365,2001,2,2001-02-01T00:00:00,Zambia,Nchelenge,190.07437599662563
8366,2001,3,2001-03-01T00:00:00,Zambia,Nchelenge,187.9509765073071
8374,2001,11,2001-11-01T00:00:00,Zambia,Nchelenge,167.1081199604183
8375,2001,12,2001-12-01T00:00:00,Zambia,Nchelenge,191.01253102338222
8376,2002,1,2002-01-01T00:00:00,Zambia,Nchelenge,229.52472137801064
8377,2002,2,2002-02-01T00:00:00,Zambia,Nchelenge,243.3103604739653
8378,2002,3,2002-03-01T00:00:00,Zambia,Nchelenge,343.51728515421087
8386,2002,11,2002-11-01T00:00:00,Zambia,Nchelenge,163.45975346784007
8387,2002,12,2002-12-01T00:00:00,Zambia,Nchelenge,208.35420151279948
8388,2003,1,2003-01-01T00:00:00,Zambia,Nchelenge,211.72857686195897
8389,2003,2,2003-02-01T00:00:00,Zambia,Nchelenge,114.24693297719904
8390,2003,3,2003-03-01T00:00:00,Zambia,Nchelenge,164.97363962121648
8398,2003,11,2003-11-01T00:00:00,Zambia,Nchelenge,94.46260353769426
8399,2003,12,2003-12-01T00:00:00,Zambia,Nchelenge,245.58997979403117
8400,2004,1,2004-01-01T00:00:00,Zambia,Nchelenge,136.3023198534665
8401,2004,2,2004-02-01T00:00:00,Zambia,Nchelenge,207.09262456535416
8402,2004,3,2004-03-01T00:00:00,Zambia,Nchelenge,357.52476506206693
8410,2004,11,2004-11-01T00:00:00,Zambia,Nchelenge,147.0684214451742
8411,2004,12,2004-12-01T00:00:00,Zambia,Nchelenge,237.94160702849078
8412,2005,1,2005-01-01T00:00:00,Zambia,Nchelenge,258.1687034680693
8413,2005,2,2005-02-01T00:00:00,Zambia,Nchelenge,188.74079027517132
8414,2005,3,2005-03-01T00:00:00,Zambia,Nchelenge,260.428780724757
8422,2005,11,2005-11-01T00:00:00,Zambia,Nchelenge,120.57036170208687
8423,2005,12,2005-12-01T00:00:00,Zambia,Nchelenge,191.29061011247012
8424,2006,1,2006-01-01T00:00:00,Zambia,Nchelenge,206.8073211658683
8425,2006,2,2006-02-01T00:00:00,Zambia,Nchelenge,209.05864622352144
8426,2006,3,2006-03-01T00:00:00,Zambia,Nchelenge,295.6344423521729
8434,2006,11,2006-11-01T00:00:00,Zambia,Nchelenge,189.75147125261694
8435,2006,12,2006-12-01T00:00:00,Zambia,Nchelenge,275.1730378276233
8436,2007,1,2007-01-01T00:00:00,Zambia,Nchelenge,178.4057925757371
8437,2007,2,2007-02-01T00:00:00,Zambia,Nchelenge,190.44876725341743
8438,2007,3,2007-03-01T00:00:00,Zambia,Nchelenge,206.62437789355937
8446,2007,11,2007-11-01T00:00:00,Zambia,Nchelenge,140.0816736466452
8447,2007,12,2007-12-01T00:00:00,Zambia,Nchelenge,203.98106279637244
8448,2008,1,2008-01-01T00:00:00,Zambia,Nchelenge,237.1751669383716
8449,2008,2,2008-02-01T00:00:00,Zambia,Nchelenge,228.95994972073052
8450,2008,3,2008-03-01T00:00:00,Zambia,Nchelenge,192.6792789516315
8458,2008,11,2008-11-01T00:00:00,Zambia,Nchelenge,187.7465457262292
8459,2008,12,2008-12-01T00:00:00,Zambia,Nchelenge,177.45467950356573
8460,2009,1,2009-01-01T00:00:00,Zambia,Nchelenge,204.6116784161767
8461,2009,2,2009-02-01T00:00:00,Zambia,Nchelenge,219.92095467630836
8462,2009,3,2009-03-01T00:00:00,Zambia,Nchelenge,263.62007649059404
8470,2009,11,2009-11-01T00:00:00,Zambia,Nchelenge,201.51458013489352
8471,2009,12,2009-12-01T00:00:00,Zambia,Nchelenge,269.42196051291796
8472,2010,1,2010-01-01T00:00:00,Zambia,Nchelenge,178.86820991297606
8473,2010,2,2010-02-01T00:00:00,Zambia,Nchelenge,165.07360676610682
8474,2010,3,2010-03-01T00:00:00,Zambia,Nchelenge,252.92875190206686
8482,2010,11,2010-11-01T00:00:00,Zambia,Nchelenge,122.76281805854396
8483,2010,12,2010-12-01T00:00:00,Zambia,Nchelenge,212.22879903070694
8484,2011,1,2011-01-01T00:00:00,Zambia,Nchelenge,149.80221833570974
8485,2011,2,2011-02-01T00:00:00,Zambia,Nchelenge,248.3183468479374
8486,2011,3,2011-03-01T00:00:00,Zambia,Nchelenge,276.173009806499
8494,2011,11,2011-11-01T00:00:00,Zambia,Nchelenge,168.3418514306989
8495,2011,12,2011-12-01T00:00:00,Zambia,Nchelenge,180.4256053919654
8496,2012,1,2012-01-01T00:00:00,Zambia,Nchelenge,176.97382532234872
8497,2012,2,2012-02-01T00:00:00,Zambia,Nchelenge,207.37491439659098
8498,2012,3,2012-03-01T00:00:00,Zambia,Nchelenge,226.63111420969184
8506,2012,11,2012-11-01T00:00:00,Zambia,Nchelenge,171.9197558495735
8507,2012,12,2012-12-01T00:00:00,Zambia,Nchelenge,263.6348874154967
8508,2013,1,2013-01-01T00:00:00,Zambia,Nchelenge,174.76495536211712
8509,2013,2,2013-02-01T00:00:00,Zambia,Nchelenge,177.59678886660282
8510,2013,3,2013-03-01T00:00:00,Zambia,Nchelenge,304.02123985817207
8518,2013,11,2013-11-01T00:00:00,Zambia,Nchelenge,212.6579941037925
8519,2013,12,2013-12-01T00:00:00,Zambia,Nchelenge,235.628607971085
8520,2014,1,2014-01-01T00:00:00,Zambia,Nchelenge,194.9681721456661
8521,2014,2,2014-02-01T00:00:00,Zambia,Nchelenge,208.2637773353441
8522,2014,3,2014-03-01T00:00:00,Zambia,Nchelenge,300.97521933912157
8530,2014,11,2014-11-01T00:00:00,Zambia,Nchelenge,73.63110332190621
8531,2014,12,2014-12-01T00:00:00,Zambia,Nchelenge,137.04735654715014
8532,2015,1,2015-01-01T00:00:00,Zambia,Nchelenge,147.86580270174474
8533,2015,2,2015-02-01T00:00:00,Zambia,Nchelenge,173.23520939238864
8534,2015,3,2015-03-01T00:00:00,Zambia,Nchelenge,299.6804243241802
8542,2015,11,2015-11-01T00:00:00,Zambia,Nchelenge,160.06438555948722
8543,2015,12,2015-12-01T00:00:00,Zambia,Nchelenge,204.45850804487117
8544,2016,1,2016-01-01T00:00:00,Zambia,Nchelenge,185.4644106593106
8545,2016,2,2016-02-01T00:00:00,Zambia,Nchelenge,179.52356712475392
8546,2016,3,2016-03-01T00:00:00,Zambia,Nchelenge,253.54050124699623
8554,2016,11,2016-11-01T00:00:00,Zambia,Nchelenge,70.0474758768411
8555,2016,12,2016-12-01T00:00:00,Zambia,Nchelenge,163.1675285774459
8556,2017,1,2017-01-01T00:00:00,Zambia,Nchelenge,158.6475527621427
8557,2017,2,2017-02-01T00:00:00,Zambia,Nchelenge,244.17828331661156
8558,2017,3,2017-03-01T00:00:00,Zambia,Nchelenge,236.37541886061985
8566,2017,11,2017-11-01T00:00:00,Zambia,Nchelenge,115.07574261127478
8567,2017,12,2017-12-01T00:00:00,Zambia,Nchelenge,233.0551997677643
8568,2018,1,2018-01-01T00:00:00,Zambia,Nchelenge,169.20970832677978
8569,2018,2,2018-02-01T00:00:00,Zambia,Nchelenge,199.154779239867
8570,2018,3,2018-03-01T00:00:00,Zambia,Nchelenge,269.814445170699
8578,2018,11,2018-11-01T00:00:00,Zambia,Nchelenge,113.73870144952912
8579,2018,12,2018-12-01T00:00:00,Zambia,Nchelenge,239.0273930292542
8580,2019,1,2019-01-01T00:00:00,Zambia,Nchelenge,169.21830239439998
8581,2019,2,2019-02-01T00:00:00,Zambia,Nchelenge,246.8700847457359
8582,2019,3,2019-03-01T00:00:00,Zambia,Nchelenge,225.21871245949723
8590,2019,11,2019-11-01T00:00:00,Zambia,Nchelenge,126.81424306001952
8591,2019,12,2019-12-01T00:00:00,Zambia,Nchelenge,236.43430087512695
8592,2020,1,2020-01-01T00:00:00,Zambia,Nchelenge,170.19924445740034
8593,2020,2,2020-02-01T00:00:00,Zambia,Nchelenge,209.94347626377913
8594,2020,3,2020-03-01T00:00:00,Zambia,Nchelenge,314.65574069395234
8602,2020,11,2020-11-01T00:00:00,Zambia,Nchelenge,108.81291013472486
8603,2020,12,2020-12-01T00:00:00,Zambia,Nchelenge,193.4684081790173
8604,2021,1,2021-01-01T00:00:00,Zambia,Nchelenge,130.42340745299632
8605,2021,2,2021-02-01T00:00:00,Zambia,Nchelenge,240.7448269546102
8606,2021,3,2021-03-01T00:00:00,Zambia,Nchelenge,251.22547526374188
8614,2021,11,2021-11-01T00:00:00,Zambia,Nchelenge,83.97286345589978
8615,2021,12,2021-12-01T00:00:00,Zambia,Nchelenge,172.63948327398722
8616,2022,1,2022-01-01T00:00:00,Zambia,Nchelenge,225.83985538811237
8617,2022,2,2022-02-01T00:00:00,Zambia,Nchelenge,207.7284880215022
8618,2022,3,2022-03-01T00:00:00,Zambia,Nchelenge,269.4619903853977
8626,2022,11,2022-11-01T00:00:00,Zambia,Nchelenge,116.8293147211744
8627,2022,12,2022-12-01T00:00:00,Zambia,Nchelenge,293.6741321272931
8628,2023,1,2023-01-01T00:00:00,Zambia,Nchelenge,165.76489358691103
8629,2023,2,2023-02-01T00:00:00,Zambia,Nchelenge,124.51814386124185
8630,2023,3,2023-03-01T00:00:00,Zambia,Nchelenge,281.03506630187394
8638,2023,11,2023-11-01T00:00:00,Zambia,Nchelenge,234.7785788015363
8639,2023,12,2023-12-01T00:00:00,Zambia,Nchelenge,314.34596606130685
8640,2000,1,2000-01-01T00:00:00,Zambia,Samfya,283.0587605228225
8641,2000,2,2000-02-01T00:00:00,Zambia,Samfya,256.0620516012584
8642,2000,3,2000-03-01T00:00:00,Zambia,Samfya,293.50219499078815
8650,2000,11,2000-11-01T00:00:00,Zambia,Samfya,159.06960684181968
8651,2000,12,2000-12-01T00:00:00,Zambia,Samfya,305.5260380408469
8652,2001,1,2001-01-01T00:00:00,Zambia,Samfya,386.66506460126715
8653,2001,2,2001-02-01T00:00:00,Zambia,Samfya,272.353195173231
8654,2001,3,2001-03-01T00:00:00,Zambia,Samfya,262.285450071196
8662,2001,11,2001-11-01T00:00:00,Zambia,Samfya,129.57766770887042
8663,2001,12,2001-12-01T00:00:00,Zambia,Samfya,228.42844593158276
8664,2002,1,2002-01-01T00:00:00,Zambia,Samfya,376.1470007784066
8665,2002,2,2002-02-01T00:00:00,Zambia,Samfya,293.6479413712622
8666,2002,3,2002-03-01T00:00:00,Zambia,Samfya,213.14786775478072
8674,2002,11,2002-11-01T00:00:00,Zambia,Samfya,128.35301824453109
8675,2002,12,2002-12-01T00:00:00,Zambia,Samfya,324.23549035194065
8676,2003,1,2003-01-01T00:00:00,Zambia,Samfya,348.8463389836978
8677,2003,2,2003-02-01T00:00:00,Zambia,Samfya,212.84463468592574
8678,2003,3,2003-03-01T00:00:00,Zambia,Samfya,266.503077236986
8686,2003,11,2003-11-01T00:00:00,Zambia,Samfya,78.1273273979288
8687,2003,12,2003-12-01T00:00:00,Zambia,Samfya,295.2982796370604
8688,2004,1,2004-01-01T00:00:00,Zambia,Samfya,211.65027360397613
8689,2004,2,2004-02-01T00:00:00,Zambia,Samfya,275.0816516860639
8690,2004,3,2004-03-01T00:00:00,Zambia,Samfya,227.0601645353544
8698,2004,11,2004-11-01T00:00:00,Zambia,Samfya,145.79749662783715
8699,2004,12,2004-12-01T00:00:00,Zambia,Samfya,377.7025771054172
8700,2005,1,2005-01-01T00:00:00,Zambia,Samfya,382.78379067770794
8701,2005,2,2005-02-01T00:00:00,Zambia,Samfya,175.37399225795252
8702,2005,3,2005-03-01T00:00:00,Zambia,Samfya,189.28544853494546
8710,2005,11,2005-11-01T00:00:00,Zambia,Samfya,99.13192289318073
8711,2005,12,2005-12-01T00:00:00,Zambia,Samfya,219.60376410325168
8712,2006,1,2006-01-01T00:00:00,Zambia,Samfya,292.12703896103596
8713,2006,2,2006-02-01T00:00:00,Zambia,Samfya,311.02194638592425
8714,2006,3,2006-03-01T00:00:00,Zambia,Samfya,326.44850984616556
8722,2006,11,2006-11-01T00:00:00,Zambia,Samfya,140.02905757131006
8723,2006,12,2006-12-01T00:00:00,Zambia,Samfya,368.25128035410984
8724,2007,1,2007-01-01T00:00:00,Zambia,Samfya,383.91090636348974
8725,2007,2,2007-02-01T00:00:00,Zambia,Samfya,366.00995527778815
8726,2007,3,2007-03-01T00:00:00,Zambia,Samfya,198.40472347684434
8734,2007,11,2007-11-01T00:00:00,Zambia,Samfya,120.84726381516782
8735,2007,12,2007-12-01T00:00:00,Zambia,Samfya,308.3195622223295
8736,2008,1,2008-01-01T00:00:00,Zambia,Samfya,316.321363297949
8737,2008,2,2008-02-01T00:00:00,Zambia,Samfya,241.80019102541698
8738,2008,3,2008-03-01T00:00:00,Zambia,Samfya,200.91262669194518
8746,2008,11,2008-11-01T00:00:00,Zambia,Samfya,226.86043216302178
8747,2008,12,2008-12-01T00:00:00,Zambia,Samfya,250.45448448932663
8748,2009,1,2009-01-01T00:00:00,Zambia,Samfya,300.2954434984386
8749,2009,2,2009-02-01T00:00:00,Zambia,Samfya,335.5770651995689
8750,2009,3,2009-03-01T00:00:00,Zambia,Samfya,258.71729177643533
8758,2009,11,2009-11-01T00:00:00,Zambia,Samfya,177.14259203921068
8759,2009,12,2009-12-01T00:00:00,Zambia,Samfya,295.10167953789846
8760,2010,1,2010-01-01T00:00:00,Zambia,Samfya,251.53961742136391
8761,2010,2,2010-02-01T00:00:00,Zambia,Samfya,355.1280456328533
8762,2010,3,2010-03-01T00:00:00,Zambia,Samfya,260.60758128666356
8770,2010,11,2010-11-01T00:00:00,Zambia,Samfya,96.86392293521445
8771,2010,12,2010-12-01T00:00:00,Zambia,Samfya,279.6526931933702
8772,2011,1,2011-01-01T00:00:00,Zambia,Samfya,249.51357389655436
8773,2011,2,2011-02-01T00:00:00,Zambia,Samfya,256.41910883713786
8774,2011,3,2011-03-01T00:00:00,Zambia,Samfya,303.8997684247651
8782,2011,11,2011-11-01T00:00:00,Zambia,Samfya,132.01988201696696
8783,2011,12,2011-12-01T00:00:00,Zambia,Samfya,238.39343962160223
8784,2012,1,2012-01-01T00:00:00,Zambia,Samfya,298.1365794913179
8785,2012,2,2012-02-01T00:00:00,Zambia,Samfya,263.03869332566643
8786,2012,3,2012-03-01T00:00:00,Zambia,Samfya,277.3048802549805
8794,2012,11,2012-11-01T00:00:00,Zambia,Samfya,111.02396349040879
8795,2012,12,2012-12-01T00:00:00,Zambia,Samfya,346.0763334589563
8796,2013,1,2013-01-01T00:00:00,Zambia,Samfya,260.53121637834874
8797,2013,2,2013-02-01T00:00:00,Zambia,Samfya,247.29792225488356
8798,2013,3,2013-03-01T00:00:00,Zambia,Samfya,208.60220482581218
8806,2013,11,2013-11-01T00:00:00,Zambia,Samfya,137.6090752622036
8807,2013,12,2013-12-01T00:00:00,Zambia,Samfya,315.29032619067226
8808,2014,1,2014-01-01T00:00:00,Zambia,Samfya,271.2615266377577
8809,2014,2,2014-02-01T00:00:00,Zambia,Samfya,298.25224017393765
8810,2014,3,2014-03-01T00:00:00,Zambia,Samfya,211.44728107658335
8818,2014,11,2014-11-01T00:00:00,Zambia,Samfya,55.49835489834797
8819,2014,12,2014-12-01T00:00:00,Zambia,Samfya,156.61458156190773
8820,2015,1,2015-01-01T00:00:00,Zambia,Samfya,254.18742923569928
8821,2015,2,2015-02-01T00:00:00,Zambia,Samfya,218.6477114054257
8822,2015,3,2015-03-01T00:00:00,Zambia,Samfya,194.1177656826035
8830,2015,11,2015-11-01T00:00:00,Zambia,Samfya,121.13382143024418
8831,2015,12,2015-12-01T00:00:00,Zambia,Samfya,231.9972604695744
8832,2016,1,2016-01-01T00:00:00,Zambia,Samfya,260.5405459440142
8833,2016,2,2016-02-01T00:00:00,Zambia,Samfya,189.62223235435943
8834,2016,3,2016-03-01T00:00:00,Zambia,Samfya,277.97617653295
8842,2016,11,2016-11-01T00:00:00,Zambia,Samfya,109.09567352308058
8843,2016,12,2016-12-01T00:00:00,Zambia,Samfya,225.36866624211697
8844,2017,1,2017-01-01T00:00:00,Zambia,Samfya,279.22958131887094
8845,2017,2,2017-02-01T00:00:00,Zambia,Samfya,373.1031590605102
8846,2017,3,2017-03-01T00:00:00,Zambia,Samfya,170.39700751268168
8854,2017,11,2017-11-01T00:00:00,Zambia,Samfya,185.06207972837137
8855,2017,12,2017-12-01T00:00:00,Zambia,Samfya,294.71546288240125
8856,2018,1,2018-01-01T00:00:00,Zambia,Samfya,202.65021194645516
8857,2018,2,2018-02-01T00:00:00,Zambia,Samfya,290.5693115826232
8858,2018,3,2018-03-01T00:00:00,Zambia,Samfya,251.78159037208752
8866,2018,11,2018-11-01T00:00:00,Zambia,Samfya,94.3811738782282
8867,2018,12,2018-12-01T00:00:00,Zambia,Samfya,318.97514888446227
8868,2019,1,2019-01-01T00:00:00,Zambia,Samfya,276.1642880275315
8869,2019,2,2019-02-01T00:00:00,Zambia,Samfya,258.30202877573765
8870,2019,3,2019-03-01T00:00:00,Zambia,Samfya,256.7060445296413
8878,2019,11,2019-11-01T00:00:00,Zambia,Samfya,126.9510993546984
8879,2019,12,2019-12-01T00:00:00,Zambia,Samfya,188.0517953937155
8880,2020,1,2020-01-01T00:00:00,Zambia,Samfya,250.54868484867637
8881,2020,2,2020-02-01T00:00:00,Zambia,Samfya,281.0746314037516
8882,2020,3,2020-03-01T00:00:00,Zambia,Samfya,307.6627597861671
8890,2020,11,2020-11-01T00:00:00,Zambia,Samfya,107.12266281829737
8891,2020,12,2020-12-01T00:00:00,Zambia,Samfya,292.4939822308977
8892,2021,1,2021-01-01T00:00:00,Zambia,Samfya,325.85475098123607
8893,2021,2,2021-02-01T00:00:00,Zambia,Samfya,406.46524880773063
8894,2021,3,2021-03-01T00:00:00,Zambia,Samfya,304.93612714848126
8902,2021,11,2021-11-01T00:00:00,Zambia,Samfya,95.9658038776384
8903,2021,12,2021-12-01T00:00:00,Zambia,Samfya,175.143106778338
8904,2022,1,2022-01-01T00:00:00,Zambia,Samfya,285.2177036742955
8905,2022,2,2022-02-01T00:00:00,Zambia,Samfya,301.4847793092061
8906,2022,3,2022-03-01T00:00:00,Zambia,Samfya,225.66547365577068
8914,2022,11,2022-11-01T00:00:00,Zambia,Samfya,113.50916397000374
8915,2022,12,2022-12-01T00:00:00,Zambia,Samfya,284.24971084448185
8916,2023,1,2023-01-01T00:00:00,Zambia,Samfya,255.2360236325521
8917,2023,2,2023-02-01T00:00:00,Zambia,Samfya,189.64396342809258
8918,2023,3,2023-03-01T00:00:00,Zambia,Samfya,291.7389180171346
8926,2023,11,2023-11-01T00:00:00,Zambia,Samfya,104.89032602259608
8927,2023,12,2023-12-01T00:00:00,Zambia,Samfya,373.17348295816055
8928,2000,1,2000-01-01T00:00:00,Zambia,Chongwe,218.20433870155262
8929,2000,2,2000-02-01T00:00:00,Zambia,Chongwe,238.28773641261378
8930,2000,3,2000-03-01T00:00:00,Zambia,Chongwe,202.08745536776942
8938,2000,11,2000-11-01T00:00:00,Zambia,Chongwe,106.70680220879204
8939,2000,12,2000-12-01T00:00:00,Zambia,Chongwe,163.86960773258573
8940,2001,1,2001-01-01T00:00:00,Zambia,Chongwe,211.31186551151075
8941,2001,2,2001-02-01T00:00:00,Zambia,Chongwe,342.03607980767856
8942,2001,3,2001-03-01T00:00:00,Zambia,Chongwe,189.6814199792584
8950,2001,11,2001-11-01T00:00:00,Zambia,Chongwe,99.9787461834146
8951,2001,12,2001-12-01T00:00:00,Zambia,Chongwe,179.48267062031215
8952,2002,1,2002-01-01T00:00:00,Zambia,Chongwe,123.09049811416924
8953,2002,2,2002-02-01T00:00:00,Zambia,Chongwe,51.77716796152459
8954,2002,3,2002-03-01T00:00:00,Zambia,Chongwe,45.465676533213646
8962,2002,11,2002-11-01T00:00:00,Zambia,Chongwe,71.7667838182347
8963,2002,12,2002-12-01T00:00:00,Zambia,Chongwe,180.84825228490917
8964,2003,1,2003-01-01T00:00:00,Zambia,Chongwe,143.31241617412434
8965,2003,2,2003-02-01T00:00:00,Zambia,Chongwe,224.38911105451788
8966,2003,3,2003-03-01T00:00:00,Zambia,Chongwe,180.37009592292452
8974,2003,11,2003-11-01T00:00:00,Zambia,Chongwe,64.1621599208637
8975,2003,12,2003-12-01T00:00:00,Zambia,Chongwe,169.0816026204998
8976,2004,1,2004-01-01T00:00:00,Zambia,Chongwe,239.7472925291878
8977,2004,2,2004-02-01T00:00:00,Zambia,Chongwe,184.85134393319382
8978,2004,3,2004-03-01T00:00:00,Zambia,Chongwe,118.28416359692739
8986,2004,11,2004-11-01T00:00:00,Zambia,Chongwe,48.18836919558824
8987,2004,12,2004-12-01T00:00:00,Zambia,Chongwe,287.22142069780915
8988,2005,1,2005-01-01T00:00:00,Zambia,Chongwe,236.59904973160403
8989,2005,2,2005-02-01T00:00:00,Zambia,Chongwe,67.50163671886719
8990,2005,3,2005-03-01T00:00:00,Zambia,Chongwe,36.70541693632695
8998,2005,11,2005-11-01T00:00:00,Zambia,Chongwe,83.16132904907327
8999,2005,12,2005-12-01T00:00:00,Zambia,Chongwe,235.70242087184351
9000,2006,1,2006-01-01T00:00:00,Zambia,Chongwe,187.5710132933783
9001,2006,2,2006-02-01T00:00:00,Zambia,Chongwe,230.07380835240625
9002,2006,3,2006-03-01T00:00:00,Zambia,Chongwe,162.065842018902
9010,2006,11,2006-11-01T00:00:00,Zambia,Chongwe,72.46696714701456
9011,2006,12,2006-12-01T00:00:00,Zambia,Chongwe,142.930194673329
9012,2007,1,2007-01-01T00:00:00,Zambia,Chongwe,258.2256221001265
9013,2007,2,2007-02-01T00:00:00,Zambia,Chongwe,205.69427237157123
9014,2007,3,2007-03-01T00:00:00,Zambia,Chongwe,67.67401238043642
9022,2007,11,2007-11-01T00:00:00,Zambia,Chongwe,109.91957508947837
9023,2007,12,2007-12-01T00:00:00,Zambia,Chongwe,329.95787930195473
9024,2008,1,2008-01-01T00:00:00,Zambia,Chongwe,314.43830083945727
9025,2008,2,2008-02-01T00:00:00,Zambia,Chongwe,70.09500246677965
9026,2008,3,2008-03-01T00:00:00,Zambia,Chongwe,77.7204159581108
9034,2008,11,2008-11-01T00:00:00,Zambia,Chongwe,88.80500866417343
9035,2008,12,2008-12-01T00:00:00,Zambia,Chongwe,267.6931790042397
9036,2009,1,2009-01-01T00:00:00,Zambia,Chongwe,297.0106454644737
9037,2009,2,2009-02-01T00:00:00,Zambia,Chongwe,95.23522949578822
9038,2009,3,2009-03-01T00:00:00,Zambia,Chongwe,138.9566125663519
9046,2009,11,2009-11-01T00:00:00,Zambia,Chongwe,137.88875665713576
9047,2009,12,2009-12-01T00:00:00,Zambia,Chongwe,169.53967706940307
9048,2010,1,2010-01-01T00:00:00,Zambia,Chongwe,144.57684928507362
9049,2010,2,2010-02-01T00:00:00,Zambia,Chongwe,341.07537887193695
9050,2010,3,2010-03-01T00:00:00,Zambia,Chongwe,99.27147114176454
9058,2010,11,2010-11-01T00:00:00,Zambia,Chongwe,77.96368574492078
9059,2010,12,2010-12-01T00:00:00,Zambia,Chongwe,247.4168980552393
9060,2011,1,2011-01-01T00:00:00,Zambia,Chongwe,248.22864004135138
9061,2011,2,2011-02-01T00:00:00,Zambia,Chongwe,42.31185880788117
9062,2011,3,2011-03-01T00:00:00,Zambia,Chongwe,100.56738125055722
9070,2011,11,2011-11-01T00:00:00,Zambia,Chongwe,80.26984555216515
9071,2011,12,2011-12-01T00:00:00,Zambia,Chongwe,127.98148931496239
9072,2012,1,2012-01-01T00:00:00,Zambia,Chongwe,249.74542986577316
9073,2012,2,2012-02-01T00:00:00,Zambia,Chongwe,153.8878698406916
9074,2012,3,2012-03-01T00:00:00,Zambia,Chongwe,112.20646724264647
9082,2012,11,2012-11-01T00:00:00,Zambia,Chongwe,44.71303792273037
9083,2012,12,2012-12-01T00:00:00,Zambia,Chongwe,199.79099864465343
9084,2013,1,2013-01-01T00:00:00,Zambia,Chongwe,291.1633840715436
9085,2013,2,2013-02-01T00:00:00,Zambia,Chongwe,197.16018261037905
9086,2013,3,2013-03-01T00:00:00,Zambia,Chongwe,53.969013451197945
9094,2013,11,2013-11-01T00:00:00,Zambia,Chongwe,37.84874948954907
9095,2013,12,2013-12-01T00:00:00,Zambia,Chongwe,209.59126274189032
9096,2014,1,2014-01-01T00:00:00,Zambia,Chongwe,273.67239679571384
9097,2014,2,2014-02-01T00:00:00,Zambia,Chongwe,177.38070025673508
9098,2014,3,2014-03-01T00:00:00,Zambia,Chongwe,78.95532187414864
9106,2014,11,2014-11-01T00:00:00,Zambia,Chongwe,21.80689385995804
9107,2014,12,2014-12-01T00:00:00,Zambia,Chongwe,231.72796236926897
9108,2015,1,2015-01-01T00:00:00,Zambia,Chongwe,265.00892929200023
9109,2015,2,2015-02-01T00:00:00,Zambia,Chongwe,188.15121988040892
9110,2015,3,2015-03-01T00:00:00,Zambia,Chongwe,64.58246559592166
9118,2015,11,2015-11-01T00:00:00,Zambia,Chongwe,52.90547969478841
9119,2015,12,2015-12-01T00:00:00,Zambia,Chongwe,100.43933885990774
9120,2016,1,2016-01-01T00:00:00,Zambia,Chongwe,231.30988013849645
9121,2016,2,2016-02-01T00:00:00,Zambia,Chongwe,99.68203218227006
9122,2016,3,2016-03-01T00:00:00,Zambia,Chongwe,199.7623820175854
9130,2016,11,2016-11-01T00:00:00,Zambia,Chongwe,93.65657245898736
9131,2016,12,2016-12-01T00:00:00,Zambia,Chongwe,205.11842012643197
9132,2017,1,2017-01-01T00:00:00,Zambia,Chongwe,317.88683486994586
9133,2017,2,2017-02-01T00:00:00,Zambia,Chongwe,283.01984645025954
9134,2017,3,2017-03-01T00:00:00,Zambia,Chongwe,98.49363360332794
9142,2017,11,2017-11-01T00:00:00,Zambia,Chongwe,114.12269217707153
9143,2017,12,2017-12-01T00:00:00,Zambia,Chongwe,173.58607244630025
9144,2018,1,2018-01-01T00:00:00,Zambia,Chongwe,64.38208486681543
9145,2018,2,2018-02-01T00:00:00,Zambia,Chongwe,313.7361312215177
9146,2018,3,2018-03-01T00:00:00,Zambia,Chongwe,144.33942632885785
9154,2018,11,2018-11-01T00:00:00,Zambia,Chongwe,36.203973149943025
9155,2018,12,2018-12-01T00:00:00,Zambia,Chongwe,123.81593960124202
9156,2019,1,2019-01-01T00:00:00,Zambia,Chongwe,191.55002474916893
9157,2019,2,2019-02-01T00:00:00,Zambia,Chongwe,129.47360547996522
9158,2019,3,2019-03-01T00:00:00,Zambia,Chongwe,44.58494817215953
9166,2019,11,2019-11-01T00:00:00,Zambia,Chongwe,89.3207152446176
9167,2019,12,2019-12-01T00:00:00,Zambia,Chongwe,57.84335785837953
9168,2020,1,2020-01-01T00:00:00,Zambia,Chongwe,234.86672943914542
9169,2020,2,2020-02-01T00:00:00,Zambia,Chongwe,259.10489535026795
9170,2020,3,2020-03-01T00:00:00,Zambia,Chongwe,28.493883531267223
9178,2020,11,2020-11-01T00:00:00,Zambia,Chongwe,41.585616677285124
9179,2020,12,2020-12-01T00:00:00,Zambia,Chongwe,280.7637723885963
9180,2021,1,2021-01-01T00:00:00,Zambia,Chongwe,259.44276709301187
9181,2021,2,2021-02-01T00:00:00,Zambia,Chongwe,272.801589460967
9182,2021,3,2021-03-01T00:00:00,Zambia,Chongwe,105.0943756673501
9190,2021,11,2021-11-01T00:00:00,Zambia,Chongwe,72.80311555079788
9191,2021,12,2021-12-01T00:00:00,Zambia,Chongwe,103.39116654481089
9192,2022,1,2022-01-01T00:00:00,Zambia,Chongwe,387.32515183422083
9193,2022,2,2022-02-01T00:00:00,Zambia,Chongwe,70.46803123848844
9194,2022,3,2022-03-01T00:00:00,Zambia,Chongwe,58.03041591116981
9202,2022,11,2022-11-01T00:00:00,Zambia,Chongwe,113.65170835906939
9203,2022,12,2022-12-01T00:00:00,Zambia,Chongwe,130.43037749454868
9204,2023,1,2023-01-01T00:00:00,Zambia,Chongwe,330.58355392772376
9205,2023,2,2023-02-01T00:00:00,Zambia,Chongwe,217.90285932524318
9206,2023,3,2023-03-01T00:00:00,Zambia,Chongwe,95.96135736293364
9214,2023,11,2023-11-01T00:00:00,Zambia,Chongwe,17.49132494996788
9215,2023,12,2023-12-01T00:00:00,Zambia,Chongwe,209.41950595483976
9216,2000,1,2000-01-01T00:00:00,Zambia,Kafue,215.9091955376573
9217,2000,2,2000-02-01T00:00:00,Zambia,Kafue,220.82326420030944
9218,2000,3,2000-03-01T00:00:00,Zambia,Kafue,157.42279416193688
9226,2000,11,2000-11-01T00:00:00,Zambia,Kafue,87.17025857402905
9227,2000,12,2000-12-01T00:00:00,Zambia,Kafue,181.8591372578715
9228,2001,1,2001-01-01T00:00:00,Zambia,Kafue,188.22046183005818
9229,2001,2,2001-02-01T00:00:00,Zambia,Kafue,298.37142607413796
9230,2001,3,2001-03-01T00:00:00,Zambia,Kafue,155.41123098450004
9238,2001,11,2001-11-01T00:00:00,Zambia,Kafue,121.8684173082048
9239,2001,12,2001-12-01T00:00:00,Zambia,Kafue,173.18279081570012
9240,2002,1,2002-01-01T00:00:00,Zambia,Kafue,120.05779044177832
9241,2002,2,2002-02-01T00:00:00,Zambia,Kafue,64.87501307083569
9242,2002,3,2002-03-01T00:00:00,Zambia,Kafue,52.31470363041625
9250,2002,11,2002-11-01T00:00:00,Zambia,Kafue,70.16227672969652
9251,2002,12,2002-12-01T00:00:00,Zambia,Kafue,119.29701139200151
9252,2003,1,2003-01-01T00:00:00,Zambia,Kafue,134.4841984481231
9253,2003,2,2003-02-01T00:00:00,Zambia,Kafue,199.1081220277134
9254,2003,3,2003-03-01T00:00:00,Zambia,Kafue,193.4536979260064
9262,2003,11,2003-11-01T00:00:00,Zambia,Kafue,83.94317317200212
9263,2003,12,2003-12-01T00:00:00,Zambia,Kafue,144.7052637498632
9264,2004,1,2004-01-01T00:00:00,Zambia,Kafue,235.5209538193394
9265,2004,2,2004-02-01T00:00:00,Zambia,Kafue,175.1523202367801
9266,2004,3,2004-03-01T00:00:00,Zambia,Kafue,126.0011105227554
9274,2004,11,2004-11-01T00:00:00,Zambia,Kafue,55.434326898123096
9275,2004,12,2004-12-01T00:00:00,Zambia,Kafue,274.18153379518765
9276,2005,1,2005-01-01T00:00:00,Zambia,Kafue,186.66072209499114
9277,2005,2,2005-02-01T00:00:00,Zambia,Kafue,55.798588258407165
9278,2005,3,2005-03-01T00:00:00,Zambia,Kafue,32.11051728325881
9286,2005,11,2005-11-01T00:00:00,Zambia,Kafue,87.99611561484625
9287,2005,12,2005-12-01T00:00:00,Zambia,Kafue,238.21250587340586
9288,2006,1,2006-01-01T00:00:00,Zambia,Kafue,189.77161565704964
9289,2006,2,2006-02-01T00:00:00,Zambia,Kafue,213.89696029143985
9290,2006,3,2006-03-01T00:00:00,Zambia,Kafue,137.3735917578345
9298,2006,11,2006-11-01T00:00:00,Zambia,Kafue,77.1898792483794
9299,2006,12,2006-12-01T00:00:00,Zambia,Kafue,143.65132748055245
9300,2007,1,2007-01-01T00:00:00,Zambia,Kafue,275.46561126170917
9301,2007,2,2007-02-01T00:00:00,Zambia,Kafue,196.91391589966625
9302,2007,3,2007-03-01T00:00:00,Zambia,Kafue,60.11022013566282
9310,2007,11,2007-11-01T00:00:00,Zambia,Kafue,118.23281897597077
9311,2007,12,2007-12-01T00:00:00,Zambia,Kafue,345.8127786854408
9312,2008,1,2008-01-01T00:00:00,Zambia,Kafue,313.9285210910588
9313,2008,2,2008-02-01T00:00:00,Zambia,Kafue,98.60643775560781
9314,2008,3,2008-03-01T00:00:00,Zambia,Kafue,78.45881536121384
9322,2008,11,2008-11-01T00:00:00,Zambia,Kafue,98.50227893504525
9323,2008,12,2008-12-01T00:00:00,Zambia,Kafue,247.54270047091495
9324,2009,1,2009-01-01T00:00:00,Zambia,Kafue,263.51879672884485
9325,2009,2,2009-02-01T00:00:00,Zambia,Kafue,77.9769855627863
9326,2009,3,2009-03-01T00:00:00,Zambia,Kafue,144.67186706410845
9334,2009,11,2009-11-01T00:00:00,Zambia,Kafue,170.17233593858825
9335,2009,12,2009-12-01T00:00:00,Zambia,Kafue,133.17643340052769
9336,2010,1,2010-01-01T00:00:00,Zambia,Kafue,144.01112563412013
9337,2010,2,2010-02-01T00:00:00,Zambia,Kafue,294.8099305831541
9338,2010,3,2010-03-01T00:00:00,Zambia,Kafue,108.63110404776084
9346,2010,11,2010-11-01T00:00:00,Zambia,Kafue,93.69291376878947
9347,2010,12,2010-12-01T00:00:00,Zambia,Kafue,230.5916222084264
9348,2011,1,2011-01-01T00:00:00,Zambia,Kafue,235.503650103767
9349,2011,2,2011-02-01T00:00:00,Zambia,Kafue,69.89980268068271
9350,2011,3,2011-03-01T00:00:00,Zambia,Kafue,91.03009559549265
9358,2011,11,2011-11-01T00:00:00,Zambia,Kafue,86.46908520213469
9359,2011,12,2011-12-01T00:00:00,Zambia,Kafue,122.85505579658827
9360,2012,1,2012-01-01T00:00:00,Zambia,Kafue,223.00807310576926
9361,2012,2,2012-02-01T00:00:00,Zambia,Kafue,156.8743541457149
9362,2012,3,2012-03-01T00:00:00,Zambia,Kafue,104.33422082833945
9370,2012,11,2012-11-01T00:00:00,Zambia,Kafue,57.79775091476537
9371,2012,12,2012-12-01T00:00:00,Zambia,Kafue,197.57572829917223
9372,2013,1,2013-01-01T00:00:00,Zambia,Kafue,308.6019300068859
9373,2013,2,2013-02-01T00:00:00,Zambia,Kafue,196.27247901136974
9374,2013,3,2013-03-01T00:00:00,Zambia,Kafue,44.421240992900955
9382,2013,11,2013-11-01T00:00:00,Zambia,Kafue,53.27277064415718
9383,2013,12,2013-12-01T00:00:00,Zambia,Kafue,196.2767816699389
9384,2014,1,2014-01-01T00:00:00,Zambia,Kafue,285.8654806129443
9385,2014,2,2014-02-01T00:00:00,Zambia,Kafue,167.9468757882127
9386,2014,3,2014-03-01T00:00:00,Zambia,Kafue,69.12189020771203
9394,2014,11,2014-11-01T00:00:00,Zambia,Kafue,33.740472499385746
9395,2014,12,2014-12-01T00:00:00,Zambia,Kafue,262.2318314610434
9396,2015,1,2015-01-01T00:00:00,Zambia,Kafue,236.1964289869359
9397,2015,2,2015-02-01T00:00:00,Zambia,Kafue,158.3469646501926
9398,2015,3,2015-03-01T00:00:00,Zambia,Kafue,55.752911446332746
9406,2015,11,2015-11-01T00:00:00,Zambia,Kafue,45.39669616228473
9407,2015,12,2015-12-01T00:00:00,Zambia,Kafue,86.4780328584016
9408,2016,1,2016-01-01T00:00:00,Zambia,Kafue,241.12665053420415
9409,2016,2,2016-02-01T00:00:00,Zambia,Kafue,113.52111382257121
9410,2016,3,2016-03-01T00:00:00,Zambia,Kafue,204.104608103266
9418,2016,11,2016-11-01T00:00:00,Zambia,Kafue,103.6870510573556
9419,2016,12,2016-12-01T00:00:00,Zambia,Kafue,204.03985274972388
9420,2017,1,2017-01-01T00:00:00,Zambia,Kafue,300.39439479459
9421,2017,2,2017-02-01T00:00:00,Zambia,Kafue,247.70013830495662
9422,2017,3,2017-03-01T00:00:00,Zambia,Kafue,86.97218341059435
9430,2017,11,2017-11-01T00:00:00,Zambia,Kafue,111.78224140138671
9431,2017,12,2017-12-01T00:00:00,Zambia,Kafue,154.54428514675263
9432,2018,1,2018-01-01T00:00:00,Zambia,Kafue,65.8002446371447
9433,2018,2,2018-02-01T00:00:00,Zambia,Kafue,353.11155130444075
9434,2018,3,2018-03-01T00:00:00,Zambia,Kafue,135.68428341136288
9442,2018,11,2018-11-01T00:00:00,Zambia,Kafue,28.67835401058229
9443,2018,12,2018-12-01T00:00:00,Zambia,Kafue,112.91598976045444
9444,2019,1,2019-01-01T00:00:00,Zambia,Kafue,194.93347660167356
9445,2019,2,2019-02-01T00:00:00,Zambia,Kafue,105.29922624372008
9446,2019,3,2019-03-01T00:00:00,Zambia,Kafue,23.146499552781695
9454,2019,11,2019-11-01T00:00:00,Zambia,Kafue,91.93622431776771
9455,2019,12,2019-12-01T00:00:00,Zambia,Kafue,55.15918111041022
9456,2020,1,2020-01-01T00:00:00,Zambia,Kafue,305.78057878708927
9457,2020,2,2020-02-01T00:00:00,Zambia,Kafue,270.44659342207297
9458,2020,3,2020-03-01T00:00:00,Zambia,Kafue,33.27375345890127
9466,2020,11,2020-11-01T00:00:00,Zambia,Kafue,51.80155394955155
9467,2020,12,2020-12-01T00:00:00,Zambia,Kafue,274.95230078527754
9468,2021,1,2021-01-01T00:00:00,Zambia,Kafue,239.2583430188969
9469,2021,2,2021-02-01T00:00:00,Zambia,Kafue,190.5136737169471
9470,2021,3,2021-03-01T00:00:00,Zambia,Kafue,73.15178790122303
9478,2021,11,2021-11-01T00:00:00,Zambia,Kafue,60.035729581972255
9479,2021,12,2021-12-01T00:00:00,Zambia,Kafue,93.23305575619024
9480,2022,1,2022-01-01T00:00:00,Zambia,Kafue,419.7588426639453
9481,2022,2,2022-02-01T00:00:00,Zambia,Kafue,78.48621986675596
9482,2022,3,2022-03-01T00:00:00,Zambia,Kafue,61.63586389536123
9490,2022,11,2022-11-01T00:00:00,Zambia,Kafue,117.33492491116479
9491,2022,12,2022-12-01T00:00:00,Zambia,Kafue,130.3199741514022
9492,2023,1,2023-01-01T00:00:00,Zambia,Kafue,286.8513085551114
9493,2023,2,2023-02-01T00:00:00,Zambia,Kafue,196.26726033366313
9494,2023,3,2023-03-01T00:00:00,Zambia,Kafue,63.7644885256023
9502,2023,11,2023-11-01T00:00:00,Zambia,Kafue,26.066233703791415
9503,2023,12,2023-12-01T00:00:00,Zambia,Kafue,211.8329773026725
9504,2000,1,2000-01-01T00:00:00,Zambia,Luangwa,185.44669631041052
9505,2000,2,2000-02-01T00:00:00,Zambia,Luangwa,213.4589442978838
9506,2000,3,2000-03-01T00:00:00,Zambia,Luangwa,155.8656677886309
9514,2000,11,2000-11-01T00:00:00,Zambia,Luangwa,83.76735559460633
9515,2000,12,2000-12-01T00:00:00,Zambia,Luangwa,142.7949839163118
9516,2001,1,2001-01-01T00:00:00,Zambia,Luangwa,172.6028969023863
9517,2001,2,2001-02-01T00:00:00,Zambia,Luangwa,332.07629677578274
9518,2001,3,2001-03-01T00:00:00,Zambia,Luangwa,185.7246673921397
9526,2001,11,2001-11-01T00:00:00,Zambia,Luangwa,66.50228593363434
9527,2001,12,2001-12-01T00:00:00,Zambia,Luangwa,180.16121738136627
9528,2002,1,2002-01-01T00:00:00,Zambia,Luangwa,107.90928044950564
9529,2002,2,2002-02-01T00:00:00,Zambia,Luangwa,41.17269727998016
9530,2002,3,2002-03-01T00:00:00,Zambia,Luangwa,47.474755028989094
9538,2002,11,2002-11-01T00:00:00,Zambia,Luangwa,46.392648303759934
9539,2002,12,2002-12-01T00:00:00,Zambia,Luangwa,173.2074071412966
9540,2003,1,2003-01-01T00:00:00,Zambia,Luangwa,125.61961711545251
9541,2003,2,2003-02-01T00:00:00,Zambia,Luangwa,213.9101607336628
9542,2003,3,2003-03-01T00:00:00,Zambia,Luangwa,161.79159076246293
9550,2003,11,2003-11-01T00:00:00,Zambia,Luangwa,36.15278469103054
9551,2003,12,2003-12-01T00:00:00,Zambia,Luangwa,151.8499788934756
9552,2004,1,2004-01-01T00:00:00,Zambia,Luangwa,193.74376551713573
9553,2004,2,2004-02-01T00:00:00,Zambia,Luangwa,168.1679246399146
9554,2004,3,2004-03-01T00:00:00,Zambia,Luangwa,99.102328678207
9562,2004,11,2004-11-01T00:00:00,Zambia,Luangwa,36.48005732046797
9563,2004,12,2004-12-01T00:00:00,Zambia,Luangwa,286.22133552657095
9564,2005,1,2005-01-01T00:00:00,Zambia,Luangwa,226.34378291234574
9565,2005,2,2005-02-01T00:00:00,Zambia,Luangwa,54.72605016302644
9566,2005,3,2005-03-01T00:00:00,Zambia,Luangwa,30.861136756896627
9574,2005,11,2005-11-01T00:00:00,Zambia,Luangwa,75.89430695564447
9575,2005,12,2005-12-01T00:00:00,Zambia,Luangwa,222.60928237156637
9576,2006,1,2006-01-01T00:00:00,Zambia,Luangwa,178.27522212525002
9577,2006,2,2006-02-01T00:00:00,Zambia,Luangwa,207.93669699123888
9578,2006,3,2006-03-01T00:00:00,Zambia,Luangwa,147.0065723500963
9586,2006,11,2006-11-01T00:00:00,Zambia,Luangwa,48.6074113074471
9587,2006,12,2006-12-01T00:00:00,Zambia,Luangwa,131.51237053803752
9588,2007,1,2007-01-01T00:00:00,Zambia,Luangwa,212.32440124313334
9589,2007,2,2007-02-01T00:00:00,Zambia,Luangwa,180.44399284636046
9590,2007,3,2007-03-01T00:00:00,Zambia,Luangwa,61.33510786306046
9598,2007,11,2007-11-01T00:00:00,Zambia,Luangwa,107.43265637981608
9599,2007,12,2007-12-01T00:00:00,Zambia,Luangwa,285.6565549759878
9600,2008,1,2008-01-01T00:00:00,Zambia,Luangwa,264.3622169633075
9601,2008,2,2008-02-01T00:00:00,Zambia,Luangwa,44.26807145245733
9602,2008,3,2008-03-01T00:00:00,Zambia,Luangwa,65.54597167335758
9610,2008,11,2008-11-01T00:00:00,Zambia,Luangwa,67.47820273981694
9611,2008,12,2008-12-01T00:00:00,Zambia,Luangwa,260.563801615379
9612,2009,1,2009-01-01T00:00:00,Zambia,Luangwa,265.13930862618395
9613,2009,2,2009-02-01T00:00:00,Zambia,Luangwa,91.42361707541366
9614,2009,3,2009-03-01T00:00:00,Zambia,Luangwa,131.8217651768725
9622,2009,11,2009-11-01T00:00:00,Zambia,Luangwa,97.78267822758623
9623,2009,12,2009-12-01T00:00:00,Zambia,Luangwa,170.6524695987978
9624,2010,1,2010-01-01T00:00:00,Zambia,Luangwa,132.75256838428584
9625,2010,2,2010-02-01T00:00:00,Zambia,Luangwa,310.2729629052933
9626,2010,3,2010-03-01T00:00:00,Zambia,Luangwa,86.39219002092385
9634,2010,11,2010-11-01T00:00:00,Zambia,Luangwa,54.71746511762964
9635,2010,12,2010-12-01T00:00:00,Zambia,Luangwa,208.1821327145172
9636,2011,1,2011-01-01T00:00:00,Zambia,Luangwa,239.36713111778909
9637,2011,2,2011-02-01T00:00:00,Zambia,Luangwa,24.409756107363624
9638,2011,3,2011-03-01T00:00:00,Zambia,Luangwa,90.715722370861
9646,2011,11,2011-11-01T00:00:00,Zambia,Luangwa,50.77308638112001
9647,2011,12,2011-12-01T00:00:00,Zambia,Luangwa,136.857563650565
9648,2012,1,2012-01-01T00:00:00,Zambia,Luangwa,233.8374687755392
9649,2012,2,2012-02-01T00:00:00,Zambia,Luangwa,129.53724243431427
9650,2012,3,2012-03-01T00:00:00,Zambia,Luangwa,104.13065100359192
9658,2012,11,2012-11-01T00:00:00,Zambia,Luangwa,23.991851747290546
9659,2012,12,2012-12-01T00:00:00,Zambia,Luangwa,170.01471340194144
9660,2013,1,2013-01-01T00:00:00,Zambia,Luangwa,241.32110376715937
9661,2013,2,2013-02-01T00:00:00,Zambia,Luangwa,193.02593287908212
9662,2013,3,2013-03-01T00:00:00,Zambia,Luangwa,48.93537677368087
9670,2013,11,2013-11-01T00:00:00,Zambia,Luangwa,19.82249251702725
9671,2013,12,2013-12-01T00:00:00,Zambia,Luangwa,183.07245984651496
9672,2014,1,2014-01-01T00:00:00,Zambia,Luangwa,255.38906399117573
9673,2014,2,2014-02-01T00:00:00,Zambia,Luangwa,171.92562885166257
9674,2014,3,2014-03-01T00:00:00,Zambia,Luangwa,71.85159973795999
9682,2014,11,2014-11-01T00:00:00,Zambia,Luangwa,16.619149911072032
9683,2014,12,2014-12-01T00:00:00,Zambia,Luangwa,207.95067010484237
9684,2015,1,2015-01-01T00:00:00,Zambia,Luangwa,287.8821263572578
9685,2015,2,2015-02-01T00:00:00,Zambia,Luangwa,187.0785678119941
9686,2015,3,2015-03-01T00:00:00,Zambia,Luangwa,62.35187112874114
9694,2015,11,2015-11-01T00:00:00,Zambia,Luangwa,46.728976307247535
9695,2015,12,2015-12-01T00:00:00,Zambia,Luangwa,98.06828092688284
9696,2016,1,2016-01-01T00:00:00,Zambia,Luangwa,200.75093068150215
9697,2016,2,2016-02-01T00:00:00,Zambia,Luangwa,59.02662114697795
9698,2016,3,2016-03-01T00:00:00,Zambia,Luangwa,174.6871532609651
9706,2016,11,2016-11-01T00:00:00,Zambia,Luangwa,63.0264612369378
9707,2016,12,2016-12-01T00:00:00,Zambia,Luangwa,180.63718953377006
9708,2017,1,2017-01-01T00:00:00,Zambia,Luangwa,306.45019755917366
9709,2017,2,2017-02-01T00:00:00,Zambia,Luangwa,247.54644943900428
9710,2017,3,2017-03-01T00:00:00,Zambia,Luangwa,126.26317270785277
9718,2017,11,2017-11-01T00:00:00,Zambia,Luangwa,95.68251291028709
9719,2017,12,2017-12-01T00:00:00,Zambia,Luangwa,169.08161662638128
9720,2018,1,2018-01-01T00:00:00,Zambia,Luangwa,61.855349549863334
9721,2018,2,2018-02-01T00:00:00,Zambia,Luangwa,330.3135023640696
9722,2018,3,2018-03-01T00:00:00,Zambia,Luangwa,113.67567925649406
9730,2018,11,2018-11-01T00:00:00,Zambia,Luangwa,43.369169081611204
9731,2018,12,2018-12-01T00:00:00,Zambia,Luangwa,110.24673022658727
9732,2019,1,2019-01-01T00:00:00,Zambia,Luangwa,177.64787024068434
9733,2019,2,2019-02-01T00:00:00,Zambia,Luangwa,140.75622327737094
9734,2019,3,2019-03-01T00:00:00,Zambia,Luangwa,35.28393888156226
9742,2019,11,2019-11-01T00:00:00,Zambia,Luangwa,75.27908104319982
9743,2019,12,2019-12-01T00:00:00,Zambia,Luangwa,63.192652384547
9744,2020,1,2020-01-01T00:00:00,Zambia,Luangwa,203.47230944755333
9745,2020,2,2020-02-01T00:00:00,Zambia,Luangwa,289.53337625545754
9746,2020,3,2020-03-01T00:00:00,Zambia,Luangwa,22.861869379403032
9754,2020,11,2020-11-01T00:00:00,Zambia,Luangwa,27.79075708346613
9755,2020,12,2020-12-01T00:00:00,Zambia,Luangwa,255.660216740435
9756,2021,1,2021-01-01T00:00:00,Zambia,Luangwa,236.2847891931577
9757,2021,2,2021-02-01T00:00:00,Zambia,Luangwa,248.2261738543642
9758,2021,3,2021-03-01T00:00:00,Zambia,Luangwa,98.66965943044836
9766,2021,11,2021-11-01T00:00:00,Zambia,Luangwa,62.155531485965454
9767,2021,12,2021-12-01T00:00:00,Zambia,Luangwa,90.7521928077303
9768,2022,1,2022-01-01T00:00:00,Zambia,Luangwa,343.1110618309962
9769,2022,2,2022-02-01T00:00:00,Zambia,Luangwa,55.88079889344223
9770,2022,3,2022-03-01T00:00:00,Zambia,Luangwa,46.09690945669567
9778,2022,11,2022-11-01T00:00:00,Zambia,Luangwa,88.26004899217573
9779,2022,12,2022-12-01T00:00:00,Zambia,Luangwa,123.58705414922035
9780,2023,1,2023-01-01T00:00:00,Zambia,Luangwa,278.34281495399927
9781,2023,2,2023-02-01T00:00:00,Zambia,Luangwa,197.2133398774082
9782,2023,3,2023-03-01T00:00:00,Zambia,Luangwa,106.47050723561263
9790,2023,11,2023-11-01T00:00:00,Zambia,Luangwa,11.935186191436598
9791,2023,12,2023-12-01T00:00:00,Zambia,Luangwa,161.70545936449884
9792,2000,1,2000-01-01T00:00:00,Zambia,Lusaka,216.11170249208496
9793,2000,2,2000-02-01T00:00:00,Zambia,Lusaka,236.05563029649412
9794,2000,3,2000-03-01T00:00:00,Zambia,Lusaka,182.4479468095557
9802,2000,11,2000-11-01T00:00:00,Zambia,Lusaka,82.34434569721529
9803,2000,12,2000-12-01T00:00:00,Zambia,Lusaka,205.42110317128774
9804,2001,1,2001-01-01T00:00:00,Zambia,Lusaka,195.9760177513894
9805,2001,2,2001-02-01T00:00:00,Zambia,Lusaka,319.9313330842079
9806,2001,3,2001-03-01T00:00:00,Zambia,Lusaka,128.21282520060848
9814,2001,11,2001-11-01T00:00:00,Zambia,Lusaka,108.37641253679358
9815,2001,12,2001-12-01T00:00:00,Zambia,Lusaka,181.89904316476054
9816,2002,1,2002-01-01T00:00:00,Zambia,Lusaka,123.7052113885068
9817,2002,2,2002-02-01T00:00:00,Zambia,Lusaka,63.59371738393259
9818,2002,3,2002-03-01T00:00:00,Zambia,Lusaka,39.96776749752939
9826,2002,11,2002-11-01T00:00:00,Zambia,Lusaka,72.6998934297359
9827,2002,12,2002-12-01T00:00:00,Zambia,Lusaka,132.81193538341122
9828,2003,1,2003-01-01T00:00:00,Zambia,Lusaka,146.05445667500197
9829,2003,2,2003-02-01T00:00:00,Zambia,Lusaka,212.32090734684724
9830,2003,3,2003-03-01T00:00:00,Zambia,Lusaka,166.8399679400059
9838,2003,11,2003-11-01T00:00:00,Zambia,Lusaka,94.19129461805873
9839,2003,12,2003-12-01T00:00:00,Zambia,Lusaka,155.59111904474022
9840,2004,1,2004-01-01T00:00:00,Zambia,Lusaka,240.36459412402303
9841,2004,2,2004-02-01T00:00:00,Zambia,Lusaka,168.2615421955637
9842,2004,3,2004-03-01T00:00:00,Zambia,Lusaka,119.49035305596419
9850,2004,11,2004-11-01T00:00:00,Zambia,Lusaka,61.44929906748714
9851,2004,12,2004-12-01T00:00:00,Zambia,Lusaka,275.13152437174574
9852,2005,1,2005-01-01T00:00:00,Zambia,Lusaka,181.09734348581196
9853,2005,2,2005-02-01T00:00:00,Zambia,Lusaka,60.72552590420908
9854,2005,3,2005-03-01T00:00:00,Zambia,Lusaka,27.922821101203887
9862,2005,11,2005-11-01T00:00:00,Zambia,Lusaka,87.46563622763819
9863,2005,12,2005-12-01T00:00:00,Zambia,Lusaka,225.61311383566965
9864,2006,1,2006-01-01T00:00:00,Zambia,Lusaka,202.97711375581463
9865,2006,2,2006-02-01T00:00:00,Zambia,Lusaka,208.55555193028556
9866,2006,3,2006-03-01T00:00:00,Zambia,Lusaka,126.69165328152637
9874,2006,11,2006-11-01T00:00:00,Zambia,Lusaka,79.38117433233468
9875,2006,12,2006-12-01T00:00:00,Zambia,Lusaka,135.24464177552696
9876,2007,1,2007-01-01T00:00:00,Zambia,Lusaka,290.1335893939405
9877,2007,2,2007-02-01T00:00:00,Zambia,Lusaka,206.21962497579295
9878,2007,3,2007-03-01T00:00:00,Zambia,Lusaka,53.283116363363085
9886,2007,11,2007-11-01T00:00:00,Zambia,Lusaka,116.00308041587792
9887,2007,12,2007-12-01T00:00:00,Zambia,Lusaka,337.25730206385583
9888,2008,1,2008-01-01T00:00:00,Zambia,Lusaka,343.40357091097127
9889,2008,2,2008-02-01T00:00:00,Zambia,Lusaka,104.79947571495751
9890,2008,3,2008-03-01T00:00:00,Zambia,Lusaka,75.88492550758606
9898,2008,11,2008-11-01T00:00:00,Zambia,Lusaka,100.48354110743139
9899,2008,12,2008-12-01T00:00:00,Zambia,Lusaka,228.0279072949734
9900,2009,1,2009-01-01T00:00:00,Zambia,Lusaka,263.471317171036
9901,2009,2,2009-02-01T00:00:00,Zambia,Lusaka,86.50742545777182
9902,2009,3,2009-03-01T00:00:00,Zambia,Lusaka,139.24212399094668
9910,2009,11,2009-11-01T00:00:00,Zambia,Lusaka,168.28559437706113
9911,2009,12,2009-12-01T00:00:00,Zambia,Lusaka,131.07526448848404
9912,2010,1,2010-01-01T00:00:00,Zambia,Lusaka,154.60591400846528
9913,2010,2,2010-02-01T00:00:00,Zambia,Lusaka,332.3936665553236
9914,2010,3,2010-03-01T00:00:00,Zambia,Lusaka,130.06136902824363
9922,2010,11,2010-11-01T00:00:00,Zambia,Lusaka,89.83629198617126
9923,2010,12,2010-12-01T00:00:00,Zambia,Lusaka,243.23888905601305
9924,2011,1,2011-01-01T00:00:00,Zambia,Lusaka,238.33757316036437
9925,2011,2,2011-02-01T00:00:00,Zambia,Lusaka,68.10008673059181
9926,2011,3,2011-03-01T00:00:00,Zambia,Lusaka,99.47844141107926
9934,2011,11,2011-11-01T00:00:00,Zambia,Lusaka,88.44278761503548
9935,2011,12,2011-12-01T00:00:00,Zambia,Lusaka,114.19538912849225
9936,2012,1,2012-01-01T00:00:00,Zambia,Lusaka,222.7441149670013
9937,2012,2,2012-02-01T00:00:00,Zambia,Lusaka,172.62051098468459
9938,2012,3,2012-03-01T00:00:00,Zambia,Lusaka,85.09139514481771
9946,2012,11,2012-11-01T00:00:00,Zambia,Lusaka,62.1559102496695
9947,2012,12,2012-12-01T00:00:00,Zambia,Lusaka,203.00903024592301
9948,2013,1,2013-01-01T00:00:00,Zambia,Lusaka,312.2553048365674
9949,2013,2,2013-02-01T00:00:00,Zambia,Lusaka,196.62713623919393
9950,2013,3,2013-03-01T00:00:00,Zambia,Lusaka,32.31845930870544
9958,2013,11,2013-11-01T00:00:00,Zambia,Lusaka,61.23935157857043
9959,2013,12,2013-12-01T00:00:00,Zambia,Lusaka,189.80046232456863
9960,2014,1,2014-01-01T00:00:00,Zambia,Lusaka,270.10167159856644
9961,2014,2,2014-02-01T00:00:00,Zambia,Lusaka,160.37200563336944
9962,2014,3,2014-03-01T00:00:00,Zambia,Lusaka,61.68458388059701
9970,2014,11,2014-11-01T00:00:00,Zambia,Lusaka,39.742161477880295
9971,2014,12,2014-12-01T00:00:00,Zambia,Lusaka,257.9485406714805
9972,2015,1,2015-01-01T00:00:00,Zambia,Lusaka,227.33631920880467
9973,2015,2,2015-02-01T00:00:00,Zambia,Lusaka,145.19916502975408
9974,2015,3,2015-03-01T00:00:00,Zambia,Lusaka,54.14561319803939
9982,2015,11,2015-11-01T00:00:00,Zambia,Lusaka,41.983251069606624
9983,2015,12,2015-12-01T00:00:00,Zambia,Lusaka,86.69427439428394
9984,2016,1,2016-01-01T00:00:00,Zambia,Lusaka,223.86076515101377
9985,2016,2,2016-02-01T00:00:00,Zambia,Lusaka,124.4340508855658
9986,2016,3,2016-03-01T00:00:00,Zambia,Lusaka,199.13662383673042
9994,2016,11,2016-11-01T00:00:00,Zambia,Lusaka,115.33020976223848
9995,2016,12,2016-12-01T00:00:00,Zambia,Lusaka,194.87131009248984
9996,2017,1,2017-01-01T00:00:00,Zambia,Lusaka,329.19473797133645
9997,2017,2,2017-02-01T00:00:00,Zambia,Lusaka,251.91214906956296
9998,2017,3,2017-03-01T00:00:00,Zambia,Lusaka,70.80656961349733
10006,2017,11,2017-11-01T00:00:00,Zambia,Lusaka,103.80836680069885
10007,2017,12,2017-12-01T00:00:00,Zambia,Lusaka,159.52821137717436
10008,2018,1,2018-01-01T00:00:00,Zambia,Lusaka,64.52440121985498
10009,2018,2,2018-02-01T00:00:00,Zambia,Lusaka,297.55903046947844
10010,2018,3,2018-03-01T00:00:00,Zambia,Lusaka,151.1080158908317
10018,2018,11,2018-11-01T00:00:00,Zambia,Lusaka,28.652286249982563
10019,2018,12,2018-12-01T00:00:00,Zambia,Lusaka,109.26561693669956
10020,2019,1,2019-01-01T00:00:00,Zambia,Lusaka,185.16367414606384
10021,2019,2,2019-02-01T00:00:00,Zambia,Lusaka,100.6890215172159
10022,2019,3,2019-03-01T00:00:00,Zambia,Lusaka,25.52839586199599
10030,2019,11,2019-11-01T00:00:00,Zambia,Lusaka,78.43099688187561
10031,2019,12,2019-12-01T00:00:00,Zambia,Lusaka,52.180847348050875
10032,2020,1,2020-01-01T00:00:00,Zambia,Lusaka,278.11263267324335
10033,2020,2,2020-02-01T00:00:00,Zambia,Lusaka,241.59401998316991
10034,2020,3,2020-03-01T00:00:00,Zambia,Lusaka,32.08064782335405
10042,2020,11,2020-11-01T00:00:00,Zambia,Lusaka,52.07397496464406
10043,2020,12,2020-12-01T00:00:00,Zambia,Lusaka,264.04282870678196
10044,2021,1,2021-01-01T00:00:00,Zambia,Lusaka,236.7159776258976
10045,2021,2,2021-02-01T00:00:00,Zambia,Lusaka,170.56674605952938
10046,2021,3,2021-03-01T00:00:00,Zambia,Lusaka,82.83137518497226
10054,2021,11,2021-11-01T00:00:00,Zambia,Lusaka,60.24869536843708
10055,2021,12,2021-12-01T00:00:00,Zambia,Lusaka,83.22697985507074
10056,2022,1,2022-01-01T00:00:00,Zambia,Lusaka,409.266536617482
10057,2022,2,2022-02-01T00:00:00,Zambia,Lusaka,71.73001000555273
10058,2022,3,2022-03-01T00:00:00,Zambia,Lusaka,56.23320487544892
10066,2022,11,2022-11-01T00:00:00,Zambia,Lusaka,115.05789660077151
10067,2022,12,2022-12-01T00:00:00,Zambia,Lusaka,129.57484302360967
10068,2023,1,2023-01-01T00:00:00,Zambia,Lusaka,292.0243513753567
10069,2023,2,2023-02-01T00:00:00,Zambia,Lusaka,208.25188873478712
10070,2023,3,2023-03-01T00:00:00,Zambia,Lusaka,60.29703343127638
10078,2023,11,2023-11-01T00:00:00,Zambia,Lusaka,31.209543395245337
10079,2023,12,2023-12-01T00:00:00,Zambia,Lusaka,209.30274337702616
10080,2000,1,2000-01-01T00:00:00,Zambia,Kabompo,176.10617302212975
10081,2000,2,2000-02-01T00:00:00,Zambia,Kabompo,174.40664001435695
10082,2000,3,2000-03-01T00:00:00,Zambia,Kabompo,219.15812482852428
10090,2000,11,2000-11-01T00:00:00,Zambia,Kabompo,125.1349746128212
10091,2000,12,2000-12-01T00:00:00,Zambia,Kabompo,169.7291137479547
10092,2001,1,2001-01-01T00:00:00,Zambia,Kabompo,318.13045448574417
10093,2001,2,2001-02-01T00:00:00,Zambia,Kabompo,209.94757019088624
10094,2001,3,2001-03-01T00:00:00,Zambia,Kabompo,183.18529256108044
10102,2001,11,2001-11-01T00:00:00,Zambia,Kabompo,135.34773435751555
10103,2001,12,2001-12-01T00:00:00,Zambia,Kabompo,199.70907816012297
10104,2002,1,2002-01-01T00:00:00,Zambia,Kabompo,225.56491605507125
10105,2002,2,2002-02-01T00:00:00,Zambia,Kabompo,171.35174446261883
10106,2002,3,2002-03-01T00:00:00,Zambia,Kabompo,87.35461362155348
10114,2002,11,2002-11-01T00:00:00,Zambia,Kabompo,147.7128947360821
10115,2002,12,2002-12-01T00:00:00,Zambia,Kabompo,279.9763791791484
10116,2003,1,2003-01-01T00:00:00,Zambia,Kabompo,213.12415209038366
10117,2003,2,2003-02-01T00:00:00,Zambia,Kabompo,183.65975158299233
10118,2003,3,2003-03-01T00:00:00,Zambia,Kabompo,221.52862820281314
10126,2003,11,2003-11-01T00:00:00,Zambia,Kabompo,138.60149227737185
10127,2003,12,2003-12-01T00:00:00,Zambia,Kabompo,227.51667047958782
10128,2004,1,2004-01-01T00:00:00,Zambia,Kabompo,294.5570937758233
10129,2004,2,2004-02-01T00:00:00,Zambia,Kabompo,171.55254031941237
10130,2004,3,2004-03-01T00:00:00,Zambia,Kabompo,243.58488007515354
10138,2004,11,2004-11-01T00:00:00,Zambia,Kabompo,83.12282990525897
10139,2004,12,2004-12-01T00:00:00,Zambia,Kabompo,198.8116118483813
10140,2005,1,2005-01-01T00:00:00,Zambia,Kabompo,200.65966402049082
10141,2005,2,2005-02-01T00:00:00,Zambia,Kabompo,159.27897237699256
10142,2005,3,2005-03-01T00:00:00,Zambia,Kabompo,205.23036905218027
10150,2005,11,2005-11-01T00:00:00,Zambia,Kabompo,111.01479815830214
10151,2005,12,2005-12-01T00:00:00,Zambia,Kabompo,204.84754947955028
10152,2006,1,2006-01-01T00:00:00,Zambia,Kabompo,258.5419451401758
10153,2006,2,2006-02-01T00:00:00,Zambia,Kabompo,172.48026836350803
10154,2006,3,2006-03-01T00:00:00,Zambia,Kabompo,201.48591544249732
10162,2006,11,2006-11-01T00:00:00,Zambia,Kabompo,152.1520325442597
10163,2006,12,2006-12-01T00:00:00,Zambia,Kabompo,290.2467712031838
10164,2007,1,2007-01-01T00:00:00,Zambia,Kabompo,276.4100878141509
10165,2007,2,2007-02-01T00:00:00,Zambia,Kabompo,215.06385366169215
10166,2007,3,2007-03-01T00:00:00,Zambia,Kabompo,147.35216654682839
10174,2007,11,2007-11-01T00:00:00,Zambia,Kabompo,149.2595248713844
10175,2007,12,2007-12-01T00:00:00,Zambia,Kabompo,230.49199304489886
10176,2008,1,2008-01-01T00:00:00,Zambia,Kabompo,273.9545601659011
10177,2008,2,2008-02-01T00:00:00,Zambia,Kabompo,183.10001223320387
10178,2008,3,2008-03-01T00:00:00,Zambia,Kabompo,126.3162785844158
10186,2008,11,2008-11-01T00:00:00,Zambia,Kabompo,249.96181736361314
10187,2008,12,2008-12-01T00:00:00,Zambia,Kabompo,226.43019142640122
10188,2009,1,2009-01-01T00:00:00,Zambia,Kabompo,288.47046601897785
10189,2009,2,2009-02-01T00:00:00,Zambia,Kabompo,175.134976825602
10190,2009,3,2009-03-01T00:00:00,Zambia,Kabompo,192.2261566224598
10198,2009,11,2009-11-01T00:00:00,Zambia,Kabompo,177.50207933088922
10199,2009,12,2009-12-01T00:00:00,Zambia,Kabompo,231.9438444468412
10200,2010,1,2010-01-01T00:00:00,Zambia,Kabompo,218.19795305497865
10201,2010,2,2010-02-01T00:00:00,Zambia,Kabompo,236.53777431310147
10202,2010,3,2010-03-01T00:00:00,Zambia,Kabompo,209.54616864949466
10210,2010,11,2010-11-01T00:00:00,Zambia,Kabompo,165.86050337053842
10211,2010,12,2010-12-01T00:00:00,Zambia,Kabompo,426.676736604327
10212,2011,1,2011-01-01T00:00:00,Zambia,Kabompo,284.764397463491
10213,2011,2,2011-02-01T00:00:00,Zambia,Kabompo,152.76841948669872
10214,2011,3,2011-03-01T00:00:00,Zambia,Kabompo,231.88655836023793
10222,2011,11,2011-11-01T00:00:00,Zambia,Kabompo,158.222186978388
10223,2011,12,2011-12-01T00:00:00,Zambia,Kabompo,239.43195017930884
10224,2012,1,2012-01-01T00:00:00,Zambia,Kabompo,234.43723414536893
10225,2012,2,2012-02-01T00:00:00,Zambia,Kabompo,173.81757659643665
10226,2012,3,2012-03-01T00:00:00,Zambia,Kabompo,157.6846828156821
10234,2012,11,2012-11-01T00:00:00,Zambia,Kabompo,148.40759285494508
10235,2012,12,2012-12-01T00:00:00,Zambia,Kabompo,236.03389229538737
10236,2013,1,2013-01-01T00:00:00,Zambia,Kabompo,231.1570629846778
10237,2013,2,2013-02-01T00:00:00,Zambia,Kabompo,195.5394190539991
10238,2013,3,2013-03-01T00:00:00,Zambia,Kabompo,142.29169070779
10246,2013,11,2013-11-01T00:00:00,Zambia,Kabompo,138.89990137283093
10247,2013,12,2013-12-01T00:00:00,Zambia,Kabompo,278.6280911000175
10248,2014,1,2014-01-01T00:00:00,Zambia,Kabompo,228.88892159886754
10249,2014,2,2014-02-01T00:00:00,Zambia,Kabompo,192.43218302014932
10250,2014,3,2014-03-01T00:00:00,Zambia,Kabompo,236.71653949331852
10258,2014,11,2014-11-01T00:00:00,Zambia,Kabompo,93.46587159218551
10259,2014,12,2014-12-01T00:00:00,Zambia,Kabompo,195.76891394552496
10260,2015,1,2015-01-01T00:00:00,Zambia,Kabompo,203.42803639868438
10261,2015,2,2015-02-01T00:00:00,Zambia,Kabompo,128.46688136089932
10262,2015,3,2015-03-01T00:00:00,Zambia,Kabompo,128.9576910653927
10270,2015,11,2015-11-01T00:00:00,Zambia,Kabompo,150.61904268087522
10271,2015,12,2015-12-01T00:00:00,Zambia,Kabompo,207.61264617030102
10272,2016,1,2016-01-01T00:00:00,Zambia,Kabompo,241.7385777688553
10273,2016,2,2016-02-01T00:00:00,Zambia,Kabompo,203.60295352282552
10274,2016,3,2016-03-01T00:00:00,Zambia,Kabompo,204.8603100435913
10282,2016,11,2016-11-01T00:00:00,Zambia,Kabompo,123.38646311237093
10283,2016,12,2016-12-01T00:00:00,Zambia,Kabompo,168.32853015447
10284,2017,1,2017-01-01T00:00:00,Zambia,Kabompo,180.88144492419974
10285,2017,2,2017-02-01T00:00:00,Zambia,Kabompo,320.20293809394894
10286,2017,3,2017-03-01T00:00:00,Zambia,Kabompo,143.71049776426113
10294,2017,11,2017-11-01T00:00:00,Zambia,Kabompo,132.62773494088373
10295,2017,12,2017-12-01T00:00:00,Zambia,Kabompo,229.81687700790695
10296,2018,1,2018-01-01T00:00:00,Zambia,Kabompo,160.8683477489307
10297,2018,2,2018-02-01T00:00:00,Zambia,Kabompo,248.88509730198774
10298,2018,3,2018-03-01T00:00:00,Zambia,Kabompo,195.4440132466894
10306,2018,11,2018-11-01T00:00:00,Zambia,Kabompo,71.67363454979042
10307,2018,12,2018-12-01T00:00:00,Zambia,Kabompo,174.1523180103207
10308,2019,1,2019-01-01T00:00:00,Zambia,Kabompo,327.56262897214754
10309,2019,2,2019-02-01T00:00:00,Zambia,Kabompo,207.7172015644208
10310,2019,3,2019-03-01T00:00:00,Zambia,Kabompo,93.36232870230346
10318,2019,11,2019-11-01T00:00:00,Zambia,Kabompo,109.90207191224657
10319,2019,12,2019-12-01T00:00:00,Zambia,Kabompo,142.5811930613212
10320,2020,1,2020-01-01T00:00:00,Zambia,Kabompo,258.8042424886989
10321,2020,2,2020-02-01T00:00:00,Zambia,Kabompo,226.44691518206733
10322,2020,3,2020-03-01T00:00:00,Zambia,Kabompo,294.31083880372734
10330,2020,11,2020-11-01T00:00:00,Zambia,Kabompo,95.59070464755003
10331,2020,12,2020-12-01T00:00:00,Zambia,Kabompo,160.6168275726192
10332,2021,1,2021-01-01T00:00:00,Zambia,Kabompo,270.1678332217117
10333,2021,2,2021-02-01T00:00:00,Zambia,Kabompo,213.16156056435426
10334,2021,3,2021-03-01T00:00:00,Zambia,Kabompo,109.42142937243243
10342,2021,11,2021-11-01T00:00:00,Zambia,Kabompo,73.05844779426356
10343,2021,12,2021-12-01T00:00:00,Zambia,Kabompo,162.12491252669628
10344,2022,1,2022-01-01T00:00:00,Zambia,Kabompo,223.82848912351216
10345,2022,2,2022-02-01T00:00:00,Zambia,Kabompo,139.5478722148842
10346,2022,3,2022-03-01T00:00:00,Zambia,Kabompo,230.14454204302135
10354,2022,11,2022-11-01T00:00:00,Zambia,Kabompo,192.43306520945995
10355,2022,12,2022-12-01T00:00:00,Zambia,Kabompo,191.0068241321837
10356,2023,1,2023-01-01T00:00:00,Zambia,Kabompo,238.25830986156612
10357,2023,2,2023-02-01T00:00:00,Zambia,Kabompo,111.87714085551491
10358,2023,3,2023-03-01T00:00:00,Zambia,Kabompo,128.39982371221362
10366,2023,11,2023-11-01T00:00:00,Zambia,Kabompo,95.35936391846406
10367,2023,12,2023-12-01T00:00:00,Zambia,Kabompo,127.15967803356953
10368,2000,1,2000-01-01T00:00:00,Zambia,Kasempa,226.6990408367489
10369,2000,2,2000-02-01T00:00:00,Zambia,Kasempa,222.3592392088357
10370,2000,3,2000-03-01T00:00:00,Zambia,Kasempa,220.80443180557933
10378,2000,11,2000-11-01T00:00:00,Zambia,Kasempa,130.27202118887834
10379,2000,12,2000-12-01T00:00:00,Zambia,Kasempa,310.70444733122343
10380,2001,1,2001-01-01T00:00:00,Zambia,Kasempa,347.5421604573847
10381,2001,2,2001-02-01T00:00:00,Zambia,Kasempa,283.5913447147314
10382,2001,3,2001-03-01T00:00:00,Zambia,Kasempa,249.5489472595821
10390,2001,11,2001-11-01T00:00:00,Zambia,Kasempa,151.75523777424385
10391,2001,12,2001-12-01T00:00:00,Zambia,Kasempa,196.32878003250954
10392,2002,1,2002-01-01T00:00:00,Zambia,Kasempa,226.0468513452991
10393,2002,2,2002-02-01T00:00:00,Zambia,Kasempa,128.86547232890473
10394,2002,3,2002-03-01T00:00:00,Zambia,Kasempa,71.89916060661616
10402,2002,11,2002-11-01T00:00:00,Zambia,Kasempa,120.05707512066346
10403,2002,12,2002-12-01T00:00:00,Zambia,Kasempa,259.4084247644545
10404,2003,1,2003-01-01T00:00:00,Zambia,Kasempa,223.50080062054565
10405,2003,2,2003-02-01T00:00:00,Zambia,Kasempa,194.61959726340143
10406,2003,3,2003-03-01T00:00:00,Zambia,Kasempa,218.9323028020589
10414,2003,11,2003-11-01T00:00:00,Zambia,Kasempa,141.64398404654412
10415,2003,12,2003-12-01T00:00:00,Zambia,Kasempa,240.52040340675194
10416,2004,1,2004-01-01T00:00:00,Zambia,Kasempa,251.56404216070226
10417,2004,2,2004-02-01T00:00:00,Zambia,Kasempa,234.56955415427834
10418,2004,3,2004-03-01T00:00:00,Zambia,Kasempa,213.29678911242888
10426,2004,11,2004-11-01T00:00:00,Zambia,Kasempa,92.96382229076603
10427,2004,12,2004-12-01T00:00:00,Zambia,Kasempa,209.51481920088492
10428,2005,1,2005-01-01T00:00:00,Zambia,Kasempa,224.8341328224176
10429,2005,2,2005-02-01T00:00:00,Zambia,Kasempa,117.36335939282014
10430,2005,3,2005-03-01T00:00:00,Zambia,Kasempa,158.5251714550067
10438,2005,11,2005-11-01T00:00:00,Zambia,Kasempa,115.58106100377078
10439,2005,12,2005-12-01T00:00:00,Zambia,Kasempa,292.8362012664845
10440,2006,1,2006-01-01T00:00:00,Zambia,Kasempa,246.6244863368432
10441,2006,2,2006-02-01T00:00:00,Zambia,Kasempa,249.59981363731308
10442,2006,3,2006-03-01T00:00:00,Zambia,Kasempa,221.5325370407908
10450,2006,11,2006-11-01T00:00:00,Zambia,Kasempa,159.1415912306406
10451,2006,12,2006-12-01T00:00:00,Zambia,Kasempa,292.7451632845228
10452,2007,1,2007-01-01T00:00:00,Zambia,Kasempa,301.22243853630266
10453,2007,2,2007-02-01T00:00:00,Zambia,Kasempa,278.1811546229394
10454,2007,3,2007-03-01T00:00:00,Zambia,Kasempa,132.79626806885722
10462,2007,11,2007-11-01T00:00:00,Zambia,Kasempa,134.7609880023728
10463,2007,12,2007-12-01T00:00:00,Zambia,Kasempa,314.61529287810566
10464,2008,1,2008-01-01T00:00:00,Zambia,Kasempa,331.57694679866523
10465,2008,2,2008-02-01T00:00:00,Zambia,Kasempa,195.6897769882509
10466,2008,3,2008-03-01T00:00:00,Zambia,Kasempa,154.50442104275766
10474,2008,11,2008-11-01T00:00:00,Zambia,Kasempa,241.68262568102287
10475,2008,12,2008-12-01T00:00:00,Zambia,Kasempa,247.37808271489675
10476,2009,1,2009-01-01T00:00:00,Zambia,Kasempa,311.21843957652544
10477,2009,2,2009-02-01T00:00:00,Zambia,Kasempa,149.1038247333092
10478,2009,3,2009-03-01T00:00:00,Zambia,Kasempa,238.30633540111964
10486,2009,11,2009-11-01T00:00:00,Zambia,Kasempa,184.64249069350467
10487,2009,12,2009-12-01T00:00:00,Zambia,Kasempa,204.05278273470725
10488,2010,1,2010-01-01T00:00:00,Zambia,Kasempa,171.76513419612778
10489,2010,2,2010-02-01T00:00:00,Zambia,Kasempa,352.45522975426684
10490,2010,3,2010-03-01T00:00:00,Zambia,Kasempa,260.59606609637405
10498,2010,11,2010-11-01T00:00:00,Zambia,Kasempa,155.83134937648728
10499,2010,12,2010-12-01T00:00:00,Zambia,Kasempa,348.2191526778555
10500,2011,1,2011-01-01T00:00:00,Zambia,Kasempa,275.00336304878715
10501,2011,2,2011-02-01T00:00:00,Zambia,Kasempa,148.00462368206442
10502,2011,3,2011-03-01T00:00:00,Zambia,Kasempa,252.85510535524827
10510,2011,11,2011-11-01T00:00:00,Zambia,Kasempa,145.84273754695664
10511,2011,12,2011-12-01T00:00:00,Zambia,Kasempa,235.37305323172544
10512,2012,1,2012-01-01T00:00:00,Zambia,Kasempa,234.35250686329277
10513,2012,2,2012-02-01T00:00:00,Zambia,Kasempa,242.79573741148533
10514,2012,3,2012-03-01T00:00:00,Zambia,Kasempa,178.01780111905714
10522,2012,11,2012-11-01T00:00:00,Zambia,Kasempa,147.92944553098462
10523,2012,12,2012-12-01T00:00:00,Zambia,Kasempa,279.1766840053056
10524,2013,1,2013-01-01T00:00:00,Zambia,Kasempa,267.0350765750733
10525,2013,2,2013-02-01T00:00:00,Zambia,Kasempa,226.6937423647095
10526,2013,3,2013-03-01T00:00:00,Zambia,Kasempa,107.938069463807
10534,2013,11,2013-11-01T00:00:00,Zambia,Kasempa,109.0857232739307
10535,2013,12,2013-12-01T00:00:00,Zambia,Kasempa,250.10286895263985
10536,2014,1,2014-01-01T00:00:00,Zambia,Kasempa,202.79033718799587
10537,2014,2,2014-02-01T00:00:00,Zambia,Kasempa,214.40502477238607
10538,2014,3,2014-03-01T00:00:00,Zambia,Kasempa,183.62412723616038
10546,2014,11,2014-11-01T00:00:00,Zambia,Kasempa,104.29870895034472
10547,2014,12,2014-12-01T00:00:00,Zambia,Kasempa,223.6691339831245
10548,2015,1,2015-01-01T00:00:00,Zambia,Kasempa,231.72953308551712
10549,2015,2,2015-02-01T00:00:00,Zambia,Kasempa,177.30522709687898
10550,2015,3,2015-03-01T00:00:00,Zambia,Kasempa,107.0858458764351
10558,2015,11,2015-11-01T00:00:00,Zambia,Kasempa,102.37483811793324
10559,2015,12,2015-12-01T00:00:00,Zambia,Kasempa,199.55209772429143
10560,2016,1,2016-01-01T00:00:00,Zambia,Kasempa,281.6508720917989
10561,2016,2,2016-02-01T00:00:00,Zambia,Kasempa,210.70962344915884
10562,2016,3,2016-03-01T00:00:00,Zambia,Kasempa,261.3789709919827
10570,2016,11,2016-11-01T00:00:00,Zambia,Kasempa,131.0620560798556
10571,2016,12,2016-12-01T00:00:00,Zambia,Kasempa,160.14148195948394
10572,2017,1,2017-01-01T00:00:00,Zambia,Kasempa,290.59937578781273
10573,2017,2,2017-02-01T00:00:00,Zambia,Kasempa,382.43059645486136
10574,2017,3,2017-03-01T00:00:00,Zambia,Kasempa,158.52387261086383
10582,2017,11,2017-11-01T00:00:00,Zambia,Kasempa,169.02647491345132
10583,2017,12,2017-12-01T00:00:00,Zambia,Kasempa,257.05864747672575
10584,2018,1,2018-01-01T00:00:00,Zambia,Kasempa,112.29323322969695
10585,2018,2,2018-02-01T00:00:00,Zambia,Kasempa,329.84757699185917
10586,2018,3,2018-03-01T00:00:00,Zambia,Kasempa,228.35959552414707
10594,2018,11,2018-11-01T00:00:00,Zambia,Kasempa,85.78930885023462
10595,2018,12,2018-12-01T00:00:00,Zambia,Kasempa,198.75811522760637
10596,2019,1,2019-01-01T00:00:00,Zambia,Kasempa,269.4617421438533
10597,2019,2,2019-02-01T00:00:00,Zambia,Kasempa,213.8121906097811
10598,2019,3,2019-03-01T00:00:00,Zambia,Kasempa,92.25583233532818
10606,2019,11,2019-11-01T00:00:00,Zambia,Kasempa,95.64960746217737
10607,2019,12,2019-12-01T00:00:00,Zambia,Kasempa,100.50651006700663
10608,2020,1,2020-01-01T00:00:00,Zambia,Kasempa,260.3951524945351
10609,2020,2,2020-02-01T00:00:00,Zambia,Kasempa,284.9972073881553
10610,2020,3,2020-03-01T00:00:00,Zambia,Kasempa,212.07349354116545
10618,2020,11,2020-11-01T00:00:00,Zambia,Kasempa,98.82830779095013
10619,2020,12,2020-12-01T00:00:00,Zambia,Kasempa,260.9549414889551
10620,2021,1,2021-01-01T00:00:00,Zambia,Kasempa,322.8918090494461
10621,2021,2,2021-02-01T00:00:00,Zambia,Kasempa,250.31444722846177
10622,2021,3,2021-03-01T00:00:00,Zambia,Kasempa,217.23461000954697
10630,2021,11,2021-11-01T00:00:00,Zambia,Kasempa,59.97622059064366
10631,2021,12,2021-12-01T00:00:00,Zambia,Kasempa,136.97442807664333
10632,2022,1,2022-01-01T00:00:00,Zambia,Kasempa,331.11875404938866
10633,2022,2,2022-02-01T00:00:00,Zambia,Kasempa,154.1926355685861
10634,2022,3,2022-03-01T00:00:00,Zambia,Kasempa,210.15425947453608
10642,2022,11,2022-11-01T00:00:00,Zambia,Kasempa,146.23632796425585
10643,2022,12,2022-12-01T00:00:00,Zambia,Kasempa,221.4420529179874
10644,2023,1,2023-01-01T00:00:00,Zambia,Kasempa,324.23155976359556
10645,2023,2,2023-02-01T00:00:00,Zambia,Kasempa,155.03427960622793
10646,2023,3,2023-03-01T00:00:00,Zambia,Kasempa,132.5856939694682
10654,2023,11,2023-11-01T00:00:00,Zambia,Kasempa,49.42579797842632
10655,2023,12,2023-12-01T00:00:00,Zambia,Kasempa,249.75897063192284
10656,2000,1,2000-01-01T00:00:00,Zambia,Mufumbwe,210.5767792774113
10657,2000,2,2000-02-01T00:00:00,Zambia,Mufumbwe,202.33809593863023
10658,2000,3,2000-03-01T00:00:00,Zambia,Mufumbwe,208.11982339340702
10666,2000,11,2000-11-01T00:00:00,Zambia,Mufumbwe,124.91523096393874
10667,2000,12,2000-12-01T00:00:00,Zambia,Mufumbwe,239.76105350648203
10668,2001,1,2001-01-01T00:00:00,Zambia,Mufumbwe,307.4373133876987
10669,2001,2,2001-02-01T00:00:00,Zambia,Mufumbwe,254.08086786921874
10670,2001,3,2001-03-01T00:00:00,Zambia,Mufumbwe,202.45425854721174
10678,2001,11,2001-11-01T00:00:00,Zambia,Mufumbwe,145.2063028822332
10679,2001,12,2001-12-01T00:00:00,Zambia,Mufumbwe,185.70990672057613
10680,2002,1,2002-01-01T00:00:00,Zambia,Mufumbwe,214.71071868512595
10681,2002,2,2002-02-01T00:00:00,Zambia,Mufumbwe,135.35133247302633
10682,2002,3,2002-03-01T00:00:00,Zambia,Mufumbwe,77.75045127362509
10690,2002,11,2002-11-01T00:00:00,Zambia,Mufumbwe,127.4713817792579
10691,2002,12,2002-12-01T00:00:00,Zambia,Mufumbwe,241.40819285390947
10692,2003,1,2003-01-01T00:00:00,Zambia,Mufumbwe,199.66552893334767
10693,2003,2,2003-02-01T00:00:00,Zambia,Mufumbwe,170.90816772630527
10694,2003,3,2003-03-01T00:00:00,Zambia,Mufumbwe,212.34620032413332
10702,2003,11,2003-11-01T00:00:00,Zambia,Mufumbwe,127.5210491938884
10703,2003,12,2003-12-01T00:00:00,Zambia,Mufumbwe,212.24037181156044
10704,2004,1,2004-01-01T00:00:00,Zambia,Mufumbwe,266.2591072390686
10705,2004,2,2004-02-01T00:00:00,Zambia,Mufumbwe,230.03145009910514
10706,2004,3,2004-03-01T00:00:00,Zambia,Mufumbwe,263.37901730757375
10714,2004,11,2004-11-01T00:00:00,Zambia,Mufumbwe,87.70819204644786
10715,2004,12,2004-12-01T00:00:00,Zambia,Mufumbwe,192.97053859367261
10716,2005,1,2005-01-01T00:00:00,Zambia,Mufumbwe,213.39566215344735
10717,2005,2,2005-02-01T00:00:00,Zambia,Mufumbwe,114.83929351533462
10718,2005,3,2005-03-01T00:00:00,Zambia,Mufumbwe,173.09175535092848
10726,2005,11,2005-11-01T00:00:00,Zambia,Mufumbwe,116.26117297748446
10727,2005,12,2005-12-01T00:00:00,Zambia,Mufumbwe,226.7334295768821
10728,2006,1,2006-01-01T00:00:00,Zambia,Mufumbwe,241.82385486276655
10729,2006,2,2006-02-01T00:00:00,Zambia,Mufumbwe,230.5031263987835
10730,2006,3,2006-03-01T00:00:00,Zambia,Mufumbwe,207.07963274921056
10738,2006,11,2006-11-01T00:00:00,Zambia,Mufumbwe,159.16074098961008
10739,2006,12,2006-12-01T00:00:00,Zambia,Mufumbwe,305.46300883664065
10740,2007,1,2007-01-01T00:00:00,Zambia,Mufumbwe,292.7621500767189
10741,2007,2,2007-02-01T00:00:00,Zambia,Mufumbwe,265.17144002213524
10742,2007,3,2007-03-01T00:00:00,Zambia,Mufumbwe,136.2363082593292
10750,2007,11,2007-11-01T00:00:00,Zambia,Mufumbwe,154.88116935721004
10751,2007,12,2007-12-01T00:00:00,Zambia,Mufumbwe,249.7181595855522
10752,2008,1,2008-01-01T00:00:00,Zambia,Mufumbwe,306.64837499279344
10753,2008,2,2008-02-01T00:00:00,Zambia,Mufumbwe,184.92977830833678
10754,2008,3,2008-03-01T00:00:00,Zambia,Mufumbwe,137.68022364689472
10762,2008,11,2008-11-01T00:00:00,Zambia,Mufumbwe,234.17823408280296
10763,2008,12,2008-12-01T00:00:00,Zambia,Mufumbwe,209.14416842566743
10764,2009,1,2009-01-01T00:00:00,Zambia,Mufumbwe,303.31278604226634
10765,2009,2,2009-02-01T00:00:00,Zambia,Mufumbwe,185.37637140471213
10766,2009,3,2009-03-01T00:00:00,Zambia,Mufumbwe,201.5474412588562
10774,2009,11,2009-11-01T00:00:00,Zambia,Mufumbwe,170.18513338102505
10775,2009,12,2009-12-01T00:00:00,Zambia,Mufumbwe,198.96555666187658
10776,2010,1,2010-01-01T00:00:00,Zambia,Mufumbwe,187.4916473014286
10777,2010,2,2010-02-01T00:00:00,Zambia,Mufumbwe,276.1055431132531
10778,2010,3,2010-03-01T00:00:00,Zambia,Mufumbwe,224.1695284725025
10786,2010,11,2010-11-01T00:00:00,Zambia,Mufumbwe,153.75887174868564
10787,2010,12,2010-12-01T00:00:00,Zambia,Mufumbwe,430.06199667194176
10788,2011,1,2011-01-01T00:00:00,Zambia,Mufumbwe,271.0115782373221
10789,2011,2,2011-02-01T00:00:00,Zambia,Mufumbwe,155.05306545377036
10790,2011,3,2011-03-01T00:00:00,Zambia,Mufumbwe,247.02135841608214
10798,2011,11,2011-11-01T00:00:00,Zambia,Mufumbwe,152.57641394667056
10799,2011,12,2011-12-01T00:00:00,Zambia,Mufumbwe,248.4627906379325
10800,2012,1,2012-01-01T00:00:00,Zambia,Mufumbwe,223.75660418888177
10801,2012,2,2012-02-01T00:00:00,Zambia,Mufumbwe,214.12267970769122
10802,2012,3,2012-03-01T00:00:00,Zambia,Mufumbwe,150.37408376747635
10810,2012,11,2012-11-01T00:00:00,Zambia,Mufumbwe,148.83107806928507
10811,2012,12,2012-12-01T00:00:00,Zambia,Mufumbwe,249.84556962833744
10812,2013,1,2013-01-01T00:00:00,Zambia,Mufumbwe,238.1019701437026
10813,2013,2,2013-02-01T00:00:00,Zambia,Mufumbwe,216.55792374121074
10814,2013,3,2013-03-01T00:00:00,Zambia,Mufumbwe,111.8248443928204
10822,2013,11,2013-11-01T00:00:00,Zambia,Mufumbwe,116.32370897600754
10823,2013,12,2013-12-01T00:00:00,Zambia,Mufumbwe,247.90303505846518
10824,2014,1,2014-01-01T00:00:00,Zambia,Mufumbwe,194.50376078314628
10825,2014,2,2014-02-01T00:00:00,Zambia,Mufumbwe,191.15055006083762
10826,2014,3,2014-03-01T00:00:00,Zambia,Mufumbwe,185.41932502056363
10834,2014,11,2014-11-01T00:00:00,Zambia,Mufumbwe,93.05737584455768
10835,2014,12,2014-12-01T00:00:00,Zambia,Mufumbwe,186.14825544704007
10836,2015,1,2015-01-01T00:00:00,Zambia,Mufumbwe,204.24810206684123
10837,2015,2,2015-02-01T00:00:00,Zambia,Mufumbwe,152.33382486209348
10838,2015,3,2015-03-01T00:00:00,Zambia,Mufumbwe,116.41140786963233
10846,2015,11,2015-11-01T00:00:00,Zambia,Mufumbwe,121.23466517132319
10847,2015,12,2015-12-01T00:00:00,Zambia,Mufumbwe,194.92399267268598
10848,2016,1,2016-01-01T00:00:00,Zambia,Mufumbwe,239.85850701590684
10849,2016,2,2016-02-01T00:00:00,Zambia,Mufumbwe,216.49313166455562
10850,2016,3,2016-03-01T00:00:00,Zambia,Mufumbwe,227.9886511668011
10858,2016,11,2016-11-01T00:00:00,Zambia,Mufumbwe,118.73882031094979
10859,2016,12,2016-12-01T00:00:00,Zambia,Mufumbwe,140.53875887804696
10860,2017,1,2017-01-01T00:00:00,Zambia,Mufumbwe,216.9309061534305
10861,2017,2,2017-02-01T00:00:00,Zambia,Mufumbwe,328.3250261087917
10862,2017,3,2017-03-01T00:00:00,Zambia,Mufumbwe,143.33116379577075
10870,2017,11,2017-11-01T00:00:00,Zambia,Mufumbwe,138.45995500502906
10871,2017,12,2017-12-01T00:00:00,Zambia,Mufumbwe,223.29701743066403
10872,2018,1,2018-01-01T00:00:00,Zambia,Mufumbwe,124.72717276053245
10873,2018,2,2018-02-01T00:00:00,Zambia,Mufumbwe,305.2445524121411
10874,2018,3,2018-03-01T00:00:00,Zambia,Mufumbwe,216.8030643146492
10882,2018,11,2018-11-01T00:00:00,Zambia,Mufumbwe,81.7643969701841
10883,2018,12,2018-12-01T00:00:00,Zambia,Mufumbwe,169.9877187105654
10884,2019,1,2019-01-01T00:00:00,Zambia,Mufumbwe,262.30942342640174
10885,2019,2,2019-02-01T00:00:00,Zambia,Mufumbwe,219.69119281749116
10886,2019,3,2019-03-01T00:00:00,Zambia,Mufumbwe,81.32754106061833
10894,2019,11,2019-11-01T00:00:00,Zambia,Mufumbwe,99.45781925560856
10895,2019,12,2019-12-01T00:00:00,Zambia,Mufumbwe,124.84549515194949
10896,2020,1,2020-01-01T00:00:00,Zambia,Mufumbwe,266.4697483622624
10897,2020,2,2020-02-01T00:00:00,Zambia,Mufumbwe,278.4020067303172
10898,2020,3,2020-03-01T00:00:00,Zambia,Mufumbwe,260.3523328414792
10906,2020,11,2020-11-01T00:00:00,Zambia,Mufumbwe,105.15827659938378
10907,2020,12,2020-12-01T00:00:00,Zambia,Mufumbwe,198.60946812344693
10908,2021,1,2021-01-01T00:00:00,Zambia,Mufumbwe,308.42132203022635
10909,2021,2,2021-02-01T00:00:00,Zambia,Mufumbwe,236.65919038002272
10910,2021,3,2021-03-01T00:00:00,Zambia,Mufumbwe,148.432523324989
10918,2021,11,2021-11-01T00:00:00,Zambia,Mufumbwe,58.93245996296105
10919,2021,12,2021-12-01T00:00:00,Zambia,Mufumbwe,136.8940762395198
10920,2022,1,2022-01-01T00:00:00,Zambia,Mufumbwe,277.54296503769444
10921,2022,2,2022-02-01T00:00:00,Zambia,Mufumbwe,126.04677479697982
10922,2022,3,2022-03-01T00:00:00,Zambia,Mufumbwe,203.90633375630085
10930,2022,11,2022-11-01T00:00:00,Zambia,Mufumbwe,154.03409252386638
10931,2022,12,2022-12-01T00:00:00,Zambia,Mufumbwe,191.38580076530906
10932,2023,1,2023-01-01T00:00:00,Zambia,Mufumbwe,290.8858307596028
10933,2023,2,2023-02-01T00:00:00,Zambia,Mufumbwe,145.7784816943371
10934,2023,3,2023-03-01T00:00:00,Zambia,Mufumbwe,113.14030223592775
10942,2023,11,2023-11-01T00:00:00,Zambia,Mufumbwe,53.36241352585058
10943,2023,12,2023-12-01T00:00:00,Zambia,Mufumbwe,167.2640808314826
10944,2000,1,2000-01-01T00:00:00,Zambia,Mwinilunga,191.5820030289661
10945,2000,2,2000-02-01T00:00:00,Zambia,Mwinilunga,168.05223697772965
10946,2000,3,2000-03-01T00:00:00,Zambia,Mwinilunga,183.82442765644473
10954,2000,11,2000-11-01T00:00:00,Zambia,Mwinilunga,171.53533129983526
10955,2000,12,2000-12-01T00:00:00,Zambia,Mwinilunga,244.50064331701543
10956,2001,1,2001-01-01T00:00:00,Zambia,Mwinilunga,277.5554161031698
10957,2001,2,2001-02-01T00:00:00,Zambia,Mwinilunga,185.71484741270586
10958,2001,3,2001-03-01T00:00:00,Zambia,Mwinilunga,226.95186419903615
10966,2001,11,2001-11-01T00:00:00,Zambia,Mwinilunga,143.49986796165155
10967,2001,12,2001-12-01T00:00:00,Zambia,Mwinilunga,268.8085130145675
10968,2002,1,2002-01-01T00:00:00,Zambia,Mwinilunga,250.13209484589572
10969,2002,2,2002-02-01T00:00:00,Zambia,Mwinilunga,192.8608973928789
10970,2002,3,2002-03-01T00:00:00,Zambia,Mwinilunga,152.25030818858585
10978,2002,11,2002-11-01T00:00:00,Zambia,Mwinilunga,190.05476922517155
10979,2002,12,2002-12-01T00:00:00,Zambia,Mwinilunga,273.20235913080086
10980,2003,1,2003-01-01T00:00:00,Zambia,Mwinilunga,257.8593084006317
10981,2003,2,2003-02-01T00:00:00,Zambia,Mwinilunga,181.51148051840067
10982,2003,3,2003-03-01T00:00:00,Zambia,Mwinilunga,217.90360251271053
10990,2003,11,2003-11-01T00:00:00,Zambia,Mwinilunga,195.34289449344502
10991,2003,12,2003-12-01T00:00:00,Zambia,Mwinilunga,295.99378542072856
10992,2004,1,2004-01-01T00:00:00,Zambia,Mwinilunga,262.6580687549233
10993,2004,2,2004-02-01T00:00:00,Zambia,Mwinilunga,208.60953527508494
10994,2004,3,2004-03-01T00:00:00,Zambia,Mwinilunga,250.1917326359413
11002,2004,11,2004-11-01T00:00:00,Zambia,Mwinilunga,124.2068824022902
11003,2004,12,2004-12-01T00:00:00,Zambia,Mwinilunga,277.39524001200385
11004,2005,1,2005-01-01T00:00:00,Zambia,Mwinilunga,229.61021514560903
11005,2005,2,2005-02-01T00:00:00,Zambia,Mwinilunga,199.113369101539
11006,2005,3,2005-03-01T00:00:00,Zambia,Mwinilunga,252.29468608756196
11014,2005,11,2005-11-01T00:00:00,Zambia,Mwinilunga,150.2460403002946
11015,2005,12,2005-12-01T00:00:00,Zambia,Mwinilunga,261.09588958146503
11016,2006,1,2006-01-01T00:00:00,Zambia,Mwinilunga,270.1223698721464
11017,2006,2,2006-02-01T00:00:00,Zambia,Mwinilunga,221.25774610205895
11018,2006,3,2006-03-01T00:00:00,Zambia,Mwinilunga,231.38469176876617
11026,2006,11,2006-11-01T00:00:00,Zambia,Mwinilunga,216.2589729510114
11027,2006,12,2006-12-01T00:00:00,Zambia,Mwinilunga,317.6448321951876
11028,2007,1,2007-01-01T00:00:00,Zambia,Mwinilunga,252.42342987589447
11029,2007,2,2007-02-01T00:00:00,Zambia,Mwinilunga,211.8893930694818
11030,2007,3,2007-03-01T00:00:00,Zambia,Mwinilunga,253.29649030212042
11038,2007,11,2007-11-01T00:00:00,Zambia,Mwinilunga,160.036510853104
11039,2007,12,2007-12-01T00:00:00,Zambia,Mwinilunga,278.54644015043283
11040,2008,1,2008-01-01T00:00:00,Zambia,Mwinilunga,231.27499682523106
11041,2008,2,2008-02-01T00:00:00,Zambia,Mwinilunga,199.05417365840543
11042,2008,3,2008-03-01T00:00:00,Zambia,Mwinilunga,183.45457521368516
11050,2008,11,2008-11-01T00:00:00,Zambia,Mwinilunga,253.72139032681633
11051,2008,12,2008-12-01T00:00:00,Zambia,Mwinilunga,235.0362097366385
11052,2009,1,2009-01-01T00:00:00,Zambia,Mwinilunga,335.89058364952416
11053,2009,2,2009-02-01T00:00:00,Zambia,Mwinilunga,219.20281519403915
11054,2009,3,2009-03-01T00:00:00,Zambia,Mwinilunga,206.4045429449336
11062,2009,11,2009-11-01T00:00:00,Zambia,Mwinilunga,179.077770705727
11063,2009,12,2009-12-01T00:00:00,Zambia,Mwinilunga,281.0889606848407
11064,2010,1,2010-01-01T00:00:00,Zambia,Mwinilunga,240.80324207842727
11065,2010,2,2010-02-01T00:00:00,Zambia,Mwinilunga,236.62846051650303
11066,2010,3,2010-03-01T00:00:00,Zambia,Mwinilunga,226.2252654247358
11074,2010,11,2010-11-01T00:00:00,Zambia,Mwinilunga,175.27394567619794
11075,2010,12,2010-12-01T00:00:00,Zambia,Mwinilunga,348.64027178553135
11076,2011,1,2011-01-01T00:00:00,Zambia,Mwinilunga,242.0370364596858
11077,2011,2,2011-02-01T00:00:00,Zambia,Mwinilunga,203.54522876836333
11078,2011,3,2011-03-01T00:00:00,Zambia,Mwinilunga,238.07207069249176
11086,2011,11,2011-11-01T00:00:00,Zambia,Mwinilunga,183.75743126993683
11087,2011,12,2011-12-01T00:00:00,Zambia,Mwinilunga,265.4141788704396
11088,2012,1,2012-01-01T00:00:00,Zambia,Mwinilunga,225.4703595776769
11089,2012,2,2012-02-01T00:00:00,Zambia,Mwinilunga,208.62097120309932
11090,2012,3,2012-03-01T00:00:00,Zambia,Mwinilunga,205.19877978187205
11098,2012,11,2012-11-01T00:00:00,Zambia,Mwinilunga,187.09869385539258
11099,2012,12,2012-12-01T00:00:00,Zambia,Mwinilunga,276.7846538904095
11100,2013,1,2013-01-01T00:00:00,Zambia,Mwinilunga,239.04799987922752
11101,2013,2,2013-02-01T00:00:00,Zambia,Mwinilunga,184.20859029682683
11102,2013,3,2013-03-01T00:00:00,Zambia,Mwinilunga,231.13140049915833
11110,2013,11,2013-11-01T00:00:00,Zambia,Mwinilunga,164.29222194495193
11111,2013,12,2013-12-01T00:00:00,Zambia,Mwinilunga,410.18107106727945
11112,2014,1,2014-01-01T00:00:00,Zambia,Mwinilunga,255.06195929820748
11113,2014,2,2014-02-01T00:00:00,Zambia,Mwinilunga,217.95615671359866
11114,2014,3,2014-03-01T00:00:00,Zambia,Mwinilunga,428.66136053441653
11122,2014,11,2014-11-01T00:00:00,Zambia,Mwinilunga,138.18399696297908
11123,2014,12,2014-12-01T00:00:00,Zambia,Mwinilunga,216.82553545672704
11124,2015,1,2015-01-01T00:00:00,Zambia,Mwinilunga,208.78516267898567
11125,2015,2,2015-02-01T00:00:00,Zambia,Mwinilunga,163.48558296472797
11126,2015,3,2015-03-01T00:00:00,Zambia,Mwinilunga,126.66699111877112
11134,2015,11,2015-11-01T00:00:00,Zambia,Mwinilunga,228.4205154862836
11135,2015,12,2015-12-01T00:00:00,Zambia,Mwinilunga,246.57894338754252
11136,2016,1,2016-01-01T00:00:00,Zambia,Mwinilunga,207.9655483497085
11137,2016,2,2016-02-01T00:00:00,Zambia,Mwinilunga,222.49352474991466
11138,2016,3,2016-03-01T00:00:00,Zambia,Mwinilunga,214.5884640690809
11146,2016,11,2016-11-01T00:00:00,Zambia,Mwinilunga,144.6819107561191
11147,2016,12,2016-12-01T00:00:00,Zambia,Mwinilunga,206.5791060827485
11148,2017,1,2017-01-01T00:00:00,Zambia,Mwinilunga,203.17603752370016
11149,2017,2,2017-02-01T00:00:00,Zambia,Mwinilunga,311.39393226751474
11150,2017,3,2017-03-01T00:00:00,Zambia,Mwinilunga,162.22827798723242
11158,2017,11,2017-11-01T00:00:00,Zambia,Mwinilunga,201.09429237864353
11159,2017,12,2017-12-01T00:00:00,Zambia,Mwinilunga,306.31094858975985
11160,2018,1,2018-01-01T00:00:00,Zambia,Mwinilunga,264.1020544686231
11161,2018,2,2018-02-01T00:00:00,Zambia,Mwinilunga,282.64738778389733
11162,2018,3,2018-03-01T00:00:00,Zambia,Mwinilunga,204.01138691806528
11170,2018,11,2018-11-01T00:00:00,Zambia,Mwinilunga,134.15847806598296
11171,2018,12,2018-12-01T00:00:00,Zambia,Mwinilunga,294.2150505299972
11172,2019,1,2019-01-01T00:00:00,Zambia,Mwinilunga,349.93650599385813
11173,2019,2,2019-02-01T00:00:00,Zambia,Mwinilunga,265.5006563934113
11174,2019,3,2019-03-01T00:00:00,Zambia,Mwinilunga,144.28185585636632
11182,2019,11,2019-11-01T00:00:00,Zambia,Mwinilunga,162.4840986751467
11183,2019,12,2019-12-01T00:00:00,Zambia,Mwinilunga,204.57589690195636
11184,2020,1,2020-01-01T00:00:00,Zambia,Mwinilunga,205.0824116014956
11185,2020,2,2020-02-01T00:00:00,Zambia,Mwinilunga,258.1379330973051
11186,2020,3,2020-03-01T00:00:00,Zambia,Mwinilunga,337.49079304439914
11194,2020,11,2020-11-01T00:00:00,Zambia,Mwinilunga,117.22353536582499
11195,2020,12,2020-12-01T00:00:00,Zambia,Mwinilunga,145.73029049028054
11196,2021,1,2021-01-01T00:00:00,Zambia,Mwinilunga,255.43774489612954
11197,2021,2,2021-02-01T00:00:00,Zambia,Mwinilunga,252.14953883889828
11198,2021,3,2021-03-01T00:00:00,Zambia,Mwinilunga,147.2289126964655
11206,2021,11,2021-11-01T00:00:00,Zambia,Mwinilunga,82.56480705537996
11207,2021,12,2021-12-01T00:00:00,Zambia,Mwinilunga,237.33309976366291
11208,2022,1,2022-01-01T00:00:00,Zambia,Mwinilunga,248.6031199556479
11209,2022,2,2022-02-01T00:00:00,Zambia,Mwinilunga,182.4060741707782
11210,2022,3,2022-03-01T00:00:00,Zambia,Mwinilunga,321.4990152690835
11218,2022,11,2022-11-01T00:00:00,Zambia,Mwinilunga,231.6863221713816
11219,2022,12,2022-12-01T00:00:00,Zambia,Mwinilunga,291.3920388045716
11220,2023,1,2023-01-01T00:00:00,Zambia,Mwinilunga,194.4467224069868
11221,2023,2,2023-02-01T00:00:00,Zambia,Mwinilunga,123.0522483767436
11222,2023,3,2023-03-01T00:00:00,Zambia,Mwinilunga,192.71574568039424
11230,2023,11,2023-11-01T00:00:00,Zambia,Mwinilunga,150.69997879222993
11231,2023,12,2023-12-01T00:00:00,Zambia,Mwinilunga,149.89893375379833
11232,2000,1,2000-01-01T00:00:00,Zambia,Solwezi,237.88338856498356
11233,2000,2,2000-02-01T00:00:00,Zambia,Solwezi,237.43379917933987
11234,2000,3,2000-03-01T00:00:00,Zambia,Solwezi,205.28918659351436
11242,2000,11,2000-11-01T00:00:00,Zambia,Solwezi,163.88548281739372
11243,2000,12,2000-12-01T00:00:00,Zambia,Solwezi,345.82614486924433
11244,2001,1,2001-01-01T00:00:00,Zambia,Solwezi,375.1099886492468
11245,2001,2,2001-02-01T00:00:00,Zambia,Solwezi,260.4916898395376
11246,2001,3,2001-03-01T00:00:00,Zambia,Solwezi,262.00884260553545
11254,2001,11,2001-11-01T00:00:00,Zambia,Solwezi,159.740936008325
11255,2001,12,2001-12-01T00:00:00,Zambia,Solwezi,261.6850541556348
11256,2002,1,2002-01-01T00:00:00,Zambia,Solwezi,252.0053548273082
11257,2002,2,2002-02-01T00:00:00,Zambia,Solwezi,213.44134925351747
11258,2002,3,2002-03-01T00:00:00,Zambia,Solwezi,113.39467913676664
11266,2002,11,2002-11-01T00:00:00,Zambia,Solwezi,170.31225689444918
11267,2002,12,2002-12-01T00:00:00,Zambia,Solwezi,284.67883214688055
11268,2003,1,2003-01-01T00:00:00,Zambia,Solwezi,276.07782969399534
11269,2003,2,2003-02-01T00:00:00,Zambia,Solwezi,204.50384875208456
11270,2003,3,2003-03-01T00:00:00,Zambia,Solwezi,213.56724226117
11278,2003,11,2003-11-01T00:00:00,Zambia,Solwezi,168.8593118335113
11279,2003,12,2003-12-01T00:00:00,Zambia,Solwezi,319.9608219047187
11280,2004,1,2004-01-01T00:00:00,Zambia,Solwezi,269.0857760691038
11281,2004,2,2004-02-01T00:00:00,Zambia,Solwezi,233.8563004282122
11282,2004,3,2004-03-01T00:00:00,Zambia,Solwezi,225.1783821704891
11290,2004,11,2004-11-01T00:00:00,Zambia,Solwezi,122.6417929683807
11291,2004,12,2004-12-01T00:00:00,Zambia,Solwezi,289.4694704527956
11292,2005,1,2005-01-01T00:00:00,Zambia,Solwezi,255.30724050895347
11293,2005,2,2005-02-01T00:00:00,Zambia,Solwezi,175.62985077559955
11294,2005,3,2005-03-01T00:00:00,Zambia,Solwezi,185.8650454444646
11302,2005,11,2005-11-01T00:00:00,Zambia,Solwezi,119.81565453451638
11303,2005,12,2005-12-01T00:00:00,Zambia,Solwezi,335.274778773043
11304,2006,1,2006-01-01T00:00:00,Zambia,Solwezi,272.2763192363268
11305,2006,2,2006-02-01T00:00:00,Zambia,Solwezi,250.20518899945705
11306,2006,3,2006-03-01T00:00:00,Zambia,Solwezi,260.6669384374251
11314,2006,11,2006-11-01T00:00:00,Zambia,Solwezi,176.42358070964315
11315,2006,12,2006-12-01T00:00:00,Zambia,Solwezi,352.32501747655067
11316,2007,1,2007-01-01T00:00:00,Zambia,Solwezi,286.4601550152946
11317,2007,2,2007-02-01T00:00:00,Zambia,Solwezi,276.76018317431294
11318,2007,3,2007-03-01T00:00:00,Zambia,Solwezi,191.95963664435064
11326,2007,11,2007-11-01T00:00:00,Zambia,Solwezi,155.2503868693673
11327,2007,12,2007-12-01T00:00:00,Zambia,Solwezi,361.48585237841013
11328,2008,1,2008-01-01T00:00:00,Zambia,Solwezi,293.9183082301383
11329,2008,2,2008-02-01T00:00:00,Zambia,Solwezi,212.8836913637915
11330,2008,3,2008-03-01T00:00:00,Zambia,Solwezi,172.35328271817306
11338,2008,11,2008-11-01T00:00:00,Zambia,Solwezi,278.76866896807286
11339,2008,12,2008-12-01T00:00:00,Zambia,Solwezi,276.6176732927363
11340,2009,1,2009-01-01T00:00:00,Zambia,Solwezi,329.90048397075645
11341,2009,2,2009-02-01T00:00:00,Zambia,Solwezi,218.23993195013074
11342,2009,3,2009-03-01T00:00:00,Zambia,Solwezi,248.64440047153022
11350,2009,11,2009-11-01T00:00:00,Zambia,Solwezi,200.71770024101326
11351,2009,12,2009-12-01T00:00:00,Zambia,Solwezi,309.7323386549259
11352,2010,1,2010-01-01T00:00:00,Zambia,Solwezi,201.0911160817588
11353,2010,2,2010-02-01T00:00:00,Zambia,Solwezi,331.95815091769333
11354,2010,3,2010-03-01T00:00:00,Zambia,Solwezi,265.54458596764937
11362,2010,11,2010-11-01T00:00:00,Zambia,Solwezi,144.8553646495184
11363,2010,12,2010-12-01T00:00:00,Zambia,Solwezi,346.60998737609134
11364,2011,1,2011-01-01T00:00:00,Zambia,Solwezi,267.91642190315133
11365,2011,2,2011-02-01T00:00:00,Zambia,Solwezi,202.91715481149598
11366,2011,3,2011-03-01T00:00:00,Zambia,Solwezi,258.37065502475843
11374,2011,11,2011-11-01T00:00:00,Zambia,Solwezi,167.3922162024081
11375,2011,12,2011-12-01T00:00:00,Zambia,Solwezi,274.2499683043251
11376,2012,1,2012-01-01T00:00:00,Zambia,Solwezi,267.3646933576515
11377,2012,2,2012-02-01T00:00:00,Zambia,Solwezi,272.33205691575256
11378,2012,3,2012-03-01T00:00:00,Zambia,Solwezi,220.18617695129493
11386,2012,11,2012-11-01T00:00:00,Zambia,Solwezi,171.48736745050078
11387,2012,12,2012-12-01T00:00:00,Zambia,Solwezi,323.6340498713087
11388,2013,1,2013-01-01T00:00:00,Zambia,Solwezi,255.12579204001503
11389,2013,2,2013-02-01T00:00:00,Zambia,Solwezi,237.56205658027616
11390,2013,3,2013-03-01T00:00:00,Zambia,Solwezi,152.71730543354653
11398,2013,11,2013-11-01T00:00:00,Zambia,Solwezi,159.20271087467466
11399,2013,12,2013-12-01T00:00:00,Zambia,Solwezi,337.42259736765067
11400,2014,1,2014-01-01T00:00:00,Zambia,Solwezi,239.2066763690996
11401,2014,2,2014-02-01T00:00:00,Zambia,Solwezi,268.8317693548574
11402,2014,3,2014-03-01T00:00:00,Zambia,Solwezi,275.8547569808012
11410,2014,11,2014-11-01T00:00:00,Zambia,Solwezi,118.73204091964368
11411,2014,12,2014-12-01T00:00:00,Zambia,Solwezi,249.12630834122177
11412,2015,1,2015-01-01T00:00:00,Zambia,Solwezi,227.6365974989625
11413,2015,2,2015-02-01T00:00:00,Zambia,Solwezi,198.9352639849217
11414,2015,3,2015-03-01T00:00:00,Zambia,Solwezi,126.7382282116819
11422,2015,11,2015-11-01T00:00:00,Zambia,Solwezi,161.17327341496133
11423,2015,12,2015-12-01T00:00:00,Zambia,Solwezi,216.85442490201928
11424,2016,1,2016-01-01T00:00:00,Zambia,Solwezi,265.77028906420185
11425,2016,2,2016-02-01T00:00:00,Zambia,Solwezi,231.0762598527889
11426,2016,3,2016-03-01T00:00:00,Zambia,Solwezi,247.75007603070665
11434,2016,11,2016-11-01T00:00:00,Zambia,Solwezi,132.21273763454712
11435,2016,12,2016-12-01T00:00:00,Zambia,Solwezi,178.46897820516952
11436,2017,1,2017-01-01T00:00:00,Zambia,Solwezi,268.7405789752203
11437,2017,2,2017-02-01T00:00:00,Zambia,Solwezi,394.9954481172965
11438,2017,3,2017-03-01T00:00:00,Zambia,Solwezi,167.36479660639833
11446,2017,11,2017-11-01T00:00:00,Zambia,Solwezi,190.63963497750018
11447,2017,12,2017-12-01T00:00:00,Zambia,Solwezi,318.4521135425955
11448,2018,1,2018-01-01T00:00:00,Zambia,Solwezi,189.01125179084391
11449,2018,2,2018-02-01T00:00:00,Zambia,Solwezi,324.6488667684792
11450,2018,3,2018-03-01T00:00:00,Zambia,Solwezi,229.21483329876963
11458,2018,11,2018-11-01T00:00:00,Zambia,Solwezi,101.69001637312994
11459,2018,12,2018-12-01T00:00:00,Zambia,Solwezi,307.93615705038025
11460,2019,1,2019-01-01T00:00:00,Zambia,Solwezi,305.48416893076364
11461,2019,2,2019-02-01T00:00:00,Zambia,Solwezi,292.5451618282415
11462,2019,3,2019-03-01T00:00:00,Zambia,Solwezi,158.9173686454904
11470,2019,11,2019-11-01T00:00:00,Zambia,Solwezi,123.3791353735068
11471,2019,12,2019-12-01T00:00:00,Zambia,Solwezi,135.38991253781347
11472,2020,1,2020-01-01T00:00:00,Zambia,Solwezi,235.95070990596417
11473,2020,2,2020-02-01T00:00:00,Zambia,Solwezi,315.0288948013585
11474,2020,3,2020-03-01T00:00:00,Zambia,Solwezi,276.24144426010326
11482,2020,11,2020-11-01T00:00:00,Zambia,Solwezi,105.39024080621036
11483,2020,12,2020-12-01T00:00:00,Zambia,Solwezi,218.6289436986703
11484,2021,1,2021-01-01T00:00:00,Zambia,Solwezi,323.1367456661299
11485,2021,2,2021-02-01T00:00:00,Zambia,Solwezi,304.3047854481117
11486,2021,3,2021-03-01T00:00:00,Zambia,Solwezi,232.67231614885347
11494,2021,11,2021-11-01T00:00:00,Zambia,Solwezi,72.99851575698327
11495,2021,12,2021-12-01T00:00:00,Zambia,Solwezi,190.5949842368973
11496,2022,1,2022-01-01T00:00:00,Zambia,Solwezi,292.3994419320512
11497,2022,2,2022-02-01T00:00:00,Zambia,Solwezi,190.29045121953254
11498,2022,3,2022-03-01T00:00:00,Zambia,Solwezi,272.1609622386979
11506,2022,11,2022-11-01T00:00:00,Zambia,Solwezi,179.2659890109479
11507,2022,12,2022-12-01T00:00:00,Zambia,Solwezi,260.6795139969901
11508,2023,1,2023-01-01T00:00:00,Zambia,Solwezi,263.4715342081804
11509,2023,2,2023-02-01T00:00:00,Zambia,Solwezi,149.82086298159618
11510,2023,3,2023-03-01T00:00:00,Zambia,Solwezi,204.8218424952804
11518,2023,11,2023-11-01T00:00:00,Zambia,Solwezi,131.96896504092308
11519,2023,12,2023-12-01T00:00:00,Zambia,Solwezi,212.9100589624912
11520,2000,1,2000-01-01T00:00:00,Zambia,Chilubi,260.750058954163
11521,2000,2,2000-02-01T00:00:00,Zambia,Chilubi,217.27910417946856
11522,2000,3,2000-03-01T00:00:00,Zambia,Chilubi,249.17335619951731
11530,2000,11,2000-11-01T00:00:00,Zambia,Chilubi,168.4940136071641
11531,2000,12,2000-12-01T00:00:00,Zambia,Chilubi,317.2042595191237
11532,2001,1,2001-01-01T00:00:00,Zambia,Chilubi,376.4789693145996
11533,2001,2,2001-02-01T00:00:00,Zambia,Chilubi,238.74843296438075
11534,2001,3,2001-03-01T00:00:00,Zambia,Chilubi,223.83270681246535
11542,2001,11,2001-11-01T00:00:00,Zambia,Chilubi,127.48694125342841
11543,2001,12,2001-12-01T00:00:00,Zambia,Chilubi,231.02666200467837
11544,2002,1,2002-01-01T00:00:00,Zambia,Chilubi,347.34034995781656
11545,2002,2,2002-02-01T00:00:00,Zambia,Chilubi,284.91416243579744
11546,2002,3,2002-03-01T00:00:00,Zambia,Chilubi,233.44627303113
11554,2002,11,2002-11-01T00:00:00,Zambia,Chilubi,145.3225117659438
11555,2002,12,2002-12-01T00:00:00,Zambia,Chilubi,300.36767082283205
11556,2003,1,2003-01-01T00:00:00,Zambia,Chilubi,304.13283418705953
11557,2003,2,2003-02-01T00:00:00,Zambia,Chilubi,178.14774001142658
11558,2003,3,2003-03-01T00:00:00,Zambia,Chilubi,250.4709943358641
11566,2003,11,2003-11-01T00:00:00,Zambia,Chilubi,63.94375612546144
11567,2003,12,2003-12-01T00:00:00,Zambia,Chilubi,265.78451682689644
11568,2004,1,2004-01-01T00:00:00,Zambia,Chilubi,206.46675834155175
11569,2004,2,2004-02-01T00:00:00,Zambia,Chilubi,285.36826665324304
11570,2004,3,2004-03-01T00:00:00,Zambia,Chilubi,225.7237939013074
11578,2004,11,2004-11-01T00:00:00,Zambia,Chilubi,149.8064864706317
11579,2004,12,2004-12-01T00:00:00,Zambia,Chilubi,341.7339170790327
11580,2005,1,2005-01-01T00:00:00,Zambia,Chilubi,354.98131275301205
11581,2005,2,2005-02-01T00:00:00,Zambia,Chilubi,191.30634357263654
11582,2005,3,2005-03-01T00:00:00,Zambia,Chilubi,165.84418240973895
11590,2005,11,2005-11-01T00:00:00,Zambia,Chilubi,100.95161124436903
11591,2005,12,2005-12-01T00:00:00,Zambia,Chilubi,199.14753631206494
11592,2006,1,2006-01-01T00:00:00,Zambia,Chilubi,274.35225919970213
11593,2006,2,2006-02-01T00:00:00,Zambia,Chilubi,309.41846855855727
11594,2006,3,2006-03-01T00:00:00,Zambia,Chilubi,292.1464296652194
11602,2006,11,2006-11-01T00:00:00,Zambia,Chilubi,155.92356161087045
11603,2006,12,2006-12-01T00:00:00,Zambia,Chilubi,356.361683435292
11604,2007,1,2007-01-01T00:00:00,Zambia,Chilubi,352.1111590066995
11605,2007,2,2007-02-01T00:00:00,Zambia,Chilubi,343.30535002497027
11606,2007,3,2007-03-01T00:00:00,Zambia,Chilubi,212.1220219381679
11614,2007,11,2007-11-01T00:00:00,Zambia,Chilubi,140.5493390829558
11615,2007,12,2007-12-01T00:00:00,Zambia,Chilubi,280.8624778146716
11616,2008,1,2008-01-01T00:00:00,Zambia,Chilubi,303.21678867848743
11617,2008,2,2008-02-01T00:00:00,Zambia,Chilubi,211.14538918651647
11618,2008,3,2008-03-01T00:00:00,Zambia,Chilubi,189.31135430884748
11626,2008,11,2008-11-01T00:00:00,Zambia,Chilubi,204.52387929838366
11627,2008,12,2008-12-01T00:00:00,Zambia,Chilubi,228.8954765007483
11628,2009,1,2009-01-01T00:00:00,Zambia,Chilubi,263.3844872174012
11629,2009,2,2009-02-01T00:00:00,Zambia,Chilubi,299.1930385764818
11630,2009,3,2009-03-01T00:00:00,Zambia,Chilubi,227.8243070070748
11638,2009,11,2009-11-01T00:00:00,Zambia,Chilubi,191.02256451585828
11639,2009,12,2009-12-01T00:00:00,Zambia,Chilubi,280.16359056430935
11640,2010,1,2010-01-01T00:00:00,Zambia,Chilubi,235.71533089635568
11641,2010,2,2010-02-01T00:00:00,Zambia,Chilubi,286.5955795444997
11642,2010,3,2010-03-01T00:00:00,Zambia,Chilubi,245.85988333568716
11650,2010,11,2010-11-01T00:00:00,Zambia,Chilubi,101.21553210575796
11651,2010,12,2010-12-01T00:00:00,Zambia,Chilubi,264.78606561259323
11652,2011,1,2011-01-01T00:00:00,Zambia,Chilubi,235.4161017999615
11653,2011,2,2011-02-01T00:00:00,Zambia,Chilubi,227.23905117823838
11654,2011,3,2011-03-01T00:00:00,Zambia,Chilubi,232.3148648104283
11662,2011,11,2011-11-01T00:00:00,Zambia,Chilubi,147.82208571455598
11663,2011,12,2011-12-01T00:00:00,Zambia,Chilubi,220.08932840202584
11664,2012,1,2012-01-01T00:00:00,Zambia,Chilubi,247.38032556437042
11665,2012,2,2012-02-01T00:00:00,Zambia,Chilubi,235.8355366359333
11666,2012,3,2012-03-01T00:00:00,Zambia,Chilubi,225.05466069638175
11674,2012,11,2012-11-01T00:00:00,Zambia,Chilubi,128.36688595757406
11675,2012,12,2012-12-01T00:00:00,Zambia,Chilubi,339.85550560147925
11676,2013,1,2013-01-01T00:00:00,Zambia,Chilubi,266.0819112314994
11677,2013,2,2013-02-01T00:00:00,Zambia,Chilubi,242.42576121385173
11678,2013,3,2013-03-01T00:00:00,Zambia,Chilubi,215.32603380129592
11686,2013,11,2013-11-01T00:00:00,Zambia,Chilubi,150.4563932505996
11687,2013,12,2013-12-01T00:00:00,Zambia,Chilubi,357.36642846046465
11688,2014,1,2014-01-01T00:00:00,Zambia,Chilubi,261.4660666709931
11689,2014,2,2014-02-01T00:00:00,Zambia,Chilubi,270.5785774655402
11690,2014,3,2014-03-01T00:00:00,Zambia,Chilubi,210.48015714005544
11698,2014,11,2014-11-01T00:00:00,Zambia,Chilubi,64.99773364776448
11699,2014,12,2014-12-01T00:00:00,Zambia,Chilubi,174.11650052004146
11700,2015,1,2015-01-01T00:00:00,Zambia,Chilubi,263.6272913888995
11701,2015,2,2015-02-01T00:00:00,Zambia,Chilubi,221.2319356255427
11702,2015,3,2015-03-01T00:00:00,Zambia,Chilubi,206.83910037710635
11710,2015,11,2015-11-01T00:00:00,Zambia,Chilubi,147.31155930699987
11711,2015,12,2015-12-01T00:00:00,Zambia,Chilubi,255.33528266744594
11712,2016,1,2016-01-01T00:00:00,Zambia,Chilubi,255.80605780801557
11713,2016,2,2016-02-01T00:00:00,Zambia,Chilubi,196.95059090745517
11714,2016,3,2016-03-01T00:00:00,Zambia,Chilubi,242.67417245682248
11722,2016,11,2016-11-01T00:00:00,Zambia,Chilubi,107.21212769456487
11723,2016,12,2016-12-01T00:00:00,Zambia,Chilubi,232.743541128448
11724,2017,1,2017-01-01T00:00:00,Zambia,Chilubi,250.61144291269707
11725,2017,2,2017-02-01T00:00:00,Zambia,Chilubi,359.96757999533037
11726,2017,3,2017-03-01T00:00:00,Zambia,Chilubi,161.48987341099723
11734,2017,11,2017-11-01T00:00:00,Zambia,Chilubi,186.56747913323764
11735,2017,12,2017-12-01T00:00:00,Zambia,Chilubi,300.665517905251
11736,2018,1,2018-01-01T00:00:00,Zambia,Chilubi,229.6855033867885
11737,2018,2,2018-02-01T00:00:00,Zambia,Chilubi,272.81499150480164
11738,2018,3,2018-03-01T00:00:00,Zambia,Chilubi,230.94161291837256
11746,2018,11,2018-11-01T00:00:00,Zambia,Chilubi,98.93422013459082
11747,2018,12,2018-12-01T00:00:00,Zambia,Chilubi,306.3204977711594
11748,2019,1,2019-01-01T00:00:00,Zambia,Chilubi,275.5560132366082
11749,2019,2,2019-02-01T00:00:00,Zambia,Chilubi,245.4116351818384
11750,2019,3,2019-03-01T00:00:00,Zambia,Chilubi,211.85872332872367
11758,2019,11,2019-11-01T00:00:00,Zambia,Chilubi,124.68251812904217
11759,2019,12,2019-12-01T00:00:00,Zambia,Chilubi,204.10164662708965
11760,2020,1,2020-01-01T00:00:00,Zambia,Chilubi,268.68844899479177
11761,2020,2,2020-02-01T00:00:00,Zambia,Chilubi,295.0275570104937
11762,2020,3,2020-03-01T00:00:00,Zambia,Chilubi,256.87224503641806
11770,2020,11,2020-11-01T00:00:00,Zambia,Chilubi,104.08848894936291
11771,2020,12,2020-12-01T00:00:00,Zambia,Chilubi,251.9172561405824
11772,2021,1,2021-01-01T00:00:00,Zambia,Chilubi,286.23679745657563
11773,2021,2,2021-02-01T00:00:00,Zambia,Chilubi,374.8404095986816
11774,2021,3,2021-03-01T00:00:00,Zambia,Chilubi,284.6950240367771
11782,2021,11,2021-11-01T00:00:00,Zambia,Chilubi,106.39966813368378
11783,2021,12,2021-12-01T00:00:00,Zambia,Chilubi,176.97907031809825
11784,2022,1,2022-01-01T00:00:00,Zambia,Chilubi,338.96797826389934
11785,2022,2,2022-02-01T00:00:00,Zambia,Chilubi,299.61387583220903
11786,2022,3,2022-03-01T00:00:00,Zambia,Chilubi,206.56501710281077
11794,2022,11,2022-11-01T00:00:00,Zambia,Chilubi,117.71263549853722
11795,2022,12,2022-12-01T00:00:00,Zambia,Chilubi,283.9639659385794
11796,2023,1,2023-01-01T00:00:00,Zambia,Chilubi,245.77125989439062
11797,2023,2,2023-02-01T00:00:00,Zambia,Chilubi,167.01082080309746
11798,2023,3,2023-03-01T00:00:00,Zambia,Chilubi,223.6414577970514
11806,2023,11,2023-11-01T00:00:00,Zambia,Chilubi,138.445700786214
11807,2023,12,2023-12-01T00:00:00,Zambia,Chilubi,372.12199949936627
11808,2000,1,2000-01-01T00:00:00,Zambia,Chinsali,189.04221288948347
11809,2000,2,2000-02-01T00:00:00,Zambia,Chinsali,195.95025432122853
11810,2000,3,2000-03-01T00:00:00,Zambia,Chinsali,258.7620178073002
11818,2000,11,2000-11-01T00:00:00,Zambia,Chinsali,212.07436507033302
11819,2000,12,2000-12-01T00:00:00,Zambia,Chinsali,297.6715889867677
11820,2001,1,2001-01-01T00:00:00,Zambia,Chinsali,335.6347033252665
11821,2001,2,2001-02-01T00:00:00,Zambia,Chinsali,216.4387468171401
11822,2001,3,2001-03-01T00:00:00,Zambia,Chinsali,176.23960918802058
11830,2001,11,2001-11-01T00:00:00,Zambia,Chinsali,48.89841846997664
11831,2001,12,2001-12-01T00:00:00,Zambia,Chinsali,236.606691828063
11832,2002,1,2002-01-01T00:00:00,Zambia,Chinsali,293.98584006117585
11833,2002,2,2002-02-01T00:00:00,Zambia,Chinsali,216.3429264079715
11834,2002,3,2002-03-01T00:00:00,Zambia,Chinsali,189.2474320721872
11842,2002,11,2002-11-01T00:00:00,Zambia,Chinsali,74.27797964140144
11843,2002,12,2002-12-01T00:00:00,Zambia,Chinsali,327.5531668899179
11844,2003,1,2003-01-01T00:00:00,Zambia,Chinsali,254.9144485821291
11845,2003,2,2003-02-01T00:00:00,Zambia,Chinsali,198.44591319638567
11846,2003,3,2003-03-01T00:00:00,Zambia,Chinsali,296.89069350566564
11854,2003,11,2003-11-01T00:00:00,Zambia,Chinsali,50.197688861397744
11855,2003,12,2003-12-01T00:00:00,Zambia,Chinsali,198.29218594679537
11856,2004,1,2004-01-01T00:00:00,Zambia,Chinsali,234.451154233534
11857,2004,2,2004-02-01T00:00:00,Zambia,Chinsali,239.20233300758568
11858,2004,3,2004-03-01T00:00:00,Zambia,Chinsali,205.16647452512964
11866,2004,11,2004-11-01T00:00:00,Zambia,Chinsali,155.63785888076342
11867,2004,12,2004-12-01T00:00:00,Zambia,Chinsali,427.2380410535344
11868,2005,1,2005-01-01T00:00:00,Zambia,Chinsali,293.5760060237647
11869,2005,2,2005-02-01T00:00:00,Zambia,Chinsali,201.31470459931933
11870,2005,3,2005-03-01T00:00:00,Zambia,Chinsali,171.7070468939592
11878,2005,11,2005-11-01T00:00:00,Zambia,Chinsali,81.52902003829227
11879,2005,12,2005-12-01T00:00:00,Zambia,Chinsali,145.74400443411903
11880,2006,1,2006-01-01T00:00:00,Zambia,Chinsali,257.1173036652079
11881,2006,2,2006-02-01T00:00:00,Zambia,Chinsali,299.95798327962956
11882,2006,3,2006-03-01T00:00:00,Zambia,Chinsali,243.15504552532335
11890,2006,11,2006-11-01T00:00:00,Zambia,Chinsali,114.702845461834
11891,2006,12,2006-12-01T00:00:00,Zambia,Chinsali,313.2211437752322
11892,2007,1,2007-01-01T00:00:00,Zambia,Chinsali,330.48054101961804
11893,2007,2,2007-02-01T00:00:00,Zambia,Chinsali,302.3455295674352
11894,2007,3,2007-03-01T00:00:00,Zambia,Chinsali,202.9481704017721
11902,2007,11,2007-11-01T00:00:00,Zambia,Chinsali,68.47174538179279
11903,2007,12,2007-12-01T00:00:00,Zambia,Chinsali,278.0840206927107
11904,2008,1,2008-01-01T00:00:00,Zambia,Chinsali,273.0490675533155
11905,2008,2,2008-02-01T00:00:00,Zambia,Chinsali,202.20756436183635
11906,2008,3,2008-03-01T00:00:00,Zambia,Chinsali,138.37441001147383
11914,2008,11,2008-11-01T00:00:00,Zambia,Chinsali,87.92121009876361
11915,2008,12,2008-12-01T00:00:00,Zambia,Chinsali,172.9917079187196
11916,2009,1,2009-01-01T00:00:00,Zambia,Chinsali,250.19442219834013
11917,2009,2,2009-02-01T00:00:00,Zambia,Chinsali,214.8740432697333
11918,2009,3,2009-03-01T00:00:00,Zambia,Chinsali,230.8161985698972
11926,2009,11,2009-11-01T00:00:00,Zambia,Chinsali,182.449461573816
11927,2009,12,2009-12-01T00:00:00,Zambia,Chinsali,288.6325841551612
11928,2010,1,2010-01-01T00:00:00,Zambia,Chinsali,240.4798424002888
11929,2010,2,2010-02-01T00:00:00,Zambia,Chinsali,235.41512389218934
11930,2010,3,2010-03-01T00:00:00,Zambia,Chinsali,238.54598483503716
11938,2010,11,2010-11-01T00:00:00,Zambia,Chinsali,65.35271631236138
11939,2010,12,2010-12-01T00:00:00,Zambia,Chinsali,246.42887911762043
11940,2011,1,2011-01-01T00:00:00,Zambia,Chinsali,202.59736529120917
11941,2011,2,2011-02-01T00:00:00,Zambia,Chinsali,210.84434844066155
11942,2011,3,2011-03-01T00:00:00,Zambia,Chinsali,268.55975210698455
11950,2011,11,2011-11-01T00:00:00,Zambia,Chinsali,107.5212823063234
11951,2011,12,2011-12-01T00:00:00,Zambia,Chinsali,165.57037172686424
11952,2012,1,2012-01-01T00:00:00,Zambia,Chinsali,250.54096209068584
11953,2012,2,2012-02-01T00:00:00,Zambia,Chinsali,201.7033082677606
11954,2012,3,2012-03-01T00:00:00,Zambia,Chinsali,240.18211811301293
11962,2012,11,2012-11-01T00:00:00,Zambia,Chinsali,104.02676308993439
11963,2012,12,2012-12-01T00:00:00,Zambia,Chinsali,245.89087726303708
11964,2013,1,2013-01-01T00:00:00,Zambia,Chinsali,209.5480332686202
11965,2013,2,2013-02-01T00:00:00,Zambia,Chinsali,231.15140001155865
11966,2013,3,2013-03-01T00:00:00,Zambia,Chinsali,179.28124917596776
11974,2013,11,2013-11-01T00:00:00,Zambia,Chinsali,79.20465212567798
11975,2013,12,2013-12-01T00:00:00,Zambia,Chinsali,306.63298491894795
11976,2014,1,2014-01-01T00:00:00,Zambia,Chinsali,290.9317276991537
11977,2014,2,2014-02-01T00:00:00,Zambia,Chinsali,282.5200157687528
11978,2014,3,2014-03-01T00:00:00,Zambia,Chinsali,220.24465047960095
11986,2014,11,2014-11-01T00:00:00,Zambia,Chinsali,50.054640184365994
11987,2014,12,2014-12-01T00:00:00,Zambia,Chinsali,138.2148665091696
11988,2015,1,2015-01-01T00:00:00,Zambia,Chinsali,242.69228196627614
11989,2015,2,2015-02-01T00:00:00,Zambia,Chinsali,231.8298879695965
11990,2015,3,2015-03-01T00:00:00,Zambia,Chinsali,152.51681327737728
11998,2015,11,2015-11-01T00:00:00,Zambia,Chinsali,106.84736506864316
11999,2015,12,2015-12-01T00:00:00,Zambia,Chinsali,227.61357146233993
12000,2016,1,2016-01-01T00:00:00,Zambia,Chinsali,241.6109748641526
12001,2016,2,2016-02-01T00:00:00,Zambia,Chinsali,187.14283321563408
12002,2016,3,2016-03-01T00:00:00,Zambia,Chinsali,257.6615501961563
12010,2016,11,2016-11-01T00:00:00,Zambia,Chinsali,49.05599197872667
12011,2016,12,2016-12-01T00:00:00,Zambia,Chinsali,174.2498708604907
12012,2017,1,2017-01-01T00:00:00,Zambia,Chinsali,240.27102829674268
12013,2017,2,2017-02-01T00:00:00,Zambia,Chinsali,300.5902811249958
12014,2017,3,2017-03-01T00:00:00,Zambia,Chinsali,194.22480662595913
12022,2017,11,2017-11-01T00:00:00,Zambia,Chinsali,128.03787376468455
12023,2017,12,2017-12-01T00:00:00,Zambia,Chinsali,298.64583492154435
12024,2018,1,2018-01-01T00:00:00,Zambia,Chinsali,243.86350747040316
12025,2018,2,2018-02-01T00:00:00,Zambia,Chinsali,218.90711066003874
12026,2018,3,2018-03-01T00:00:00,Zambia,Chinsali,209.671014176261
12034,2018,11,2018-11-01T00:00:00,Zambia,Chinsali,58.959820599217004
12035,2018,12,2018-12-01T00:00:00,Zambia,Chinsali,310.83126923344514
12036,2019,1,2019-01-01T00:00:00,Zambia,Chinsali,260.96062674369614
12037,2019,2,2019-02-01T00:00:00,Zambia,Chinsali,263.25242589398806
12038,2019,3,2019-03-01T00:00:00,Zambia,Chinsali,249.15915920027888
12046,2019,11,2019-11-01T00:00:00,Zambia,Chinsali,96.893966405826
12047,2019,12,2019-12-01T00:00:00,Zambia,Chinsali,210.00995366761802
12048,2020,1,2020-01-01T00:00:00,Zambia,Chinsali,292.2003513246084
12049,2020,2,2020-02-01T00:00:00,Zambia,Chinsali,279.67038924825044
12050,2020,3,2020-03-01T00:00:00,Zambia,Chinsali,244.58337264369828
12058,2020,11,2020-11-01T00:00:00,Zambia,Chinsali,70.1146928343009
12059,2020,12,2020-12-01T00:00:00,Zambia,Chinsali,239.73211608801358
12060,2021,1,2021-01-01T00:00:00,Zambia,Chinsali,258.74231206048137
12061,2021,2,2021-02-01T00:00:00,Zambia,Chinsali,288.8984577561152
12062,2021,3,2021-03-01T00:00:00,Zambia,Chinsali,260.56297436698645
12070,2021,11,2021-11-01T00:00:00,Zambia,Chinsali,64.46600762536634
12071,2021,12,2021-12-01T00:00:00,Zambia,Chinsali,89.86328760781365
12072,2022,1,2022-01-01T00:00:00,Zambia,Chinsali,368.03126962427274
12073,2022,2,2022-02-01T00:00:00,Zambia,Chinsali,327.1213060849952
12074,2022,3,2022-03-01T00:00:00,Zambia,Chinsali,219.68122391818872
12082,2022,11,2022-11-01T00:00:00,Zambia,Chinsali,90.76569939799343
12083,2022,12,2022-12-01T00:00:00,Zambia,Chinsali,317.65268176094605
12084,2023,1,2023-01-01T00:00:00,Zambia,Chinsali,260.8083652473432
12085,2023,2,2023-02-01T00:00:00,Zambia,Chinsali,165.39564290794303
12086,2023,3,2023-03-01T00:00:00,Zambia,Chinsali,302.8011554981126
12094,2023,11,2023-11-01T00:00:00,Zambia,Chinsali,62.63186690592877
12095,2023,12,2023-12-01T00:00:00,Zambia,Chinsali,232.38001404546165
12096,2000,1,2000-01-01T00:00:00,Zambia,Isoka,160.22627033241451
12097,2000,2,2000-02-01T00:00:00,Zambia,Isoka,154.78454437409107
12098,2000,3,2000-03-01T00:00:00,Zambia,Isoka,220.54852141059808
12106,2000,11,2000-11-01T00:00:00,Zambia,Isoka,167.55941964504675
12107,2000,12,2000-12-01T00:00:00,Zambia,Isoka,264.64830145984575
12108,2001,1,2001-01-01T00:00:00,Zambia,Isoka,268.44701281865355
12109,2001,2,2001-02-01T00:00:00,Zambia,Isoka,151.1969470757343
12110,2001,3,2001-03-01T00:00:00,Zambia,Isoka,162.32137957502184
12118,2001,11,2001-11-01T00:00:00,Zambia,Isoka,29.95976444119997
12119,2001,12,2001-12-01T00:00:00,Zambia,Isoka,164.99923409284696
12120,2002,1,2002-01-01T00:00:00,Zambia,Isoka,276.2350372352641
12121,2002,2,2002-02-01T00:00:00,Zambia,Isoka,224.74309343866648
12122,2002,3,2002-03-01T00:00:00,Zambia,Isoka,204.2686312624254
12130,2002,11,2002-11-01T00:00:00,Zambia,Isoka,89.2728646618805
12131,2002,12,2002-12-01T00:00:00,Zambia,Isoka,238.1961469443897
12132,2003,1,2003-01-01T00:00:00,Zambia,Isoka,245.88896820483885
12133,2003,2,2003-02-01T00:00:00,Zambia,Isoka,192.65061964053004
12134,2003,3,2003-03-01T00:00:00,Zambia,Isoka,175.92547727085278
12142,2003,11,2003-11-01T00:00:00,Zambia,Isoka,41.69524085500409
12143,2003,12,2003-12-01T00:00:00,Zambia,Isoka,142.7404696482785
12144,2004,1,2004-01-01T00:00:00,Zambia,Isoka,214.23449861673816
12145,2004,2,2004-02-01T00:00:00,Zambia,Isoka,183.1246285072272
12146,2004,3,2004-03-01T00:00:00,Zambia,Isoka,175.0796537752265
12154,2004,11,2004-11-01T00:00:00,Zambia,Isoka,120.75743600674359
12155,2004,12,2004-12-01T00:00:00,Zambia,Isoka,334.7190733225124
12156,2005,1,2005-01-01T00:00:00,Zambia,Isoka,256.6616160240394
12157,2005,2,2005-02-01T00:00:00,Zambia,Isoka,164.93871243135564
12158,2005,3,2005-03-01T00:00:00,Zambia,Isoka,172.74833511989524
12166,2005,11,2005-11-01T00:00:00,Zambia,Isoka,61.26950756486361
12167,2005,12,2005-12-01T00:00:00,Zambia,Isoka,118.68030676213206
12168,2006,1,2006-01-01T00:00:00,Zambia,Isoka,223.7990528408351
12169,2006,2,2006-02-01T00:00:00,Zambia,Isoka,207.7611061293434
12170,2006,3,2006-03-01T00:00:00,Zambia,Isoka,199.84200441626112
12178,2006,11,2006-11-01T00:00:00,Zambia,Isoka,105.95505972197611
12179,2006,12,2006-12-01T00:00:00,Zambia,Isoka,284.86369478686834
12180,2007,1,2007-01-01T00:00:00,Zambia,Isoka,268.39213065218206
12181,2007,2,2007-02-01T00:00:00,Zambia,Isoka,223.94537579069365
12182,2007,3,2007-03-01T00:00:00,Zambia,Isoka,141.79667832168158
12190,2007,11,2007-11-01T00:00:00,Zambia,Isoka,46.06534399515679
12191,2007,12,2007-12-01T00:00:00,Zambia,Isoka,249.56938862491177
12192,2008,1,2008-01-01T00:00:00,Zambia,Isoka,233.8924497414944
12193,2008,2,2008-02-01T00:00:00,Zambia,Isoka,167.29586859635046
12194,2008,3,2008-03-01T00:00:00,Zambia,Isoka,170.750219229988
12202,2008,11,2008-11-01T00:00:00,Zambia,Isoka,40.80775730552869
12203,2008,12,2008-12-01T00:00:00,Zambia,Isoka,115.36419540460065
12204,2009,1,2009-01-01T00:00:00,Zambia,Isoka,277.6400480700308
12205,2009,2,2009-02-01T00:00:00,Zambia,Isoka,205.2776844334863
12206,2009,3,2009-03-01T00:00:00,Zambia,Isoka,226.55093320045123
12214,2009,11,2009-11-01T00:00:00,Zambia,Isoka,159.83968612608118
12215,2009,12,2009-12-01T00:00:00,Zambia,Isoka,188.8749049523875
12216,2010,1,2010-01-01T00:00:00,Zambia,Isoka,223.49398003067907
12217,2010,2,2010-02-01T00:00:00,Zambia,Isoka,192.5284047395659
12218,2010,3,2010-03-01T00:00:00,Zambia,Isoka,239.27853912577802
12226,2010,11,2010-11-01T00:00:00,Zambia,Isoka,31.822923148367646
12227,2010,12,2010-12-01T00:00:00,Zambia,Isoka,167.89229043129632
12228,2011,1,2011-01-01T00:00:00,Zambia,Isoka,151.5086195681686
12229,2011,2,2011-02-01T00:00:00,Zambia,Isoka,209.23277320374294
12230,2011,3,2011-03-01T00:00:00,Zambia,Isoka,254.18822871471127
12238,2011,11,2011-11-01T00:00:00,Zambia,Isoka,101.74908553179431
12239,2011,12,2011-12-01T00:00:00,Zambia,Isoka,169.34644152742263
12240,2012,1,2012-01-01T00:00:00,Zambia,Isoka,201.27625943922698
12241,2012,2,2012-02-01T00:00:00,Zambia,Isoka,205.3066784815959
12242,2012,3,2012-03-01T00:00:00,Zambia,Isoka,147.71068289353164
12250,2012,11,2012-11-01T00:00:00,Zambia,Isoka,83.19030984052675
12251,2012,12,2012-12-01T00:00:00,Zambia,Isoka,217.52770828626876
12252,2013,1,2013-01-01T00:00:00,Zambia,Isoka,176.74515917075678
12253,2013,2,2013-02-01T00:00:00,Zambia,Isoka,196.5290270819672
12254,2013,3,2013-03-01T00:00:00,Zambia,Isoka,210.20721738678844
12262,2013,11,2013-11-01T00:00:00,Zambia,Isoka,58.4544594490252
12263,2013,12,2013-12-01T00:00:00,Zambia,Isoka,263.96582031281457
12264,2014,1,2014-01-01T00:00:00,Zambia,Isoka,292.7878596598244
12265,2014,2,2014-02-01T00:00:00,Zambia,Isoka,204.86251789964476
12266,2014,3,2014-03-01T00:00:00,Zambia,Isoka,204.2706228327613
12274,2014,11,2014-11-01T00:00:00,Zambia,Isoka,57.664282448656195
12275,2014,12,2014-12-01T00:00:00,Zambia,Isoka,131.66040022828574
12276,2015,1,2015-01-01T00:00:00,Zambia,Isoka,208.91803371966898
12277,2015,2,2015-02-01T00:00:00,Zambia,Isoka,177.99543081014605
12278,2015,3,2015-03-01T00:00:00,Zambia,Isoka,143.22803425605127
12286,2015,11,2015-11-01T00:00:00,Zambia,Isoka,82.72278440568873
12287,2015,12,2015-12-01T00:00:00,Zambia,Isoka,184.87470398969126
12288,2016,1,2016-01-01T00:00:00,Zambia,Isoka,267.91617887990225
12289,2016,2,2016-02-01T00:00:00,Zambia,Isoka,170.14344398300565
12290,2016,3,2016-03-01T00:00:00,Zambia,Isoka,215.87448685320382
12298,2016,11,2016-11-01T00:00:00,Zambia,Isoka,30.48668450045863
12299,2016,12,2016-12-01T00:00:00,Zambia,Isoka,126.15536957703641
12300,2017,1,2017-01-01T00:00:00,Zambia,Isoka,230.04366581198846
12301,2017,2,2017-02-01T00:00:00,Zambia,Isoka,254.3630416456861
12302,2017,3,2017-03-01T00:00:00,Zambia,Isoka,189.72651891329937
12310,2017,11,2017-11-01T00:00:00,Zambia,Isoka,113.2462353310649
12311,2017,12,2017-12-01T00:00:00,Zambia,Isoka,198.43355134217902
12312,2018,1,2018-01-01T00:00:00,Zambia,Isoka,225.91957227648774
12313,2018,2,2018-02-01T00:00:00,Zambia,Isoka,166.23359260184475
12314,2018,3,2018-03-01T00:00:00,Zambia,Isoka,180.80829414685206
12322,2018,11,2018-11-01T00:00:00,Zambia,Isoka,38.41730334412345
12323,2018,12,2018-12-01T00:00:00,Zambia,Isoka,236.1138847569551
12324,2019,1,2019-01-01T00:00:00,Zambia,Isoka,196.16253211480694
12325,2019,2,2019-02-01T00:00:00,Zambia,Isoka,238.57321891915936
12326,2019,3,2019-03-01T00:00:00,Zambia,Isoka,234.90330969795698
12334,2019,11,2019-11-01T00:00:00,Zambia,Isoka,94.17270953719493
12335,2019,12,2019-12-01T00:00:00,Zambia,Isoka,216.31212828189004
12336,2020,1,2020-01-01T00:00:00,Zambia,Isoka,229.6185176249915
12337,2020,2,2020-02-01T00:00:00,Zambia,Isoka,207.0020180439614
12338,2020,3,2020-03-01T00:00:00,Zambia,Isoka,328.0936135943355
12346,2020,11,2020-11-01T00:00:00,Zambia,Isoka,54.85039490395785
12347,2020,12,2020-12-01T00:00:00,Zambia,Isoka,192.14062871426114
12348,2021,1,2021-01-01T00:00:00,Zambia,Isoka,258.011632156704
12349,2021,2,2021-02-01T00:00:00,Zambia,Isoka,233.04341749841407
12350,2021,3,2021-03-01T00:00:00,Zambia,Isoka,220.4765918600941
12358,2021,11,2021-11-01T00:00:00,Zambia,Isoka,36.9093404084712
12359,2021,12,2021-12-01T00:00:00,Zambia,Isoka,73.6810473539733
12360,2022,1,2022-01-01T00:00:00,Zambia,Isoka,340.20278688515066
12361,2022,2,2022-02-01T00:00:00,Zambia,Isoka,313.3313989422992
12362,2022,3,2022-03-01T00:00:00,Zambia,Isoka,245.99669319092098
12370,2022,11,2022-11-01T00:00:00,Zambia,Isoka,61.72390584296517
12371,2022,12,2022-12-01T00:00:00,Zambia,Isoka,280.2557635486939
12372,2023,1,2023-01-01T00:00:00,Zambia,Isoka,242.02872930677398
12373,2023,2,2023-02-01T00:00:00,Zambia,Isoka,123.29629623571658
12374,2023,3,2023-03-01T00:00:00,Zambia,Isoka,259.13432725396
12382,2023,11,2023-11-01T00:00:00,Zambia,Isoka,54.818781074102084
12383,2023,12,2023-12-01T00:00:00,Zambia,Isoka,201.8232271434754
12384,2000,1,2000-01-01T00:00:00,Zambia,Kaputa,177.2644976225503
12385,2000,2,2000-02-01T00:00:00,Zambia,Kaputa,153.3729154882855
12386,2000,3,2000-03-01T00:00:00,Zambia,Kaputa,191.1091013940337
12394,2000,11,2000-11-01T00:00:00,Zambia,Kaputa,179.48851710452237
12395,2000,12,2000-12-01T00:00:00,Zambia,Kaputa,215.49563487518307
12396,2001,1,2001-01-01T00:00:00,Zambia,Kaputa,248.47086836488737
12397,2001,2,2001-02-01T00:00:00,Zambia,Kaputa,152.14446891409537
12398,2001,3,2001-03-01T00:00:00,Zambia,Kaputa,166.89915694591363
12406,2001,11,2001-11-01T00:00:00,Zambia,Kaputa,126.48888165488654
12407,2001,12,2001-12-01T00:00:00,Zambia,Kaputa,197.12776116134367
12408,2002,1,2002-01-01T00:00:00,Zambia,Kaputa,206.44945864499167
12409,2002,2,2002-02-01T00:00:00,Zambia,Kaputa,191.81840947697205
12410,2002,3,2002-03-01T00:00:00,Zambia,Kaputa,247.0456355645342
12418,2002,11,2002-11-01T00:00:00,Zambia,Kaputa,152.93376692871544
12419,2002,12,2002-12-01T00:00:00,Zambia,Kaputa,219.59540351619614
12420,2003,1,2003-01-01T00:00:00,Zambia,Kaputa,198.38111206729286
12421,2003,2,2003-02-01T00:00:00,Zambia,Kaputa,122.47766838554249
12422,2003,3,2003-03-01T00:00:00,Zambia,Kaputa,144.38670824857851
12430,2003,11,2003-11-01T00:00:00,Zambia,Kaputa,81.26689020341556
12431,2003,12,2003-12-01T00:00:00,Zambia,Kaputa,204.79033688300973
12432,2004,1,2004-01-01T00:00:00,Zambia,Kaputa,149.33293167626547
12433,2004,2,2004-02-01T00:00:00,Zambia,Kaputa,187.06522297915646
12434,2004,3,2004-03-01T00:00:00,Zambia,Kaputa,255.8536215613999
12442,2004,11,2004-11-01T00:00:00,Zambia,Kaputa,160.449849767076
12443,2004,12,2004-12-01T00:00:00,Zambia,Kaputa,243.8718162144417
12444,2005,1,2005-01-01T00:00:00,Zambia,Kaputa,229.32352429331678
12445,2005,2,2005-02-01T00:00:00,Zambia,Kaputa,143.3916627568145
12446,2005,3,2005-03-01T00:00:00,Zambia,Kaputa,200.1106348431546
12454,2005,11,2005-11-01T00:00:00,Zambia,Kaputa,108.32508747039455
12455,2005,12,2005-12-01T00:00:00,Zambia,Kaputa,169.26789852073378
12456,2006,1,2006-01-01T00:00:00,Zambia,Kaputa,181.507198855826
12457,2006,2,2006-02-01T00:00:00,Zambia,Kaputa,196.21551549423063
12458,2006,3,2006-03-01T00:00:00,Zambia,Kaputa,194.1145360425517
12466,2006,11,2006-11-01T00:00:00,Zambia,Kaputa,192.9693771090464
12467,2006,12,2006-12-01T00:00:00,Zambia,Kaputa,247.59205532700406
12468,2007,1,2007-01-01T00:00:00,Zambia,Kaputa,181.15121871162808
12469,2007,2,2007-02-01T00:00:00,Zambia,Kaputa,203.44081672652712
12470,2007,3,2007-03-01T00:00:00,Zambia,Kaputa,170.56474414762246
12478,2007,11,2007-11-01T00:00:00,Zambia,Kaputa,108.73307757664705
12479,2007,12,2007-12-01T00:00:00,Zambia,Kaputa,235.58355406660414
12480,2008,1,2008-01-01T00:00:00,Zambia,Kaputa,223.33201736394315
12481,2008,2,2008-02-01T00:00:00,Zambia,Kaputa,214.54354038151502
12482,2008,3,2008-03-01T00:00:00,Zambia,Kaputa,208.50695025863274
12490,2008,11,2008-11-01T00:00:00,Zambia,Kaputa,192.3580337513059
12491,2008,12,2008-12-01T00:00:00,Zambia,Kaputa,181.95747211310123
12492,2009,1,2009-01-01T00:00:00,Zambia,Kaputa,196.64071288597935
12493,2009,2,2009-02-01T00:00:00,Zambia,Kaputa,160.60664114733888
12494,2009,3,2009-03-01T00:00:00,Zambia,Kaputa,206.24207645399846
12502,2009,11,2009-11-01T00:00:00,Zambia,Kaputa,164.2887680364829
12503,2009,12,2009-12-01T00:00:00,Zambia,Kaputa,250.1613257246106
12504,2010,1,2010-01-01T00:00:00,Zambia,Kaputa,197.7068436351036
12505,2010,2,2010-02-01T00:00:00,Zambia,Kaputa,155.04757336522536
12506,2010,3,2010-03-01T00:00:00,Zambia,Kaputa,181.88717801804012
12514,2010,11,2010-11-01T00:00:00,Zambia,Kaputa,101.4903253269567
12515,2010,12,2010-12-01T00:00:00,Zambia,Kaputa,202.92581260250748
12516,2011,1,2011-01-01T00:00:00,Zambia,Kaputa,167.57387460847357
12517,2011,2,2011-02-01T00:00:00,Zambia,Kaputa,160.69899198446745
12518,2011,3,2011-03-01T00:00:00,Zambia,Kaputa,199.40430638849702
12526,2011,11,2011-11-01T00:00:00,Zambia,Kaputa,147.8789920108564
12527,2011,12,2011-12-01T00:00:00,Zambia,Kaputa,198.28299638165913
12528,2012,1,2012-01-01T00:00:00,Zambia,Kaputa,173.93575542972533
12529,2012,2,2012-02-01T00:00:00,Zambia,Kaputa,217.50930134238487
12530,2012,3,2012-03-01T00:00:00,Zambia,Kaputa,153.09707624119463
12538,2012,11,2012-11-01T00:00:00,Zambia,Kaputa,156.343892426196
12539,2012,12,2012-12-01T00:00:00,Zambia,Kaputa,250.57386598134323
12540,2013,1,2013-01-01T00:00:00,Zambia,Kaputa,159.2795911405724
12541,2013,2,2013-02-01T00:00:00,Zambia,Kaputa,196.23143401816722
12542,2013,3,2013-03-01T00:00:00,Zambia,Kaputa,227.45834833174976
12550,2013,11,2013-11-01T00:00:00,Zambia,Kaputa,147.331573305744
12551,2013,12,2013-12-01T00:00:00,Zambia,Kaputa,291.29267928823987
12552,2014,1,2014-01-01T00:00:00,Zambia,Kaputa,209.67161712264996
12553,2014,2,2014-02-01T00:00:00,Zambia,Kaputa,200.37945436061324
12554,2014,3,2014-03-01T00:00:00,Zambia,Kaputa,252.45334560821013
12562,2014,11,2014-11-01T00:00:00,Zambia,Kaputa,101.72894780895174
12563,2014,12,2014-12-01T00:00:00,Zambia,Kaputa,170.54617872245407
12564,2015,1,2015-01-01T00:00:00,Zambia,Kaputa,162.23440551328875
12565,2015,2,2015-02-01T00:00:00,Zambia,Kaputa,183.8358954185114
12566,2015,3,2015-03-01T00:00:00,Zambia,Kaputa,204.40878710296423
12574,2015,11,2015-11-01T00:00:00,Zambia,Kaputa,162.96896355000072
12575,2015,12,2015-12-01T00:00:00,Zambia,Kaputa,223.0289475425179
12576,2016,1,2016-01-01T00:00:00,Zambia,Kaputa,242.49466967254187
12577,2016,2,2016-02-01T00:00:00,Zambia,Kaputa,157.26897412996308
12578,2016,3,2016-03-01T00:00:00,Zambia,Kaputa,213.55937840664254
12586,2016,11,2016-11-01T00:00:00,Zambia,Kaputa,74.40860562391157
12587,2016,12,2016-12-01T00:00:00,Zambia,Kaputa,166.72803439672902
12588,2017,1,2017-01-01T00:00:00,Zambia,Kaputa,167.50175463380705
12589,2017,2,2017-02-01T00:00:00,Zambia,Kaputa,212.11490287277022
12590,2017,3,2017-03-01T00:00:00,Zambia,Kaputa,222.61943689420434
12598,2017,11,2017-11-01T00:00:00,Zambia,Kaputa,124.56050475808752
12599,2017,12,2017-12-01T00:00:00,Zambia,Kaputa,252.82279115656414
12600,2018,1,2018-01-01T00:00:00,Zambia,Kaputa,188.6680900593139
12601,2018,2,2018-02-01T00:00:00,Zambia,Kaputa,168.06930505956709
12602,2018,3,2018-03-01T00:00:00,Zambia,Kaputa,206.90137706648272
12610,2018,11,2018-11-01T00:00:00,Zambia,Kaputa,135.97283280024385
12611,2018,12,2018-12-01T00:00:00,Zambia,Kaputa,256.7799209235066
12612,2019,1,2019-01-01T00:00:00,Zambia,Kaputa,173.07658427100583
12613,2019,2,2019-02-01T00:00:00,Zambia,Kaputa,209.13164189729332
12614,2019,3,2019-03-01T00:00:00,Zambia,Kaputa,209.71291311126106
12622,2019,11,2019-11-01T00:00:00,Zambia,Kaputa,148.4248731236882
12623,2019,12,2019-12-01T00:00:00,Zambia,Kaputa,264.35656431294467
12624,2020,1,2020-01-01T00:00:00,Zambia,Kaputa,216.55438953003193
12625,2020,2,2020-02-01T00:00:00,Zambia,Kaputa,171.26187523569706
12626,2020,3,2020-03-01T00:00:00,Zambia,Kaputa,265.5290261609072
12634,2020,11,2020-11-01T00:00:00,Zambia,Kaputa,116.6807109911325
12635,2020,12,2020-12-01T00:00:00,Zambia,Kaputa,199.62558590188908
12636,2021,1,2021-01-01T00:00:00,Zambia,Kaputa,153.20531700253403
12637,2021,2,2021-02-01T00:00:00,Zambia,Kaputa,225.0660816927973
12638,2021,3,2021-03-01T00:00:00,Zambia,Kaputa,195.70151553761005
12646,2021,11,2021-11-01T00:00:00,Zambia,Kaputa,155.01655440214682
12647,2021,12,2021-12-01T00:00:00,Zambia,Kaputa,161.54440013480084
12648,2022,1,2022-01-01T00:00:00,Zambia,Kaputa,301.72265104316364
12649,2022,2,2022-02-01T00:00:00,Zambia,Kaputa,228.21923709865024
12650,2022,3,2022-03-01T00:00:00,Zambia,Kaputa,242.13266277020236
12658,2022,11,2022-11-01T00:00:00,Zambia,Kaputa,120.02688638732772
12659,2022,12,2022-12-01T00:00:00,Zambia,Kaputa,350.0829760273434
12660,2023,1,2023-01-01T00:00:00,Zambia,Kaputa,168.1520548634617
12661,2023,2,2023-02-01T00:00:00,Zambia,Kaputa,101.01771623044094
12662,2023,3,2023-03-01T00:00:00,Zambia,Kaputa,264.5774577769274
12670,2023,11,2023-11-01T00:00:00,Zambia,Kaputa,256.96185042046346
12671,2023,12,2023-12-01T00:00:00,Zambia,Kaputa,415.91878942123657
12672,2000,1,2000-01-01T00:00:00,Zambia,Kasama,237.2046192576869
12673,2000,2,2000-02-01T00:00:00,Zambia,Kasama,201.31849457418735
12674,2000,3,2000-03-01T00:00:00,Zambia,Kasama,270.60357438770563
12682,2000,11,2000-11-01T00:00:00,Zambia,Kasama,229.22455223549412
12683,2000,12,2000-12-01T00:00:00,Zambia,Kasama,324.7010865712087
12684,2001,1,2001-01-01T00:00:00,Zambia,Kasama,374.0132743875534
12685,2001,2,2001-02-01T00:00:00,Zambia,Kasama,230.30403240352672
12686,2001,3,2001-03-01T00:00:00,Zambia,Kasama,211.72158129852204
12694,2001,11,2001-11-01T00:00:00,Zambia,Kasama,107.13731804216653
12695,2001,12,2001-12-01T00:00:00,Zambia,Kasama,242.65640862306012
12696,2002,1,2002-01-01T00:00:00,Zambia,Kasama,293.1765842459148
12697,2002,2,2002-02-01T00:00:00,Zambia,Kasama,241.87226371434093
12698,2002,3,2002-03-01T00:00:00,Zambia,Kasama,276.3576764918603
12706,2002,11,2002-11-01T00:00:00,Zambia,Kasama,153.21132122048343
12707,2002,12,2002-12-01T00:00:00,Zambia,Kasama,311.93698880616694
12708,2003,1,2003-01-01T00:00:00,Zambia,Kasama,314.55520310210255
12709,2003,2,2003-02-01T00:00:00,Zambia,Kasama,174.52009955368584
12710,2003,3,2003-03-01T00:00:00,Zambia,Kasama,311.62650661506825
12718,2003,11,2003-11-01T00:00:00,Zambia,Kasama,61.11644531504668
12719,2003,12,2003-12-01T00:00:00,Zambia,Kasama,226.07229671970396
12720,2004,1,2004-01-01T00:00:00,Zambia,Kasama,217.7225801201962
12721,2004,2,2004-02-01T00:00:00,Zambia,Kasama,276.9098273009287
12722,2004,3,2004-03-01T00:00:00,Zambia,Kasama,282.5419185138395
12730,2004,11,2004-11-01T00:00:00,Zambia,Kasama,173.77812896033615
12731,2004,12,2004-12-01T00:00:00,Zambia,Kasama,387.4588034685114
12732,2005,1,2005-01-01T00:00:00,Zambia,Kasama,315.59071769096533
12733,2005,2,2005-02-01T00:00:00,Zambia,Kasama,194.2710389019277
12734,2005,3,2005-03-01T00:00:00,Zambia,Kasama,227.47896247695292
12742,2005,11,2005-11-01T00:00:00,Zambia,Kasama,116.7329247420332
12743,2005,12,2005-12-01T00:00:00,Zambia,Kasama,178.87383200846213
12744,2006,1,2006-01-01T00:00:00,Zambia,Kasama,263.9052912406547
12745,2006,2,2006-02-01T00:00:00,Zambia,Kasama,298.8572740116713
12746,2006,3,2006-03-01T00:00:00,Zambia,Kasama,276.6407068856266
12754,2006,11,2006-11-01T00:00:00,Zambia,Kasama,153.0526336374601
12755,2006,12,2006-12-01T00:00:00,Zambia,Kasama,409.20399257128156
12756,2007,1,2007-01-01T00:00:00,Zambia,Kasama,323.4308208634492
12757,2007,2,2007-02-01T00:00:00,Zambia,Kasama,344.5396598688177
12758,2007,3,2007-03-01T00:00:00,Zambia,Kasama,260.22158195466767
12766,2007,11,2007-11-01T00:00:00,Zambia,Kasama,104.73722338041927
12767,2007,12,2007-12-01T00:00:00,Zambia,Kasama,277.8517118497388
12768,2008,1,2008-01-01T00:00:00,Zambia,Kasama,287.7704945878305
12769,2008,2,2008-02-01T00:00:00,Zambia,Kasama,204.1019903798886
12770,2008,3,2008-03-01T00:00:00,Zambia,Kasama,196.38800043957824
12778,2008,11,2008-11-01T00:00:00,Zambia,Kasama,164.5729769857933
12779,2008,12,2008-12-01T00:00:00,Zambia,Kasama,222.05214661094476
12780,2009,1,2009-01-01T00:00:00,Zambia,Kasama,229.77727495467707
12781,2009,2,2009-02-01T00:00:00,Zambia,Kasama,245.03971940516143
12782,2009,3,2009-03-01T00:00:00,Zambia,Kasama,248.55936071416403
12790,2009,11,2009-11-01T00:00:00,Zambia,Kasama,182.97826115864007
12791,2009,12,2009-12-01T00:00:00,Zambia,Kasama,293.94824087229586
12792,2010,1,2010-01-01T00:00:00,Zambia,Kasama,247.96970787123414
12793,2010,2,2010-02-01T00:00:00,Zambia,Kasama,214.2852797171482
12794,2010,3,2010-03-01T00:00:00,Zambia,Kasama,274.20433158041504
12802,2010,11,2010-11-01T00:00:00,Zambia,Kasama,97.47803423036528
12803,2010,12,2010-12-01T00:00:00,Zambia,Kasama,261.8251548881302
12804,2011,1,2011-01-01T00:00:00,Zambia,Kasama,212.34369026190717
12805,2011,2,2011-02-01T00:00:00,Zambia,Kasama,220.15604931024401
12806,2011,3,2011-03-01T00:00:00,Zambia,Kasama,266.0089137040998
12814,2011,11,2011-11-01T00:00:00,Zambia,Kasama,147.56130225481917
12815,2011,12,2011-12-01T00:00:00,Zambia,Kasama,201.23911565545365
12816,2012,1,2012-01-01T00:00:00,Zambia,Kasama,228.00402913123915
12817,2012,2,2012-02-01T00:00:00,Zambia,Kasama,221.45001226525582
12818,2012,3,2012-03-01T00:00:00,Zambia,Kasama,234.96806904059395
12826,2012,11,2012-11-01T00:00:00,Zambia,Kasama,124.16721882194415
12827,2012,12,2012-12-01T00:00:00,Zambia,Kasama,307.30107034417534
12828,2013,1,2013-01-01T00:00:00,Zambia,Kasama,243.64864527288773
12829,2013,2,2013-02-01T00:00:00,Zambia,Kasama,257.976294276365
12830,2013,3,2013-03-01T00:00:00,Zambia,Kasama,254.41518831318785
12838,2013,11,2013-11-01T00:00:00,Zambia,Kasama,141.40572253488799
12839,2013,12,2013-12-01T00:00:00,Zambia,Kasama,437.92173787027633
12840,2014,1,2014-01-01T00:00:00,Zambia,Kasama,285.47786863347585
12841,2014,2,2014-02-01T00:00:00,Zambia,Kasama,280.03872668832435
12842,2014,3,2014-03-01T00:00:00,Zambia,Kasama,265.79186734660726
12850,2014,11,2014-11-01T00:00:00,Zambia,Kasama,64.60130952961643
12851,2014,12,2014-12-01T00:00:00,Zambia,Kasama,173.24457232550103
12852,2015,1,2015-01-01T00:00:00,Zambia,Kasama,256.9956386584975
12853,2015,2,2015-02-01T00:00:00,Zambia,Kasama,241.68567457030483
12854,2015,3,2015-03-01T00:00:00,Zambia,Kasama,219.7807089070341
12862,2015,11,2015-11-01T00:00:00,Zambia,Kasama,154.17310280862685
12863,2015,12,2015-12-01T00:00:00,Zambia,Kasama,265.9675206437766
12864,2016,1,2016-01-01T00:00:00,Zambia,Kasama,261.4439731232809
12865,2016,2,2016-02-01T00:00:00,Zambia,Kasama,191.6678951672558
12866,2016,3,2016-03-01T00:00:00,Zambia,Kasama,268.5746705939934
12874,2016,11,2016-11-01T00:00:00,Zambia,Kasama,74.91049923532697
12875,2016,12,2016-12-01T00:00:00,Zambia,Kasama,207.4954876086027
12876,2017,1,2017-01-01T00:00:00,Zambia,Kasama,231.75834766472389
12877,2017,2,2017-02-01T00:00:00,Zambia,Kasama,282.6289362953972
12878,2017,3,2017-03-01T00:00:00,Zambia,Kasama,212.68187821272147
12886,2017,11,2017-11-01T00:00:00,Zambia,Kasama,162.16822529392442
12887,2017,12,2017-12-01T00:00:00,Zambia,Kasama,322.84603512026473
12888,2018,1,2018-01-01T00:00:00,Zambia,Kasama,265.3107813837935
12889,2018,2,2018-02-01T00:00:00,Zambia,Kasama,211.41198489695574
12890,2018,3,2018-03-01T00:00:00,Zambia,Kasama,242.4818991344967
12898,2018,11,2018-11-01T00:00:00,Zambia,Kasama,88.65601961644632
12899,2018,12,2018-12-01T00:00:00,Zambia,Kasama,325.5422698905841
12900,2019,1,2019-01-01T00:00:00,Zambia,Kasama,261.76414474951497
12901,2019,2,2019-02-01T00:00:00,Zambia,Kasama,252.012317749119
12902,2019,3,2019-03-01T00:00:00,Zambia,Kasama,226.10140082451335
12910,2019,11,2019-11-01T00:00:00,Zambia,Kasama,126.77454115163337
12911,2019,12,2019-12-01T00:00:00,Zambia,Kasama,287.0653532994181
12912,2020,1,2020-01-01T00:00:00,Zambia,Kasama,300.1389144974939
12913,2020,2,2020-02-01T00:00:00,Zambia,Kasama,279.5542858697629
12914,2020,3,2020-03-01T00:00:00,Zambia,Kasama,327.9292837394606
12922,2020,11,2020-11-01T00:00:00,Zambia,Kasama,91.1799611345089
12923,2020,12,2020-12-01T00:00:00,Zambia,Kasama,252.45610790941652
12924,2021,1,2021-01-01T00:00:00,Zambia,Kasama,269.83419960395094
12925,2021,2,2021-02-01T00:00:00,Zambia,Kasama,316.154452200653
12926,2021,3,2021-03-01T00:00:00,Zambia,Kasama,268.58085143649896
12934,2021,11,2021-11-01T00:00:00,Zambia,Kasama,103.80321235443007
12935,2021,12,2021-12-01T00:00:00,Zambia,Kasama,151.08111287752683
12936,2022,1,2022-01-01T00:00:00,Zambia,Kasama,394.8731621279966
12937,2022,2,2022-02-01T00:00:00,Zambia,Kasama,304.44774364460574
12938,2022,3,2022-03-01T00:00:00,Zambia,Kasama,232.43619508153546
12946,2022,11,2022-11-01T00:00:00,Zambia,Kasama,104.62921042767933
12947,2022,12,2022-12-01T00:00:00,Zambia,Kasama,333.67318963186153
12948,2023,1,2023-01-01T00:00:00,Zambia,Kasama,269.91683829417656
12949,2023,2,2023-02-01T00:00:00,Zambia,Kasama,174.062193467424
12950,2023,3,2023-03-01T00:00:00,Zambia,Kasama,300.5995155648187
12958,2023,11,2023-11-01T00:00:00,Zambia,Kasama,127.38131765421016
12959,2023,12,2023-12-01T00:00:00,Zambia,Kasama,344.1758812553768
12960,2000,1,2000-01-01T00:00:00,Zambia,Luwingu,251.23051398303312
12961,2000,2,2000-02-01T00:00:00,Zambia,Luwingu,207.78042812226985
12962,2000,3,2000-03-01T00:00:00,Zambia,Luwingu,256.39800065618664
12970,2000,11,2000-11-01T00:00:00,Zambia,Luwingu,184.67159467397644
12971,2000,12,2000-12-01T00:00:00,Zambia,Luwingu,338.3225258242653
12972,2001,1,2001-01-01T00:00:00,Zambia,Luwingu,377.0849689855036
12973,2001,2,2001-02-01T00:00:00,Zambia,Luwingu,227.97879534650954
12974,2001,3,2001-03-01T00:00:00,Zambia,Luwingu,224.16861114844158
12982,2001,11,2001-11-01T00:00:00,Zambia,Luwingu,144.95303257853956
12983,2001,12,2001-12-01T00:00:00,Zambia,Luwingu,219.58863015207166
12984,2002,1,2002-01-01T00:00:00,Zambia,Luwingu,330.96500039380413
12985,2002,2,2002-02-01T00:00:00,Zambia,Luwingu,275.51591418633905
12986,2002,3,2002-03-01T00:00:00,Zambia,Luwingu,285.4955159125105
12994,2002,11,2002-11-01T00:00:00,Zambia,Luwingu,154.41659383142246
12995,2002,12,2002-12-01T00:00:00,Zambia,Luwingu,303.60136822270647
12996,2003,1,2003-01-01T00:00:00,Zambia,Luwingu,320.8086556584042
12997,2003,2,2003-02-01T00:00:00,Zambia,Luwingu,157.36765635709787
12998,2003,3,2003-03-01T00:00:00,Zambia,Luwingu,261.1976609817659
13006,2003,11,2003-11-01T00:00:00,Zambia,Luwingu,86.0463965177113
13007,2003,12,2003-12-01T00:00:00,Zambia,Luwingu,285.60726863236044
13008,2004,1,2004-01-01T00:00:00,Zambia,Luwingu,190.5249300822286
13009,2004,2,2004-02-01T00:00:00,Zambia,Luwingu,292.2871060273435
13010,2004,3,2004-03-01T00:00:00,Zambia,Luwingu,259.81970794474074
13018,2004,11,2004-11-01T00:00:00,Zambia,Luwingu,162.5684800792726
13019,2004,12,2004-12-01T00:00:00,Zambia,Luwingu,346.9122371840752
13020,2005,1,2005-01-01T00:00:00,Zambia,Luwingu,346.46092497400866
13021,2005,2,2005-02-01T00:00:00,Zambia,Luwingu,194.6869182561412
13022,2005,3,2005-03-01T00:00:00,Zambia,Luwingu,205.82939054986238
13030,2005,11,2005-11-01T00:00:00,Zambia,Luwingu,118.94930512388363
13031,2005,12,2005-12-01T00:00:00,Zambia,Luwingu,208.02937218073254
13032,2006,1,2006-01-01T00:00:00,Zambia,Luwingu,287.1478187735944
13033,2006,2,2006-02-01T00:00:00,Zambia,Luwingu,278.3847815550212
13034,2006,3,2006-03-01T00:00:00,Zambia,Luwingu,285.67750134397846
13042,2006,11,2006-11-01T00:00:00,Zambia,Luwingu,179.24992025863494
13043,2006,12,2006-12-01T00:00:00,Zambia,Luwingu,372.9748753337018
13044,2007,1,2007-01-01T00:00:00,Zambia,Luwingu,334.9167553582959
13045,2007,2,2007-02-01T00:00:00,Zambia,Luwingu,303.44681084665547
13046,2007,3,2007-03-01T00:00:00,Zambia,Luwingu,246.98310440207229
13054,2007,11,2007-11-01T00:00:00,Zambia,Luwingu,134.79315411500772
13055,2007,12,2007-12-01T00:00:00,Zambia,Luwingu,265.05477013565957
13056,2008,1,2008-01-01T00:00:00,Zambia,Luwingu,293.7418178852085
13057,2008,2,2008-02-01T00:00:00,Zambia,Luwingu,212.16694823363673
13058,2008,3,2008-03-01T00:00:00,Zambia,Luwingu,204.597355065059
13066,2008,11,2008-11-01T00:00:00,Zambia,Luwingu,202.3276605166465
13067,2008,12,2008-12-01T00:00:00,Zambia,Luwingu,233.94319192715815
13068,2009,1,2009-01-01T00:00:00,Zambia,Luwingu,251.65210719402518
13069,2009,2,2009-02-01T00:00:00,Zambia,Luwingu,285.9592267619151
13070,2009,3,2009-03-01T00:00:00,Zambia,Luwingu,236.26014896795164
13078,2009,11,2009-11-01T00:00:00,Zambia,Luwingu,202.14174573129344
13079,2009,12,2009-12-01T00:00:00,Zambia,Luwingu,293.6754994483069
13080,2010,1,2010-01-01T00:00:00,Zambia,Luwingu,234.1631352896816
13081,2010,2,2010-02-01T00:00:00,Zambia,Luwingu,244.92484536783977
13082,2010,3,2010-03-01T00:00:00,Zambia,Luwingu,281.4963535749438
13090,2010,11,2010-11-01T00:00:00,Zambia,Luwingu,113.81997345672313
13091,2010,12,2010-12-01T00:00:00,Zambia,Luwingu,253.2373175146154
13092,2011,1,2011-01-01T00:00:00,Zambia,Luwingu,219.46469061311223
13093,2011,2,2011-02-01T00:00:00,Zambia,Luwingu,256.4762044129314
13094,2011,3,2011-03-01T00:00:00,Zambia,Luwingu,269.43684230351397
13102,2011,11,2011-11-01T00:00:00,Zambia,Luwingu,165.33813665556167
13103,2011,12,2011-12-01T00:00:00,Zambia,Luwingu,212.00953414959315
13104,2012,1,2012-01-01T00:00:00,Zambia,Luwingu,236.02387767440243
13105,2012,2,2012-02-01T00:00:00,Zambia,Luwingu,221.1179984109757
13106,2012,3,2012-03-01T00:00:00,Zambia,Luwingu,263.6758886745667
13114,2012,11,2012-11-01T00:00:00,Zambia,Luwingu,156.3300367750042
13115,2012,12,2012-12-01T00:00:00,Zambia,Luwingu,339.25451892877015
13116,2013,1,2013-01-01T00:00:00,Zambia,Luwingu,258.1287526362725
13117,2013,2,2013-02-01T00:00:00,Zambia,Luwingu,242.57716058482896
13118,2013,3,2013-03-01T00:00:00,Zambia,Luwingu,249.57529469774406
13126,2013,11,2013-11-01T00:00:00,Zambia,Luwingu,176.21768827661492
13127,2013,12,2013-12-01T00:00:00,Zambia,Luwingu,393.06140534674836
13128,2014,1,2014-01-01T00:00:00,Zambia,Luwingu,267.9673515992901
13129,2014,2,2014-02-01T00:00:00,Zambia,Luwingu,254.32991154248475
13130,2014,3,2014-03-01T00:00:00,Zambia,Luwingu,237.7269568252973
13138,2014,11,2014-11-01T00:00:00,Zambia,Luwingu,77.57036263135028
13139,2014,12,2014-12-01T00:00:00,Zambia,Luwingu,161.88002521913958
13140,2015,1,2015-01-01T00:00:00,Zambia,Luwingu,253.21542935107772
13141,2015,2,2015-02-01T00:00:00,Zambia,Luwingu,196.97583178128608
13142,2015,3,2015-03-01T00:00:00,Zambia,Luwingu,242.35713600822206
13150,2015,11,2015-11-01T00:00:00,Zambia,Luwingu,171.26821455320678
13151,2015,12,2015-12-01T00:00:00,Zambia,Luwingu,255.94279417391542
13152,2016,1,2016-01-01T00:00:00,Zambia,Luwingu,261.22780619499355
13153,2016,2,2016-02-01T00:00:00,Zambia,Luwingu,196.47213287529462
13154,2016,3,2016-03-01T00:00:00,Zambia,Luwingu,235.28916290471236
13162,2016,11,2016-11-01T00:00:00,Zambia,Luwingu,90.73904165943208
13163,2016,12,2016-12-01T00:00:00,Zambia,Luwingu,217.65037504553538
13164,2017,1,2017-01-01T00:00:00,Zambia,Luwingu,239.59844265694545
13165,2017,2,2017-02-01T00:00:00,Zambia,Luwingu,298.85531201550384
13166,2017,3,2017-03-01T00:00:00,Zambia,Luwingu,177.2639937029841
13174,2017,11,2017-11-01T00:00:00,Zambia,Luwingu,177.68654043413505
13175,2017,12,2017-12-01T00:00:00,Zambia,Luwingu,314.33476935798353
13176,2018,1,2018-01-01T00:00:00,Zambia,Luwingu,238.47888622473414
13177,2018,2,2018-02-01T00:00:00,Zambia,Luwingu,248.55183984098406
13178,2018,3,2018-03-01T00:00:00,Zambia,Luwingu,255.11919483720692
13186,2018,11,2018-11-01T00:00:00,Zambia,Luwingu,127.96505024180881
13187,2018,12,2018-12-01T00:00:00,Zambia,Luwingu,313.487081145367
13188,2019,1,2019-01-01T00:00:00,Zambia,Luwingu,267.258291427853
13189,2019,2,2019-02-01T00:00:00,Zambia,Luwingu,229.1164570114681
13190,2019,3,2019-03-01T00:00:00,Zambia,Luwingu,207.79252249146353
13198,2019,11,2019-11-01T00:00:00,Zambia,Luwingu,133.34664295080597
13199,2019,12,2019-12-01T00:00:00,Zambia,Luwingu,223.37155934653816
13200,2020,1,2020-01-01T00:00:00,Zambia,Luwingu,267.5159404711448
13201,2020,2,2020-02-01T00:00:00,Zambia,Luwingu,277.1571758017691
13202,2020,3,2020-03-01T00:00:00,Zambia,Luwingu,297.9390974755609
13210,2020,11,2020-11-01T00:00:00,Zambia,Luwingu,96.74111802320894
13211,2020,12,2020-12-01T00:00:00,Zambia,Luwingu,252.99818276079893
13212,2021,1,2021-01-01T00:00:00,Zambia,Luwingu,272.24780416122246
13213,2021,2,2021-02-01T00:00:00,Zambia,Luwingu,331.1360430941447
13214,2021,3,2021-03-01T00:00:00,Zambia,Luwingu,309.5367879503267
13222,2021,11,2021-11-01T00:00:00,Zambia,Luwingu,113.25455619171585
13223,2021,12,2021-12-01T00:00:00,Zambia,Luwingu,159.45990325075974
13224,2022,1,2022-01-01T00:00:00,Zambia,Luwingu,331.141699917144
13225,2022,2,2022-02-01T00:00:00,Zambia,Luwingu,282.3523827024471
13226,2022,3,2022-03-01T00:00:00,Zambia,Luwingu,210.08236906813906
13234,2022,11,2022-11-01T00:00:00,Zambia,Luwingu,126.34173562584054
13235,2022,12,2022-12-01T00:00:00,Zambia,Luwingu,320.86895581690015
13236,2023,1,2023-01-01T00:00:00,Zambia,Luwingu,249.8319670794701
13237,2023,2,2023-02-01T00:00:00,Zambia,Luwingu,170.23749718695052
13238,2023,3,2023-03-01T00:00:00,Zambia,Luwingu,247.47054572765725
13246,2023,11,2023-11-01T00:00:00,Zambia,Luwingu,168.73066979686348
13247,2023,12,2023-12-01T00:00:00,Zambia,Luwingu,388.8212099269998
13248,2000,1,2000-01-01T00:00:00,Zambia,Mbala,234.44292091428457
13249,2000,2,2000-02-01T00:00:00,Zambia,Mbala,176.39885885631531
13250,2000,3,2000-03-01T00:00:00,Zambia,Mbala,262.3233053015236
13258,2000,11,2000-11-01T00:00:00,Zambia,Mbala,213.0323255971374
13259,2000,12,2000-12-01T00:00:00,Zambia,Mbala,277.75023740660384
13260,2001,1,2001-01-01T00:00:00,Zambia,Mbala,348.1738365714579
13261,2001,2,2001-02-01T00:00:00,Zambia,Mbala,166.15576467679347
13262,2001,3,2001-03-01T00:00:00,Zambia,Mbala,212.15146242169453
13270,2001,11,2001-11-01T00:00:00,Zambia,Mbala,65.40217425585679
13271,2001,12,2001-12-01T00:00:00,Zambia,Mbala,222.24506772770917
13272,2002,1,2002-01-01T00:00:00,Zambia,Mbala,266.91162291846814
13273,2002,2,2002-02-01T00:00:00,Zambia,Mbala,164.2028049914203
13274,2002,3,2002-03-01T00:00:00,Zambia,Mbala,244.19777327962902
13282,2002,11,2002-11-01T00:00:00,Zambia,Mbala,108.31733457172975
13283,2002,12,2002-12-01T00:00:00,Zambia,Mbala,270.85207865004304
13284,2003,1,2003-01-01T00:00:00,Zambia,Mbala,269.351199662881
13285,2003,2,2003-02-01T00:00:00,Zambia,Mbala,191.82365127147435
13286,2003,3,2003-03-01T00:00:00,Zambia,Mbala,254.92333002761583
13294,2003,11,2003-11-01T00:00:00,Zambia,Mbala,38.35708840699414
13295,2003,12,2003-12-01T00:00:00,Zambia,Mbala,207.22546078461832
13296,2004,1,2004-01-01T00:00:00,Zambia,Mbala,221.3012433010671
13297,2004,2,2004-02-01T00:00:00,Zambia,Mbala,231.01694561614622
13298,2004,3,2004-03-01T00:00:00,Zambia,Mbala,224.28238355388316
13306,2004,11,2004-11-01T00:00:00,Zambia,Mbala,126.88342700769586
13307,2004,12,2004-12-01T00:00:00,Zambia,Mbala,382.0570523454395
13308,2005,1,2005-01-01T00:00:00,Zambia,Mbala,242.2022830809078
13309,2005,2,2005-02-01T00:00:00,Zambia,Mbala,146.58699763836245
13310,2005,3,2005-03-01T00:00:00,Zambia,Mbala,243.4277138059038
13318,2005,11,2005-11-01T00:00:00,Zambia,Mbala,87.68115718086253
13319,2005,12,2005-12-01T00:00:00,Zambia,Mbala,163.6532742021956
13320,2006,1,2006-01-01T00:00:00,Zambia,Mbala,201.79471741157576
13321,2006,2,2006-02-01T00:00:00,Zambia,Mbala,240.95242450417447
13322,2006,3,2006-03-01T00:00:00,Zambia,Mbala,234.951054443123
13330,2006,11,2006-11-01T00:00:00,Zambia,Mbala,162.45357803905992
13331,2006,12,2006-12-01T00:00:00,Zambia,Mbala,345.2698390845577
13332,2007,1,2007-01-01T00:00:00,Zambia,Mbala,274.87060078839306
13333,2007,2,2007-02-01T00:00:00,Zambia,Mbala,237.63541577595015
13334,2007,3,2007-03-01T00:00:00,Zambia,Mbala,220.9515226919924
13342,2007,11,2007-11-01T00:00:00,Zambia,Mbala,52.14735651761166
13343,2007,12,2007-12-01T00:00:00,Zambia,Mbala,290.57050320289414
13344,2008,1,2008-01-01T00:00:00,Zambia,Mbala,261.46061738265865
13345,2008,2,2008-02-01T00:00:00,Zambia,Mbala,201.94599526526608
13346,2008,3,2008-03-01T00:00:00,Zambia,Mbala,249.35080906803
13354,2008,11,2008-11-01T00:00:00,Zambia,Mbala,143.5317649607844
13355,2008,12,2008-12-01T00:00:00,Zambia,Mbala,216.24820523075587
13356,2009,1,2009-01-01T00:00:00,Zambia,Mbala,243.55764358096081
13357,2009,2,2009-02-01T00:00:00,Zambia,Mbala,199.42915034661002
13358,2009,3,2009-03-01T00:00:00,Zambia,Mbala,249.57481879759843
13366,2009,11,2009-11-01T00:00:00,Zambia,Mbala,165.42375906775214
13367,2009,12,2009-12-01T00:00:00,Zambia,Mbala,277.1383832806235
13368,2010,1,2010-01-01T00:00:00,Zambia,Mbala,248.3572253511632
13369,2010,2,2010-02-01T00:00:00,Zambia,Mbala,174.3391826052131
13370,2010,3,2010-03-01T00:00:00,Zambia,Mbala,233.5773549201007
13378,2010,11,2010-11-01T00:00:00,Zambia,Mbala,66.56481587736234
13379,2010,12,2010-12-01T00:00:00,Zambia,Mbala,220.52903033142442
13380,2011,1,2011-01-01T00:00:00,Zambia,Mbala,218.99039925734974
13381,2011,2,2011-02-01T00:00:00,Zambia,Mbala,158.66901152972613
13382,2011,3,2011-03-01T00:00:00,Zambia,Mbala,278.62467187459987
13390,2011,11,2011-11-01T00:00:00,Zambia,Mbala,128.87085284789666
13391,2011,12,2011-12-01T00:00:00,Zambia,Mbala,218.2661630490138
13392,2012,1,2012-01-01T00:00:00,Zambia,Mbala,229.23642603414353
13393,2012,2,2012-02-01T00:00:00,Zambia,Mbala,217.57784713307373
13394,2012,3,2012-03-01T00:00:00,Zambia,Mbala,215.77426954253357
13402,2012,11,2012-11-01T00:00:00,Zambia,Mbala,117.80878249863109
13403,2012,12,2012-12-01T00:00:00,Zambia,Mbala,278.5609176112495
13404,2013,1,2013-01-01T00:00:00,Zambia,Mbala,186.1170885712717
13405,2013,2,2013-02-01T00:00:00,Zambia,Mbala,227.1885589416571
13406,2013,3,2013-03-01T00:00:00,Zambia,Mbala,208.22571321659362
13414,2013,11,2013-11-01T00:00:00,Zambia,Mbala,101.08924858376892
13415,2013,12,2013-12-01T00:00:00,Zambia,Mbala,387.82263142858955
13416,2014,1,2014-01-01T00:00:00,Zambia,Mbala,278.0075113433239
13417,2014,2,2014-02-01T00:00:00,Zambia,Mbala,202.32396937218394
13418,2014,3,2014-03-01T00:00:00,Zambia,Mbala,259.3150432486964
13426,2014,11,2014-11-01T00:00:00,Zambia,Mbala,80.31257285334674
13427,2014,12,2014-12-01T00:00:00,Zambia,Mbala,166.49448718558193
13428,2015,1,2015-01-01T00:00:00,Zambia,Mbala,219.86850165487232
13429,2015,2,2015-02-01T00:00:00,Zambia,Mbala,220.3795837303707
13430,2015,3,2015-03-01T00:00:00,Zambia,Mbala,160.57567482261888
13438,2015,11,2015-11-01T00:00:00,Zambia,Mbala,128.65053681574523
13439,2015,12,2015-12-01T00:00:00,Zambia,Mbala,244.07179617623123
13440,2016,1,2016-01-01T00:00:00,Zambia,Mbala,326.78162462944164
13441,2016,2,2016-02-01T00:00:00,Zambia,Mbala,171.3948498108412
13442,2016,3,2016-03-01T00:00:00,Zambia,Mbala,284.75236084872677
13450,2016,11,2016-11-01T00:00:00,Zambia,Mbala,36.96844118982816
13451,2016,12,2016-12-01T00:00:00,Zambia,Mbala,161.23735897116825
13452,2017,1,2017-01-01T00:00:00,Zambia,Mbala,243.55515697593503
13453,2017,2,2017-02-01T00:00:00,Zambia,Mbala,228.3405485977963
13454,2017,3,2017-03-01T00:00:00,Zambia,Mbala,218.69772626724776
13462,2017,11,2017-11-01T00:00:00,Zambia,Mbala,137.1233152171862
13463,2017,12,2017-12-01T00:00:00,Zambia,Mbala,259.9134978972941
13464,2018,1,2018-01-01T00:00:00,Zambia,Mbala,246.9693139371598
13465,2018,2,2018-02-01T00:00:00,Zambia,Mbala,160.41301232202744
13466,2018,3,2018-03-01T00:00:00,Zambia,Mbala,226.9481273107797
13474,2018,11,2018-11-01T00:00:00,Zambia,Mbala,61.32180077788973
13475,2018,12,2018-12-01T00:00:00,Zambia,Mbala,259.74413098400737
13476,2019,1,2019-01-01T00:00:00,Zambia,Mbala,206.5528199820903
13477,2019,2,2019-02-01T00:00:00,Zambia,Mbala,224.54481554339029
13478,2019,3,2019-03-01T00:00:00,Zambia,Mbala,262.3887113086377
13486,2019,11,2019-11-01T00:00:00,Zambia,Mbala,117.75711327872001
13487,2019,12,2019-12-01T00:00:00,Zambia,Mbala,275.74264550909396
13488,2020,1,2020-01-01T00:00:00,Zambia,Mbala,324.54894977037003
13489,2020,2,2020-02-01T00:00:00,Zambia,Mbala,216.9371749011054
13490,2020,3,2020-03-01T00:00:00,Zambia,Mbala,350.7967994068134
13498,2020,11,2020-11-01T00:00:00,Zambia,Mbala,90.22113016739239
13499,2020,12,2020-12-01T00:00:00,Zambia,Mbala,220.5554287409376
13500,2021,1,2021-01-01T00:00:00,Zambia,Mbala,235.49547433795533
13501,2021,2,2021-02-01T00:00:00,Zambia,Mbala,209.59983451481008
13502,2021,3,2021-03-01T00:00:00,Zambia,Mbala,211.59117750537732
13510,2021,11,2021-11-01T00:00:00,Zambia,Mbala,95.1603364532206
13511,2021,12,2021-12-01T00:00:00,Zambia,Mbala,151.9056824657131
13512,2022,1,2022-01-01T00:00:00,Zambia,Mbala,403.09674364171417
13513,2022,2,2022-02-01T00:00:00,Zambia,Mbala,324.9353189065282
13514,2022,3,2022-03-01T00:00:00,Zambia,Mbala,292.65632241797215
13522,2022,11,2022-11-01T00:00:00,Zambia,Mbala,94.57561269595324
13523,2022,12,2022-12-01T00:00:00,Zambia,Mbala,411.2166261279627
13524,2023,1,2023-01-01T00:00:00,Zambia,Mbala,259.797222158258
13525,2023,2,2023-02-01T00:00:00,Zambia,Mbala,106.16270900098172
13526,2023,3,2023-03-01T00:00:00,Zambia,Mbala,284.8571313432692
13534,2023,11,2023-11-01T00:00:00,Zambia,Mbala,128.80596100461142
13535,2023,12,2023-12-01T00:00:00,Zambia,Mbala,423.75945711537406
13536,2000,1,2000-01-01T00:00:00,Zambia,Mpika,232.68027128399882
13537,2000,2,2000-02-01T00:00:00,Zambia,Mpika,209.17103633300553
13538,2000,3,2000-03-01T00:00:00,Zambia,Mpika,256.7556572853539
13546,2000,11,2000-11-01T00:00:00,Zambia,Mpika,150.49108846319987
13547,2000,12,2000-12-01T00:00:00,Zambia,Mpika,228.20774112778398
13548,2001,1,2001-01-01T00:00:00,Zambia,Mpika,332.40451797649064
13549,2001,2,2001-02-01T00:00:00,Zambia,Mpika,215.75778066318722
13550,2001,3,2001-03-01T00:00:00,Zambia,Mpika,217.74032392843728
13558,2001,11,2001-11-01T00:00:00,Zambia,Mpika,65.25673487157293
13559,2001,12,2001-12-01T00:00:00,Zambia,Mpika,205.5303098429102
13560,2002,1,2002-01-01T00:00:00,Zambia,Mpika,273.7101538182856
13561,2002,2,2002-02-01T00:00:00,Zambia,Mpika,180.4660172455176
13562,2002,3,2002-03-01T00:00:00,Zambia,Mpika,131.68153991485272
13570,2002,11,2002-11-01T00:00:00,Zambia,Mpika,74.16354543689322
13571,2002,12,2002-12-01T00:00:00,Zambia,Mpika,331.5575819853487
13572,2003,1,2003-01-01T00:00:00,Zambia,Mpika,233.88319801119866
13573,2003,2,2003-02-01T00:00:00,Zambia,Mpika,214.3719447983913
13574,2003,3,2003-03-01T00:00:00,Zambia,Mpika,240.320370341143
13582,2003,11,2003-11-01T00:00:00,Zambia,Mpika,53.79044493999356
13583,2003,12,2003-12-01T00:00:00,Zambia,Mpika,214.50941174493147
13584,2004,1,2004-01-01T00:00:00,Zambia,Mpika,240.2420268681828
13585,2004,2,2004-02-01T00:00:00,Zambia,Mpika,218.52666859526224
13586,2004,3,2004-03-01T00:00:00,Zambia,Mpika,197.12994163572577
13594,2004,11,2004-11-01T00:00:00,Zambia,Mpika,143.46849633190425
13595,2004,12,2004-12-01T00:00:00,Zambia,Mpika,395.4299422432558
13596,2005,1,2005-01-01T00:00:00,Zambia,Mpika,313.83494422297207
13597,2005,2,2005-02-01T00:00:00,Zambia,Mpika,188.70953408107033
13598,2005,3,2005-03-01T00:00:00,Zambia,Mpika,84.81121125628867
13606,2005,11,2005-11-01T00:00:00,Zambia,Mpika,83.24320615718787
13607,2005,12,2005-12-01T00:00:00,Zambia,Mpika,142.5277807481759
13608,2006,1,2006-01-01T00:00:00,Zambia,Mpika,291.39545846296534
13609,2006,2,2006-02-01T00:00:00,Zambia,Mpika,253.80406342966407
13610,2006,3,2006-03-01T00:00:00,Zambia,Mpika,248.3810694356133
13618,2006,11,2006-11-01T00:00:00,Zambia,Mpika,110.72911167839035
13619,2006,12,2006-12-01T00:00:00,Zambia,Mpika,308.0246486695932
13620,2007,1,2007-01-01T00:00:00,Zambia,Mpika,451.724051309001
13621,2007,2,2007-02-01T00:00:00,Zambia,Mpika,332.6177413673944
13622,2007,3,2007-03-01T00:00:00,Zambia,Mpika,174.01534772947048
13630,2007,11,2007-11-01T00:00:00,Zambia,Mpika,89.67324940818855
13631,2007,12,2007-12-01T00:00:00,Zambia,Mpika,297.6177713663431
13632,2008,1,2008-01-01T00:00:00,Zambia,Mpika,314.1339462050203
13633,2008,2,2008-02-01T00:00:00,Zambia,Mpika,214.5063886873527
13634,2008,3,2008-03-01T00:00:00,Zambia,Mpika,113.7293520771824
13642,2008,11,2008-11-01T00:00:00,Zambia,Mpika,100.4203993220192
13643,2008,12,2008-12-01T00:00:00,Zambia,Mpika,255.09742087341616
13644,2009,1,2009-01-01T00:00:00,Zambia,Mpika,221.4542699264993
13645,2009,2,2009-02-01T00:00:00,Zambia,Mpika,211.77603469848333
13646,2009,3,2009-03-01T00:00:00,Zambia,Mpika,249.96013718325932
13654,2009,11,2009-11-01T00:00:00,Zambia,Mpika,171.74471140876653
13655,2009,12,2009-12-01T00:00:00,Zambia,Mpika,318.0242921037375
13656,2010,1,2010-01-01T00:00:00,Zambia,Mpika,228.78930113578164
13657,2010,2,2010-02-01T00:00:00,Zambia,Mpika,372.71979379801917
13658,2010,3,2010-03-01T00:00:00,Zambia,Mpika,214.55284147841962
13666,2010,11,2010-11-01T00:00:00,Zambia,Mpika,63.78443103772846
13667,2010,12,2010-12-01T00:00:00,Zambia,Mpika,285.20890789815724
13668,2011,1,2011-01-01T00:00:00,Zambia,Mpika,271.06381247290494
13669,2011,2,2011-02-01T00:00:00,Zambia,Mpika,185.87217843765157
13670,2011,3,2011-03-01T00:00:00,Zambia,Mpika,200.3716805786137
13678,2011,11,2011-11-01T00:00:00,Zambia,Mpika,90.59531215487134
13679,2011,12,2011-12-01T00:00:00,Zambia,Mpika,180.85855304250978
13680,2012,1,2012-01-01T00:00:00,Zambia,Mpika,309.3748320768737
13681,2012,2,2012-02-01T00:00:00,Zambia,Mpika,226.31495214505208
13682,2012,3,2012-03-01T00:00:00,Zambia,Mpika,233.09429992096176
13690,2012,11,2012-11-01T00:00:00,Zambia,Mpika,70.89255420925403
13691,2012,12,2012-12-01T00:00:00,Zambia,Mpika,246.9542838159074
13692,2013,1,2013-01-01T00:00:00,Zambia,Mpika,247.92320111167587
13693,2013,2,2013-02-01T00:00:00,Zambia,Mpika,199.8212560793817
13694,2013,3,2013-03-01T00:00:00,Zambia,Mpika,138.66526456225478
13702,2013,11,2013-11-01T00:00:00,Zambia,Mpika,75.39159562448776
13703,2013,12,2013-12-01T00:00:00,Zambia,Mpika,239.16806492936368
13704,2014,1,2014-01-01T00:00:00,Zambia,Mpika,228.6568073953814
13705,2014,2,2014-02-01T00:00:00,Zambia,Mpika,261.9206909958684
13706,2014,3,2014-03-01T00:00:00,Zambia,Mpika,149.907222408842
13714,2014,11,2014-11-01T00:00:00,Zambia,Mpika,26.839604320776704
13715,2014,12,2014-12-01T00:00:00,Zambia,Mpika,123.65458539295483
13716,2015,1,2015-01-01T00:00:00,Zambia,Mpika,243.48561130082126
13717,2015,2,2015-02-01T00:00:00,Zambia,Mpika,235.64183609591416
13718,2015,3,2015-03-01T00:00:00,Zambia,Mpika,115.70187486099317
13726,2015,11,2015-11-01T00:00:00,Zambia,Mpika,90.01664681663874
13727,2015,12,2015-12-01T00:00:00,Zambia,Mpika,193.32823479174954
13728,2016,1,2016-01-01T00:00:00,Zambia,Mpika,207.21487587547225
13729,2016,2,2016-02-01T00:00:00,Zambia,Mpika,165.72899294205737
13730,2016,3,2016-03-01T00:00:00,Zambia,Mpika,255.2534768657038
13738,2016,11,2016-11-01T00:00:00,Zambia,Mpika,89.62223454476205
13739,2016,12,2016-12-01T00:00:00,Zambia,Mpika,183.3460606898201
13740,2017,1,2017-01-01T00:00:00,Zambia,Mpika,288.7643682812372
13741,2017,2,2017-02-01T00:00:00,Zambia,Mpika,333.8823746977647
13742,2017,3,2017-03-01T00:00:00,Zambia,Mpika,136.23869763494608
13750,2017,11,2017-11-01T00:00:00,Zambia,Mpika,174.61158414515705
13751,2017,12,2017-12-01T00:00:00,Zambia,Mpika,277.5513225581048
13752,2018,1,2018-01-01T00:00:00,Zambia,Mpika,156.88082304292104
13753,2018,2,2018-02-01T00:00:00,Zambia,Mpika,239.2753030235646
13754,2018,3,2018-03-01T00:00:00,Zambia,Mpika,186.86628084545973
13762,2018,11,2018-11-01T00:00:00,Zambia,Mpika,70.19304393294834
13763,2018,12,2018-12-01T00:00:00,Zambia,Mpika,281.13904156265136
13764,2019,1,2019-01-01T00:00:00,Zambia,Mpika,266.6880918394028
13765,2019,2,2019-02-01T00:00:00,Zambia,Mpika,249.10124776951096
13766,2019,3,2019-03-01T00:00:00,Zambia,Mpika,181.90221112239522
13774,2019,11,2019-11-01T00:00:00,Zambia,Mpika,96.88764596335048
13775,2019,12,2019-12-01T00:00:00,Zambia,Mpika,162.5070735247351
13776,2020,1,2020-01-01T00:00:00,Zambia,Mpika,248.94799491428324
13777,2020,2,2020-02-01T00:00:00,Zambia,Mpika,255.55994975966019
13778,2020,3,2020-03-01T00:00:00,Zambia,Mpika,111.9915250661516
13786,2020,11,2020-11-01T00:00:00,Zambia,Mpika,54.82430768974928
13787,2020,12,2020-12-01T00:00:00,Zambia,Mpika,245.12439152952038
13788,2021,1,2021-01-01T00:00:00,Zambia,Mpika,291.3808645554676
13789,2021,2,2021-02-01T00:00:00,Zambia,Mpika,309.3626221817871
13790,2021,3,2021-03-01T00:00:00,Zambia,Mpika,271.29203700873126
13798,2021,11,2021-11-01T00:00:00,Zambia,Mpika,82.14861706375684
13799,2021,12,2021-12-01T00:00:00,Zambia,Mpika,93.3826917388285
13800,2022,1,2022-01-01T00:00:00,Zambia,Mpika,298.06925079770116
13801,2022,2,2022-02-01T00:00:00,Zambia,Mpika,259.77336887743843
13802,2022,3,2022-03-01T00:00:00,Zambia,Mpika,157.65651599063526
13810,2022,11,2022-11-01T00:00:00,Zambia,Mpika,103.58455430968091
13811,2022,12,2022-12-01T00:00:00,Zambia,Mpika,231.45405670745654
13812,2023,1,2023-01-01T00:00:00,Zambia,Mpika,280.74969634073767
13813,2023,2,2023-02-01T00:00:00,Zambia,Mpika,216.853420435838
13814,2023,3,2023-03-01T00:00:00,Zambia,Mpika,222.93177868826314
13822,2023,11,2023-11-01T00:00:00,Zambia,Mpika,65.26025253805042
13823,2023,12,2023-12-01T00:00:00,Zambia,Mpika,199.81181796881503
13824,2000,1,2000-01-01T00:00:00,Zambia,Mporokoso,224.22996148256073
13825,2000,2,2000-02-01T00:00:00,Zambia,Mporokoso,185.61236507880164
13826,2000,3,2000-03-01T00:00:00,Zambia,Mporokoso,249.4375370421167
13834,2000,11,2000-11-01T00:00:00,Zambia,Mporokoso,193.31664798796578
13835,2000,12,2000-12-01T00:00:00,Zambia,Mporokoso,278.3400956685432
13836,2001,1,2001-01-01T00:00:00,Zambia,Mporokoso,339.03725541675675
13837,2001,2,2001-02-01T00:00:00,Zambia,Mporokoso,222.61730219149342
13838,2001,3,2001-03-01T00:00:00,Zambia,Mporokoso,206.190288948687
13846,2001,11,2001-11-01T00:00:00,Zambia,Mporokoso,130.75718467547162
13847,2001,12,2001-12-01T00:00:00,Zambia,Mporokoso,249.6582729312506
13848,2002,1,2002-01-01T00:00:00,Zambia,Mporokoso,253.35243268455395
13849,2002,2,2002-02-01T00:00:00,Zambia,Mporokoso,243.52546835668596
13850,2002,3,2002-03-01T00:00:00,Zambia,Mporokoso,297.55655949444
13858,2002,11,2002-11-01T00:00:00,Zambia,Mporokoso,164.0602212053371
13859,2002,12,2002-12-01T00:00:00,Zambia,Mporokoso,279.58874426951076
13860,2003,1,2003-01-01T00:00:00,Zambia,Mporokoso,274.1114024775522
13861,2003,2,2003-02-01T00:00:00,Zambia,Mporokoso,149.67475584950796
13862,2003,3,2003-03-01T00:00:00,Zambia,Mporokoso,228.446933719374
13870,2003,11,2003-11-01T00:00:00,Zambia,Mporokoso,81.42849077846748
13871,2003,12,2003-12-01T00:00:00,Zambia,Mporokoso,259.4132562211204
13872,2004,1,2004-01-01T00:00:00,Zambia,Mporokoso,200.91137061301708
13873,2004,2,2004-02-01T00:00:00,Zambia,Mporokoso,251.62839727407814
13874,2004,3,2004-03-01T00:00:00,Zambia,Mporokoso,293.02160322145676
13882,2004,11,2004-11-01T00:00:00,Zambia,Mporokoso,168.53461674832388
13883,2004,12,2004-12-01T00:00:00,Zambia,Mporokoso,345.816656460267
13884,2005,1,2005-01-01T00:00:00,Zambia,Mporokoso,295.2753237776419
13885,2005,2,2005-02-01T00:00:00,Zambia,Mporokoso,199.13942638302217
13886,2005,3,2005-03-01T00:00:00,Zambia,Mporokoso,254.51720897549845
13894,2005,11,2005-11-01T00:00:00,Zambia,Mporokoso,120.52281445556443
13895,2005,12,2005-12-01T00:00:00,Zambia,Mporokoso,190.77373104577052
13896,2006,1,2006-01-01T00:00:00,Zambia,Mporokoso,267.27527196030496
13897,2006,2,2006-02-01T00:00:00,Zambia,Mporokoso,258.23909777380265
13898,2006,3,2006-03-01T00:00:00,Zambia,Mporokoso,263.73971128759786
13906,2006,11,2006-11-01T00:00:00,Zambia,Mporokoso,182.00458449674758
13907,2006,12,2006-12-01T00:00:00,Zambia,Mporokoso,362.35204493596086
13908,2007,1,2007-01-01T00:00:00,Zambia,Mporokoso,254.6973939426592
13909,2007,2,2007-02-01T00:00:00,Zambia,Mporokoso,269.4514828601563
13910,2007,3,2007-03-01T00:00:00,Zambia,Mporokoso,274.14773943739834
13918,2007,11,2007-11-01T00:00:00,Zambia,Mporokoso,118.54451290410387
13919,2007,12,2007-12-01T00:00:00,Zambia,Mporokoso,271.85560820111976
13920,2008,1,2008-01-01T00:00:00,Zambia,Mporokoso,275.995210242359
13921,2008,2,2008-02-01T00:00:00,Zambia,Mporokoso,230.3063477250864
13922,2008,3,2008-03-01T00:00:00,Zambia,Mporokoso,242.99718801633878
13930,2008,11,2008-11-01T00:00:00,Zambia,Mporokoso,199.34569491853
13931,2008,12,2008-12-01T00:00:00,Zambia,Mporokoso,221.33167096847822
13932,2009,1,2009-01-01T00:00:00,Zambia,Mporokoso,228.20394950795196
13933,2009,2,2009-02-01T00:00:00,Zambia,Mporokoso,220.82608420253902
13934,2009,3,2009-03-01T00:00:00,Zambia,Mporokoso,246.47783439630854
13942,2009,11,2009-11-01T00:00:00,Zambia,Mporokoso,191.4457457022135
13943,2009,12,2009-12-01T00:00:00,Zambia,Mporokoso,307.7553133335191
13944,2010,1,2010-01-01T00:00:00,Zambia,Mporokoso,244.2943254837139
13945,2010,2,2010-02-01T00:00:00,Zambia,Mporokoso,187.55688450767434
13946,2010,3,2010-03-01T00:00:00,Zambia,Mporokoso,277.27165367199
13954,2010,11,2010-11-01T00:00:00,Zambia,Mporokoso,113.94402484102926
13955,2010,12,2010-12-01T00:00:00,Zambia,Mporokoso,248.76499766382813
13956,2011,1,2011-01-01T00:00:00,Zambia,Mporokoso,203.50695900384403
13957,2011,2,2011-02-01T00:00:00,Zambia,Mporokoso,213.1469644629006
13958,2011,3,2011-03-01T00:00:00,Zambia,Mporokoso,278.4144959869379
13966,2011,11,2011-11-01T00:00:00,Zambia,Mporokoso,156.1575804313697
13967,2011,12,2011-12-01T00:00:00,Zambia,Mporokoso,212.30195406920842
13968,2012,1,2012-01-01T00:00:00,Zambia,Mporokoso,222.11111779297923
13969,2012,2,2012-02-01T00:00:00,Zambia,Mporokoso,232.36642470613373
13970,2012,3,2012-03-01T00:00:00,Zambia,Mporokoso,246.29930233863405
13978,2012,11,2012-11-01T00:00:00,Zambia,Mporokoso,169.87025023060397
13979,2012,12,2012-12-01T00:00:00,Zambia,Mporokoso,308.18693981220565
13980,2013,1,2013-01-01T00:00:00,Zambia,Mporokoso,227.37040803257852
13981,2013,2,2013-02-01T00:00:00,Zambia,Mporokoso,254.64313200486728
13982,2013,3,2013-03-01T00:00:00,Zambia,Mporokoso,305.5544904137695
13990,2013,11,2013-11-01T00:00:00,Zambia,Mporokoso,179.14442805935647
13991,2013,12,2013-12-01T00:00:00,Zambia,Mporokoso,399.8446256630471
13992,2014,1,2014-01-01T00:00:00,Zambia,Mporokoso,266.8885857861206
13993,2014,2,2014-02-01T00:00:00,Zambia,Mporokoso,239.57103140411542
13994,2014,3,2014-03-01T00:00:00,Zambia,Mporokoso,294.79410635146843
14002,2014,11,2014-11-01T00:00:00,Zambia,Mporokoso,92.5036356461602
14003,2014,12,2014-12-01T00:00:00,Zambia,Mporokoso,167.43975891509103
14004,2015,1,2015-01-01T00:00:00,Zambia,Mporokoso,213.6780372884479
14005,2015,2,2015-02-01T00:00:00,Zambia,Mporokoso,206.41030351176363
14006,2015,3,2015-03-01T00:00:00,Zambia,Mporokoso,288.76920655927296
14014,2015,11,2015-11-01T00:00:00,Zambia,Mporokoso,183.93412908304435
14015,2015,12,2015-12-01T00:00:00,Zambia,Mporokoso,267.4513327627211
14016,2016,1,2016-01-01T00:00:00,Zambia,Mporokoso,235.08296858582491
14017,2016,2,2016-02-01T00:00:00,Zambia,Mporokoso,185.69366053336978
14018,2016,3,2016-03-01T00:00:00,Zambia,Mporokoso,264.21780330224675
14026,2016,11,2016-11-01T00:00:00,Zambia,Mporokoso,76.34420195979749
14027,2016,12,2016-12-01T00:00:00,Zambia,Mporokoso,201.5098652331317
14028,2017,1,2017-01-01T00:00:00,Zambia,Mporokoso,193.91593420835352
14029,2017,2,2017-02-01T00:00:00,Zambia,Mporokoso,235.44551945691185
14030,2017,3,2017-03-01T00:00:00,Zambia,Mporokoso,237.4090974793499
14038,2017,11,2017-11-01T00:00:00,Zambia,Mporokoso,158.8093744595402
14039,2017,12,2017-12-01T00:00:00,Zambia,Mporokoso,301.2796191077153
14040,2018,1,2018-01-01T00:00:00,Zambia,Mporokoso,228.74385190151807
14041,2018,2,2018-02-01T00:00:00,Zambia,Mporokoso,209.9731865826762
14042,2018,3,2018-03-01T00:00:00,Zambia,Mporokoso,242.96896160960122
14050,2018,11,2018-11-01T00:00:00,Zambia,Mporokoso,131.37729155168347
14051,2018,12,2018-12-01T00:00:00,Zambia,Mporokoso,299.72309612316855
14052,2019,1,2019-01-01T00:00:00,Zambia,Mporokoso,242.6691303489252
14053,2019,2,2019-02-01T00:00:00,Zambia,Mporokoso,235.860927755318
14054,2019,3,2019-03-01T00:00:00,Zambia,Mporokoso,269.1399147624794
14062,2019,11,2019-11-01T00:00:00,Zambia,Mporokoso,151.077285476199
14063,2019,12,2019-12-01T00:00:00,Zambia,Mporokoso,275.4898473180947
14064,2020,1,2020-01-01T00:00:00,Zambia,Mporokoso,244.78138944976328
14065,2020,2,2020-02-01T00:00:00,Zambia,Mporokoso,244.8624647010665
14066,2020,3,2020-03-01T00:00:00,Zambia,Mporokoso,352.6624659997491
14074,2020,11,2020-11-01T00:00:00,Zambia,Mporokoso,107.76838192790773
14075,2020,12,2020-12-01T00:00:00,Zambia,Mporokoso,259.2861527000745
14076,2021,1,2021-01-01T00:00:00,Zambia,Mporokoso,212.33962290198514
14077,2021,2,2021-02-01T00:00:00,Zambia,Mporokoso,254.57452427454888
14078,2021,3,2021-03-01T00:00:00,Zambia,Mporokoso,261.9377594278725
14086,2021,11,2021-11-01T00:00:00,Zambia,Mporokoso,133.45979304814045
14087,2021,12,2021-12-01T00:00:00,Zambia,Mporokoso,163.20144098919783
14088,2022,1,2022-01-01T00:00:00,Zambia,Mporokoso,328.6856940120429
14089,2022,2,2022-02-01T00:00:00,Zambia,Mporokoso,259.1006475393642
14090,2022,3,2022-03-01T00:00:00,Zambia,Mporokoso,263.0650575879533
14098,2022,11,2022-11-01T00:00:00,Zambia,Mporokoso,134.1554796111489
14099,2022,12,2022-12-01T00:00:00,Zambia,Mporokoso,342.12615594174025
14100,2023,1,2023-01-01T00:00:00,Zambia,Mporokoso,228.89117946180463
14101,2023,2,2023-02-01T00:00:00,Zambia,Mporokoso,144.2051444815904
14102,2023,3,2023-03-01T00:00:00,Zambia,Mporokoso,275.684876894059
14110,2023,11,2023-11-01T00:00:00,Zambia,Mporokoso,237.4778715841104
14111,2023,12,2023-12-01T00:00:00,Zambia,Mporokoso,432.28273534260825
14112,2000,1,2000-01-01T00:00:00,Zambia,Mpulungu,247.3193025503127
14113,2000,2,2000-02-01T00:00:00,Zambia,Mpulungu,183.7713042916918
14114,2000,3,2000-03-01T00:00:00,Zambia,Mpulungu,226.51071531465652
14122,2000,11,2000-11-01T00:00:00,Zambia,Mpulungu,197.1688884372869
14123,2000,12,2000-12-01T00:00:00,Zambia,Mpulungu,268.50766549110233
14124,2001,1,2001-01-01T00:00:00,Zambia,Mpulungu,352.1740665010727
14125,2001,2,2001-02-01T00:00:00,Zambia,Mpulungu,178.03767051420573
14126,2001,3,2001-03-01T00:00:00,Zambia,Mpulungu,213.08071093439506
14134,2001,11,2001-11-01T00:00:00,Zambia,Mpulungu,107.85053166652574
14135,2001,12,2001-12-01T00:00:00,Zambia,Mpulungu,241.7190487661642
14136,2002,1,2002-01-01T00:00:00,Zambia,Mpulungu,247.16387595444124
14137,2002,2,2002-02-01T00:00:00,Zambia,Mpulungu,185.84609855366548
14138,2002,3,2002-03-01T00:00:00,Zambia,Mpulungu,273.2380128640433
14146,2002,11,2002-11-01T00:00:00,Zambia,Mpulungu,141.28052699011957
14147,2002,12,2002-12-01T00:00:00,Zambia,Mpulungu,268.09290255386315
14148,2003,1,2003-01-01T00:00:00,Zambia,Mpulungu,259.774295400127
14149,2003,2,2003-02-01T00:00:00,Zambia,Mpulungu,175.71062334186283
14150,2003,3,2003-03-01T00:00:00,Zambia,Mpulungu,204.63519407225587
14158,2003,11,2003-11-01T00:00:00,Zambia,Mpulungu,50.0833016009319
14159,2003,12,2003-12-01T00:00:00,Zambia,Mpulungu,249.41863244460222
14160,2004,1,2004-01-01T00:00:00,Zambia,Mpulungu,222.00538220022176
14161,2004,2,2004-02-01T00:00:00,Zambia,Mpulungu,226.12925758838952
14162,2004,3,2004-03-01T00:00:00,Zambia,Mpulungu,259.0678204934558
14170,2004,11,2004-11-01T00:00:00,Zambia,Mpulungu,146.04826586278094
14171,2004,12,2004-12-01T00:00:00,Zambia,Mpulungu,339.6335111743436
14172,2005,1,2005-01-01T00:00:00,Zambia,Mpulungu,240.17425403802284
14173,2005,2,2005-02-01T00:00:00,Zambia,Mpulungu,145.31134988967887
14174,2005,3,2005-03-01T00:00:00,Zambia,Mpulungu,235.51290850545408
14182,2005,11,2005-11-01T00:00:00,Zambia,Mpulungu,104.20328735007638
14183,2005,12,2005-12-01T00:00:00,Zambia,Mpulungu,182.4216092431072
14184,2006,1,2006-01-01T00:00:00,Zambia,Mpulungu,203.51760319657737
14185,2006,2,2006-02-01T00:00:00,Zambia,Mpulungu,227.53942436939968
14186,2006,3,2006-03-01T00:00:00,Zambia,Mpulungu,238.26832625240573
14194,2006,11,2006-11-01T00:00:00,Zambia,Mpulungu,182.62953536041258
14195,2006,12,2006-12-01T00:00:00,Zambia,Mpulungu,348.243844152813
14196,2007,1,2007-01-01T00:00:00,Zambia,Mpulungu,260.77674113267045
14197,2007,2,2007-02-01T00:00:00,Zambia,Mpulungu,245.27762499345664
14198,2007,3,2007-03-01T00:00:00,Zambia,Mpulungu,219.4096515156789
14206,2007,11,2007-11-01T00:00:00,Zambia,Mpulungu,67.8780952137328
14207,2007,12,2007-12-01T00:00:00,Zambia,Mpulungu,318.8562289219125
14208,2008,1,2008-01-01T00:00:00,Zambia,Mpulungu,276.68619793639425
14209,2008,2,2008-02-01T00:00:00,Zambia,Mpulungu,235.53306807783062
14210,2008,3,2008-03-01T00:00:00,Zambia,Mpulungu,298.9899320402196
14218,2008,11,2008-11-01T00:00:00,Zambia,Mpulungu,201.41934377292478
14219,2008,12,2008-12-01T00:00:00,Zambia,Mpulungu,223.204424425818
14220,2009,1,2009-01-01T00:00:00,Zambia,Mpulungu,236.01690648961392
14221,2009,2,2009-02-01T00:00:00,Zambia,Mpulungu,178.1268793778351
14222,2009,3,2009-03-01T00:00:00,Zambia,Mpulungu,251.43927479439674
14230,2009,11,2009-11-01T00:00:00,Zambia,Mpulungu,180.43353333124026
14231,2009,12,2009-12-01T00:00:00,Zambia,Mpulungu,292.8853233987879
14232,2010,1,2010-01-01T00:00:00,Zambia,Mpulungu,250.46728741099702
14233,2010,2,2010-02-01T00:00:00,Zambia,Mpulungu,171.68450683298667
14234,2010,3,2010-03-01T00:00:00,Zambia,Mpulungu,250.07083869628917
14242,2010,11,2010-11-01T00:00:00,Zambia,Mpulungu,87.40550703169902
14243,2010,12,2010-12-01T00:00:00,Zambia,Mpulungu,249.1218157471066
14244,2011,1,2011-01-01T00:00:00,Zambia,Mpulungu,233.789806111915
14245,2011,2,2011-02-01T00:00:00,Zambia,Mpulungu,158.28776636466173
14246,2011,3,2011-03-01T00:00:00,Zambia,Mpulungu,275.5375117486377
14254,2011,11,2011-11-01T00:00:00,Zambia,Mpulungu,142.30362417161155
14255,2011,12,2011-12-01T00:00:00,Zambia,Mpulungu,227.7049702577919
14256,2012,1,2012-01-01T00:00:00,Zambia,Mpulungu,223.9538238265388
14257,2012,2,2012-02-01T00:00:00,Zambia,Mpulungu,222.47769585924786
14258,2012,3,2012-03-01T00:00:00,Zambia,Mpulungu,210.95768743016276
14266,2012,11,2012-11-01T00:00:00,Zambia,Mpulungu,147.71514412303793
14267,2012,12,2012-12-01T00:00:00,Zambia,Mpulungu,289.2158643268314
14268,2013,1,2013-01-01T00:00:00,Zambia,Mpulungu,187.05002954078142
14269,2013,2,2013-02-01T00:00:00,Zambia,Mpulungu,241.54599797659273
14270,2013,3,2013-03-01T00:00:00,Zambia,Mpulungu,242.76380229253496
14278,2013,11,2013-11-01T00:00:00,Zambia,Mpulungu,127.82397692929074
14279,2013,12,2013-12-01T00:00:00,Zambia,Mpulungu,390.7140739133196
14280,2014,1,2014-01-01T00:00:00,Zambia,Mpulungu,265.9942540891415
14281,2014,2,2014-02-01T00:00:00,Zambia,Mpulungu,211.16882095935117
14282,2014,3,2014-03-01T00:00:00,Zambia,Mpulungu,278.48386903576574
14290,2014,11,2014-11-01T00:00:00,Zambia,Mpulungu,94.54681917186397
14291,2014,12,2014-12-01T00:00:00,Zambia,Mpulungu,180.58836637676995
14292,2015,1,2015-01-01T00:00:00,Zambia,Mpulungu,211.57527875444595
14293,2015,2,2015-02-01T00:00:00,Zambia,Mpulungu,221.70743845626188
14294,2015,3,2015-03-01T00:00:00,Zambia,Mpulungu,205.26098937681644
14302,2015,11,2015-11-01T00:00:00,Zambia,Mpulungu,174.4665765127017
14303,2015,12,2015-12-01T00:00:00,Zambia,Mpulungu,263.30415164248365
14304,2016,1,2016-01-01T00:00:00,Zambia,Mpulungu,311.50521989265263
14305,2016,2,2016-02-01T00:00:00,Zambia,Mpulungu,164.05662642344748
14306,2016,3,2016-03-01T00:00:00,Zambia,Mpulungu,286.3514565592261
14314,2016,11,2016-11-01T00:00:00,Zambia,Mpulungu,53.935389120070816
14315,2016,12,2016-12-01T00:00:00,Zambia,Mpulungu,180.31569947072595
14316,2017,1,2017-01-01T00:00:00,Zambia,Mpulungu,228.71259607340997
14317,2017,2,2017-02-01T00:00:00,Zambia,Mpulungu,230.73144998766253
14318,2017,3,2017-03-01T00:00:00,Zambia,Mpulungu,254.95754857873544
14326,2017,11,2017-11-01T00:00:00,Zambia,Mpulungu,142.87206320164597
14327,2017,12,2017-12-01T00:00:00,Zambia,Mpulungu,285.4901943230787
14328,2018,1,2018-01-01T00:00:00,Zambia,Mpulungu,239.9706901139281
14329,2018,2,2018-02-01T00:00:00,Zambia,Mpulungu,172.06098814402228
14330,2018,3,2018-03-01T00:00:00,Zambia,Mpulungu,244.24814655719936
14338,2018,11,2018-11-01T00:00:00,Zambia,Mpulungu,93.37584593323992
14339,2018,12,2018-12-01T00:00:00,Zambia,Mpulungu,278.5712514401635
14340,2019,1,2019-01-01T00:00:00,Zambia,Mpulungu,217.5269571554094
14341,2019,2,2019-02-01T00:00:00,Zambia,Mpulungu,225.15765327660594
14342,2019,3,2019-03-01T00:00:00,Zambia,Mpulungu,259.6207355572296
14350,2019,11,2019-11-01T00:00:00,Zambia,Mpulungu,138.34911406877453
14351,2019,12,2019-12-01T00:00:00,Zambia,Mpulungu,313.89811681833027
14352,2020,1,2020-01-01T00:00:00,Zambia,Mpulungu,308.81453214362875
14353,2020,2,2020-02-01T00:00:00,Zambia,Mpulungu,216.69122299218623
14354,2020,3,2020-03-01T00:00:00,Zambia,Mpulungu,340.39754885317495
14362,2020,11,2020-11-01T00:00:00,Zambia,Mpulungu,106.29740765165738
14363,2020,12,2020-12-01T00:00:00,Zambia,Mpulungu,242.77906303620264
14364,2021,1,2021-01-01T00:00:00,Zambia,Mpulungu,218.98366975442065
14365,2021,2,2021-02-01T00:00:00,Zambia,Mpulungu,219.69200607243891
14366,2021,3,2021-03-01T00:00:00,Zambia,Mpulungu,223.67287304466456
14374,2021,11,2021-11-01T00:00:00,Zambia,Mpulungu,137.29243404972863
14375,2021,12,2021-12-01T00:00:00,Zambia,Mpulungu,211.3060990210677
14376,2022,1,2022-01-01T00:00:00,Zambia,Mpulungu,397.205840978995
14377,2022,2,2022-02-01T00:00:00,Zambia,Mpulungu,292.1279156569411
14378,2022,3,2022-03-01T00:00:00,Zambia,Mpulungu,323.4060478782111
14386,2022,11,2022-11-01T00:00:00,Zambia,Mpulungu,111.22214366833123
14387,2022,12,2022-12-01T00:00:00,Zambia,Mpulungu,463.68990851326777
14388,2023,1,2023-01-01T00:00:00,Zambia,Mpulungu,232.71666288118436
14389,2023,2,2023-02-01T00:00:00,Zambia,Mpulungu,103.26866191331943
14390,2023,3,2023-03-01T00:00:00,Zambia,Mpulungu,290.1290783143081
14398,2023,11,2023-11-01T00:00:00,Zambia,Mpulungu,220.53791136148303
14399,2023,12,2023-12-01T00:00:00,Zambia,Mpulungu,511.3126532613695
14400,2000,1,2000-01-01T00:00:00,Zambia,Mungwi,188.43092018604827
14401,2000,2,2000-02-01T00:00:00,Zambia,Mungwi,176.42790659990078
14402,2000,3,2000-03-01T00:00:00,Zambia,Mungwi,233.33654171758081
14410,2000,11,2000-11-01T00:00:00,Zambia,Mungwi,229.6799699196932
14411,2000,12,2000-12-01T00:00:00,Zambia,Mungwi,288.71767103544676
14412,2001,1,2001-01-01T00:00:00,Zambia,Mungwi,317.23515044752725
14413,2001,2,2001-02-01T00:00:00,Zambia,Mungwi,186.75280729276855
14414,2001,3,2001-03-01T00:00:00,Zambia,Mungwi,170.61053179824256
14422,2001,11,2001-11-01T00:00:00,Zambia,Mungwi,54.804430194074804
14423,2001,12,2001-12-01T00:00:00,Zambia,Mungwi,241.178636788899
14424,2002,1,2002-01-01T00:00:00,Zambia,Mungwi,248.72333510204191
14425,2002,2,2002-02-01T00:00:00,Zambia,Mungwi,197.27274172795228
14426,2002,3,2002-03-01T00:00:00,Zambia,Mungwi,205.21516639353098
14434,2002,11,2002-11-01T00:00:00,Zambia,Mungwi,100.6468119755269
14435,2002,12,2002-12-01T00:00:00,Zambia,Mungwi,269.6207174623111
14436,2003,1,2003-01-01T00:00:00,Zambia,Mungwi,243.69873656416533
14437,2003,2,2003-02-01T00:00:00,Zambia,Mungwi,182.01895244611958
14438,2003,3,2003-03-01T00:00:00,Zambia,Mungwi,261.9917537580024
14446,2003,11,2003-11-01T00:00:00,Zambia,Mungwi,46.29407802086002
14447,2003,12,2003-12-01T00:00:00,Zambia,Mungwi,199.02974418975055
14448,2004,1,2004-01-01T00:00:00,Zambia,Mungwi,199.59584306174526
14449,2004,2,2004-02-01T00:00:00,Zambia,Mungwi,245.11933517596904
14450,2004,3,2004-03-01T00:00:00,Zambia,Mungwi,225.42141443063923
14458,2004,11,2004-11-01T00:00:00,Zambia,Mungwi,139.3686759047596
14459,2004,12,2004-12-01T00:00:00,Zambia,Mungwi,399.58958821688765
14460,2005,1,2005-01-01T00:00:00,Zambia,Mungwi,250.46338463560198
14461,2005,2,2005-02-01T00:00:00,Zambia,Mungwi,154.92555627783725
14462,2005,3,2005-03-01T00:00:00,Zambia,Mungwi,213.02067582569018
14470,2005,11,2005-11-01T00:00:00,Zambia,Mungwi,89.29505454843876
14471,2005,12,2005-12-01T00:00:00,Zambia,Mungwi,156.2475969849442
14472,2006,1,2006-01-01T00:00:00,Zambia,Mungwi,215.55673683630198
14473,2006,2,2006-02-01T00:00:00,Zambia,Mungwi,279.92481364714024
14474,2006,3,2006-03-01T00:00:00,Zambia,Mungwi,244.2535337221334
14482,2006,11,2006-11-01T00:00:00,Zambia,Mungwi,148.68271008919845
14483,2006,12,2006-12-01T00:00:00,Zambia,Mungwi,346.5341773102848
14484,2007,1,2007-01-01T00:00:00,Zambia,Mungwi,265.29046172584265
14485,2007,2,2007-02-01T00:00:00,Zambia,Mungwi,288.2304769623995
14486,2007,3,2007-03-01T00:00:00,Zambia,Mungwi,201.09208188743003
14494,2007,11,2007-11-01T00:00:00,Zambia,Mungwi,54.360070604400946
14495,2007,12,2007-12-01T00:00:00,Zambia,Mungwi,277.9190643942347
14496,2008,1,2008-01-01T00:00:00,Zambia,Mungwi,238.86586076155302
14497,2008,2,2008-02-01T00:00:00,Zambia,Mungwi,186.1805214190447
14498,2008,3,2008-03-01T00:00:00,Zambia,Mungwi,169.50553927538908
14506,2008,11,2008-11-01T00:00:00,Zambia,Mungwi,108.46249026896017
14507,2008,12,2008-12-01T00:00:00,Zambia,Mungwi,191.4612742550726
14508,2009,1,2009-01-01T00:00:00,Zambia,Mungwi,223.55673921126694
14509,2009,2,2009-02-01T00:00:00,Zambia,Mungwi,219.39128726877186
14510,2009,3,2009-03-01T00:00:00,Zambia,Mungwi,204.03028990568055
14518,2009,11,2009-11-01T00:00:00,Zambia,Mungwi,164.39141486744552
14519,2009,12,2009-12-01T00:00:00,Zambia,Mungwi,270.7663043894536
14520,2010,1,2010-01-01T00:00:00,Zambia,Mungwi,223.81705647643992
14521,2010,2,2010-02-01T00:00:00,Zambia,Mungwi,189.7900111825028
14522,2010,3,2010-03-01T00:00:00,Zambia,Mungwi,208.18983884594627
14530,2010,11,2010-11-01T00:00:00,Zambia,Mungwi,60.20815470003664
14531,2010,12,2010-12-01T00:00:00,Zambia,Mungwi,218.54936001568126
14532,2011,1,2011-01-01T00:00:00,Zambia,Mungwi,184.72418554574085
14533,2011,2,2011-02-01T00:00:00,Zambia,Mungwi,178.90249622991269
14534,2011,3,2011-03-01T00:00:00,Zambia,Mungwi,257.81996802439903
14542,2011,11,2011-11-01T00:00:00,Zambia,Mungwi,125.77405477112171
14543,2011,12,2011-12-01T00:00:00,Zambia,Mungwi,185.8129330596842
14544,2012,1,2012-01-01T00:00:00,Zambia,Mungwi,216.3024851506108
14545,2012,2,2012-02-01T00:00:00,Zambia,Mungwi,202.74595286123437
14546,2012,3,2012-03-01T00:00:00,Zambia,Mungwi,185.03016192439642
14554,2012,11,2012-11-01T00:00:00,Zambia,Mungwi,107.47048534979884
14555,2012,12,2012-12-01T00:00:00,Zambia,Mungwi,279.11414976485406
14556,2013,1,2013-01-01T00:00:00,Zambia,Mungwi,190.59930680072856
14557,2013,2,2013-02-01T00:00:00,Zambia,Mungwi,227.86931798564294
14558,2013,3,2013-03-01T00:00:00,Zambia,Mungwi,190.57357574832938
14566,2013,11,2013-11-01T00:00:00,Zambia,Mungwi,96.04032919993936
14567,2013,12,2013-12-01T00:00:00,Zambia,Mungwi,393.11734491082683
14568,2014,1,2014-01-01T00:00:00,Zambia,Mungwi,268.2685037797942
14569,2014,2,2014-02-01T00:00:00,Zambia,Mungwi,237.4442994744712
14570,2014,3,2014-03-01T00:00:00,Zambia,Mungwi,237.42499218976755
14578,2014,11,2014-11-01T00:00:00,Zambia,Mungwi,79.43786295173122
14579,2014,12,2014-12-01T00:00:00,Zambia,Mungwi,163.5002857397394
14580,2015,1,2015-01-01T00:00:00,Zambia,Mungwi,212.80164209945394
14581,2015,2,2015-02-01T00:00:00,Zambia,Mungwi,220.57686935971836
14582,2015,3,2015-03-01T00:00:00,Zambia,Mungwi,141.96098341640774
14590,2015,11,2015-11-01T00:00:00,Zambia,Mungwi,115.99020976730004
14591,2015,12,2015-12-01T00:00:00,Zambia,Mungwi,226.66954605750388
14592,2016,1,2016-01-01T00:00:00,Zambia,Mungwi,256.61339235289586
14593,2016,2,2016-02-01T00:00:00,Zambia,Mungwi,180.52657860567456
14594,2016,3,2016-03-01T00:00:00,Zambia,Mungwi,247.99185545405123
14602,2016,11,2016-11-01T00:00:00,Zambia,Mungwi,42.873381725755806
14603,2016,12,2016-12-01T00:00:00,Zambia,Mungwi,168.38572370310294
14604,2017,1,2017-01-01T00:00:00,Zambia,Mungwi,200.66550894791604
14605,2017,2,2017-02-01T00:00:00,Zambia,Mungwi,259.09020801009245
14606,2017,3,2017-03-01T00:00:00,Zambia,Mungwi,185.14099556015276
14614,2017,11,2017-11-01T00:00:00,Zambia,Mungwi,129.70613403002605
14615,2017,12,2017-12-01T00:00:00,Zambia,Mungwi,266.31388450979784
14616,2018,1,2018-01-01T00:00:00,Zambia,Mungwi,233.25951144793385
14617,2018,2,2018-02-01T00:00:00,Zambia,Mungwi,172.46910890319674
14618,2018,3,2018-03-01T00:00:00,Zambia,Mungwi,218.37032106515588
14626,2018,11,2018-11-01T00:00:00,Zambia,Mungwi,56.64546227034487
14627,2018,12,2018-12-01T00:00:00,Zambia,Mungwi,277.3433087832235
14628,2019,1,2019-01-01T00:00:00,Zambia,Mungwi,206.14255445287696
14629,2019,2,2019-02-01T00:00:00,Zambia,Mungwi,221.81818244208387
14630,2019,3,2019-03-01T00:00:00,Zambia,Mungwi,229.02355228675546
14638,2019,11,2019-11-01T00:00:00,Zambia,Mungwi,113.76044795034478
14639,2019,12,2019-12-01T00:00:00,Zambia,Mungwi,272.9510629677354
14640,2020,1,2020-01-01T00:00:00,Zambia,Mungwi,271.6109865749027
14641,2020,2,2020-02-01T00:00:00,Zambia,Mungwi,241.49578387826838
14642,2020,3,2020-03-01T00:00:00,Zambia,Mungwi,323.5377234589315
14650,2020,11,2020-11-01T00:00:00,Zambia,Mungwi,82.19363991092311
14651,2020,12,2020-12-01T00:00:00,Zambia,Mungwi,252.20560088439598
14652,2021,1,2021-01-01T00:00:00,Zambia,Mungwi,223.60383275724575
14653,2021,2,2021-02-01T00:00:00,Zambia,Mungwi,268.75455419975737
14654,2021,3,2021-03-01T00:00:00,Zambia,Mungwi,217.34444954614452
14662,2021,11,2021-11-01T00:00:00,Zambia,Mungwi,81.09675463291333
14663,2021,12,2021-12-01T00:00:00,Zambia,Mungwi,116.37495109059313
14664,2022,1,2022-01-01T00:00:00,Zambia,Mungwi,346.4448819021742
14665,2022,2,2022-02-01T00:00:00,Zambia,Mungwi,335.4463312734542
14666,2022,3,2022-03-01T00:00:00,Zambia,Mungwi,245.4598504820853
14674,2022,11,2022-11-01T00:00:00,Zambia,Mungwi,92.80054709916077
14675,2022,12,2022-12-01T00:00:00,Zambia,Mungwi,335.8143632784505
14676,2023,1,2023-01-01T00:00:00,Zambia,Mungwi,235.82117807870105
14677,2023,2,2023-02-01T00:00:00,Zambia,Mungwi,130.8752267378632
14678,2023,3,2023-03-01T00:00:00,Zambia,Mungwi,316.9243186598412
14686,2023,11,2023-11-01T00:00:00,Zambia,Mungwi,85.2007573012172
14687,2023,12,2023-12-01T00:00:00,Zambia,Mungwi,313.15717790710477
14688,2000,1,2000-01-01T00:00:00,Zambia,Nakonde,160.52231410082166
14689,2000,2,2000-02-01T00:00:00,Zambia,Nakonde,150.90986350409378
14690,2000,3,2000-03-01T00:00:00,Zambia,Nakonde,206.00021006580585
14698,2000,11,2000-11-01T00:00:00,Zambia,Nakonde,184.7393848442369
14699,2000,12,2000-12-01T00:00:00,Zambia,Nakonde,247.4011736699626
14700,2001,1,2001-01-01T00:00:00,Zambia,Nakonde,271.63919419766927
14701,2001,2,2001-02-01T00:00:00,Zambia,Nakonde,133.38628906467073
14702,2001,3,2001-03-01T00:00:00,Zambia,Nakonde,143.5143092940109
14710,2001,11,2001-11-01T00:00:00,Zambia,Nakonde,34.988518403704816
14711,2001,12,2001-12-01T00:00:00,Zambia,Nakonde,170.53896285104574
14712,2002,1,2002-01-01T00:00:00,Zambia,Nakonde,236.11537146441245
14713,2002,2,2002-02-01T00:00:00,Zambia,Nakonde,177.64777597273545
14714,2002,3,2002-03-01T00:00:00,Zambia,Nakonde,173.943213013502
14722,2002,11,2002-11-01T00:00:00,Zambia,Nakonde,81.01458534498546
14723,2002,12,2002-12-01T00:00:00,Zambia,Nakonde,186.34655050386417
14724,2003,1,2003-01-01T00:00:00,Zambia,Nakonde,225.50167354831913
14725,2003,2,2003-02-01T00:00:00,Zambia,Nakonde,183.32103327394347
14726,2003,3,2003-03-01T00:00:00,Zambia,Nakonde,162.23275512107367
14734,2003,11,2003-11-01T00:00:00,Zambia,Nakonde,47.36462029946158
14735,2003,12,2003-12-01T00:00:00,Zambia,Nakonde,131.13362782049217
14736,2004,1,2004-01-01T00:00:00,Zambia,Nakonde,172.13131714864807
14737,2004,2,2004-02-01T00:00:00,Zambia,Nakonde,154.39211590209314
14738,2004,3,2004-03-01T00:00:00,Zambia,Nakonde,152.96789868909684
14746,2004,11,2004-11-01T00:00:00,Zambia,Nakonde,104.72909723956273
14747,2004,12,2004-12-01T00:00:00,Zambia,Nakonde,318.49285491277374
14748,2005,1,2005-01-01T00:00:00,Zambia,Nakonde,215.47741226867853
14749,2005,2,2005-02-01T00:00:00,Zambia,Nakonde,122.72249873418647
14750,2005,3,2005-03-01T00:00:00,Zambia,Nakonde,167.81794051179452
14758,2005,11,2005-11-01T00:00:00,Zambia,Nakonde,70.09754475440246
14759,2005,12,2005-12-01T00:00:00,Zambia,Nakonde,132.48224581369666
14760,2006,1,2006-01-01T00:00:00,Zambia,Nakonde,198.33335932795322
14761,2006,2,2006-02-01T00:00:00,Zambia,Nakonde,198.22255891347677
14762,2006,3,2006-03-01T00:00:00,Zambia,Nakonde,181.53903291799867
14770,2006,11,2006-11-01T00:00:00,Zambia,Nakonde,120.04774222699376
14771,2006,12,2006-12-01T00:00:00,Zambia,Nakonde,272.2348470412669
14772,2007,1,2007-01-01T00:00:00,Zambia,Nakonde,230.36577114913695
14773,2007,2,2007-02-01T00:00:00,Zambia,Nakonde,208.71018390463357
14774,2007,3,2007-03-01T00:00:00,Zambia,Nakonde,137.34412287741074
14782,2007,11,2007-11-01T00:00:00,Zambia,Nakonde,36.49913693643258
14783,2007,12,2007-12-01T00:00:00,Zambia,Nakonde,218.14445157936188
14784,2008,1,2008-01-01T00:00:00,Zambia,Nakonde,194.68844730346632
14785,2008,2,2008-02-01T00:00:00,Zambia,Nakonde,149.9988881200402
14786,2008,3,2008-03-01T00:00:00,Zambia,Nakonde,151.7592586612075
14794,2008,11,2008-11-01T00:00:00,Zambia,Nakonde,55.321735503040195
14795,2008,12,2008-12-01T00:00:00,Zambia,Nakonde,137.93757731869846
14796,2009,1,2009-01-01T00:00:00,Zambia,Nakonde,223.0244890229418
14797,2009,2,2009-02-01T00:00:00,Zambia,Nakonde,177.10455283914757
14798,2009,3,2009-03-01T00:00:00,Zambia,Nakonde,208.74138215362032
14806,2009,11,2009-11-01T00:00:00,Zambia,Nakonde,155.30381328052374
14807,2009,12,2009-12-01T00:00:00,Zambia,Nakonde,192.67130268644902
14808,2010,1,2010-01-01T00:00:00,Zambia,Nakonde,198.31396229435393
14809,2010,2,2010-02-01T00:00:00,Zambia,Nakonde,157.78640662888674
14810,2010,3,2010-03-01T00:00:00,Zambia,Nakonde,194.36856234483005
14818,2010,11,2010-11-01T00:00:00,Zambia,Nakonde,36.535456786135256
14819,2010,12,2010-12-01T00:00:00,Zambia,Nakonde,164.16680467171693
14820,2011,1,2011-01-01T00:00:00,Zambia,Nakonde,140.8442840269515
14821,2011,2,2011-02-01T00:00:00,Zambia,Nakonde,169.32678725496189
14822,2011,3,2011-03-01T00:00:00,Zambia,Nakonde,227.56523377083275
14830,2011,11,2011-11-01T00:00:00,Zambia,Nakonde,118.0753795689471
14831,2011,12,2011-12-01T00:00:00,Zambia,Nakonde,168.6658761335125
14832,2012,1,2012-01-01T00:00:00,Zambia,Nakonde,181.8490410210584
14833,2012,2,2012-02-01T00:00:00,Zambia,Nakonde,185.33374808794036
14834,2012,3,2012-03-01T00:00:00,Zambia,Nakonde,143.1548810993868
14842,2012,11,2012-11-01T00:00:00,Zambia,Nakonde,74.89418833075557
14843,2012,12,2012-12-01T00:00:00,Zambia,Nakonde,205.32849723928413
14844,2013,1,2013-01-01T00:00:00,Zambia,Nakonde,148.91744134585596
14845,2013,2,2013-02-01T00:00:00,Zambia,Nakonde,172.54541393561612
14846,2013,3,2013-03-01T00:00:00,Zambia,Nakonde,175.03675192495555
14854,2013,11,2013-11-01T00:00:00,Zambia,Nakonde,61.96220862325468
14855,2013,12,2013-12-01T00:00:00,Zambia,Nakonde,283.14671760976756
14856,2014,1,2014-01-01T00:00:00,Zambia,Nakonde,232.31225331966286
14857,2014,2,2014-02-01T00:00:00,Zambia,Nakonde,170.1513215281491
14858,2014,3,2014-03-01T00:00:00,Zambia,Nakonde,191.08735780605858
14866,2014,11,2014-11-01T00:00:00,Zambia,Nakonde,73.35747754188343
14867,2014,12,2014-12-01T00:00:00,Zambia,Nakonde,130.6788889428653
14868,2015,1,2015-01-01T00:00:00,Zambia,Nakonde,175.60030203396886
14869,2015,2,2015-02-01T00:00:00,Zambia,Nakonde,175.91232216861565
14870,2015,3,2015-03-01T00:00:00,Zambia,Nakonde,120.2754264416804
14878,2015,11,2015-11-01T00:00:00,Zambia,Nakonde,96.20160564742436
14879,2015,12,2015-12-01T00:00:00,Zambia,Nakonde,186.3715775756386
14880,2016,1,2016-01-01T00:00:00,Zambia,Nakonde,264.64110945240907
14881,2016,2,2016-02-01T00:00:00,Zambia,Nakonde,158.05849771428683
14882,2016,3,2016-03-01T00:00:00,Zambia,Nakonde,227.17895667499533
14890,2016,11,2016-11-01T00:00:00,Zambia,Nakonde,27.08127997572331
14891,2016,12,2016-12-01T00:00:00,Zambia,Nakonde,122.47170049222849
14892,2017,1,2017-01-01T00:00:00,Zambia,Nakonde,224.21129594103192
14893,2017,2,2017-02-01T00:00:00,Zambia,Nakonde,214.28438487391483
14894,2017,3,2017-03-01T00:00:00,Zambia,Nakonde,174.60464499492647
14902,2017,11,2017-11-01T00:00:00,Zambia,Nakonde,104.13406915756455
14903,2017,12,2017-12-01T00:00:00,Zambia,Nakonde,169.11963663589736
14904,2018,1,2018-01-01T00:00:00,Zambia,Nakonde,208.96475191635778
14905,2018,2,2018-02-01T00:00:00,Zambia,Nakonde,147.02718857580166
14906,2018,3,2018-03-01T00:00:00,Zambia,Nakonde,172.22782764554648
14914,2018,11,2018-11-01T00:00:00,Zambia,Nakonde,37.25220715885637
14915,2018,12,2018-12-01T00:00:00,Zambia,Nakonde,215.70639086363252
14916,2019,1,2019-01-01T00:00:00,Zambia,Nakonde,163.53987276604673
14917,2019,2,2019-02-01T00:00:00,Zambia,Nakonde,186.13568908323134
14918,2019,3,2019-03-01T00:00:00,Zambia,Nakonde,197.0237176594095
14926,2019,11,2019-11-01T00:00:00,Zambia,Nakonde,101.72699469616227
14927,2019,12,2019-12-01T00:00:00,Zambia,Nakonde,192.7759441782136
14928,2020,1,2020-01-01T00:00:00,Zambia,Nakonde,229.19947169529303
14929,2020,2,2020-02-01T00:00:00,Zambia,Nakonde,189.20409231821387
14930,2020,3,2020-03-01T00:00:00,Zambia,Nakonde,272.8198415530762
14938,2020,11,2020-11-01T00:00:00,Zambia,Nakonde,77.97558243857151
14939,2020,12,2020-12-01T00:00:00,Zambia,Nakonde,183.79690758575885
14940,2021,1,2021-01-01T00:00:00,Zambia,Nakonde,202.48274984825375
14941,2021,2,2021-02-01T00:00:00,Zambia,Nakonde,186.46325831077033
14942,2021,3,2021-03-01T00:00:00,Zambia,Nakonde,177.0487679133288
14950,2021,11,2021-11-01T00:00:00,Zambia,Nakonde,45.899008574913296
14951,2021,12,2021-12-01T00:00:00,Zambia,Nakonde,94.29838524161946
14952,2022,1,2022-01-01T00:00:00,Zambia,Nakonde,307.5879104440011
14953,2022,2,2022-02-01T00:00:00,Zambia,Nakonde,314.4447583612447
14954,2022,3,2022-03-01T00:00:00,Zambia,Nakonde,224.80418186682445
14962,2022,11,2022-11-01T00:00:00,Zambia,Nakonde,68.24936315576423
14963,2022,12,2022-12-01T00:00:00,Zambia,Nakonde,275.51228644772476
14964,2023,1,2023-01-01T00:00:00,Zambia,Nakonde,218.84568254290488
14965,2023,2,2023-02-01T00:00:00,Zambia,Nakonde,104.88817175316214
14966,2023,3,2023-03-01T00:00:00,Zambia,Nakonde,235.3683838842368
14974,2023,11,2023-11-01T00:00:00,Zambia,Nakonde,59.81282710408523
14975,2023,12,2023-12-01T00:00:00,Zambia,Nakonde,242.7075792916421
14976,2000,1,2000-01-01T00:00:00,Zambia,Choma,181.65976383350147
14977,2000,2,2000-02-01T00:00:00,Zambia,Choma,228.78392592324192
14978,2000,3,2000-03-01T00:00:00,Zambia,Choma,152.5954718492511
14986,2000,11,2000-11-01T00:00:00,Zambia,Choma,86.79816254987813
14987,2000,12,2000-12-01T00:00:00,Zambia,Choma,178.80097429801955
14988,2001,1,2001-01-01T00:00:00,Zambia,Choma,135.20313777034815
14989,2001,2,2001-02-01T00:00:00,Zambia,Choma,334.9700913522561
14990,2001,3,2001-03-01T00:00:00,Zambia,Choma,138.10314402784107
14998,2001,11,2001-11-01T00:00:00,Zambia,Choma,125.53336358778162
14999,2001,12,2001-12-01T00:00:00,Zambia,Choma,166.67056663129264
15000,2002,1,2002-01-01T00:00:00,Zambia,Choma,117.14738195434636
15001,2002,2,2002-02-01T00:00:00,Zambia,Choma,55.08958720810247
15002,2002,3,2002-03-01T00:00:00,Zambia,Choma,42.726267249363154
15010,2002,11,2002-11-01T00:00:00,Zambia,Choma,53.26764781132902
15011,2002,12,2002-12-01T00:00:00,Zambia,Choma,114.83018078495411
15012,2003,1,2003-01-01T00:00:00,Zambia,Choma,118.96656269694837
15013,2003,2,2003-02-01T00:00:00,Zambia,Choma,131.83313381394277
15014,2003,3,2003-03-01T00:00:00,Zambia,Choma,150.26544890895997
15022,2003,11,2003-11-01T00:00:00,Zambia,Choma,65.88132915225583
15023,2003,12,2003-12-01T00:00:00,Zambia,Choma,142.48697575782055
15024,2004,1,2004-01-01T00:00:00,Zambia,Choma,193.41997200080695
15025,2004,2,2004-02-01T00:00:00,Zambia,Choma,179.16160122779743
15026,2004,3,2004-03-01T00:00:00,Zambia,Choma,216.8181875366115
15034,2004,11,2004-11-01T00:00:00,Zambia,Choma,34.87912873596572
15035,2004,12,2004-12-01T00:00:00,Zambia,Choma,192.57126102314047
15036,2005,1,2005-01-01T00:00:00,Zambia,Choma,185.12661154751666
15037,2005,2,2005-02-01T00:00:00,Zambia,Choma,64.70558976673578
15038,2005,3,2005-03-01T00:00:00,Zambia,Choma,37.399358443551236
15046,2005,11,2005-11-01T00:00:00,Zambia,Choma,89.49830809368865
15047,2005,12,2005-12-01T00:00:00,Zambia,Choma,220.11357568156873
15048,2006,1,2006-01-01T00:00:00,Zambia,Choma,229.49446300321767
15049,2006,2,2006-02-01T00:00:00,Zambia,Choma,229.30236162387226
15050,2006,3,2006-03-01T00:00:00,Zambia,Choma,125.56586304475039
15058,2006,11,2006-11-01T00:00:00,Zambia,Choma,105.50778422145041
15059,2006,12,2006-12-01T00:00:00,Zambia,Choma,191.78140144817124
15060,2007,1,2007-01-01T00:00:00,Zambia,Choma,280.13462903292884
15061,2007,2,2007-02-01T00:00:00,Zambia,Choma,103.05178427115582
15062,2007,3,2007-03-01T00:00:00,Zambia,Choma,59.04072782989855
15070,2007,11,2007-11-01T00:00:00,Zambia,Choma,122.67104380952614
15071,2007,12,2007-12-01T00:00:00,Zambia,Choma,365.4216245256808
15072,2008,1,2008-01-01T00:00:00,Zambia,Choma,379.79636164901166
15073,2008,2,2008-02-01T00:00:00,Zambia,Choma,90.9205289720906
15074,2008,3,2008-03-01T00:00:00,Zambia,Choma,91.90637058242571
15082,2008,11,2008-11-01T00:00:00,Zambia,Choma,133.51639272535184
15083,2008,12,2008-12-01T00:00:00,Zambia,Choma,213.68461004892873
15084,2009,1,2009-01-01T00:00:00,Zambia,Choma,234.24443249636354
15085,2009,2,2009-02-01T00:00:00,Zambia,Choma,99.5977340032237
15086,2009,3,2009-03-01T00:00:00,Zambia,Choma,138.24434827152112
15094,2009,11,2009-11-01T00:00:00,Zambia,Choma,123.36601780933489
15095,2009,12,2009-12-01T00:00:00,Zambia,Choma,127.36756307922795
15096,2010,1,2010-01-01T00:00:00,Zambia,Choma,176.1218890442743
15097,2010,2,2010-02-01T00:00:00,Zambia,Choma,186.02259118947032
15098,2010,3,2010-03-01T00:00:00,Zambia,Choma,137.7811647169717
15106,2010,11,2010-11-01T00:00:00,Zambia,Choma,115.54680078378142
15107,2010,12,2010-12-01T00:00:00,Zambia,Choma,214.3879622294677
15108,2011,1,2011-01-01T00:00:00,Zambia,Choma,240.42392947544556
15109,2011,2,2011-02-01T00:00:00,Zambia,Choma,125.97827456188294
15110,2011,3,2011-03-01T00:00:00,Zambia,Choma,101.09850866327811
15118,2011,11,2011-11-01T00:00:00,Zambia,Choma,95.2501764472551
15119,2011,12,2011-12-01T00:00:00,Zambia,Choma,147.967763403413
15120,2012,1,2012-01-01T00:00:00,Zambia,Choma,181.13802366138546
15121,2012,2,2012-02-01T00:00:00,Zambia,Choma,131.49154593797527
15122,2012,3,2012-03-01T00:00:00,Zambia,Choma,85.72822650793672
15130,2012,11,2012-11-01T00:00:00,Zambia,Choma,78.73668897771475
15131,2012,12,2012-12-01T00:00:00,Zambia,Choma,217.02379174040792
15132,2013,1,2013-01-01T00:00:00,Zambia,Choma,253.98484826502238
15133,2013,2,2013-02-01T00:00:00,Zambia,Choma,138.13667101812806
15134,2013,3,2013-03-01T00:00:00,Zambia,Choma,59.54386226500816
15142,2013,11,2013-11-01T00:00:00,Zambia,Choma,57.67479963431405
15143,2013,12,2013-12-01T00:00:00,Zambia,Choma,217.21664395320227
15144,2014,1,2014-01-01T00:00:00,Zambia,Choma,241.26623496137054
15145,2014,2,2014-02-01T00:00:00,Zambia,Choma,139.90891820232585
15146,2014,3,2014-03-01T00:00:00,Zambia,Choma,61.519385820530296
15154,2014,11,2014-11-01T00:00:00,Zambia,Choma,51.28696775686563
15155,2014,12,2014-12-01T00:00:00,Zambia,Choma,223.24556686820156
15156,2015,1,2015-01-01T00:00:00,Zambia,Choma,188.20422559521884
15157,2015,2,2015-02-01T00:00:00,Zambia,Choma,103.71655140976316
15158,2015,3,2015-03-01T00:00:00,Zambia,Choma,49.680463103553976
15166,2015,11,2015-11-01T00:00:00,Zambia,Choma,46.44037034273672
15167,2015,12,2015-12-01T00:00:00,Zambia,Choma,102.41099865636457
15168,2016,1,2016-01-01T00:00:00,Zambia,Choma,155.12513090273646
15169,2016,2,2016-02-01T00:00:00,Zambia,Choma,144.11444642604388
15170,2016,3,2016-03-01T00:00:00,Zambia,Choma,179.94919529404632
15178,2016,11,2016-11-01T00:00:00,Zambia,Choma,126.90377527686708
15179,2016,12,2016-12-01T00:00:00,Zambia,Choma,179.5037380039601
15180,2017,1,2017-01-01T00:00:00,Zambia,Choma,232.01376244108823
15181,2017,2,2017-02-01T00:00:00,Zambia,Choma,290.5514325935261
15182,2017,3,2017-03-01T00:00:00,Zambia,Choma,109.44186128190351
15190,2017,11,2017-11-01T00:00:00,Zambia,Choma,93.21513799059048
15191,2017,12,2017-12-01T00:00:00,Zambia,Choma,135.1220009338553
15192,2018,1,2018-01-01T00:00:00,Zambia,Choma,66.82643059763494
15193,2018,2,2018-02-01T00:00:00,Zambia,Choma,379.96733597851556
15194,2018,3,2018-03-01T00:00:00,Zambia,Choma,164.66773656000106
15202,2018,11,2018-11-01T00:00:00,Zambia,Choma,34.26477669618035
15203,2018,12,2018-12-01T00:00:00,Zambia,Choma,68.62919117024379
15204,2019,1,2019-01-01T00:00:00,Zambia,Choma,132.92124175178398
15205,2019,2,2019-02-01T00:00:00,Zambia,Choma,95.14017954951224
15206,2019,3,2019-03-01T00:00:00,Zambia,Choma,12.921643166425794
15214,2019,11,2019-11-01T00:00:00,Zambia,Choma,75.37414803731099
15215,2019,12,2019-12-01T00:00:00,Zambia,Choma,49.134844345737946
15216,2020,1,2020-01-01T00:00:00,Zambia,Choma,269.23442664473845
15217,2020,2,2020-02-01T00:00:00,Zambia,Choma,253.29513232076312
15218,2020,3,2020-03-01T00:00:00,Zambia,Choma,74.93530674086169
15226,2020,11,2020-11-01T00:00:00,Zambia,Choma,68.56742863308034
15227,2020,12,2020-12-01T00:00:00,Zambia,Choma,233.81247687607706
15228,2021,1,2021-01-01T00:00:00,Zambia,Choma,253.07419893242408
15229,2021,2,2021-02-01T00:00:00,Zambia,Choma,127.29284267698806
15230,2021,3,2021-03-01T00:00:00,Zambia,Choma,44.14840272143065
15238,2021,11,2021-11-01T00:00:00,Zambia,Choma,45.37455026876769
15239,2021,12,2021-12-01T00:00:00,Zambia,Choma,95.18360935787237
15240,2022,1,2022-01-01T00:00:00,Zambia,Choma,356.19811326307774
15241,2022,2,2022-02-01T00:00:00,Zambia,Choma,65.48999428471777
15242,2022,3,2022-03-01T00:00:00,Zambia,Choma,91.35994432078245
15250,2022,11,2022-11-01T00:00:00,Zambia,Choma,144.67394709657484
15251,2022,12,2022-12-01T00:00:00,Zambia,Choma,109.30204950055354
15252,2023,1,2023-01-01T00:00:00,Zambia,Choma,226.00711885213647
15253,2023,2,2023-02-01T00:00:00,Zambia,Choma,130.16375961533203
15254,2023,3,2023-03-01T00:00:00,Zambia,Choma,58.9423165777887
15262,2023,11,2023-11-01T00:00:00,Zambia,Choma,17.968560488682133
15263,2023,12,2023-12-01T00:00:00,Zambia,Choma,171.3170701948994
15264,2000,1,2000-01-01T00:00:00,Zambia,Gwembe,173.24816104158748
15265,2000,2,2000-02-01T00:00:00,Zambia,Gwembe,173.2418131425936
15266,2000,3,2000-03-01T00:00:00,Zambia,Gwembe,185.63576321922028
15274,2000,11,2000-11-01T00:00:00,Zambia,Gwembe,63.32168230142687
15275,2000,12,2000-12-01T00:00:00,Zambia,Gwembe,158.92873246676484
15276,2001,1,2001-01-01T00:00:00,Zambia,Gwembe,153.09438691150004
15277,2001,2,2001-02-01T00:00:00,Zambia,Gwembe,306.8491897715958
15278,2001,3,2001-03-01T00:00:00,Zambia,Gwembe,147.62801111462602
15286,2001,11,2001-11-01T00:00:00,Zambia,Gwembe,95.48825928980871
15287,2001,12,2001-12-01T00:00:00,Zambia,Gwembe,154.0373728030035
15288,2002,1,2002-01-01T00:00:00,Zambia,Gwembe,99.36850154143438
15289,2002,2,2002-02-01T00:00:00,Zambia,Gwembe,70.8181429801487
15290,2002,3,2002-03-01T00:00:00,Zambia,Gwembe,56.51549628950503
15298,2002,11,2002-11-01T00:00:00,Zambia,Gwembe,35.6679906771987
15299,2002,12,2002-12-01T00:00:00,Zambia,Gwembe,101.36006681084203
15300,2003,1,2003-01-01T00:00:00,Zambia,Gwembe,115.11817641596502
15301,2003,2,2003-02-01T00:00:00,Zambia,Gwembe,149.4365631895746
15302,2003,3,2003-03-01T00:00:00,Zambia,Gwembe,189.38603443903085
15310,2003,11,2003-11-01T00:00:00,Zambia,Gwembe,56.689534807708164
15311,2003,12,2003-12-01T00:00:00,Zambia,Gwembe,138.04105975898864
15312,2004,1,2004-01-01T00:00:00,Zambia,Gwembe,213.2329609640934
15313,2004,2,2004-02-01T00:00:00,Zambia,Gwembe,185.28760898704536
15314,2004,3,2004-03-01T00:00:00,Zambia,Gwembe,159.02067754741674
15322,2004,11,2004-11-01T00:00:00,Zambia,Gwembe,38.06808446180221
15323,2004,12,2004-12-01T00:00:00,Zambia,Gwembe,205.51993712653132
15324,2005,1,2005-01-01T00:00:00,Zambia,Gwembe,189.74124029153433
15325,2005,2,2005-02-01T00:00:00,Zambia,Gwembe,61.68769480413569
15326,2005,3,2005-03-01T00:00:00,Zambia,Gwembe,42.053242754166924
15334,2005,11,2005-11-01T00:00:00,Zambia,Gwembe,59.38106507389233
15335,2005,12,2005-12-01T00:00:00,Zambia,Gwembe,230.76672871099728
15336,2006,1,2006-01-01T00:00:00,Zambia,Gwembe,219.33319320095353
15337,2006,2,2006-02-01T00:00:00,Zambia,Gwembe,234.62906024407658
15338,2006,3,2006-03-01T00:00:00,Zambia,Gwembe,149.22538497000528
15346,2006,11,2006-11-01T00:00:00,Zambia,Gwembe,63.85195477647546
15347,2006,12,2006-12-01T00:00:00,Zambia,Gwembe,162.35813196374818
15348,2007,1,2007-01-01T00:00:00,Zambia,Gwembe,283.37328793980186
15349,2007,2,2007-02-01T00:00:00,Zambia,Gwembe,123.95228054063654
15350,2007,3,2007-03-01T00:00:00,Zambia,Gwembe,54.22763536352864
15358,2007,11,2007-11-01T00:00:00,Zambia,Gwembe,79.6063225170183
15359,2007,12,2007-12-01T00:00:00,Zambia,Gwembe,376.88670469133257
15360,2008,1,2008-01-01T00:00:00,Zambia,Gwembe,367.58417212672003
15361,2008,2,2008-02-01T00:00:00,Zambia,Gwembe,99.6304678580814
15362,2008,3,2008-03-01T00:00:00,Zambia,Gwembe,67.51342892180143
15370,2008,11,2008-11-01T00:00:00,Zambia,Gwembe,79.7851843589402
15371,2008,12,2008-12-01T00:00:00,Zambia,Gwembe,253.01387987311617
15372,2009,1,2009-01-01T00:00:00,Zambia,Gwembe,220.44344398094702
15373,2009,2,2009-02-01T00:00:00,Zambia,Gwembe,91.2400812884312
15374,2009,3,2009-03-01T00:00:00,Zambia,Gwembe,144.8976996283681
15382,2009,11,2009-11-01T00:00:00,Zambia,Gwembe,115.00101488918081
15383,2009,12,2009-12-01T00:00:00,Zambia,Gwembe,127.67107071131382
15384,2010,1,2010-01-01T00:00:00,Zambia,Gwembe,143.66902035289613
15385,2010,2,2010-02-01T00:00:00,Zambia,Gwembe,225.02116083747737
15386,2010,3,2010-03-01T00:00:00,Zambia,Gwembe,157.13166943819408
15394,2010,11,2010-11-01T00:00:00,Zambia,Gwembe,78.44264003704477
15395,2010,12,2010-12-01T00:00:00,Zambia,Gwembe,242.77556403763035
15396,2011,1,2011-01-01T00:00:00,Zambia,Gwembe,223.4645904847825
15397,2011,2,2011-02-01T00:00:00,Zambia,Gwembe,138.1253245622064
15398,2011,3,2011-03-01T00:00:00,Zambia,Gwembe,108.45232337441129
15406,2011,11,2011-11-01T00:00:00,Zambia,Gwembe,67.24413954636863
15407,2011,12,2011-12-01T00:00:00,Zambia,Gwembe,147.79112346898555
15408,2012,1,2012-01-01T00:00:00,Zambia,Gwembe,201.40756891641914
15409,2012,2,2012-02-01T00:00:00,Zambia,Gwembe,134.47701098089297
15410,2012,3,2012-03-01T00:00:00,Zambia,Gwembe,85.1003495823262
15418,2012,11,2012-11-01T00:00:00,Zambia,Gwembe,54.412634858432774
15419,2012,12,2012-12-01T00:00:00,Zambia,Gwembe,202.40546085380186
15420,2013,1,2013-01-01T00:00:00,Zambia,Gwembe,270.3186345112894
15421,2013,2,2013-02-01T00:00:00,Zambia,Gwembe,164.902133552535
15422,2013,3,2013-03-01T00:00:00,Zambia,Gwembe,56.023569985176586
15430,2013,11,2013-11-01T00:00:00,Zambia,Gwembe,37.4664889553993
15431,2013,12,2013-12-01T00:00:00,Zambia,Gwembe,252.19777409382297
15432,2014,1,2014-01-01T00:00:00,Zambia,Gwembe,241.16211182931482
15433,2014,2,2014-02-01T00:00:00,Zambia,Gwembe,151.32705456302403
15434,2014,3,2014-03-01T00:00:00,Zambia,Gwembe,51.55769102444517
15442,2014,11,2014-11-01T00:00:00,Zambia,Gwembe,32.15347635695376
15443,2014,12,2014-12-01T00:00:00,Zambia,Gwembe,243.81913968747784
15444,2015,1,2015-01-01T00:00:00,Zambia,Gwembe,216.7913498297319
15445,2015,2,2015-02-01T00:00:00,Zambia,Gwembe,105.77155630264855
15446,2015,3,2015-03-01T00:00:00,Zambia,Gwembe,63.25240847587103
15454,2015,11,2015-11-01T00:00:00,Zambia,Gwembe,37.278104048433306
15455,2015,12,2015-12-01T00:00:00,Zambia,Gwembe,74.54117397172479
15456,2016,1,2016-01-01T00:00:00,Zambia,Gwembe,204.6942077298765
15457,2016,2,2016-02-01T00:00:00,Zambia,Gwembe,121.55325853638617
15458,2016,3,2016-03-01T00:00:00,Zambia,Gwembe,174.87524858622416
15466,2016,11,2016-11-01T00:00:00,Zambia,Gwembe,75.58867965134506
15467,2016,12,2016-12-01T00:00:00,Zambia,Gwembe,180.73456168225925
15468,2017,1,2017-01-01T00:00:00,Zambia,Gwembe,225.78905101496116
15469,2017,2,2017-02-01T00:00:00,Zambia,Gwembe,230.33488750939276
15470,2017,3,2017-03-01T00:00:00,Zambia,Gwembe,113.30338742315553
15478,2017,11,2017-11-01T00:00:00,Zambia,Gwembe,76.17337910628127
15479,2017,12,2017-12-01T00:00:00,Zambia,Gwembe,136.90253784872465
15480,2018,1,2018-01-01T00:00:00,Zambia,Gwembe,68.12222154711235
15481,2018,2,2018-02-01T00:00:00,Zambia,Gwembe,341.34731953131865
15482,2018,3,2018-03-01T00:00:00,Zambia,Gwembe,107.16620914885603
15490,2018,11,2018-11-01T00:00:00,Zambia,Gwembe,28.88740950244063
15491,2018,12,2018-12-01T00:00:00,Zambia,Gwembe,66.2656731886451
15492,2019,1,2019-01-01T00:00:00,Zambia,Gwembe,154.5031881061986
15493,2019,2,2019-02-01T00:00:00,Zambia,Gwembe,93.21616283903951
15494,2019,3,2019-03-01T00:00:00,Zambia,Gwembe,15.410742562323884
15502,2019,11,2019-11-01T00:00:00,Zambia,Gwembe,68.63265971288246
15503,2019,12,2019-12-01T00:00:00,Zambia,Gwembe,41.03209352792644
15504,2020,1,2020-01-01T00:00:00,Zambia,Gwembe,311.3822805039996
15505,2020,2,2020-02-01T00:00:00,Zambia,Gwembe,244.18398099382992
15506,2020,3,2020-03-01T00:00:00,Zambia,Gwembe,49.99787050967391
15514,2020,11,2020-11-01T00:00:00,Zambia,Gwembe,40.513679035931396
15515,2020,12,2020-12-01T00:00:00,Zambia,Gwembe,247.45627461505805
15516,2021,1,2021-01-01T00:00:00,Zambia,Gwembe,211.5379816878621
15517,2021,2,2021-02-01T00:00:00,Zambia,Gwembe,126.06843053699453
15518,2021,3,2021-03-01T00:00:00,Zambia,Gwembe,59.36946564378191
15526,2021,11,2021-11-01T00:00:00,Zambia,Gwembe,40.97085923139988
15527,2021,12,2021-12-01T00:00:00,Zambia,Gwembe,100.55108739962515
15528,2022,1,2022-01-01T00:00:00,Zambia,Gwembe,373.2020424620979
15529,2022,2,2022-02-01T00:00:00,Zambia,Gwembe,68.74821471605021
15530,2022,3,2022-03-01T00:00:00,Zambia,Gwembe,78.5070336735029
15538,2022,11,2022-11-01T00:00:00,Zambia,Gwembe,97.6150944711115
15539,2022,12,2022-12-01T00:00:00,Zambia,Gwembe,91.26555379971911
15540,2023,1,2023-01-01T00:00:00,Zambia,Gwembe,268.43021416554626
15541,2023,2,2023-02-01T00:00:00,Zambia,Gwembe,116.54933019266156
15542,2023,3,2023-03-01T00:00:00,Zambia,Gwembe,44.53936940805517
15550,2023,11,2023-11-01T00:00:00,Zambia,Gwembe,19.176810656203934
15551,2023,12,2023-12-01T00:00:00,Zambia,Gwembe,208.54545696239114
15552,2000,1,2000-01-01T00:00:00,Zambia,Itezhi-tezhi,186.72232827056365
15553,2000,2,2000-02-01T00:00:00,Zambia,Itezhi-tezhi,244.53509969140762
15554,2000,3,2000-03-01T00:00:00,Zambia,Itezhi-tezhi,159.139068854139
15562,2000,11,2000-11-01T00:00:00,Zambia,Itezhi-tezhi,80.56506554290205
15563,2000,12,2000-12-01T00:00:00,Zambia,Itezhi-tezhi,226.8723418715589
15564,2001,1,2001-01-01T00:00:00,Zambia,Itezhi-tezhi,153.0665677558832
15565,2001,2,2001-02-01T00:00:00,Zambia,Itezhi-tezhi,304.159308855519
15566,2001,3,2001-03-01T00:00:00,Zambia,Itezhi-tezhi,133.46797382375573
15574,2001,11,2001-11-01T00:00:00,Zambia,Itezhi-tezhi,132.9678753104626
15575,2001,12,2001-12-01T00:00:00,Zambia,Itezhi-tezhi,170.895964072766
15576,2002,1,2002-01-01T00:00:00,Zambia,Itezhi-tezhi,133.45537743710332
15577,2002,2,2002-02-01T00:00:00,Zambia,Itezhi-tezhi,65.48327296384129
15578,2002,3,2002-03-01T00:00:00,Zambia,Itezhi-tezhi,58.06919875943961
15586,2002,11,2002-11-01T00:00:00,Zambia,Itezhi-tezhi,54.37243858391126
15587,2002,12,2002-12-01T00:00:00,Zambia,Itezhi-tezhi,162.2634162396428
15588,2003,1,2003-01-01T00:00:00,Zambia,Itezhi-tezhi,140.76207669727057
15589,2003,2,2003-02-01T00:00:00,Zambia,Itezhi-tezhi,143.68922653572247
15590,2003,3,2003-03-01T00:00:00,Zambia,Itezhi-tezhi,165.9050409014874
15598,2003,11,2003-11-01T00:00:00,Zambia,Itezhi-tezhi,79.408834258431
15599,2003,12,2003-12-01T00:00:00,Zambia,Itezhi-tezhi,177.71366702878802
15600,2004,1,2004-01-01T00:00:00,Zambia,Itezhi-tezhi,190.78605684963713
15601,2004,2,2004-02-01T00:00:00,Zambia,Itezhi-tezhi,183.8788692405898
15602,2004,3,2004-03-01T00:00:00,Zambia,Itezhi-tezhi,240.27558830686618
15610,2004,11,2004-11-01T00:00:00,Zambia,Itezhi-tezhi,47.23128201511462
15611,2004,12,2004-12-01T00:00:00,Zambia,Itezhi-tezhi,200.53173597578188
15612,2005,1,2005-01-01T00:00:00,Zambia,Itezhi-tezhi,175.20531864134523
15613,2005,2,2005-02-01T00:00:00,Zambia,Itezhi-tezhi,63.99663528412224
15614,2005,3,2005-03-01T00:00:00,Zambia,Itezhi-tezhi,73.70479872528792
15622,2005,11,2005-11-01T00:00:00,Zambia,Itezhi-tezhi,108.06158108730519
15623,2005,12,2005-12-01T00:00:00,Zambia,Itezhi-tezhi,252.500188102798
15624,2006,1,2006-01-01T00:00:00,Zambia,Itezhi-tezhi,213.29107708840078
15625,2006,2,2006-02-01T00:00:00,Zambia,Itezhi-tezhi,235.52400098874833
15626,2006,3,2006-03-01T00:00:00,Zambia,Itezhi-tezhi,138.7998524224685
15634,2006,11,2006-11-01T00:00:00,Zambia,Itezhi-tezhi,135.64290088200363
15635,2006,12,2006-12-01T00:00:00,Zambia,Itezhi-tezhi,235.46385042794975
15636,2007,1,2007-01-01T00:00:00,Zambia,Itezhi-tezhi,315.0976836869139
15637,2007,2,2007-02-01T00:00:00,Zambia,Itezhi-tezhi,185.64303223822822
15638,2007,3,2007-03-01T00:00:00,Zambia,Itezhi-tezhi,71.62132778583808
15646,2007,11,2007-11-01T00:00:00,Zambia,Itezhi-tezhi,125.45367426830055
15647,2007,12,2007-12-01T00:00:00,Zambia,Itezhi-tezhi,353.93301258187955
15648,2008,1,2008-01-01T00:00:00,Zambia,Itezhi-tezhi,446.2377279301267
15649,2008,2,2008-02-01T00:00:00,Zambia,Itezhi-tezhi,132.56309003697945
15650,2008,3,2008-03-01T00:00:00,Zambia,Itezhi-tezhi,76.11793418979047
15658,2008,11,2008-11-01T00:00:00,Zambia,Itezhi-tezhi,167.37330500584883
15659,2008,12,2008-12-01T00:00:00,Zambia,Itezhi-tezhi,204.5261957262434
15660,2009,1,2009-01-01T00:00:00,Zambia,Itezhi-tezhi,235.74056963462107
15661,2009,2,2009-02-01T00:00:00,Zambia,Itezhi-tezhi,93.32162694130955
15662,2009,3,2009-03-01T00:00:00,Zambia,Itezhi-tezhi,151.71181786778646
15670,2009,11,2009-11-01T00:00:00,Zambia,Itezhi-tezhi,144.65250787827995
15671,2009,12,2009-12-01T00:00:00,Zambia,Itezhi-tezhi,151.18328057172587
15672,2010,1,2010-01-01T00:00:00,Zambia,Itezhi-tezhi,169.94926069384556
15673,2010,2,2010-02-01T00:00:00,Zambia,Itezhi-tezhi,234.0377996385575
15674,2010,3,2010-03-01T00:00:00,Zambia,Itezhi-tezhi,164.10394496560428
15682,2010,11,2010-11-01T00:00:00,Zambia,Itezhi-tezhi,133.22036199042483
15683,2010,12,2010-12-01T00:00:00,Zambia,Itezhi-tezhi,282.6142705079494
15684,2011,1,2011-01-01T00:00:00,Zambia,Itezhi-tezhi,261.5752629153086
15685,2011,2,2011-02-01T00:00:00,Zambia,Itezhi-tezhi,130.62335505910428
15686,2011,3,2011-03-01T00:00:00,Zambia,Itezhi-tezhi,131.53914453762644
15694,2011,11,2011-11-01T00:00:00,Zambia,Itezhi-tezhi,103.78688061984741
15695,2011,12,2011-12-01T00:00:00,Zambia,Itezhi-tezhi,171.73384228765767
15696,2012,1,2012-01-01T00:00:00,Zambia,Itezhi-tezhi,179.15191873032418
15697,2012,2,2012-02-01T00:00:00,Zambia,Itezhi-tezhi,165.89296049975428
15698,2012,3,2012-03-01T00:00:00,Zambia,Itezhi-tezhi,87.78624552138571
15706,2012,11,2012-11-01T00:00:00,Zambia,Itezhi-tezhi,89.93985336398102
15707,2012,12,2012-12-01T00:00:00,Zambia,Itezhi-tezhi,266.4656884791883
15708,2013,1,2013-01-01T00:00:00,Zambia,Itezhi-tezhi,249.2396986285883
15709,2013,2,2013-02-01T00:00:00,Zambia,Itezhi-tezhi,159.86381326462762
15710,2013,3,2013-03-01T00:00:00,Zambia,Itezhi-tezhi,54.3252051776041
15718,2013,11,2013-11-01T00:00:00,Zambia,Itezhi-tezhi,79.47065801029073
15719,2013,12,2013-12-01T00:00:00,Zambia,Itezhi-tezhi,226.4192341805519
15720,2014,1,2014-01-01T00:00:00,Zambia,Itezhi-tezhi,208.58471016825584
15721,2014,2,2014-02-01T00:00:00,Zambia,Itezhi-tezhi,132.14082222413475
15722,2014,3,2014-03-01T00:00:00,Zambia,Itezhi-tezhi,90.27321611478176
15730,2014,11,2014-11-01T00:00:00,Zambia,Itezhi-tezhi,79.41984766139424
15731,2014,12,2014-12-01T00:00:00,Zambia,Itezhi-tezhi,206.55536937513344
15732,2015,1,2015-01-01T00:00:00,Zambia,Itezhi-tezhi,177.10657719799946
15733,2015,2,2015-02-01T00:00:00,Zambia,Itezhi-tezhi,96.80684861515029
15734,2015,3,2015-03-01T00:00:00,Zambia,Itezhi-tezhi,53.8850183770111
15742,2015,11,2015-11-01T00:00:00,Zambia,Itezhi-tezhi,50.927150892171255
15743,2015,12,2015-12-01T00:00:00,Zambia,Itezhi-tezhi,123.17620950467672
15744,2016,1,2016-01-01T00:00:00,Zambia,Itezhi-tezhi,171.86115380374844
15745,2016,2,2016-02-01T00:00:00,Zambia,Itezhi-tezhi,139.84150205002067
15746,2016,3,2016-03-01T00:00:00,Zambia,Itezhi-tezhi,193.31118987014298
15754,2016,11,2016-11-01T00:00:00,Zambia,Itezhi-tezhi,114.30355043329375
15755,2016,12,2016-12-01T00:00:00,Zambia,Itezhi-tezhi,177.23367822055985
15756,2017,1,2017-01-01T00:00:00,Zambia,Itezhi-tezhi,257.75055013264955
15757,2017,2,2017-02-01T00:00:00,Zambia,Itezhi-tezhi,239.24185918003883
15758,2017,3,2017-03-01T00:00:00,Zambia,Itezhi-tezhi,104.92352396481985
15766,2017,11,2017-11-01T00:00:00,Zambia,Itezhi-tezhi,91.57063965054142
15767,2017,12,2017-12-01T00:00:00,Zambia,Itezhi-tezhi,138.19729816073348
15768,2018,1,2018-01-01T00:00:00,Zambia,Itezhi-tezhi,56.50731129864072
15769,2018,2,2018-02-01T00:00:00,Zambia,Itezhi-tezhi,347.0028883574864
15770,2018,3,2018-03-01T00:00:00,Zambia,Itezhi-tezhi,146.40653987578673
15778,2018,11,2018-11-01T00:00:00,Zambia,Itezhi-tezhi,37.21438311842406
15779,2018,12,2018-12-01T00:00:00,Zambia,Itezhi-tezhi,99.61842954810986
15780,2019,1,2019-01-01T00:00:00,Zambia,Itezhi-tezhi,142.37916097023074
15781,2019,2,2019-02-01T00:00:00,Zambia,Itezhi-tezhi,118.29126469321491
15782,2019,3,2019-03-01T00:00:00,Zambia,Itezhi-tezhi,25.45818191356666
15790,2019,11,2019-11-01T00:00:00,Zambia,Itezhi-tezhi,63.93293376379255
15791,2019,12,2019-12-01T00:00:00,Zambia,Itezhi-tezhi,54.584806420879005
15792,2020,1,2020-01-01T00:00:00,Zambia,Itezhi-tezhi,265.2878625235429
15793,2020,2,2020-02-01T00:00:00,Zambia,Itezhi-tezhi,195.94459673024195
15794,2020,3,2020-03-01T00:00:00,Zambia,Itezhi-tezhi,137.0375310800589
15802,2020,11,2020-11-01T00:00:00,Zambia,Itezhi-tezhi,90.84897675138912
15803,2020,12,2020-12-01T00:00:00,Zambia,Itezhi-tezhi,268.1191835332814
15804,2021,1,2021-01-01T00:00:00,Zambia,Itezhi-tezhi,225.7531030988075
15805,2021,2,2021-02-01T00:00:00,Zambia,Itezhi-tezhi,129.91370064122393
15806,2021,3,2021-03-01T00:00:00,Zambia,Itezhi-tezhi,43.41654503159767
15814,2021,11,2021-11-01T00:00:00,Zambia,Itezhi-tezhi,36.065170745847006
15815,2021,12,2021-12-01T00:00:00,Zambia,Itezhi-tezhi,114.24378136332561
15816,2022,1,2022-01-01T00:00:00,Zambia,Itezhi-tezhi,364.44998627229654
15817,2022,2,2022-02-01T00:00:00,Zambia,Itezhi-tezhi,76.72222666859946
15818,2022,3,2022-03-01T00:00:00,Zambia,Itezhi-tezhi,98.68029308981252
15826,2022,11,2022-11-01T00:00:00,Zambia,Itezhi-tezhi,102.82165442177387
15827,2022,12,2022-12-01T00:00:00,Zambia,Itezhi-tezhi,146.93519273357364
15828,2023,1,2023-01-01T00:00:00,Zambia,Itezhi-tezhi,255.83716616730814
15829,2023,2,2023-02-01T00:00:00,Zambia,Itezhi-tezhi,141.836462742731
15830,2023,3,2023-03-01T00:00:00,Zambia,Itezhi-tezhi,44.50240928778907
15838,2023,11,2023-11-01T00:00:00,Zambia,Itezhi-tezhi,15.179877132331383
15839,2023,12,2023-12-01T00:00:00,Zambia,Itezhi-tezhi,206.14512579900978
15840,2000,1,2000-01-01T00:00:00,Zambia,Kalomo,159.4218480304045
15841,2000,2,2000-02-01T00:00:00,Zambia,Kalomo,261.26173632842915
15842,2000,3,2000-03-01T00:00:00,Zambia,Kalomo,128.74659284484946
15850,2000,11,2000-11-01T00:00:00,Zambia,Kalomo,80.57045664960422
15851,2000,12,2000-12-01T00:00:00,Zambia,Kalomo,151.7489566953892
15852,2001,1,2001-01-01T00:00:00,Zambia,Kalomo,101.85625031756163
15853,2001,2,2001-02-01T00:00:00,Zambia,Kalomo,304.6139769426627
15854,2001,3,2001-03-01T00:00:00,Zambia,Kalomo,123.36400076516733
15862,2001,11,2001-11-01T00:00:00,Zambia,Kalomo,110.92630363239913
15863,2001,12,2001-12-01T00:00:00,Zambia,Kalomo,152.32160131780634
15864,2002,1,2002-01-01T00:00:00,Zambia,Kalomo,98.63160424711955
15865,2002,2,2002-02-01T00:00:00,Zambia,Kalomo,62.641901328978726
15866,2002,3,2002-03-01T00:00:00,Zambia,Kalomo,27.01006472542694
15874,2002,11,2002-11-01T00:00:00,Zambia,Kalomo,45.51903458234213
15875,2002,12,2002-12-01T00:00:00,Zambia,Kalomo,109.74269734824108
15876,2003,1,2003-01-01T00:00:00,Zambia,Kalomo,103.01342063008222
15877,2003,2,2003-02-01T00:00:00,Zambia,Kalomo,118.86401739853923
15878,2003,3,2003-03-01T00:00:00,Zambia,Kalomo,70.73432413093109
15886,2003,11,2003-11-01T00:00:00,Zambia,Kalomo,45.83001394497104
15887,2003,12,2003-12-01T00:00:00,Zambia,Kalomo,136.2035777159442
15888,2004,1,2004-01-01T00:00:00,Zambia,Kalomo,202.80792333262886
15889,2004,2,2004-02-01T00:00:00,Zambia,Kalomo,157.91650640473782
15890,2004,3,2004-03-01T00:00:00,Zambia,Kalomo,218.51997864363045
15898,2004,11,2004-11-01T00:00:00,Zambia,Kalomo,22.72166844959059
15899,2004,12,2004-12-01T00:00:00,Zambia,Kalomo,157.0457597502507
15900,2005,1,2005-01-01T00:00:00,Zambia,Kalomo,167.35580550464647
15901,2005,2,2005-02-01T00:00:00,Zambia,Kalomo,55.66130201396059
15902,2005,3,2005-03-01T00:00:00,Zambia,Kalomo,43.05930168533919
15910,2005,11,2005-11-01T00:00:00,Zambia,Kalomo,92.11534161308745
15911,2005,12,2005-12-01T00:00:00,Zambia,Kalomo,206.16270050015225
15912,2006,1,2006-01-01T00:00:00,Zambia,Kalomo,220.1538288068959
15913,2006,2,2006-02-01T00:00:00,Zambia,Kalomo,216.52287257749285
15914,2006,3,2006-03-01T00:00:00,Zambia,Kalomo,93.84597970711393
15922,2006,11,2006-11-01T00:00:00,Zambia,Kalomo,114.13221532107204
15923,2006,12,2006-12-01T00:00:00,Zambia,Kalomo,190.26030659085944
15924,2007,1,2007-01-01T00:00:00,Zambia,Kalomo,241.58971396383163
15925,2007,2,2007-02-01T00:00:00,Zambia,Kalomo,92.57616620413113
15926,2007,3,2007-03-01T00:00:00,Zambia,Kalomo,63.530396986910254
15934,2007,11,2007-11-01T00:00:00,Zambia,Kalomo,123.8754230515844
15935,2007,12,2007-12-01T00:00:00,Zambia,Kalomo,304.61416865141945
15936,2008,1,2008-01-01T00:00:00,Zambia,Kalomo,381.3722430185138
15937,2008,2,2008-02-01T00:00:00,Zambia,Kalomo,90.32799955841918
15938,2008,3,2008-03-01T00:00:00,Zambia,Kalomo,74.01873211761355
15946,2008,11,2008-11-01T00:00:00,Zambia,Kalomo,168.3669777484152
15947,2008,12,2008-12-01T00:00:00,Zambia,Kalomo,200.9609377209772
15948,2009,1,2009-01-01T00:00:00,Zambia,Kalomo,219.5720915714677
15949,2009,2,2009-02-01T00:00:00,Zambia,Kalomo,80.81785787553831
15950,2009,3,2009-03-01T00:00:00,Zambia,Kalomo,140.4744437118078
15958,2009,11,2009-11-01T00:00:00,Zambia,Kalomo,111.64949162108428
15959,2009,12,2009-12-01T00:00:00,Zambia,Kalomo,132.21621502412617
15960,2010,1,2010-01-01T00:00:00,Zambia,Kalomo,216.83429495012413
15961,2010,2,2010-02-01T00:00:00,Zambia,Kalomo,148.24191331544145
15962,2010,3,2010-03-01T00:00:00,Zambia,Kalomo,115.60479204280027
15970,2010,11,2010-11-01T00:00:00,Zambia,Kalomo,106.96910720693754
15971,2010,12,2010-12-01T00:00:00,Zambia,Kalomo,162.23278101265817
15972,2011,1,2011-01-01T00:00:00,Zambia,Kalomo,234.87643802723161
15973,2011,2,2011-02-01T00:00:00,Zambia,Kalomo,105.13613152536142
15974,2011,3,2011-03-01T00:00:00,Zambia,Kalomo,76.27442708065931
15982,2011,11,2011-11-01T00:00:00,Zambia,Kalomo,91.3017801238064
15983,2011,12,2011-12-01T00:00:00,Zambia,Kalomo,153.96748823433282
15984,2012,1,2012-01-01T00:00:00,Zambia,Kalomo,143.68733926176242
15985,2012,2,2012-02-01T00:00:00,Zambia,Kalomo,129.58543028750222
15986,2012,3,2012-03-01T00:00:00,Zambia,Kalomo,77.6544863900516
15994,2012,11,2012-11-01T00:00:00,Zambia,Kalomo,74.66466548070824
15995,2012,12,2012-12-01T00:00:00,Zambia,Kalomo,228.80760806931323
15996,2013,1,2013-01-01T00:00:00,Zambia,Kalomo,231.1734543968703
15997,2013,2,2013-02-01T00:00:00,Zambia,Kalomo,123.45269743324964
15998,2013,3,2013-03-01T00:00:00,Zambia,Kalomo,51.80107714928129
16006,2013,11,2013-11-01T00:00:00,Zambia,Kalomo,53.24317427313178
16007,2013,12,2013-12-01T00:00:00,Zambia,Kalomo,212.67206518831662
16008,2014,1,2014-01-01T00:00:00,Zambia,Kalomo,231.24713321349083
16009,2014,2,2014-02-01T00:00:00,Zambia,Kalomo,135.7127386254886
16010,2014,3,2014-03-01T00:00:00,Zambia,Kalomo,83.81276416920234
16018,2014,11,2014-11-01T00:00:00,Zambia,Kalomo,56.09760993464264
16019,2014,12,2014-12-01T00:00:00,Zambia,Kalomo,183.75324609800126
16020,2015,1,2015-01-01T00:00:00,Zambia,Kalomo,166.70528581665823
16021,2015,2,2015-02-01T00:00:00,Zambia,Kalomo,97.71287242267385
16022,2015,3,2015-03-01T00:00:00,Zambia,Kalomo,42.335546854872426
16030,2015,11,2015-11-01T00:00:00,Zambia,Kalomo,46.59472450726297
16031,2015,12,2015-12-01T00:00:00,Zambia,Kalomo,101.48659079874155
16032,2016,1,2016-01-01T00:00:00,Zambia,Kalomo,123.84865444136553
16033,2016,2,2016-02-01T00:00:00,Zambia,Kalomo,171.26139825166277
16034,2016,3,2016-03-01T00:00:00,Zambia,Kalomo,152.4572966466643
16042,2016,11,2016-11-01T00:00:00,Zambia,Kalomo,95.31825253648508
16043,2016,12,2016-12-01T00:00:00,Zambia,Kalomo,187.128101218917
16044,2017,1,2017-01-01T00:00:00,Zambia,Kalomo,218.41976683954536
16045,2017,2,2017-02-01T00:00:00,Zambia,Kalomo,277.9563072585611
16046,2017,3,2017-03-01T00:00:00,Zambia,Kalomo,95.5188333256956
16054,2017,11,2017-11-01T00:00:00,Zambia,Kalomo,69.24978615316763
16055,2017,12,2017-12-01T00:00:00,Zambia,Kalomo,114.7525447465911
16056,2018,1,2018-01-01T00:00:00,Zambia,Kalomo,73.88024584237883
16057,2018,2,2018-02-01T00:00:00,Zambia,Kalomo,428.79443529724847
16058,2018,3,2018-03-01T00:00:00,Zambia,Kalomo,133.40020996943318
16066,2018,11,2018-11-01T00:00:00,Zambia,Kalomo,36.308889146775165
16067,2018,12,2018-12-01T00:00:00,Zambia,Kalomo,61.368038167505965
16068,2019,1,2019-01-01T00:00:00,Zambia,Kalomo,110.55177029058832
16069,2019,2,2019-02-01T00:00:00,Zambia,Kalomo,124.44168913027536
16070,2019,3,2019-03-01T00:00:00,Zambia,Kalomo,9.705324870947154
16078,2019,11,2019-11-01T00:00:00,Zambia,Kalomo,57.78794390932452
16079,2019,12,2019-12-01T00:00:00,Zambia,Kalomo,44.03983487378263
16080,2020,1,2020-01-01T00:00:00,Zambia,Kalomo,235.73092614084177
16081,2020,2,2020-02-01T00:00:00,Zambia,Kalomo,224.62772663158597
16082,2020,3,2020-03-01T00:00:00,Zambia,Kalomo,76.97364359808714
16090,2020,11,2020-11-01T00:00:00,Zambia,Kalomo,78.76659315125835
16091,2020,12,2020-12-01T00:00:00,Zambia,Kalomo,206.89109897970803
16092,2021,1,2021-01-01T00:00:00,Zambia,Kalomo,253.62583701524815
16093,2021,2,2021-02-01T00:00:00,Zambia,Kalomo,102.90898819118378
16094,2021,3,2021-03-01T00:00:00,Zambia,Kalomo,23.005069072381833
16102,2021,11,2021-11-01T00:00:00,Zambia,Kalomo,32.77564168883608
16103,2021,12,2021-12-01T00:00:00,Zambia,Kalomo,107.26969215354812
16104,2022,1,2022-01-01T00:00:00,Zambia,Kalomo,311.0072253184365
16105,2022,2,2022-02-01T00:00:00,Zambia,Kalomo,46.57529448606498
16106,2022,3,2022-03-01T00:00:00,Zambia,Kalomo,74.05308456544311
16114,2022,11,2022-11-01T00:00:00,Zambia,Kalomo,129.8690198108343
16115,2022,12,2022-12-01T00:00:00,Zambia,Kalomo,100.06809587004727
16116,2023,1,2023-01-01T00:00:00,Zambia,Kalomo,162.79067464503797
16117,2023,2,2023-02-01T00:00:00,Zambia,Kalomo,118.46883766399293
16118,2023,3,2023-03-01T00:00:00,Zambia,Kalomo,44.07739970396906
16126,2023,11,2023-11-01T00:00:00,Zambia,Kalomo,12.4044703594711
16127,2023,12,2023-12-01T00:00:00,Zambia,Kalomo,133.13969212982448
16128,2000,1,2000-01-01T00:00:00,Zambia,Kazungula,145.2524784827978
16129,2000,2,2000-02-01T00:00:00,Zambia,Kazungula,285.13856039150863
16130,2000,3,2000-03-01T00:00:00,Zambia,Kazungula,141.76231196975297
16138,2000,11,2000-11-01T00:00:00,Zambia,Kazungula,69.7296273279903
16139,2000,12,2000-12-01T00:00:00,Zambia,Kazungula,154.7128557294026
16140,2001,1,2001-01-01T00:00:00,Zambia,Kazungula,82.81651858816089
16141,2001,2,2001-02-01T00:00:00,Zambia,Kazungula,285.75156431001653
16142,2001,3,2001-03-01T00:00:00,Zambia,Kazungula,131.84945288114503
16150,2001,11,2001-11-01T00:00:00,Zambia,Kazungula,127.93301267980867
16151,2001,12,2001-12-01T00:00:00,Zambia,Kazungula,145.49213984990058
16152,2002,1,2002-01-01T00:00:00,Zambia,Kazungula,106.22083153039011
16153,2002,2,2002-02-01T00:00:00,Zambia,Kazungula,67.44296697250233
16154,2002,3,2002-03-01T00:00:00,Zambia,Kazungula,29.8875010550628
16162,2002,11,2002-11-01T00:00:00,Zambia,Kazungula,47.79008010288901
16163,2002,12,2002-12-01T00:00:00,Zambia,Kazungula,111.86461565554738
16164,2003,1,2003-01-01T00:00:00,Zambia,Kazungula,107.72652333220256
16165,2003,2,2003-02-01T00:00:00,Zambia,Kazungula,109.43224611517567
16166,2003,3,2003-03-01T00:00:00,Zambia,Kazungula,63.093922911690136
16174,2003,11,2003-11-01T00:00:00,Zambia,Kazungula,49.95152887604164
16175,2003,12,2003-12-01T00:00:00,Zambia,Kazungula,143.35187369819414
16176,2004,1,2004-01-01T00:00:00,Zambia,Kazungula,206.116916108627
16177,2004,2,2004-02-01T00:00:00,Zambia,Kazungula,173.5174239893312
16178,2004,3,2004-03-01T00:00:00,Zambia,Kazungula,216.92715005436202
16186,2004,11,2004-11-01T00:00:00,Zambia,Kazungula,26.76645347643345
16187,2004,12,2004-12-01T00:00:00,Zambia,Kazungula,176.54798374632688
16188,2005,1,2005-01-01T00:00:00,Zambia,Kazungula,177.99507432645564
16189,2005,2,2005-02-01T00:00:00,Zambia,Kazungula,54.89887030293423
16190,2005,3,2005-03-01T00:00:00,Zambia,Kazungula,60.03820603938725
16198,2005,11,2005-11-01T00:00:00,Zambia,Kazungula,98.02317674677508
16199,2005,12,2005-12-01T00:00:00,Zambia,Kazungula,204.64789789996672
16200,2006,1,2006-01-01T00:00:00,Zambia,Kazungula,221.3944079647815
16201,2006,2,2006-02-01T00:00:00,Zambia,Kazungula,229.28721001322745
16202,2006,3,2006-03-01T00:00:00,Zambia,Kazungula,111.93106741397305
16210,2006,11,2006-11-01T00:00:00,Zambia,Kazungula,120.09033568981991
16211,2006,12,2006-12-01T00:00:00,Zambia,Kazungula,193.91149765789166
16212,2007,1,2007-01-01T00:00:00,Zambia,Kazungula,241.36908688693495
16213,2007,2,2007-02-01T00:00:00,Zambia,Kazungula,104.95422566920188
16214,2007,3,2007-03-01T00:00:00,Zambia,Kazungula,69.16257534317171
16222,2007,11,2007-11-01T00:00:00,Zambia,Kazungula,125.88911367237804
16223,2007,12,2007-12-01T00:00:00,Zambia,Kazungula,276.94282718610634
16224,2008,1,2008-01-01T00:00:00,Zambia,Kazungula,418.3006899525928
16225,2008,2,2008-02-01T00:00:00,Zambia,Kazungula,133.8631374471013
16226,2008,3,2008-03-01T00:00:00,Zambia,Kazungula,79.71616051627645
16234,2008,11,2008-11-01T00:00:00,Zambia,Kazungula,224.8324899970868
16235,2008,12,2008-12-01T00:00:00,Zambia,Kazungula,193.11009092803474
16236,2009,1,2009-01-01T00:00:00,Zambia,Kazungula,211.72650304287836
16237,2009,2,2009-02-01T00:00:00,Zambia,Kazungula,96.10718648169582
16238,2009,3,2009-03-01T00:00:00,Zambia,Kazungula,153.67136758588967
16246,2009,11,2009-11-01T00:00:00,Zambia,Kazungula,114.18986799262616
16247,2009,12,2009-12-01T00:00:00,Zambia,Kazungula,143.29381451154566
16248,2010,1,2010-01-01T00:00:00,Zambia,Kazungula,219.13717286634503
16249,2010,2,2010-02-01T00:00:00,Zambia,Kazungula,134.1048686934611
16250,2010,3,2010-03-01T00:00:00,Zambia,Kazungula,150.52825956439582
16258,2010,11,2010-11-01T00:00:00,Zambia,Kazungula,106.08506399283682
16259,2010,12,2010-12-01T00:00:00,Zambia,Kazungula,156.40054096849204
16260,2011,1,2011-01-01T00:00:00,Zambia,Kazungula,220.81074414998855
16261,2011,2,2011-02-01T00:00:00,Zambia,Kazungula,124.79477696228265
16262,2011,3,2011-03-01T00:00:00,Zambia,Kazungula,107.47563977144591
16270,2011,11,2011-11-01T00:00:00,Zambia,Kazungula,97.15352656630462
16271,2011,12,2011-12-01T00:00:00,Zambia,Kazungula,161.30560316490445
16272,2012,1,2012-01-01T00:00:00,Zambia,Kazungula,127.6417215408619
16273,2012,2,2012-02-01T00:00:00,Zambia,Kazungula,127.18848356679685
16274,2012,3,2012-03-01T00:00:00,Zambia,Kazungula,64.7722154554162
16282,2012,11,2012-11-01T00:00:00,Zambia,Kazungula,81.21440802739443
16283,2012,12,2012-12-01T00:00:00,Zambia,Kazungula,229.346623033393
16284,2013,1,2013-01-01T00:00:00,Zambia,Kazungula,227.1932518988414
16285,2013,2,2013-02-01T00:00:00,Zambia,Kazungula,108.46325535531848
16286,2013,3,2013-03-01T00:00:00,Zambia,Kazungula,38.729174674404355
16294,2013,11,2013-11-01T00:00:00,Zambia,Kazungula,66.32258029110407
16295,2013,12,2013-12-01T00:00:00,Zambia,Kazungula,210.32694227920825
16296,2014,1,2014-01-01T00:00:00,Zambia,Kazungula,215.67022596334684
16297,2014,2,2014-02-01T00:00:00,Zambia,Kazungula,128.11277846516097
16298,2014,3,2014-03-01T00:00:00,Zambia,Kazungula,131.6437020107324
16306,2014,11,2014-11-01T00:00:00,Zambia,Kazungula,69.38314647691298
16307,2014,12,2014-12-01T00:00:00,Zambia,Kazungula,159.85905663442617
16308,2015,1,2015-01-01T00:00:00,Zambia,Kazungula,158.80410873799505
16309,2015,2,2015-02-01T00:00:00,Zambia,Kazungula,82.96165154246127
16310,2015,3,2015-03-01T00:00:00,Zambia,Kazungula,35.619172259768256
16318,2015,11,2015-11-01T00:00:00,Zambia,Kazungula,48.62850548220588
16319,2015,12,2015-12-01T00:00:00,Zambia,Kazungula,104.0867407834132
16320,2016,1,2016-01-01T00:00:00,Zambia,Kazungula,124.84536485423415
16321,2016,2,2016-02-01T00:00:00,Zambia,Kazungula,136.78139169379605
16322,2016,3,2016-03-01T00:00:00,Zambia,Kazungula,170.21341281597358
16330,2016,11,2016-11-01T00:00:00,Zambia,Kazungula,88.14035329958358
16331,2016,12,2016-12-01T00:00:00,Zambia,Kazungula,213.11174425021835
16332,2017,1,2017-01-01T00:00:00,Zambia,Kazungula,245.245914980685
16333,2017,2,2017-02-01T00:00:00,Zambia,Kazungula,233.01713138200168
16334,2017,3,2017-03-01T00:00:00,Zambia,Kazungula,104.74654108828258
16342,2017,11,2017-11-01T00:00:00,Zambia,Kazungula,61.24159946331484
16343,2017,12,2017-12-01T00:00:00,Zambia,Kazungula,119.54939309719995
16344,2018,1,2018-01-01T00:00:00,Zambia,Kazungula,80.71801558265012
16345,2018,2,2018-02-01T00:00:00,Zambia,Kazungula,381.3609877323283
16346,2018,3,2018-03-01T00:00:00,Zambia,Kazungula,129.50593963672992
16354,2018,11,2018-11-01T00:00:00,Zambia,Kazungula,40.48423785306612
16355,2018,12,2018-12-01T00:00:00,Zambia,Kazungula,61.25515284881307
16356,2019,1,2019-01-01T00:00:00,Zambia,Kazungula,99.6713634763156
16357,2019,2,2019-02-01T00:00:00,Zambia,Kazungula,137.84726856450558
16358,2019,3,2019-03-01T00:00:00,Zambia,Kazungula,6.661940504163141
16366,2019,11,2019-11-01T00:00:00,Zambia,Kazungula,55.29016506172319
16367,2019,12,2019-12-01T00:00:00,Zambia,Kazungula,42.158990301411485
16368,2020,1,2020-01-01T00:00:00,Zambia,Kazungula,232.22307211189658
16369,2020,2,2020-02-01T00:00:00,Zambia,Kazungula,195.6669397256491
16370,2020,3,2020-03-01T00:00:00,Zambia,Kazungula,111.40550817649398
16378,2020,11,2020-11-01T00:00:00,Zambia,Kazungula,96.73186737796385
16379,2020,12,2020-12-01T00:00:00,Zambia,Kazungula,202.28598878178897
16380,2021,1,2021-01-01T00:00:00,Zambia,Kazungula,228.04998178141253
16381,2021,2,2021-02-01T00:00:00,Zambia,Kazungula,86.40007080148166
16382,2021,3,2021-03-01T00:00:00,Zambia,Kazungula,17.7725329336992
16390,2021,11,2021-11-01T00:00:00,Zambia,Kazungula,27.944194668067492
16391,2021,12,2021-12-01T00:00:00,Zambia,Kazungula,126.99791422073815
16392,2022,1,2022-01-01T00:00:00,Zambia,Kazungula,281.08208111893026
16393,2022,2,2022-02-01T00:00:00,Zambia,Kazungula,76.06298777266515
16394,2022,3,2022-03-01T00:00:00,Zambia,Kazungula,103.21716048947683
16402,2022,11,2022-11-01T00:00:00,Zambia,Kazungula,107.70940570569734
16403,2022,12,2022-12-01T00:00:00,Zambia,Kazungula,89.09487206833863
16404,2023,1,2023-01-01T00:00:00,Zambia,Kazungula,137.09397287424096
16405,2023,2,2023-02-01T00:00:00,Zambia,Kazungula,102.74754830931514
16406,2023,3,2023-03-01T00:00:00,Zambia,Kazungula,23.06297150717158
16414,2023,11,2023-11-01T00:00:00,Zambia,Kazungula,12.400556839388106
16415,2023,12,2023-12-01T00:00:00,Zambia,Kazungula,138.12740577940653
16416,2000,1,2000-01-01T00:00:00,Zambia,Livingstone,173.90121412953545
16417,2000,2,2000-02-01T00:00:00,Zambia,Livingstone,244.8283426952468
16418,2000,3,2000-03-01T00:00:00,Zambia,Livingstone,138.9509319014954
16426,2000,11,2000-11-01T00:00:00,Zambia,Livingstone,64.24899934907823
16427,2000,12,2000-12-01T00:00:00,Zambia,Livingstone,126.81742461048505
16428,2001,1,2001-01-01T00:00:00,Zambia,Livingstone,59.736849774471
16429,2001,2,2001-02-01T00:00:00,Zambia,Livingstone,289.5560275279481
16430,2001,3,2001-03-01T00:00:00,Zambia,Livingstone,145.04496662262105
16438,2001,11,2001-11-01T00:00:00,Zambia,Livingstone,98.67067526684468
16439,2001,12,2001-12-01T00:00:00,Zambia,Livingstone,130.2238538164956
16440,2002,1,2002-01-01T00:00:00,Zambia,Livingstone,93.7278533478823
16441,2002,2,2002-02-01T00:00:00,Zambia,Livingstone,61.90094128967095
16442,2002,3,2002-03-01T00:00:00,Zambia,Livingstone,23.65118783297772
16450,2002,11,2002-11-01T00:00:00,Zambia,Livingstone,39.51200255638399
16451,2002,12,2002-12-01T00:00:00,Zambia,Livingstone,80.15667326675593
16452,2003,1,2003-01-01T00:00:00,Zambia,Livingstone,86.92114499077515
16453,2003,2,2003-02-01T00:00:00,Zambia,Livingstone,117.15361216098259
16454,2003,3,2003-03-01T00:00:00,Zambia,Livingstone,52.74947626445466
16462,2003,11,2003-11-01T00:00:00,Zambia,Livingstone,34.88064580103066
16463,2003,12,2003-12-01T00:00:00,Zambia,Livingstone,132.25701435407984
16464,2004,1,2004-01-01T00:00:00,Zambia,Livingstone,189.2369626744898
16465,2004,2,2004-02-01T00:00:00,Zambia,Livingstone,167.6121067501491
16466,2004,3,2004-03-01T00:00:00,Zambia,Livingstone,266.4701404361873
16474,2004,11,2004-11-01T00:00:00,Zambia,Livingstone,27.42263392890153
16475,2004,12,2004-12-01T00:00:00,Zambia,Livingstone,148.62242063919666
16476,2005,1,2005-01-01T00:00:00,Zambia,Livingstone,157.27510425364613
16477,2005,2,2005-02-01T00:00:00,Zambia,Livingstone,60.045224051648724
16478,2005,3,2005-03-01T00:00:00,Zambia,Livingstone,59.59226712409534
16486,2005,11,2005-11-01T00:00:00,Zambia,Livingstone,110.49549813853089
16487,2005,12,2005-12-01T00:00:00,Zambia,Livingstone,209.871950126894
16488,2006,1,2006-01-01T00:00:00,Zambia,Livingstone,219.3879059402003
16489,2006,2,2006-02-01T00:00:00,Zambia,Livingstone,203.80954098183943
16490,2006,3,2006-03-01T00:00:00,Zambia,Livingstone,94.59292210800987
16498,2006,11,2006-11-01T00:00:00,Zambia,Livingstone,99.86215880702854
16499,2006,12,2006-12-01T00:00:00,Zambia,Livingstone,173.18741858753887
16500,2007,1,2007-01-01T00:00:00,Zambia,Livingstone,190.91270013915897
16501,2007,2,2007-02-01T00:00:00,Zambia,Livingstone,91.54362946516432
16502,2007,3,2007-03-01T00:00:00,Zambia,Livingstone,81.27020919812564
16510,2007,11,2007-11-01T00:00:00,Zambia,Livingstone,112.14737316479399
16511,2007,12,2007-12-01T00:00:00,Zambia,Livingstone,258.4278975959828
16512,2008,1,2008-01-01T00:00:00,Zambia,Livingstone,458.93234721065807
16513,2008,2,2008-02-01T00:00:00,Zambia,Livingstone,104.75988173168695
16514,2008,3,2008-03-01T00:00:00,Zambia,Livingstone,72.05473196006609
16522,2008,11,2008-11-01T00:00:00,Zambia,Livingstone,207.39820751314045
16523,2008,12,2008-12-01T00:00:00,Zambia,Livingstone,188.14083120040135
16524,2009,1,2009-01-01T00:00:00,Zambia,Livingstone,220.79611264486053
16525,2009,2,2009-02-01T00:00:00,Zambia,Livingstone,75.84868388471193
16526,2009,3,2009-03-01T00:00:00,Zambia,Livingstone,157.27468359043988
16534,2009,11,2009-11-01T00:00:00,Zambia,Livingstone,108.45921007058982
16535,2009,12,2009-12-01T00:00:00,Zambia,Livingstone,143.1295309633707
16536,2010,1,2010-01-01T00:00:00,Zambia,Livingstone,209.530468915064
16537,2010,2,2010-02-01T00:00:00,Zambia,Livingstone,118.47132460003307
16538,2010,3,2010-03-01T00:00:00,Zambia,Livingstone,124.7247587374178
16546,2010,11,2010-11-01T00:00:00,Zambia,Livingstone,92.3687030579518
16547,2010,12,2010-12-01T00:00:00,Zambia,Livingstone,133.31039927902037
16548,2011,1,2011-01-01T00:00:00,Zambia,Livingstone,214.55313597495294
16549,2011,2,2011-02-01T00:00:00,Zambia,Livingstone,116.73943557160558
16550,2011,3,2011-03-01T00:00:00,Zambia,Livingstone,85.75429769728531
16558,2011,11,2011-11-01T00:00:00,Zambia,Livingstone,84.17516873474769
16559,2011,12,2011-12-01T00:00:00,Zambia,Livingstone,157.4595468083243
16560,2012,1,2012-01-01T00:00:00,Zambia,Livingstone,110.47001201690684
16561,2012,2,2012-02-01T00:00:00,Zambia,Livingstone,122.75674279420085
16562,2012,3,2012-03-01T00:00:00,Zambia,Livingstone,58.793073512911484
16570,2012,11,2012-11-01T00:00:00,Zambia,Livingstone,64.9946398557438
16571,2012,12,2012-12-01T00:00:00,Zambia,Livingstone,203.5446307288936
16572,2013,1,2013-01-01T00:00:00,Zambia,Livingstone,206.81046783538892
16573,2013,2,2013-02-01T00:00:00,Zambia,Livingstone,110.11435016147244
16574,2013,3,2013-03-01T00:00:00,Zambia,Livingstone,36.446411373436476
16582,2013,11,2013-11-01T00:00:00,Zambia,Livingstone,58.98597411463634
16583,2013,12,2013-12-01T00:00:00,Zambia,Livingstone,200.25283410927614
16584,2014,1,2014-01-01T00:00:00,Zambia,Livingstone,203.3230653928017
16585,2014,2,2014-02-01T00:00:00,Zambia,Livingstone,131.1077382906529
16586,2014,3,2014-03-01T00:00:00,Zambia,Livingstone,137.30416649578532
16594,2014,11,2014-11-01T00:00:00,Zambia,Livingstone,62.008935057799334
16595,2014,12,2014-12-01T00:00:00,Zambia,Livingstone,152.9934524144659
16596,2015,1,2015-01-01T00:00:00,Zambia,Livingstone,136.9170624417922
16597,2015,2,2015-02-01T00:00:00,Zambia,Livingstone,89.71689119595403
16598,2015,3,2015-03-01T00:00:00,Zambia,Livingstone,38.330461174676024
16606,2015,11,2015-11-01T00:00:00,Zambia,Livingstone,48.711168656325064
16607,2015,12,2015-12-01T00:00:00,Zambia,Livingstone,88.82125511134734
16608,2016,1,2016-01-01T00:00:00,Zambia,Livingstone,114.07332393954881
16609,2016,2,2016-02-01T00:00:00,Zambia,Livingstone,155.7504125073089
16610,2016,3,2016-03-01T00:00:00,Zambia,Livingstone,162.2198575680104
16618,2016,11,2016-11-01T00:00:00,Zambia,Livingstone,67.96569574071847
16619,2016,12,2016-12-01T00:00:00,Zambia,Livingstone,183.24977257219982
16620,2017,1,2017-01-01T00:00:00,Zambia,Livingstone,290.82864591586633
16621,2017,2,2017-02-01T00:00:00,Zambia,Livingstone,277.4243013638843
16622,2017,3,2017-03-01T00:00:00,Zambia,Livingstone,94.3968254443043
16630,2017,11,2017-11-01T00:00:00,Zambia,Livingstone,62.94788942792231
16631,2017,12,2017-12-01T00:00:00,Zambia,Livingstone,114.72754752084606
16632,2018,1,2018-01-01T00:00:00,Zambia,Livingstone,102.2748155873811
16633,2018,2,2018-02-01T00:00:00,Zambia,Livingstone,457.78746972756835
16634,2018,3,2018-03-01T00:00:00,Zambia,Livingstone,161.62751023605887
16642,2018,11,2018-11-01T00:00:00,Zambia,Livingstone,37.58951185037189
16643,2018,12,2018-12-01T00:00:00,Zambia,Livingstone,54.18963850517634
16644,2019,1,2019-01-01T00:00:00,Zambia,Livingstone,86.18143662989696
16645,2019,2,2019-02-01T00:00:00,Zambia,Livingstone,173.89550384890876
16646,2019,3,2019-03-01T00:00:00,Zambia,Livingstone,6.315626188296666
16654,2019,11,2019-11-01T00:00:00,Zambia,Livingstone,49.86140428065929
16655,2019,12,2019-12-01T00:00:00,Zambia,Livingstone,34.110638585844
16656,2020,1,2020-01-01T00:00:00,Zambia,Livingstone,216.03909745822708
16657,2020,2,2020-02-01T00:00:00,Zambia,Livingstone,203.32590146622292
16658,2020,3,2020-03-01T00:00:00,Zambia,Livingstone,110.79006168750571
16666,2020,11,2020-11-01T00:00:00,Zambia,Livingstone,94.79371197995846
16667,2020,12,2020-12-01T00:00:00,Zambia,Livingstone,208.74940857147138
16668,2021,1,2021-01-01T00:00:00,Zambia,Livingstone,229.0839825663504
16669,2021,2,2021-02-01T00:00:00,Zambia,Livingstone,99.06334843840513
16670,2021,3,2021-03-01T00:00:00,Zambia,Livingstone,15.58103502728872
16678,2021,11,2021-11-01T00:00:00,Zambia,Livingstone,22.014016996545333
16679,2021,12,2021-12-01T00:00:00,Zambia,Livingstone,129.61460635523287
16680,2022,1,2022-01-01T00:00:00,Zambia,Livingstone,269.5176397466754
16681,2022,2,2022-02-01T00:00:00,Zambia,Livingstone,65.30942199114925
16682,2022,3,2022-03-01T00:00:00,Zambia,Livingstone,121.89365337647175
16690,2022,11,2022-11-01T00:00:00,Zambia,Livingstone,106.19960874892482
16691,2022,12,2022-12-01T00:00:00,Zambia,Livingstone,79.79604229633892
16692,2023,1,2023-01-01T00:00:00,Zambia,Livingstone,97.02147297085537
16693,2023,2,2023-02-01T00:00:00,Zambia,Livingstone,125.01376827097197
16694,2023,3,2023-03-01T00:00:00,Zambia,Livingstone,32.41834729607022
16702,2023,11,2023-11-01T00:00:00,Zambia,Livingstone,11.861840285908487
16703,2023,12,2023-12-01T00:00:00,Zambia,Livingstone,125.71305192818063
16704,2000,1,2000-01-01T00:00:00,Zambia,Mazabuka,204.2910964974975
16705,2000,2,2000-02-01T00:00:00,Zambia,Mazabuka,199.19798761910738
16706,2000,3,2000-03-01T00:00:00,Zambia,Mazabuka,143.94002889516074
16714,2000,11,2000-11-01T00:00:00,Zambia,Mazabuka,83.79542010289988
16715,2000,12,2000-12-01T00:00:00,Zambia,Mazabuka,179.28051689339088
16716,2001,1,2001-01-01T00:00:00,Zambia,Mazabuka,166.23651555747261
16717,2001,2,2001-02-01T00:00:00,Zambia,Mazabuka,289.03878459842736
16718,2001,3,2001-03-01T00:00:00,Zambia,Mazabuka,136.65094736282762
16726,2001,11,2001-11-01T00:00:00,Zambia,Mazabuka,135.96747533768973
16727,2001,12,2001-12-01T00:00:00,Zambia,Mazabuka,172.80737178735055
16728,2002,1,2002-01-01T00:00:00,Zambia,Mazabuka,118.0406107114088
16729,2002,2,2002-02-01T00:00:00,Zambia,Mazabuka,71.04514825365202
16730,2002,3,2002-03-01T00:00:00,Zambia,Mazabuka,45.894530830033844
16738,2002,11,2002-11-01T00:00:00,Zambia,Mazabuka,57.633622198929494
16739,2002,12,2002-12-01T00:00:00,Zambia,Mazabuka,97.6819862994825
16740,2003,1,2003-01-01T00:00:00,Zambia,Mazabuka,129.1264035873351
16741,2003,2,2003-02-01T00:00:00,Zambia,Mazabuka,154.39541390857366
16742,2003,3,2003-03-01T00:00:00,Zambia,Mazabuka,196.87191153454168
16750,2003,11,2003-11-01T00:00:00,Zambia,Mazabuka,84.3533193075053
16751,2003,12,2003-12-01T00:00:00,Zambia,Mazabuka,142.63415809418854
16752,2004,1,2004-01-01T00:00:00,Zambia,Mazabuka,223.6553856484539
16753,2004,2,2004-02-01T00:00:00,Zambia,Mazabuka,192.33297271948243
16754,2004,3,2004-03-01T00:00:00,Zambia,Mazabuka,145.23349155922116
16762,2004,11,2004-11-01T00:00:00,Zambia,Mazabuka,47.028673461123475
16763,2004,12,2004-12-01T00:00:00,Zambia,Mazabuka,255.91172763946153
16764,2005,1,2005-01-01T00:00:00,Zambia,Mazabuka,181.72791752636863
16765,2005,2,2005-02-01T00:00:00,Zambia,Mazabuka,60.159485047491465
16766,2005,3,2005-03-01T00:00:00,Zambia,Mazabuka,25.286178748500795
16774,2005,11,2005-11-01T00:00:00,Zambia,Mazabuka,96.17308736050116
16775,2005,12,2005-12-01T00:00:00,Zambia,Mazabuka,223.11278998847442
16776,2006,1,2006-01-01T00:00:00,Zambia,Mazabuka,221.88714377994322
16777,2006,2,2006-02-01T00:00:00,Zambia,Mazabuka,229.5311538378316
16778,2006,3,2006-03-01T00:00:00,Zambia,Mazabuka,117.14118948250504
16786,2006,11,2006-11-01T00:00:00,Zambia,Mazabuka,74.39635308528808
16787,2006,12,2006-12-01T00:00:00,Zambia,Mazabuka,157.71462337447778
16788,2007,1,2007-01-01T00:00:00,Zambia,Mazabuka,282.64033567541526
16789,2007,2,2007-02-01T00:00:00,Zambia,Mazabuka,190.51569654277176
16790,2007,3,2007-03-01T00:00:00,Zambia,Mazabuka,50.276577134328804
16798,2007,11,2007-11-01T00:00:00,Zambia,Mazabuka,122.80126761895521
16799,2007,12,2007-12-01T00:00:00,Zambia,Mazabuka,339.05893411017155
16800,2008,1,2008-01-01T00:00:00,Zambia,Mazabuka,310.020511502926
16801,2008,2,2008-02-01T00:00:00,Zambia,Mazabuka,103.97980564091893
16802,2008,3,2008-03-01T00:00:00,Zambia,Mazabuka,66.00090343916723
16810,2008,11,2008-11-01T00:00:00,Zambia,Mazabuka,108.72034561121266
16811,2008,12,2008-12-01T00:00:00,Zambia,Mazabuka,235.9140887854735
16812,2009,1,2009-01-01T00:00:00,Zambia,Mazabuka,243.45363316876242
16813,2009,2,2009-02-01T00:00:00,Zambia,Mazabuka,62.070434320324075
16814,2009,3,2009-03-01T00:00:00,Zambia,Mazabuka,144.33423735362155
16822,2009,11,2009-11-01T00:00:00,Zambia,Mazabuka,160.82449205839654
16823,2009,12,2009-12-01T00:00:00,Zambia,Mazabuka,123.43643196139521
16824,2010,1,2010-01-01T00:00:00,Zambia,Mazabuka,170.57610605249613
16825,2010,2,2010-02-01T00:00:00,Zambia,Mazabuka,220.7138381791456
16826,2010,3,2010-03-01T00:00:00,Zambia,Mazabuka,110.45546770166283
16834,2010,11,2010-11-01T00:00:00,Zambia,Mazabuka,96.73571968193824
16835,2010,12,2010-12-01T00:00:00,Zambia,Mazabuka,225.22439570661552
16836,2011,1,2011-01-01T00:00:00,Zambia,Mazabuka,240.7587852766693
16837,2011,2,2011-02-01T00:00:00,Zambia,Mazabuka,106.8712878788638
16838,2011,3,2011-03-01T00:00:00,Zambia,Mazabuka,94.36652919671023
16846,2011,11,2011-11-01T00:00:00,Zambia,Mazabuka,78.28643665868164
16847,2011,12,2011-12-01T00:00:00,Zambia,Mazabuka,125.84076381538681
16848,2012,1,2012-01-01T00:00:00,Zambia,Mazabuka,223.624225068433
16849,2012,2,2012-02-01T00:00:00,Zambia,Mazabuka,146.10177665386385
16850,2012,3,2012-03-01T00:00:00,Zambia,Mazabuka,89.06417108933665
16858,2012,11,2012-11-01T00:00:00,Zambia,Mazabuka,63.30276536061884
16859,2012,12,2012-12-01T00:00:00,Zambia,Mazabuka,202.31202288357136
16860,2013,1,2013-01-01T00:00:00,Zambia,Mazabuka,315.55707440654226
16861,2013,2,2013-02-01T00:00:00,Zambia,Mazabuka,158.10329759184995
16862,2013,3,2013-03-01T00:00:00,Zambia,Mazabuka,28.902343926526964
16870,2013,11,2013-11-01T00:00:00,Zambia,Mazabuka,51.42396078067254
16871,2013,12,2013-12-01T00:00:00,Zambia,Mazabuka,208.36096112444673
16872,2014,1,2014-01-01T00:00:00,Zambia,Mazabuka,268.9948778308486
16873,2014,2,2014-02-01T00:00:00,Zambia,Mazabuka,149.80978305093137
16874,2014,3,2014-03-01T00:00:00,Zambia,Mazabuka,59.57434521766511
16882,2014,11,2014-11-01T00:00:00,Zambia,Mazabuka,39.57780000649581
16883,2014,12,2014-12-01T00:00:00,Zambia,Mazabuka,254.5060992301091
16884,2015,1,2015-01-01T00:00:00,Zambia,Mazabuka,209.14578021622822
16885,2015,2,2015-02-01T00:00:00,Zambia,Mazabuka,116.56128421159464
16886,2015,3,2015-03-01T00:00:00,Zambia,Mazabuka,47.1373337821445
16894,2015,11,2015-11-01T00:00:00,Zambia,Mazabuka,38.80541582571592
16895,2015,12,2015-12-01T00:00:00,Zambia,Mazabuka,87.42149088705877
16896,2016,1,2016-01-01T00:00:00,Zambia,Mazabuka,216.37821240681544
16897,2016,2,2016-02-01T00:00:00,Zambia,Mazabuka,107.1606287915017
16898,2016,3,2016-03-01T00:00:00,Zambia,Mazabuka,178.03340424470312
16906,2016,11,2016-11-01T00:00:00,Zambia,Mazabuka,108.15735856821374
16907,2016,12,2016-12-01T00:00:00,Zambia,Mazabuka,194.99300084112969
16908,2017,1,2017-01-01T00:00:00,Zambia,Mazabuka,268.6079369920758
16909,2017,2,2017-02-01T00:00:00,Zambia,Mazabuka,222.11754798510717
16910,2017,3,2017-03-01T00:00:00,Zambia,Mazabuka,83.2617329920788
16918,2017,11,2017-11-01T00:00:00,Zambia,Mazabuka,107.84337747968344
16919,2017,12,2017-12-01T00:00:00,Zambia,Mazabuka,136.54681004082255
16920,2018,1,2018-01-01T00:00:00,Zambia,Mazabuka,69.8441677154964
16921,2018,2,2018-02-01T00:00:00,Zambia,Mazabuka,350.5004109134204
16922,2018,3,2018-03-01T00:00:00,Zambia,Mazabuka,132.87843025215952
16930,2018,11,2018-11-01T00:00:00,Zambia,Mazabuka,24.86221233239507
16931,2018,12,2018-12-01T00:00:00,Zambia,Mazabuka,103.85493147316683
16932,2019,1,2019-01-01T00:00:00,Zambia,Mazabuka,181.4866275143646
16933,2019,2,2019-02-01T00:00:00,Zambia,Mazabuka,93.20751620468965
16934,2019,3,2019-03-01T00:00:00,Zambia,Mazabuka,11.96816084668079
16942,2019,11,2019-11-01T00:00:00,Zambia,Mazabuka,88.47637109413111
16943,2019,12,2019-12-01T00:00:00,Zambia,Mazabuka,51.63776329434306
16944,2020,1,2020-01-01T00:00:00,Zambia,Mazabuka,321.5887861208619
16945,2020,2,2020-02-01T00:00:00,Zambia,Mazabuka,249.87510061430746
16946,2020,3,2020-03-01T00:00:00,Zambia,Mazabuka,41.08671004224892
16954,2020,11,2020-11-01T00:00:00,Zambia,Mazabuka,49.96054485886092
16955,2020,12,2020-12-01T00:00:00,Zambia,Mazabuka,264.24417660276794
16956,2021,1,2021-01-01T00:00:00,Zambia,Mazabuka,235.80206135368158
16957,2021,2,2021-02-01T00:00:00,Zambia,Mazabuka,169.43110230596318
16958,2021,3,2021-03-01T00:00:00,Zambia,Mazabuka,49.780202886467144
16966,2021,11,2021-11-01T00:00:00,Zambia,Mazabuka,49.41915414115358
16967,2021,12,2021-12-01T00:00:00,Zambia,Mazabuka,93.47098199591969
16968,2022,1,2022-01-01T00:00:00,Zambia,Mazabuka,411.655027842019
16969,2022,2,2022-02-01T00:00:00,Zambia,Mazabuka,67.8104020133474
16970,2022,3,2022-03-01T00:00:00,Zambia,Mazabuka,61.93786847998022
16978,2022,11,2022-11-01T00:00:00,Zambia,Mazabuka,119.19967707413461
16979,2022,12,2022-12-01T00:00:00,Zambia,Mazabuka,115.48211335188533
16980,2023,1,2023-01-01T00:00:00,Zambia,Mazabuka,282.55122658181415
16981,2023,2,2023-02-01T00:00:00,Zambia,Mazabuka,156.90524331814714
16982,2023,3,2023-03-01T00:00:00,Zambia,Mazabuka,53.52216050343972
16990,2023,11,2023-11-01T00:00:00,Zambia,Mazabuka,22.219195714407864
16991,2023,12,2023-12-01T00:00:00,Zambia,Mazabuka,201.81458420933205
16992,2000,1,2000-01-01T00:00:00,Zambia,Monze,178.7859892583454
16993,2000,2,2000-02-01T00:00:00,Zambia,Monze,204.36913689918939
16994,2000,3,2000-03-01T00:00:00,Zambia,Monze,159.18886589712716
17002,2000,11,2000-11-01T00:00:00,Zambia,Monze,85.22075455450906
17003,2000,12,2000-12-01T00:00:00,Zambia,Monze,183.46859644716992
17004,2001,1,2001-01-01T00:00:00,Zambia,Monze,154.48611429105867
17005,2001,2,2001-02-01T00:00:00,Zambia,Monze,330.2832087976803
17006,2001,3,2001-03-01T00:00:00,Zambia,Monze,154.0581011727827
17014,2001,11,2001-11-01T00:00:00,Zambia,Monze,126.796350711653
17015,2001,12,2001-12-01T00:00:00,Zambia,Monze,173.10890750007692
17016,2002,1,2002-01-01T00:00:00,Zambia,Monze,123.98851244489528
17017,2002,2,2002-02-01T00:00:00,Zambia,Monze,57.68868168391951
17018,2002,3,2002-03-01T00:00:00,Zambia,Monze,49.43496675835801
17026,2002,11,2002-11-01T00:00:00,Zambia,Monze,49.61797868901159
17027,2002,12,2002-12-01T00:00:00,Zambia,Monze,108.45620614475062
17028,2003,1,2003-01-01T00:00:00,Zambia,Monze,126.08549351189039
17029,2003,2,2003-02-01T00:00:00,Zambia,Monze,134.6490340548381
17030,2003,3,2003-03-01T00:00:00,Zambia,Monze,213.35347455286706
17038,2003,11,2003-11-01T00:00:00,Zambia,Monze,76.96376468417012
17039,2003,12,2003-12-01T00:00:00,Zambia,Monze,158.18151291607145
17040,2004,1,2004-01-01T00:00:00,Zambia,Monze,207.85835185025297
17041,2004,2,2004-02-01T00:00:00,Zambia,Monze,182.1023915018015
17042,2004,3,2004-03-01T00:00:00,Zambia,Monze,193.86319927439462
17050,2004,11,2004-11-01T00:00:00,Zambia,Monze,41.49246558939951
17051,2004,12,2004-12-01T00:00:00,Zambia,Monze,231.83955122996926
17052,2005,1,2005-01-01T00:00:00,Zambia,Monze,184.7911842560426
17053,2005,2,2005-02-01T00:00:00,Zambia,Monze,61.650324892669914
17054,2005,3,2005-03-01T00:00:00,Zambia,Monze,31.853333776132118
17062,2005,11,2005-11-01T00:00:00,Zambia,Monze,91.54471010607209
17063,2005,12,2005-12-01T00:00:00,Zambia,Monze,229.6994782667798
17064,2006,1,2006-01-01T00:00:00,Zambia,Monze,230.42990623067314
17065,2006,2,2006-02-01T00:00:00,Zambia,Monze,229.9805469410265
17066,2006,3,2006-03-01T00:00:00,Zambia,Monze,121.74523491399515
17074,2006,11,2006-11-01T00:00:00,Zambia,Monze,83.63525957418256
17075,2006,12,2006-12-01T00:00:00,Zambia,Monze,170.9238269077183
17076,2007,1,2007-01-01T00:00:00,Zambia,Monze,268.6863863312139
17077,2007,2,2007-02-01T00:00:00,Zambia,Monze,160.22109831850955
17078,2007,3,2007-03-01T00:00:00,Zambia,Monze,53.2238084643996
17086,2007,11,2007-11-01T00:00:00,Zambia,Monze,110.66452715943157
17087,2007,12,2007-12-01T00:00:00,Zambia,Monze,359.6566338360643
17088,2008,1,2008-01-01T00:00:00,Zambia,Monze,360.5174521741615
17089,2008,2,2008-02-01T00:00:00,Zambia,Monze,116.17424373941721
17090,2008,3,2008-03-01T00:00:00,Zambia,Monze,75.6471729170948
17098,2008,11,2008-11-01T00:00:00,Zambia,Monze,114.1669104841778
17099,2008,12,2008-12-01T00:00:00,Zambia,Monze,231.3935772634351
17100,2009,1,2009-01-01T00:00:00,Zambia,Monze,238.2037220837825
17101,2009,2,2009-02-01T00:00:00,Zambia,Monze,95.41790863361999
17102,2009,3,2009-03-01T00:00:00,Zambia,Monze,145.3446631393142
17110,2009,11,2009-11-01T00:00:00,Zambia,Monze,147.53728946640751
17111,2009,12,2009-12-01T00:00:00,Zambia,Monze,126.06942796639687
17112,2010,1,2010-01-01T00:00:00,Zambia,Monze,168.23222033821662
17113,2010,2,2010-02-01T00:00:00,Zambia,Monze,210.03433221647498
17114,2010,3,2010-03-01T00:00:00,Zambia,Monze,135.37154053994368
17122,2010,11,2010-11-01T00:00:00,Zambia,Monze,102.47725611382293
17123,2010,12,2010-12-01T00:00:00,Zambia,Monze,235.402532581154
17124,2011,1,2011-01-01T00:00:00,Zambia,Monze,241.94458421297225
17125,2011,2,2011-02-01T00:00:00,Zambia,Monze,136.16091477865243
17126,2011,3,2011-03-01T00:00:00,Zambia,Monze,116.78607541458118
17134,2011,11,2011-11-01T00:00:00,Zambia,Monze,83.07296011311074
17135,2011,12,2011-12-01T00:00:00,Zambia,Monze,142.04325201668652
17136,2012,1,2012-01-01T00:00:00,Zambia,Monze,205.4654165700358
17137,2012,2,2012-02-01T00:00:00,Zambia,Monze,145.5142668568694
17138,2012,3,2012-03-01T00:00:00,Zambia,Monze,81.51364749736075
17146,2012,11,2012-11-01T00:00:00,Zambia,Monze,71.12567590593392
17147,2012,12,2012-12-01T00:00:00,Zambia,Monze,196.75464044694837
17148,2013,1,2013-01-01T00:00:00,Zambia,Monze,271.694772562457
17149,2013,2,2013-02-01T00:00:00,Zambia,Monze,138.6475510498356
17150,2013,3,2013-03-01T00:00:00,Zambia,Monze,36.699610423171066
17158,2013,11,2013-11-01T00:00:00,Zambia,Monze,49.899390905615626
17159,2013,12,2013-12-01T00:00:00,Zambia,Monze,219.5929485941798
17160,2014,1,2014-01-01T00:00:00,Zambia,Monze,250.9433014090529
17161,2014,2,2014-02-01T00:00:00,Zambia,Monze,136.82827261411222
17162,2014,3,2014-03-01T00:00:00,Zambia,Monze,53.376171344398685
17170,2014,11,2014-11-01T00:00:00,Zambia,Monze,43.34095625065151
17171,2014,12,2014-12-01T00:00:00,Zambia,Monze,238.8932914388968
17172,2015,1,2015-01-01T00:00:00,Zambia,Monze,193.85652596048274
17173,2015,2,2015-02-01T00:00:00,Zambia,Monze,99.67863067518485
17174,2015,3,2015-03-01T00:00:00,Zambia,Monze,48.00795572813334
17182,2015,11,2015-11-01T00:00:00,Zambia,Monze,43.75377558504638
17183,2015,12,2015-12-01T00:00:00,Zambia,Monze,94.53669287898285
17184,2016,1,2016-01-01T00:00:00,Zambia,Monze,173.18208300752343
17185,2016,2,2016-02-01T00:00:00,Zambia,Monze,116.67179709727809
17186,2016,3,2016-03-01T00:00:00,Zambia,Monze,156.8476486838306
17194,2016,11,2016-11-01T00:00:00,Zambia,Monze,123.25326936247342
17195,2016,12,2016-12-01T00:00:00,Zambia,Monze,194.59999864033466
17196,2017,1,2017-01-01T00:00:00,Zambia,Monze,251.0528408417241
17197,2017,2,2017-02-01T00:00:00,Zambia,Monze,234.01495943992632
17198,2017,3,2017-03-01T00:00:00,Zambia,Monze,96.86247300147156
17206,2017,11,2017-11-01T00:00:00,Zambia,Monze,107.45399396343744
17207,2017,12,2017-12-01T00:00:00,Zambia,Monze,133.8210892921855
17208,2018,1,2018-01-01T00:00:00,Zambia,Monze,60.99552774891621
17209,2018,2,2018-02-01T00:00:00,Zambia,Monze,347.9545556351788
17210,2018,3,2018-03-01T00:00:00,Zambia,Monze,142.21348323818697
17218,2018,11,2018-11-01T00:00:00,Zambia,Monze,27.519896432358273
17219,2018,12,2018-12-01T00:00:00,Zambia,Monze,90.73398313160811
17220,2019,1,2019-01-01T00:00:00,Zambia,Monze,150.229926143984
17221,2019,2,2019-02-01T00:00:00,Zambia,Monze,85.50280708177672
17222,2019,3,2019-03-01T00:00:00,Zambia,Monze,14.403548050967286
17230,2019,11,2019-11-01T00:00:00,Zambia,Monze,74.49731717847402
17231,2019,12,2019-12-01T00:00:00,Zambia,Monze,49.803897141686924
17232,2020,1,2020-01-01T00:00:00,Zambia,Monze,284.72990757579976
17233,2020,2,2020-02-01T00:00:00,Zambia,Monze,222.93521530529384
17234,2020,3,2020-03-01T00:00:00,Zambia,Monze,55.13329037826298
17242,2020,11,2020-11-01T00:00:00,Zambia,Monze,58.33641283762449
17243,2020,12,2020-12-01T00:00:00,Zambia,Monze,272.08255432978626
17244,2021,1,2021-01-01T00:00:00,Zambia,Monze,236.24746270208976
17245,2021,2,2021-02-01T00:00:00,Zambia,Monze,131.66588472836088
17246,2021,3,2021-03-01T00:00:00,Zambia,Monze,44.62256376082416
17254,2021,11,2021-11-01T00:00:00,Zambia,Monze,44.42638794403599
17255,2021,12,2021-12-01T00:00:00,Zambia,Monze,86.32339857538037
17256,2022,1,2022-01-01T00:00:00,Zambia,Monze,392.6707013045616
17257,2022,2,2022-02-01T00:00:00,Zambia,Monze,77.18182985930864
17258,2022,3,2022-03-01T00:00:00,Zambia,Monze,76.86372982941097
17266,2022,11,2022-11-01T00:00:00,Zambia,Monze,130.1538290289851
17267,2022,12,2022-12-01T00:00:00,Zambia,Monze,114.63327676660276
17268,2023,1,2023-01-01T00:00:00,Zambia,Monze,277.610837981296
17269,2023,2,2023-02-01T00:00:00,Zambia,Monze,126.37047679497933
17270,2023,3,2023-03-01T00:00:00,Zambia,Monze,58.92312503249322
17278,2023,11,2023-11-01T00:00:00,Zambia,Monze,15.242625147881096
17279,2023,12,2023-12-01T00:00:00,Zambia,Monze,201.73054155856073
17280,2000,1,2000-01-01T00:00:00,Zambia,Namwala,170.09102286316585
17281,2000,2,2000-02-01T00:00:00,Zambia,Namwala,256.0303476359716
17282,2000,3,2000-03-01T00:00:00,Zambia,Namwala,123.73803364916486
17290,2000,11,2000-11-01T00:00:00,Zambia,Namwala,81.39256586832117
17291,2000,12,2000-12-01T00:00:00,Zambia,Namwala,213.72487207876205
17292,2001,1,2001-01-01T00:00:00,Zambia,Namwala,159.62983735967646
17293,2001,2,2001-02-01T00:00:00,Zambia,Namwala,347.2042071341989
17294,2001,3,2001-03-01T00:00:00,Zambia,Namwala,139.9612038820073
17302,2001,11,2001-11-01T00:00:00,Zambia,Namwala,128.61840934672836
17303,2001,12,2001-12-01T00:00:00,Zambia,Namwala,175.45621855361333
17304,2002,1,2002-01-01T00:00:00,Zambia,Namwala,122.739845439963
17305,2002,2,2002-02-01T00:00:00,Zambia,Namwala,57.467635571711085
17306,2002,3,2002-03-01T00:00:00,Zambia,Namwala,39.80825565639058
17314,2002,11,2002-11-01T00:00:00,Zambia,Namwala,56.686612432947015
17315,2002,12,2002-12-01T00:00:00,Zambia,Namwala,154.06324913727136
17316,2003,1,2003-01-01T00:00:00,Zambia,Namwala,132.97512699836312
17317,2003,2,2003-02-01T00:00:00,Zambia,Namwala,148.2746910890595
17318,2003,3,2003-03-01T00:00:00,Zambia,Namwala,176.6685784740815
17326,2003,11,2003-11-01T00:00:00,Zambia,Namwala,74.19176489157248
17327,2003,12,2003-12-01T00:00:00,Zambia,Namwala,159.83620823319336
17328,2004,1,2004-01-01T00:00:00,Zambia,Namwala,186.46881825928102
17329,2004,2,2004-02-01T00:00:00,Zambia,Namwala,183.24917828081902
17330,2004,3,2004-03-01T00:00:00,Zambia,Namwala,204.0753745639095
17338,2004,11,2004-11-01T00:00:00,Zambia,Namwala,33.170215959631896
17339,2004,12,2004-12-01T00:00:00,Zambia,Namwala,220.57598923284897
17340,2005,1,2005-01-01T00:00:00,Zambia,Namwala,171.65043842603333
17341,2005,2,2005-02-01T00:00:00,Zambia,Namwala,64.88317917800242
17342,2005,3,2005-03-01T00:00:00,Zambia,Namwala,33.40301046269253
17350,2005,11,2005-11-01T00:00:00,Zambia,Namwala,105.62908782352876
17351,2005,12,2005-12-01T00:00:00,Zambia,Namwala,231.33461398781932
17352,2006,1,2006-01-01T00:00:00,Zambia,Namwala,227.57332435741657
17353,2006,2,2006-02-01T00:00:00,Zambia,Namwala,243.04686354183372
17354,2006,3,2006-03-01T00:00:00,Zambia,Namwala,114.07413354869486
17362,2006,11,2006-11-01T00:00:00,Zambia,Namwala,105.37279629296332
17363,2006,12,2006-12-01T00:00:00,Zambia,Namwala,220.66273604209408
17364,2007,1,2007-01-01T00:00:00,Zambia,Namwala,311.459679769104
17365,2007,2,2007-02-01T00:00:00,Zambia,Namwala,173.6114939206154
17366,2007,3,2007-03-01T00:00:00,Zambia,Namwala,57.801906968537445
17374,2007,11,2007-11-01T00:00:00,Zambia,Namwala,115.21992803476307
17375,2007,12,2007-12-01T00:00:00,Zambia,Namwala,387.40340720205523
17376,2008,1,2008-01-01T00:00:00,Zambia,Namwala,402.6049007331033
17377,2008,2,2008-02-01T00:00:00,Zambia,Namwala,136.4211086150666
17378,2008,3,2008-03-01T00:00:00,Zambia,Namwala,67.71938686429863
17386,2008,11,2008-11-01T00:00:00,Zambia,Namwala,121.53315202473836
17387,2008,12,2008-12-01T00:00:00,Zambia,Namwala,224.45271152391993
17388,2009,1,2009-01-01T00:00:00,Zambia,Namwala,237.02439686765405
17389,2009,2,2009-02-01T00:00:00,Zambia,Namwala,98.6524173707164
17390,2009,3,2009-03-01T00:00:00,Zambia,Namwala,124.20846824432996
17398,2009,11,2009-11-01T00:00:00,Zambia,Namwala,140.60679840991173
17399,2009,12,2009-12-01T00:00:00,Zambia,Namwala,149.5947674519172
17400,2010,1,2010-01-01T00:00:00,Zambia,Namwala,176.05916126840114
17401,2010,2,2010-02-01T00:00:00,Zambia,Namwala,232.34143316572167
17402,2010,3,2010-03-01T00:00:00,Zambia,Namwala,136.9196769198568
17410,2010,11,2010-11-01T00:00:00,Zambia,Namwala,115.13581429389183
17411,2010,12,2010-12-01T00:00:00,Zambia,Namwala,231.25938604951048
17412,2011,1,2011-01-01T00:00:00,Zambia,Namwala,240.21709736965278
17413,2011,2,2011-02-01T00:00:00,Zambia,Namwala,136.00434801733695
17414,2011,3,2011-03-01T00:00:00,Zambia,Namwala,98.11846991749918
17422,2011,11,2011-11-01T00:00:00,Zambia,Namwala,87.94816782138815
17423,2011,12,2011-12-01T00:00:00,Zambia,Namwala,148.9341818405439
17424,2012,1,2012-01-01T00:00:00,Zambia,Namwala,177.6930676937641
17425,2012,2,2012-02-01T00:00:00,Zambia,Namwala,164.80856703262629
17426,2012,3,2012-03-01T00:00:00,Zambia,Namwala,68.97833648443044
17434,2012,11,2012-11-01T00:00:00,Zambia,Namwala,80.2758873922843
17435,2012,12,2012-12-01T00:00:00,Zambia,Namwala,226.98478719021696
17436,2013,1,2013-01-01T00:00:00,Zambia,Namwala,276.11786703618543
17437,2013,2,2013-02-01T00:00:00,Zambia,Namwala,157.53548441682162
17438,2013,3,2013-03-01T00:00:00,Zambia,Namwala,42.618738888902094
17446,2013,11,2013-11-01T00:00:00,Zambia,Namwala,62.22207607753607
17447,2013,12,2013-12-01T00:00:00,Zambia,Namwala,225.07322610444513
17448,2014,1,2014-01-01T00:00:00,Zambia,Namwala,226.6088232571505
17449,2014,2,2014-02-01T00:00:00,Zambia,Namwala,142.30185130897092
17450,2014,3,2014-03-01T00:00:00,Zambia,Namwala,57.140918471653286
17458,2014,11,2014-11-01T00:00:00,Zambia,Namwala,56.14856503617179
17459,2014,12,2014-12-01T00:00:00,Zambia,Namwala,221.9118904528105
17460,2015,1,2015-01-01T00:00:00,Zambia,Namwala,184.87826247223924
17461,2015,2,2015-02-01T00:00:00,Zambia,Namwala,89.41434831246819
17462,2015,3,2015-03-01T00:00:00,Zambia,Namwala,49.99557745189062
17470,2015,11,2015-11-01T00:00:00,Zambia,Namwala,47.46019310464351
17471,2015,12,2015-12-01T00:00:00,Zambia,Namwala,111.27687481194214
17472,2016,1,2016-01-01T00:00:00,Zambia,Namwala,160.0307884158064
17473,2016,2,2016-02-01T00:00:00,Zambia,Namwala,138.425490637147
17474,2016,3,2016-03-01T00:00:00,Zambia,Namwala,150.8091476938143
17482,2016,11,2016-11-01T00:00:00,Zambia,Namwala,133.67888544929707
17483,2016,12,2016-12-01T00:00:00,Zambia,Namwala,184.91829462283806
17484,2017,1,2017-01-01T00:00:00,Zambia,Namwala,263.63824724973415
17485,2017,2,2017-02-01T00:00:00,Zambia,Namwala,259.0818665303852
17486,2017,3,2017-03-01T00:00:00,Zambia,Namwala,97.31489804909437
17494,2017,11,2017-11-01T00:00:00,Zambia,Namwala,105.38734391728474
17495,2017,12,2017-12-01T00:00:00,Zambia,Namwala,137.64152456571225
17496,2018,1,2018-01-01T00:00:00,Zambia,Namwala,52.516740865085985
17497,2018,2,2018-02-01T00:00:00,Zambia,Namwala,411.6100615931686
17498,2018,3,2018-03-01T00:00:00,Zambia,Namwala,131.06854184684505
17506,2018,11,2018-11-01T00:00:00,Zambia,Namwala,29.49644069683084
17507,2018,12,2018-12-01T00:00:00,Zambia,Namwala,95.42049282881192
17508,2019,1,2019-01-01T00:00:00,Zambia,Namwala,145.53323946594136
17509,2019,2,2019-02-01T00:00:00,Zambia,Namwala,93.96622492478193
17510,2019,3,2019-03-01T00:00:00,Zambia,Namwala,23.15848040897807
17518,2019,11,2019-11-01T00:00:00,Zambia,Namwala,65.07589699982076
17519,2019,12,2019-12-01T00:00:00,Zambia,Namwala,48.62147827072875
17520,2020,1,2020-01-01T00:00:00,Zambia,Namwala,273.55931886744173
17521,2020,2,2020-02-01T00:00:00,Zambia,Namwala,228.5722039511707
17522,2020,3,2020-03-01T00:00:00,Zambia,Namwala,76.6656996705203
17530,2020,11,2020-11-01T00:00:00,Zambia,Namwala,70.51402100094725
17531,2020,12,2020-12-01T00:00:00,Zambia,Namwala,297.7199172854836
17532,2021,1,2021-01-01T00:00:00,Zambia,Namwala,258.5705970186393
17533,2021,2,2021-02-01T00:00:00,Zambia,Namwala,146.68742660336304
17534,2021,3,2021-03-01T00:00:00,Zambia,Namwala,32.78355289624328
17542,2021,11,2021-11-01T00:00:00,Zambia,Namwala,33.10351514531999
17543,2021,12,2021-12-01T00:00:00,Zambia,Namwala,99.65003719881577
17544,2022,1,2022-01-01T00:00:00,Zambia,Namwala,379.5643576130839
17545,2022,2,2022-02-01T00:00:00,Zambia,Namwala,84.18446384295007
17546,2022,3,2022-03-01T00:00:00,Zambia,Namwala,76.18778479064899
17554,2022,11,2022-11-01T00:00:00,Zambia,Namwala,105.54631792203003
17555,2022,12,2022-12-01T00:00:00,Zambia,Namwala,129.76776638997586
17556,2023,1,2023-01-01T00:00:00,Zambia,Namwala,289.24545035876946
17557,2023,2,2023-02-01T00:00:00,Zambia,Namwala,141.6156568125402
17558,2023,3,2023-03-01T00:00:00,Zambia,Namwala,43.82272988853309
17566,2023,11,2023-11-01T00:00:00,Zambia,Namwala,14.778659763119617
17567,2023,12,2023-12-01T00:00:00,Zambia,Namwala,210.88064369001722
17568,2000,1,2000-01-01T00:00:00,Zambia,Siavonga,177.41997083377217
17569,2000,2,2000-02-01T00:00:00,Zambia,Siavonga,163.4110554883851
17570,2000,3,2000-03-01T00:00:00,Zambia,Siavonga,143.93083707778132
17578,2000,11,2000-11-01T00:00:00,Zambia,Siavonga,63.53756087026091
17579,2000,12,2000-12-01T00:00:00,Zambia,Siavonga,163.01972748600508
17580,2001,1,2001-01-01T00:00:00,Zambia,Siavonga,158.6928894477794
17581,2001,2,2001-02-01T00:00:00,Zambia,Siavonga,258.77543730666514
17582,2001,3,2001-03-01T00:00:00,Zambia,Siavonga,151.07166484315076
17590,2001,11,2001-11-01T00:00:00,Zambia,Siavonga,95.14101776543978
17591,2001,12,2001-12-01T00:00:00,Zambia,Siavonga,132.31811313840868
17592,2002,1,2002-01-01T00:00:00,Zambia,Siavonga,92.97597128428163
17593,2002,2,2002-02-01T00:00:00,Zambia,Siavonga,79.76126545363735
17594,2002,3,2002-03-01T00:00:00,Zambia,Siavonga,52.35322426270111
17602,2002,11,2002-11-01T00:00:00,Zambia,Siavonga,47.14132626561179
17603,2002,12,2002-12-01T00:00:00,Zambia,Siavonga,87.93178827092802
17604,2003,1,2003-01-01T00:00:00,Zambia,Siavonga,126.66039816077901
17605,2003,2,2003-02-01T00:00:00,Zambia,Siavonga,159.5333676902447
17606,2003,3,2003-03-01T00:00:00,Zambia,Siavonga,215.80518992324556
17614,2003,11,2003-11-01T00:00:00,Zambia,Siavonga,59.12184978857309
17615,2003,12,2003-12-01T00:00:00,Zambia,Siavonga,121.94988632618627
17616,2004,1,2004-01-01T00:00:00,Zambia,Siavonga,225.49253440797582
17617,2004,2,2004-02-01T00:00:00,Zambia,Siavonga,182.25907830482126
17618,2004,3,2004-03-01T00:00:00,Zambia,Siavonga,128.70595788975697
17626,2004,11,2004-11-01T00:00:00,Zambia,Siavonga,38.633283242881596
17627,2004,12,2004-12-01T00:00:00,Zambia,Siavonga,259.36142063566706
17628,2005,1,2005-01-01T00:00:00,Zambia,Siavonga,183.05446216483676
17629,2005,2,2005-02-01T00:00:00,Zambia,Siavonga,47.85648722983363
17630,2005,3,2005-03-01T00:00:00,Zambia,Siavonga,27.12124023988337
17638,2005,11,2005-11-01T00:00:00,Zambia,Siavonga,70.39782583031094
17639,2005,12,2005-12-01T00:00:00,Zambia,Siavonga,216.22053225141713
17640,2006,1,2006-01-01T00:00:00,Zambia,Siavonga,195.66264546463458
17641,2006,2,2006-02-01T00:00:00,Zambia,Siavonga,215.42552803747628
17642,2006,3,2006-03-01T00:00:00,Zambia,Siavonga,135.39493601334232
17650,2006,11,2006-11-01T00:00:00,Zambia,Siavonga,50.52653915313699
17651,2006,12,2006-12-01T00:00:00,Zambia,Siavonga,135.7494191201831
17652,2007,1,2007-01-01T00:00:00,Zambia,Siavonga,280.2934621069599
17653,2007,2,2007-02-01T00:00:00,Zambia,Siavonga,149.98822534515878
17654,2007,3,2007-03-01T00:00:00,Zambia,Siavonga,56.54390411789641
17662,2007,11,2007-11-01T00:00:00,Zambia,Siavonga,90.38474189966843
17663,2007,12,2007-12-01T00:00:00,Zambia,Siavonga,325.4225993928977
17664,2008,1,2008-01-01T00:00:00,Zambia,Siavonga,288.7148453048578
17665,2008,2,2008-02-01T00:00:00,Zambia,Siavonga,98.284553894793
17666,2008,3,2008-03-01T00:00:00,Zambia,Siavonga,59.6145096775147
17674,2008,11,2008-11-01T00:00:00,Zambia,Siavonga,69.00197905154643
17675,2008,12,2008-12-01T00:00:00,Zambia,Siavonga,266.71912757860173
17676,2009,1,2009-01-01T00:00:00,Zambia,Siavonga,229.03767983599988
17677,2009,2,2009-02-01T00:00:00,Zambia,Siavonga,47.80537611930886
17678,2009,3,2009-03-01T00:00:00,Zambia,Siavonga,147.69095874088
17686,2009,11,2009-11-01T00:00:00,Zambia,Siavonga,131.24354632034309
17687,2009,12,2009-12-01T00:00:00,Zambia,Siavonga,135.35058891266272
17688,2010,1,2010-01-01T00:00:00,Zambia,Siavonga,153.89683986790075
17689,2010,2,2010-02-01T00:00:00,Zambia,Siavonga,232.02673322950528
17690,2010,3,2010-03-01T00:00:00,Zambia,Siavonga,92.19303052145752
17698,2010,11,2010-11-01T00:00:00,Zambia,Siavonga,74.57535038029428
17699,2010,12,2010-12-01T00:00:00,Zambia,Siavonga,227.82276294793434
17700,2011,1,2011-01-01T00:00:00,Zambia,Siavonga,218.59450492442622
17701,2011,2,2011-02-01T00:00:00,Zambia,Siavonga,98.37620059570456
17702,2011,3,2011-03-01T00:00:00,Zambia,Siavonga,90.63365860449042
17710,2011,11,2011-11-01T00:00:00,Zambia,Siavonga,74.46246095846422
17711,2011,12,2011-12-01T00:00:00,Zambia,Siavonga,128.7303977085428
17712,2012,1,2012-01-01T00:00:00,Zambia,Siavonga,204.27968728405054
17713,2012,2,2012-02-01T00:00:00,Zambia,Siavonga,134.5476530009725
17714,2012,3,2012-03-01T00:00:00,Zambia,Siavonga,99.23215983249031
17722,2012,11,2012-11-01T00:00:00,Zambia,Siavonga,43.432323451476755
17723,2012,12,2012-12-01T00:00:00,Zambia,Siavonga,177.96568370296455
17724,2013,1,2013-01-01T00:00:00,Zambia,Siavonga,312.2181718561389
17725,2013,2,2013-02-01T00:00:00,Zambia,Siavonga,182.48780735796166
17726,2013,3,2013-03-01T00:00:00,Zambia,Siavonga,55.54595075422319
17734,2013,11,2013-11-01T00:00:00,Zambia,Siavonga,35.334315718772366
17735,2013,12,2013-12-01T00:00:00,Zambia,Siavonga,207.80225704072126
17736,2014,1,2014-01-01T00:00:00,Zambia,Siavonga,267.5355924846208
17737,2014,2,2014-02-01T00:00:00,Zambia,Siavonga,173.5358315796204
17738,2014,3,2014-03-01T00:00:00,Zambia,Siavonga,51.81689784776869
17746,2014,11,2014-11-01T00:00:00,Zambia,Siavonga,23.243804762968345
17747,2014,12,2014-12-01T00:00:00,Zambia,Siavonga,240.82447979116483
17748,2015,1,2015-01-01T00:00:00,Zambia,Siavonga,233.0268697717589
17749,2015,2,2015-02-01T00:00:00,Zambia,Siavonga,134.10954177821043
17750,2015,3,2015-03-01T00:00:00,Zambia,Siavonga,58.005045558925
17758,2015,11,2015-11-01T00:00:00,Zambia,Siavonga,34.74288458480497
17759,2015,12,2015-12-01T00:00:00,Zambia,Siavonga,66.54687348109937
17760,2016,1,2016-01-01T00:00:00,Zambia,Siavonga,220.6735127655259
17761,2016,2,2016-02-01T00:00:00,Zambia,Siavonga,98.9622837639813
17762,2016,3,2016-03-01T00:00:00,Zambia,Siavonga,185.98216922158804
17770,2016,11,2016-11-01T00:00:00,Zambia,Siavonga,76.89286258666581
17771,2016,12,2016-12-01T00:00:00,Zambia,Siavonga,180.6777558166628
17772,2017,1,2017-01-01T00:00:00,Zambia,Siavonga,248.93728221177204
17773,2017,2,2017-02-01T00:00:00,Zambia,Siavonga,192.52366556165398
17774,2017,3,2017-03-01T00:00:00,Zambia,Siavonga,96.26967019258399
17782,2017,11,2017-11-01T00:00:00,Zambia,Siavonga,87.95867815360138
17783,2017,12,2017-12-01T00:00:00,Zambia,Siavonga,146.7429304867729
17784,2018,1,2018-01-01T00:00:00,Zambia,Siavonga,66.39857713808154
17785,2018,2,2018-02-01T00:00:00,Zambia,Siavonga,344.604458819979
17786,2018,3,2018-03-01T00:00:00,Zambia,Siavonga,98.14471614475065
17794,2018,11,2018-11-01T00:00:00,Zambia,Siavonga,25.809403168980666
17795,2018,12,2018-12-01T00:00:00,Zambia,Siavonga,88.79230155286294
17796,2019,1,2019-01-01T00:00:00,Zambia,Siavonga,184.30496542071182
17797,2019,2,2019-02-01T00:00:00,Zambia,Siavonga,90.31859473088512
17798,2019,3,2019-03-01T00:00:00,Zambia,Siavonga,10.844892774197273
17806,2019,11,2019-11-01T00:00:00,Zambia,Siavonga,78.88777896349701
17807,2019,12,2019-12-01T00:00:00,Zambia,Siavonga,42.88017733579487
17808,2020,1,2020-01-01T00:00:00,Zambia,Siavonga,278.18677807193245
17809,2020,2,2020-02-01T00:00:00,Zambia,Siavonga,237.842866813122
17810,2020,3,2020-03-01T00:00:00,Zambia,Siavonga,31.211478761769342
17818,2020,11,2020-11-01T00:00:00,Zambia,Siavonga,41.04609610629273
17819,2020,12,2020-12-01T00:00:00,Zambia,Siavonga,220.09649353060718
17820,2021,1,2021-01-01T00:00:00,Zambia,Siavonga,222.36969847618195
17821,2021,2,2021-02-01T00:00:00,Zambia,Siavonga,149.63019740055577
17822,2021,3,2021-03-01T00:00:00,Zambia,Siavonga,56.37750068680898
17830,2021,11,2021-11-01T00:00:00,Zambia,Siavonga,45.48168291181486
17831,2021,12,2021-12-01T00:00:00,Zambia,Siavonga,84.49249367427538
17832,2022,1,2022-01-01T00:00:00,Zambia,Siavonga,396.2297384436101
17833,2022,2,2022-02-01T00:00:00,Zambia,Siavonga,77.0801847672805
17834,2022,3,2022-03-01T00:00:00,Zambia,Siavonga,57.55632269099623
17842,2022,11,2022-11-01T00:00:00,Zambia,Siavonga,78.51209424671822
17843,2022,12,2022-12-01T00:00:00,Zambia,Siavonga,102.83450683181978
17844,2023,1,2023-01-01T00:00:00,Zambia,Siavonga,267.7313919416374
17845,2023,2,2023-02-01T00:00:00,Zambia,Siavonga,131.08808501592853
17846,2023,3,2023-03-01T00:00:00,Zambia,Siavonga,43.132235616610636
17854,2023,11,2023-11-01T00:00:00,Zambia,Siavonga,20.12538686408014
17855,2023,12,2023-12-01T00:00:00,Zambia,Siavonga,202.77507331452205
17856,2000,1,2000-01-01T00:00:00,Zambia,Sinazongwe,161.84359265430967
17857,2000,2,2000-02-01T00:00:00,Zambia,Sinazongwe,236.77686234864825
17858,2000,3,2000-03-01T00:00:00,Zambia,Sinazongwe,149.06849459001822
17866,2000,11,2000-11-01T00:00:00,Zambia,Sinazongwe,62.53525478765131
17867,2000,12,2000-12-01T00:00:00,Zambia,Sinazongwe,149.2085744687868
17868,2001,1,2001-01-01T00:00:00,Zambia,Sinazongwe,120.54048042909109
17869,2001,2,2001-02-01T00:00:00,Zambia,Sinazongwe,338.9333362052933
17870,2001,3,2001-03-01T00:00:00,Zambia,Sinazongwe,145.59866661107773
17878,2001,11,2001-11-01T00:00:00,Zambia,Sinazongwe,81.25975008546597
17879,2001,12,2001-12-01T00:00:00,Zambia,Sinazongwe,143.08189268058587
17880,2002,1,2002-01-01T00:00:00,Zambia,Sinazongwe,93.99451611836324
17881,2002,2,2002-02-01T00:00:00,Zambia,Sinazongwe,64.82119941347844
17882,2002,3,2002-03-01T00:00:00,Zambia,Sinazongwe,34.74672409155312
17890,2002,11,2002-11-01T00:00:00,Zambia,Sinazongwe,31.349863369637138
17891,2002,12,2002-12-01T00:00:00,Zambia,Sinazongwe,98.93073572566104
17892,2003,1,2003-01-01T00:00:00,Zambia,Sinazongwe,98.37452834179403
17893,2003,2,2003-02-01T00:00:00,Zambia,Sinazongwe,130.85850371426895
17894,2003,3,2003-03-01T00:00:00,Zambia,Sinazongwe,119.84952739811665
17902,2003,11,2003-11-01T00:00:00,Zambia,Sinazongwe,38.58409665702911
17903,2003,12,2003-12-01T00:00:00,Zambia,Sinazongwe,125.20334392778176
17904,2004,1,2004-01-01T00:00:00,Zambia,Sinazongwe,198.87943746943034
17905,2004,2,2004-02-01T00:00:00,Zambia,Sinazongwe,163.71132051147057
17906,2004,3,2004-03-01T00:00:00,Zambia,Sinazongwe,198.66759249023167
17914,2004,11,2004-11-01T00:00:00,Zambia,Sinazongwe,26.104916377872833
17915,2004,12,2004-12-01T00:00:00,Zambia,Sinazongwe,166.2121585789898
17916,2005,1,2005-01-01T00:00:00,Zambia,Sinazongwe,181.1324509743645
17917,2005,2,2005-02-01T00:00:00,Zambia,Sinazongwe,54.93241736773955
17918,2005,3,2005-03-01T00:00:00,Zambia,Sinazongwe,37.39871769309332
17926,2005,11,2005-11-01T00:00:00,Zambia,Sinazongwe,55.39134599667526
17927,2005,12,2005-12-01T00:00:00,Zambia,Sinazongwe,224.70874418740107
17928,2006,1,2006-01-01T00:00:00,Zambia,Sinazongwe,214.35535639294392
17929,2006,2,2006-02-01T00:00:00,Zambia,Sinazongwe,244.6425762827864
17930,2006,3,2006-03-01T00:00:00,Zambia,Sinazongwe,128.6713921174471
17938,2006,11,2006-11-01T00:00:00,Zambia,Sinazongwe,63.66214584728579
17939,2006,12,2006-12-01T00:00:00,Zambia,Sinazongwe,162.53787399200132
17940,2007,1,2007-01-01T00:00:00,Zambia,Sinazongwe,263.34787556044733
17941,2007,2,2007-02-01T00:00:00,Zambia,Sinazongwe,86.3832882561887
17942,2007,3,2007-03-01T00:00:00,Zambia,Sinazongwe,65.94637995980956
17950,2007,11,2007-11-01T00:00:00,Zambia,Sinazongwe,77.36222151802342
17951,2007,12,2007-12-01T00:00:00,Zambia,Sinazongwe,382.99888372312546
17952,2008,1,2008-01-01T00:00:00,Zambia,Sinazongwe,390.42658562919144
17953,2008,2,2008-02-01T00:00:00,Zambia,Sinazongwe,65.02011723559404
17954,2008,3,2008-03-01T00:00:00,Zambia,Sinazongwe,81.992088861042
17962,2008,11,2008-11-01T00:00:00,Zambia,Sinazongwe,79.04249166490439
17963,2008,12,2008-12-01T00:00:00,Zambia,Sinazongwe,211.77368599002747
17964,2009,1,2009-01-01T00:00:00,Zambia,Sinazongwe,209.09412093928222
17965,2009,2,2009-02-01T00:00:00,Zambia,Sinazongwe,99.18674703089332
17966,2009,3,2009-03-01T00:00:00,Zambia,Sinazongwe,139.29470692435402
17974,2009,11,2009-11-01T00:00:00,Zambia,Sinazongwe,82.764253410474
17975,2009,12,2009-12-01T00:00:00,Zambia,Sinazongwe,136.42105988620193
17976,2010,1,2010-01-01T00:00:00,Zambia,Sinazongwe,155.29603613174206
17977,2010,2,2010-02-01T00:00:00,Zambia,Sinazongwe,260.2626538308698
17978,2010,3,2010-03-01T00:00:00,Zambia,Sinazongwe,144.59976926562925
17986,2010,11,2010-11-01T00:00:00,Zambia,Sinazongwe,81.2138625995288
17987,2010,12,2010-12-01T00:00:00,Zambia,Sinazongwe,197.43805763719678
17988,2011,1,2011-01-01T00:00:00,Zambia,Sinazongwe,210.54135618273787
17989,2011,2,2011-02-01T00:00:00,Zambia,Sinazongwe,78.1452293079043
17990,2011,3,2011-03-01T00:00:00,Zambia,Sinazongwe,89.55650054218678
17998,2011,11,2011-11-01T00:00:00,Zambia,Sinazongwe,67.29004951091183
17999,2011,12,2011-12-01T00:00:00,Zambia,Sinazongwe,141.18195869754507
18000,2012,1,2012-01-01T00:00:00,Zambia,Sinazongwe,144.42265431201002
18001,2012,2,2012-02-01T00:00:00,Zambia,Sinazongwe,117.17002658977869
18002,2012,3,2012-03-01T00:00:00,Zambia,Sinazongwe,85.31510941222719
18010,2012,11,2012-11-01T00:00:00,Zambia,Sinazongwe,51.6070646520326
18011,2012,12,2012-12-01T00:00:00,Zambia,Sinazongwe,225.57179281478255
18012,2013,1,2013-01-01T00:00:00,Zambia,Sinazongwe,235.13610512383602
18013,2013,2,2013-02-01T00:00:00,Zambia,Sinazongwe,127.86582372137212
18014,2013,3,2013-03-01T00:00:00,Zambia,Sinazongwe,56.592079204639695
18022,2013,11,2013-11-01T00:00:00,Zambia,Sinazongwe,34.10424362256042
18023,2013,12,2013-12-01T00:00:00,Zambia,Sinazongwe,222.33011582555244
18024,2014,1,2014-01-01T00:00:00,Zambia,Sinazongwe,233.25803181360894
18025,2014,2,2014-02-01T00:00:00,Zambia,Sinazongwe,149.56844958773468
18026,2014,3,2014-03-01T00:00:00,Zambia,Sinazongwe,61.62820699717554
18034,2014,11,2014-11-01T00:00:00,Zambia,Sinazongwe,33.69919810575825
18035,2014,12,2014-12-01T00:00:00,Zambia,Sinazongwe,225.12261358528573
18036,2015,1,2015-01-01T00:00:00,Zambia,Sinazongwe,174.8241252095494
18037,2015,2,2015-02-01T00:00:00,Zambia,Sinazongwe,101.08271371871551
18038,2015,3,2015-03-01T00:00:00,Zambia,Sinazongwe,53.86765019896736
18046,2015,11,2015-11-01T00:00:00,Zambia,Sinazongwe,35.04132949441169
18047,2015,12,2015-12-01T00:00:00,Zambia,Sinazongwe,90.84612636445067
18048,2016,1,2016-01-01T00:00:00,Zambia,Sinazongwe,152.57578679930555
18049,2016,2,2016-02-01T00:00:00,Zambia,Sinazongwe,147.7418653398416
18050,2016,3,2016-03-01T00:00:00,Zambia,Sinazongwe,139.87835868171305
18058,2016,11,2016-11-01T00:00:00,Zambia,Sinazongwe,73.748069529521
18059,2016,12,2016-12-01T00:00:00,Zambia,Sinazongwe,189.10203109044596
18060,2017,1,2017-01-01T00:00:00,Zambia,Sinazongwe,211.09113707419317
18061,2017,2,2017-02-01T00:00:00,Zambia,Sinazongwe,273.1636576225101
18062,2017,3,2017-03-01T00:00:00,Zambia,Sinazongwe,114.29208413936972
18070,2017,11,2017-11-01T00:00:00,Zambia,Sinazongwe,56.922406903201136
18071,2017,12,2017-12-01T00:00:00,Zambia,Sinazongwe,132.5918228940736
18072,2018,1,2018-01-01T00:00:00,Zambia,Sinazongwe,76.61894006364382
18073,2018,2,2018-02-01T00:00:00,Zambia,Sinazongwe,380.0292173676191
18074,2018,3,2018-03-01T00:00:00,Zambia,Sinazongwe,153.17615271390682
18082,2018,11,2018-11-01T00:00:00,Zambia,Sinazongwe,30.3272023709455
18083,2018,12,2018-12-01T00:00:00,Zambia,Sinazongwe,53.61804582296462
18084,2019,1,2019-01-01T00:00:00,Zambia,Sinazongwe,106.56439602758735
18085,2019,2,2019-02-01T00:00:00,Zambia,Sinazongwe,101.12684768616367
18086,2019,3,2019-03-01T00:00:00,Zambia,Sinazongwe,11.679984950261415
18094,2019,11,2019-11-01T00:00:00,Zambia,Sinazongwe,49.064999314520485
18095,2019,12,2019-12-01T00:00:00,Zambia,Sinazongwe,48.25792895911023
18096,2020,1,2020-01-01T00:00:00,Zambia,Sinazongwe,249.42026731564914
18097,2020,2,2020-02-01T00:00:00,Zambia,Sinazongwe,257.28011471237005
18098,2020,3,2020-03-01T00:00:00,Zambia,Sinazongwe,62.63633601208455
18106,2020,11,2020-11-01T00:00:00,Zambia,Sinazongwe,43.48913687744725
18107,2020,12,2020-12-01T00:00:00,Zambia,Sinazongwe,202.95240011726693
18108,2021,1,2021-01-01T00:00:00,Zambia,Sinazongwe,255.94035181989693
18109,2021,2,2021-02-01T00:00:00,Zambia,Sinazongwe,112.0107797866435
18110,2021,3,2021-03-01T00:00:00,Zambia,Sinazongwe,33.57788620739153
18118,2021,11,2021-11-01T00:00:00,Zambia,Sinazongwe,29.05480560714551
18119,2021,12,2021-12-01T00:00:00,Zambia,Sinazongwe,109.45907211024625
18120,2022,1,2022-01-01T00:00:00,Zambia,Sinazongwe,311.31580525322437
18121,2022,2,2022-02-01T00:00:00,Zambia,Sinazongwe,45.82330384199592
18122,2022,3,2022-03-01T00:00:00,Zambia,Sinazongwe,71.07402853156854
18130,2022,11,2022-11-01T00:00:00,Zambia,Sinazongwe,90.54355780033336
18131,2022,12,2022-12-01T00:00:00,Zambia,Sinazongwe,95.02493601457995
18132,2023,1,2023-01-01T00:00:00,Zambia,Sinazongwe,214.9912165370318
18133,2023,2,2023-02-01T00:00:00,Zambia,Sinazongwe,121.30823728881569
18134,2023,3,2023-03-01T00:00:00,Zambia,Sinazongwe,47.17825487700773
18142,2023,11,2023-11-01T00:00:00,Zambia,Sinazongwe,14.464742925186597
18143,2023,12,2023-12-01T00:00:00,Zambia,Sinazongwe,146.5300370801673
18144,2000,1,2000-01-01T00:00:00,Zambia,Kaoma,194.92290820711116
18145,2000,2,2000-02-01T00:00:00,Zambia,Kaoma,207.357444432058
18146,2000,3,2000-03-01T00:00:00,Zambia,Kaoma,206.68846084846777
18154,2000,11,2000-11-01T00:00:00,Zambia,Kaoma,81.92051592512762
18155,2000,12,2000-12-01T00:00:00,Zambia,Kaoma,193.5921181201547
18156,2001,1,2001-01-01T00:00:00,Zambia,Kaoma,199.00499181064595
18157,2001,2,2001-02-01T00:00:00,Zambia,Kaoma,301.99785871644735
18158,2001,3,2001-03-01T00:00:00,Zambia,Kaoma,152.86528766528022
18166,2001,11,2001-11-01T00:00:00,Zambia,Kaoma,145.78389340609152
18167,2001,12,2001-12-01T00:00:00,Zambia,Kaoma,145.52603821042473
18168,2002,1,2002-01-01T00:00:00,Zambia,Kaoma,166.26092739504818
18169,2002,2,2002-02-01T00:00:00,Zambia,Kaoma,103.72143361058345
18170,2002,3,2002-03-01T00:00:00,Zambia,Kaoma,62.80290033582332
18178,2002,11,2002-11-01T00:00:00,Zambia,Kaoma,96.53257658938858
18179,2002,12,2002-12-01T00:00:00,Zambia,Kaoma,185.04219507997175
18180,2003,1,2003-01-01T00:00:00,Zambia,Kaoma,180.31125291419812
18181,2003,2,2003-02-01T00:00:00,Zambia,Kaoma,152.05801498608372
18182,2003,3,2003-03-01T00:00:00,Zambia,Kaoma,177.64614654837894
18190,2003,11,2003-11-01T00:00:00,Zambia,Kaoma,111.88058622307683
18191,2003,12,2003-12-01T00:00:00,Zambia,Kaoma,204.51659280772577
18192,2004,1,2004-01-01T00:00:00,Zambia,Kaoma,258.54452397716244
18193,2004,2,2004-02-01T00:00:00,Zambia,Kaoma,199.2516474793078
18194,2004,3,2004-03-01T00:00:00,Zambia,Kaoma,260.6256218382807
18202,2004,11,2004-11-01T00:00:00,Zambia,Kaoma,59.12992946500769
18203,2004,12,2004-12-01T00:00:00,Zambia,Kaoma,161.17829884139883
18204,2005,1,2005-01-01T00:00:00,Zambia,Kaoma,193.2891646047546
18205,2005,2,2005-02-01T00:00:00,Zambia,Kaoma,96.12173146647253
18206,2005,3,2005-03-01T00:00:00,Zambia,Kaoma,154.9910596046245
18214,2005,11,2005-11-01T00:00:00,Zambia,Kaoma,111.06700901429981
18215,2005,12,2005-12-01T00:00:00,Zambia,Kaoma,202.59736622000844
18216,2006,1,2006-01-01T00:00:00,Zambia,Kaoma,221.60308283643624
18217,2006,2,2006-02-01T00:00:00,Zambia,Kaoma,223.47618161728903
18218,2006,3,2006-03-01T00:00:00,Zambia,Kaoma,163.66238656424923
18226,2006,11,2006-11-01T00:00:00,Zambia,Kaoma,156.36272262850275
18227,2006,12,2006-12-01T00:00:00,Zambia,Kaoma,246.69640453364156
18228,2007,1,2007-01-01T00:00:00,Zambia,Kaoma,310.9023996835599
18229,2007,2,2007-02-01T00:00:00,Zambia,Kaoma,219.1123838355744
18230,2007,3,2007-03-01T00:00:00,Zambia,Kaoma,90.6360850089538
18238,2007,11,2007-11-01T00:00:00,Zambia,Kaoma,141.10729272189465
18239,2007,12,2007-12-01T00:00:00,Zambia,Kaoma,253.27135509412025
18240,2008,1,2008-01-01T00:00:00,Zambia,Kaoma,377.3156145573698
18241,2008,2,2008-02-01T00:00:00,Zambia,Kaoma,151.55398876464773
18242,2008,3,2008-03-01T00:00:00,Zambia,Kaoma,102.62216293395777
18250,2008,11,2008-11-01T00:00:00,Zambia,Kaoma,224.90757374968268
18251,2008,12,2008-12-01T00:00:00,Zambia,Kaoma,189.44791419179666
18252,2009,1,2009-01-01T00:00:00,Zambia,Kaoma,273.3736194381131
18253,2009,2,2009-02-01T00:00:00,Zambia,Kaoma,162.2731214682165
18254,2009,3,2009-03-01T00:00:00,Zambia,Kaoma,170.98582297562862
18262,2009,11,2009-11-01T00:00:00,Zambia,Kaoma,155.7645292438693
18263,2009,12,2009-12-01T00:00:00,Zambia,Kaoma,156.40662791339545
18264,2010,1,2010-01-01T00:00:00,Zambia,Kaoma,204.0937027373958
18265,2010,2,2010-02-01T00:00:00,Zambia,Kaoma,208.5836064261142
18266,2010,3,2010-03-01T00:00:00,Zambia,Kaoma,203.1768749995681
18274,2010,11,2010-11-01T00:00:00,Zambia,Kaoma,134.5862240302647
18275,2010,12,2010-12-01T00:00:00,Zambia,Kaoma,325.1030555359696
18276,2011,1,2011-01-01T00:00:00,Zambia,Kaoma,293.49976288430736
18277,2011,2,2011-02-01T00:00:00,Zambia,Kaoma,146.0128753633381
18278,2011,3,2011-03-01T00:00:00,Zambia,Kaoma,197.08313946184856
18286,2011,11,2011-11-01T00:00:00,Zambia,Kaoma,150.19563815551652
18287,2011,12,2011-12-01T00:00:00,Zambia,Kaoma,219.94285253892664
18288,2012,1,2012-01-01T00:00:00,Zambia,Kaoma,196.6480378393825
18289,2012,2,2012-02-01T00:00:00,Zambia,Kaoma,160.59753490182302
18290,2012,3,2012-03-01T00:00:00,Zambia,Kaoma,113.37789560299947
18298,2012,11,2012-11-01T00:00:00,Zambia,Kaoma,116.96097606728605
18299,2012,12,2012-12-01T00:00:00,Zambia,Kaoma,214.58456513632726
18300,2013,1,2013-01-01T00:00:00,Zambia,Kaoma,217.03605452220845
18301,2013,2,2013-02-01T00:00:00,Zambia,Kaoma,208.2085486988679
18302,2013,3,2013-03-01T00:00:00,Zambia,Kaoma,73.85898655319414
18310,2013,11,2013-11-01T00:00:00,Zambia,Kaoma,99.05375623454894
18311,2013,12,2013-12-01T00:00:00,Zambia,Kaoma,228.16794969449413
18312,2014,1,2014-01-01T00:00:00,Zambia,Kaoma,177.74608341728427
18313,2014,2,2014-02-01T00:00:00,Zambia,Kaoma,125.95416951684875
18314,2014,3,2014-03-01T00:00:00,Zambia,Kaoma,146.78964686688244
18322,2014,11,2014-11-01T00:00:00,Zambia,Kaoma,75.67901686318936
18323,2014,12,2014-12-01T00:00:00,Zambia,Kaoma,160.84698327336017
18324,2015,1,2015-01-01T00:00:00,Zambia,Kaoma,218.22799052114377
18325,2015,2,2015-02-01T00:00:00,Zambia,Kaoma,109.96807898663621
18326,2015,3,2015-03-01T00:00:00,Zambia,Kaoma,77.8066515859862
18334,2015,11,2015-11-01T00:00:00,Zambia,Kaoma,75.97062831564493
18335,2015,12,2015-12-01T00:00:00,Zambia,Kaoma,147.75687953552233
18336,2016,1,2016-01-01T00:00:00,Zambia,Kaoma,204.85348644143554
18337,2016,2,2016-02-01T00:00:00,Zambia,Kaoma,174.74738140038022
18338,2016,3,2016-03-01T00:00:00,Zambia,Kaoma,178.5832879966801
18346,2016,11,2016-11-01T00:00:00,Zambia,Kaoma,95.3605235222859
18347,2016,12,2016-12-01T00:00:00,Zambia,Kaoma,197.15168957963905
18348,2017,1,2017-01-01T00:00:00,Zambia,Kaoma,252.1675916804014
18349,2017,2,2017-02-01T00:00:00,Zambia,Kaoma,293.2411057203772
18350,2017,3,2017-03-01T00:00:00,Zambia,Kaoma,132.88477491271587
18358,2017,11,2017-11-01T00:00:00,Zambia,Kaoma,98.44257070428648
18359,2017,12,2017-12-01T00:00:00,Zambia,Kaoma,169.54642796513346
18360,2018,1,2018-01-01T00:00:00,Zambia,Kaoma,93.88553123103506
18361,2018,2,2018-02-01T00:00:00,Zambia,Kaoma,282.81461861933445
18362,2018,3,2018-03-01T00:00:00,Zambia,Kaoma,181.42141523902146
18370,2018,11,2018-11-01T00:00:00,Zambia,Kaoma,52.42786935111894
18371,2018,12,2018-12-01T00:00:00,Zambia,Kaoma,112.92083198509953
18372,2019,1,2019-01-01T00:00:00,Zambia,Kaoma,178.41032260656047
18373,2019,2,2019-02-01T00:00:00,Zambia,Kaoma,182.77749113646794
18374,2019,3,2019-03-01T00:00:00,Zambia,Kaoma,49.31079126270036
18382,2019,11,2019-11-01T00:00:00,Zambia,Kaoma,64.14282825107658
18383,2019,12,2019-12-01T00:00:00,Zambia,Kaoma,91.23301950604903
18384,2020,1,2020-01-01T00:00:00,Zambia,Kaoma,262.8366495578355
18385,2020,2,2020-02-01T00:00:00,Zambia,Kaoma,200.6682087085684
18386,2020,3,2020-03-01T00:00:00,Zambia,Kaoma,236.45524566057932
18394,2020,11,2020-11-01T00:00:00,Zambia,Kaoma,113.23626371285485
18395,2020,12,2020-12-01T00:00:00,Zambia,Kaoma,198.8923759832794
18396,2021,1,2021-01-01T00:00:00,Zambia,Kaoma,260.0905517244963
18397,2021,2,2021-02-01T00:00:00,Zambia,Kaoma,142.1772321631566
18398,2021,3,2021-03-01T00:00:00,Zambia,Kaoma,69.6603736792878
18406,2021,11,2021-11-01T00:00:00,Zambia,Kaoma,49.80956220215939
18407,2021,12,2021-12-01T00:00:00,Zambia,Kaoma,111.5973695600793
18408,2022,1,2022-01-01T00:00:00,Zambia,Kaoma,299.4884840309141
18409,2022,2,2022-02-01T00:00:00,Zambia,Kaoma,109.3583920460792
18410,2022,3,2022-03-01T00:00:00,Zambia,Kaoma,170.5081969974533
18418,2022,11,2022-11-01T00:00:00,Zambia,Kaoma,128.69528413990696
18419,2022,12,2022-12-01T00:00:00,Zambia,Kaoma,131.22336169965075
18420,2023,1,2023-01-01T00:00:00,Zambia,Kaoma,264.9725427750243
18421,2023,2,2023-02-01T00:00:00,Zambia,Kaoma,126.52020863221951
18422,2023,3,2023-03-01T00:00:00,Zambia,Kaoma,75.63444128559632
18430,2023,11,2023-11-01T00:00:00,Zambia,Kaoma,27.27033915558651
18431,2023,12,2023-12-01T00:00:00,Zambia,Kaoma,153.4187405441606
18432,2000,1,2000-01-01T00:00:00,Zambia,Mongu,181.53528985734403
18433,2000,2,2000-02-01T00:00:00,Zambia,Mongu,187.2857015871382
18434,2000,3,2000-03-01T00:00:00,Zambia,Mongu,243.89714558098692
18442,2000,11,2000-11-01T00:00:00,Zambia,Mongu,73.89071192492015
18443,2000,12,2000-12-01T00:00:00,Zambia,Mongu,227.08959805437345
18444,2001,1,2001-01-01T00:00:00,Zambia,Mongu,183.41884539583268
18445,2001,2,2001-02-01T00:00:00,Zambia,Mongu,260.6313069236422
18446,2001,3,2001-03-01T00:00:00,Zambia,Mongu,150.5908040397314
18454,2001,11,2001-11-01T00:00:00,Zambia,Mongu,147.19515448427498
18455,2001,12,2001-12-01T00:00:00,Zambia,Mongu,135.66265213338403
18456,2002,1,2002-01-01T00:00:00,Zambia,Mongu,157.94644218980173
18457,2002,2,2002-02-01T00:00:00,Zambia,Mongu,149.36009260873772
18458,2002,3,2002-03-01T00:00:00,Zambia,Mongu,74.51146254890358
18466,2002,11,2002-11-01T00:00:00,Zambia,Mongu,98.48167698162462
18467,2002,12,2002-12-01T00:00:00,Zambia,Mongu,194.37251122639475
18468,2003,1,2003-01-01T00:00:00,Zambia,Mongu,195.1397094352343
18469,2003,2,2003-02-01T00:00:00,Zambia,Mongu,155.38017875216056
18470,2003,3,2003-03-01T00:00:00,Zambia,Mongu,165.4917043356678
18478,2003,11,2003-11-01T00:00:00,Zambia,Mongu,123.12136076669684
18479,2003,12,2003-12-01T00:00:00,Zambia,Mongu,212.9634749009415
18480,2004,1,2004-01-01T00:00:00,Zambia,Mongu,298.7470722250535
18481,2004,2,2004-02-01T00:00:00,Zambia,Mongu,175.13906091030404
18482,2004,3,2004-03-01T00:00:00,Zambia,Mongu,283.9288364944507
18490,2004,11,2004-11-01T00:00:00,Zambia,Mongu,55.260965428438666
18491,2004,12,2004-12-01T00:00:00,Zambia,Mongu,148.5348436132888
18492,2005,1,2005-01-01T00:00:00,Zambia,Mongu,173.33747433983052
18493,2005,2,2005-02-01T00:00:00,Zambia,Mongu,100.9164078156339
18494,2005,3,2005-03-01T00:00:00,Zambia,Mongu,173.23055157862862
18502,2005,11,2005-11-01T00:00:00,Zambia,Mongu,115.5264345951277
18503,2005,12,2005-12-01T00:00:00,Zambia,Mongu,181.61162981491793
18504,2006,1,2006-01-01T00:00:00,Zambia,Mongu,231.56894901859198
18505,2006,2,2006-02-01T00:00:00,Zambia,Mongu,204.10337748688863
18506,2006,3,2006-03-01T00:00:00,Zambia,Mongu,169.14389859940107
18514,2006,11,2006-11-01T00:00:00,Zambia,Mongu,141.31889541122416
18515,2006,12,2006-12-01T00:00:00,Zambia,Mongu,258.1851261009536
18516,2007,1,2007-01-01T00:00:00,Zambia,Mongu,285.77188348986647
18517,2007,2,2007-02-01T00:00:00,Zambia,Mongu,190.36136147347332
18518,2007,3,2007-03-01T00:00:00,Zambia,Mongu,102.57094257522158
18526,2007,11,2007-11-01T00:00:00,Zambia,Mongu,135.17891874679074
18527,2007,12,2007-12-01T00:00:00,Zambia,Mongu,250.7443760172276
18528,2008,1,2008-01-01T00:00:00,Zambia,Mongu,423.0754246383995
18529,2008,2,2008-02-01T00:00:00,Zambia,Mongu,174.249660846172
18530,2008,3,2008-03-01T00:00:00,Zambia,Mongu,106.33729070785198
18538,2008,11,2008-11-01T00:00:00,Zambia,Mongu,256.3691892191786
18539,2008,12,2008-12-01T00:00:00,Zambia,Mongu,226.70016747956763
18540,2009,1,2009-01-01T00:00:00,Zambia,Mongu,260.8665785762263
18541,2009,2,2009-02-01T00:00:00,Zambia,Mongu,167.28213981290466
18542,2009,3,2009-03-01T00:00:00,Zambia,Mongu,221.87515354056686
18550,2009,11,2009-11-01T00:00:00,Zambia,Mongu,164.24595435330278
18551,2009,12,2009-12-01T00:00:00,Zambia,Mongu,160.0111129813298
18552,2010,1,2010-01-01T00:00:00,Zambia,Mongu,233.64625609212786
18553,2010,2,2010-02-01T00:00:00,Zambia,Mongu,223.71321730524915
18554,2010,3,2010-03-01T00:00:00,Zambia,Mongu,227.2694403831233
18562,2010,11,2010-11-01T00:00:00,Zambia,Mongu,120.60250462887862
18563,2010,12,2010-12-01T00:00:00,Zambia,Mongu,361.4593501036572
18564,2011,1,2011-01-01T00:00:00,Zambia,Mongu,334.0242945741222
18565,2011,2,2011-02-01T00:00:00,Zambia,Mongu,176.33871018547302
18566,2011,3,2011-03-01T00:00:00,Zambia,Mongu,219.73041524705138
18574,2011,11,2011-11-01T00:00:00,Zambia,Mongu,156.09130251226176
18575,2011,12,2011-12-01T00:00:00,Zambia,Mongu,262.54594001220454
18576,2012,1,2012-01-01T00:00:00,Zambia,Mongu,178.60368301762165
18577,2012,2,2012-02-01T00:00:00,Zambia,Mongu,140.78721178813595
18578,2012,3,2012-03-01T00:00:00,Zambia,Mongu,106.66880128757614
18586,2012,11,2012-11-01T00:00:00,Zambia,Mongu,127.92109893256833
18587,2012,12,2012-12-01T00:00:00,Zambia,Mongu,274.92309210207947
18588,2013,1,2013-01-01T00:00:00,Zambia,Mongu,190.07881751991732
18589,2013,2,2013-02-01T00:00:00,Zambia,Mongu,205.88168063717953
18590,2013,3,2013-03-01T00:00:00,Zambia,Mongu,74.75015958924959
18598,2013,11,2013-11-01T00:00:00,Zambia,Mongu,101.36356062305721
18599,2013,12,2013-12-01T00:00:00,Zambia,Mongu,278.7609179544514
18600,2014,1,2014-01-01T00:00:00,Zambia,Mongu,175.24088978230873
18601,2014,2,2014-02-01T00:00:00,Zambia,Mongu,119.63804588776556
18602,2014,3,2014-03-01T00:00:00,Zambia,Mongu,197.80377002740926
18610,2014,11,2014-11-01T00:00:00,Zambia,Mongu,67.49413213400064
18611,2014,12,2014-12-01T00:00:00,Zambia,Mongu,151.29268084151946
18612,2015,1,2015-01-01T00:00:00,Zambia,Mongu,215.64654152089005
18613,2015,2,2015-02-01T00:00:00,Zambia,Mongu,86.19988683315465
18614,2015,3,2015-03-01T00:00:00,Zambia,Mongu,86.78723236294834
18622,2015,11,2015-11-01T00:00:00,Zambia,Mongu,84.98890316668229
18623,2015,12,2015-12-01T00:00:00,Zambia,Mongu,151.95048978781256
18624,2016,1,2016-01-01T00:00:00,Zambia,Mongu,206.364425971221
18625,2016,2,2016-02-01T00:00:00,Zambia,Mongu,184.24434577915335
18626,2016,3,2016-03-01T00:00:00,Zambia,Mongu,209.19455935340747
18634,2016,11,2016-11-01T00:00:00,Zambia,Mongu,112.50746718959641
18635,2016,12,2016-12-01T00:00:00,Zambia,Mongu,237.9588779316452
18636,2017,1,2017-01-01T00:00:00,Zambia,Mongu,228.40338427360072
18637,2017,2,2017-02-01T00:00:00,Zambia,Mongu,314.49770431250596
18638,2017,3,2017-03-01T00:00:00,Zambia,Mongu,186.21604357875646
18646,2017,11,2017-11-01T00:00:00,Zambia,Mongu,86.53356707203166
18647,2017,12,2017-12-01T00:00:00,Zambia,Mongu,207.49112787972481
18648,2018,1,2018-01-01T00:00:00,Zambia,Mongu,85.6957775274471
18649,2018,2,2018-02-01T00:00:00,Zambia,Mongu,263.7288599631015
18650,2018,3,2018-03-01T00:00:00,Zambia,Mongu,252.60619711250627
18658,2018,11,2018-11-01T00:00:00,Zambia,Mongu,44.34430506931372
18659,2018,12,2018-12-01T00:00:00,Zambia,Mongu,100.3931152605545
18660,2019,1,2019-01-01T00:00:00,Zambia,Mongu,143.55126246988206
18661,2019,2,2019-02-01T00:00:00,Zambia,Mongu,153.1596940920065
18662,2019,3,2019-03-01T00:00:00,Zambia,Mongu,40.14946195953526
18670,2019,11,2019-11-01T00:00:00,Zambia,Mongu,65.03654358331033
18671,2019,12,2019-12-01T00:00:00,Zambia,Mongu,88.28480067193499
18672,2020,1,2020-01-01T00:00:00,Zambia,Mongu,257.70643421626016
18673,2020,2,2020-02-01T00:00:00,Zambia,Mongu,226.1695164399614
18674,2020,3,2020-03-01T00:00:00,Zambia,Mongu,281.46877570335903
18682,2020,11,2020-11-01T00:00:00,Zambia,Mongu,116.50739860990966
18683,2020,12,2020-12-01T00:00:00,Zambia,Mongu,198.59044113338277
18684,2021,1,2021-01-01T00:00:00,Zambia,Mongu,238.299304222535
18685,2021,2,2021-02-01T00:00:00,Zambia,Mongu,102.4361807241513
18686,2021,3,2021-03-01T00:00:00,Zambia,Mongu,81.51779109588593
18694,2021,11,2021-11-01T00:00:00,Zambia,Mongu,51.73543534439095
18695,2021,12,2021-12-01T00:00:00,Zambia,Mongu,132.083506505422
18696,2022,1,2022-01-01T00:00:00,Zambia,Mongu,258.4763824898577
18697,2022,2,2022-02-01T00:00:00,Zambia,Mongu,182.4950604752875
18698,2022,3,2022-03-01T00:00:00,Zambia,Mongu,242.69563413568295
18706,2022,11,2022-11-01T00:00:00,Zambia,Mongu,114.84468614615457
18707,2022,12,2022-12-01T00:00:00,Zambia,Mongu,112.16335963045404
18708,2023,1,2023-01-01T00:00:00,Zambia,Mongu,223.03075043054557
18709,2023,2,2023-02-01T00:00:00,Zambia,Mongu,91.60123486869306
18710,2023,3,2023-03-01T00:00:00,Zambia,Mongu,71.19776684703011
18718,2023,11,2023-11-01T00:00:00,Zambia,Mongu,42.89039246416626
18719,2023,12,2023-12-01T00:00:00,Zambia,Mongu,136.00170433857397
18720,2000,1,2000-01-01T00:00:00,Zambia,Sesheke,167.94001407262508
18721,2000,2,2000-02-01T00:00:00,Zambia,Sesheke,227.06469941682607
18722,2000,3,2000-03-01T00:00:00,Zambia,Sesheke,169.25965174701105
18730,2000,11,2000-11-01T00:00:00,Zambia,Sesheke,61.33069129171556
18731,2000,12,2000-12-01T00:00:00,Zambia,Sesheke,165.99751076369506
18732,2001,1,2001-01-01T00:00:00,Zambia,Sesheke,88.86440754642383
18733,2001,2,2001-02-01T00:00:00,Zambia,Sesheke,267.0521018443125
18734,2001,3,2001-03-01T00:00:00,Zambia,Sesheke,133.8158731765482
18742,2001,11,2001-11-01T00:00:00,Zambia,Sesheke,123.940971666754
18743,2001,12,2001-12-01T00:00:00,Zambia,Sesheke,121.36741132646392
18744,2002,1,2002-01-01T00:00:00,Zambia,Sesheke,110.80327997449379
18745,2002,2,2002-02-01T00:00:00,Zambia,Sesheke,78.33789110519093
18746,2002,3,2002-03-01T00:00:00,Zambia,Sesheke,44.98426214117606
18754,2002,11,2002-11-01T00:00:00,Zambia,Sesheke,55.52093571828732
18755,2002,12,2002-12-01T00:00:00,Zambia,Sesheke,121.55025318414971
18756,2003,1,2003-01-01T00:00:00,Zambia,Sesheke,123.4900274234918
18757,2003,2,2003-02-01T00:00:00,Zambia,Sesheke,124.70525362494499
18758,2003,3,2003-03-01T00:00:00,Zambia,Sesheke,77.33600330739671
18766,2003,11,2003-11-01T00:00:00,Zambia,Sesheke,68.35335697356003
18767,2003,12,2003-12-01T00:00:00,Zambia,Sesheke,155.34856129244255
18768,2004,1,2004-01-01T00:00:00,Zambia,Sesheke,224.9209596430583
18769,2004,2,2004-02-01T00:00:00,Zambia,Sesheke,178.35515463886458
18770,2004,3,2004-03-01T00:00:00,Zambia,Sesheke,245.38840580017003
18778,2004,11,2004-11-01T00:00:00,Zambia,Sesheke,36.214924853731
18779,2004,12,2004-12-01T00:00:00,Zambia,Sesheke,177.45269146601797
18780,2005,1,2005-01-01T00:00:00,Zambia,Sesheke,152.75010029236446
18781,2005,2,2005-02-01T00:00:00,Zambia,Sesheke,61.12476575596477
18782,2005,3,2005-03-01T00:00:00,Zambia,Sesheke,88.36852408604358
18790,2005,11,2005-11-01T00:00:00,Zambia,Sesheke,102.55340724147966
18791,2005,12,2005-12-01T00:00:00,Zambia,Sesheke,190.48684065648712
18792,2006,1,2006-01-01T00:00:00,Zambia,Sesheke,203.89292922111102
18793,2006,2,2006-02-01T00:00:00,Zambia,Sesheke,227.7289772274419
18794,2006,3,2006-03-01T00:00:00,Zambia,Sesheke,125.03629125879714
18802,2006,11,2006-11-01T00:00:00,Zambia,Sesheke,119.14251248577185
18803,2006,12,2006-12-01T00:00:00,Zambia,Sesheke,199.27903655897703
18804,2007,1,2007-01-01T00:00:00,Zambia,Sesheke,232.8508118746311
18805,2007,2,2007-02-01T00:00:00,Zambia,Sesheke,125.06354121536786
18806,2007,3,2007-03-01T00:00:00,Zambia,Sesheke,76.552783720205
18814,2007,11,2007-11-01T00:00:00,Zambia,Sesheke,111.98991963068495
18815,2007,12,2007-12-01T00:00:00,Zambia,Sesheke,276.2376361306317
18816,2008,1,2008-01-01T00:00:00,Zambia,Sesheke,433.8756299171813
18817,2008,2,2008-02-01T00:00:00,Zambia,Sesheke,129.03171756915262
18818,2008,3,2008-03-01T00:00:00,Zambia,Sesheke,85.53784309108879
18826,2008,11,2008-11-01T00:00:00,Zambia,Sesheke,219.752820084737
18827,2008,12,2008-12-01T00:00:00,Zambia,Sesheke,187.33457456778888
18828,2009,1,2009-01-01T00:00:00,Zambia,Sesheke,220.23874505972307
18829,2009,2,2009-02-01T00:00:00,Zambia,Sesheke,106.00945831063741
18830,2009,3,2009-03-01T00:00:00,Zambia,Sesheke,178.77734250336317
18838,2009,11,2009-11-01T00:00:00,Zambia,Sesheke,125.14993503217782
18839,2009,12,2009-12-01T00:00:00,Zambia,Sesheke,135.72608571561858
18840,2010,1,2010-01-01T00:00:00,Zambia,Sesheke,192.13961240509238
18841,2010,2,2010-02-01T00:00:00,Zambia,Sesheke,155.01068298421663
18842,2010,3,2010-03-01T00:00:00,Zambia,Sesheke,184.90625387873084
18850,2010,11,2010-11-01T00:00:00,Zambia,Sesheke,96.30199340037699
18851,2010,12,2010-12-01T00:00:00,Zambia,Sesheke,181.91668804576895
18852,2011,1,2011-01-01T00:00:00,Zambia,Sesheke,227.70821148248413
18853,2011,2,2011-02-01T00:00:00,Zambia,Sesheke,115.85213710559188
18854,2011,3,2011-03-01T00:00:00,Zambia,Sesheke,162.11544540140898
18862,2011,11,2011-11-01T00:00:00,Zambia,Sesheke,110.02097709847078
18863,2011,12,2011-12-01T00:00:00,Zambia,Sesheke,177.9497880740795
18864,2012,1,2012-01-01T00:00:00,Zambia,Sesheke,135.6576567391516
18865,2012,2,2012-02-01T00:00:00,Zambia,Sesheke,131.79548034770085
18866,2012,3,2012-03-01T00:00:00,Zambia,Sesheke,74.97667308319959
18874,2012,11,2012-11-01T00:00:00,Zambia,Sesheke,95.28881684430407
18875,2012,12,2012-12-01T00:00:00,Zambia,Sesheke,244.2050487535945
18876,2013,1,2013-01-01T00:00:00,Zambia,Sesheke,199.3604285898187
18877,2013,2,2013-02-01T00:00:00,Zambia,Sesheke,109.75544434897614
18878,2013,3,2013-03-01T00:00:00,Zambia,Sesheke,40.36224865242749
18886,2013,11,2013-11-01T00:00:00,Zambia,Sesheke,71.61260061686984
18887,2013,12,2013-12-01T00:00:00,Zambia,Sesheke,215.8282144112921
18888,2014,1,2014-01-01T00:00:00,Zambia,Sesheke,186.25820591067966
18889,2014,2,2014-02-01T00:00:00,Zambia,Sesheke,111.53204898278577
18890,2014,3,2014-03-01T00:00:00,Zambia,Sesheke,178.4134075767833
18898,2014,11,2014-11-01T00:00:00,Zambia,Sesheke,62.486853003160796
18899,2014,12,2014-12-01T00:00:00,Zambia,Sesheke,152.6861270423426
18900,2015,1,2015-01-01T00:00:00,Zambia,Sesheke,169.14596939553525
18901,2015,2,2015-02-01T00:00:00,Zambia,Sesheke,67.31078081974759
18902,2015,3,2015-03-01T00:00:00,Zambia,Sesheke,44.45633926599642
18910,2015,11,2015-11-01T00:00:00,Zambia,Sesheke,52.58581885320227
18911,2015,12,2015-12-01T00:00:00,Zambia,Sesheke,106.30648034378521
18912,2016,1,2016-01-01T00:00:00,Zambia,Sesheke,132.36346316218174
18913,2016,2,2016-02-01T00:00:00,Zambia,Sesheke,127.2181936173275
18914,2016,3,2016-03-01T00:00:00,Zambia,Sesheke,203.2628578743407
18922,2016,11,2016-11-01T00:00:00,Zambia,Sesheke,86.0656283280662
18923,2016,12,2016-12-01T00:00:00,Zambia,Sesheke,231.41800048362714
18924,2017,1,2017-01-01T00:00:00,Zambia,Sesheke,246.8059342990985
18925,2017,2,2017-02-01T00:00:00,Zambia,Sesheke,231.11218133634753
18926,2017,3,2017-03-01T00:00:00,Zambia,Sesheke,133.20005863909006
18934,2017,11,2017-11-01T00:00:00,Zambia,Sesheke,53.660294616287956
18935,2017,12,2017-12-01T00:00:00,Zambia,Sesheke,133.90069436688648
18936,2018,1,2018-01-01T00:00:00,Zambia,Sesheke,76.51501491726822
18937,2018,2,2018-02-01T00:00:00,Zambia,Sesheke,294.04082195918954
18938,2018,3,2018-03-01T00:00:00,Zambia,Sesheke,186.52532667188683
18946,2018,11,2018-11-01T00:00:00,Zambia,Sesheke,40.069187920625765
18947,2018,12,2018-12-01T00:00:00,Zambia,Sesheke,63.06841043926754
18948,2019,1,2019-01-01T00:00:00,Zambia,Sesheke,93.3657242711393
18949,2019,2,2019-02-01T00:00:00,Zambia,Sesheke,133.81931032683167
18950,2019,3,2019-03-01T00:00:00,Zambia,Sesheke,14.574029311935028
18958,2019,11,2019-11-01T00:00:00,Zambia,Sesheke,48.30834053768621
18959,2019,12,2019-12-01T00:00:00,Zambia,Sesheke,42.000705226781676
18960,2020,1,2020-01-01T00:00:00,Zambia,Sesheke,227.2140096701271
18961,2020,2,2020-02-01T00:00:00,Zambia,Sesheke,162.6426660780298
18962,2020,3,2020-03-01T00:00:00,Zambia,Sesheke,185.64647283994472
18970,2020,11,2020-11-01T00:00:00,Zambia,Sesheke,96.67081198789094
18971,2020,12,2020-12-01T00:00:00,Zambia,Sesheke,197.70844625099647
18972,2021,1,2021-01-01T00:00:00,Zambia,Sesheke,241.89480333182865
18973,2021,2,2021-02-01T00:00:00,Zambia,Sesheke,82.76128117057216
18974,2021,3,2021-03-01T00:00:00,Zambia,Sesheke,29.3741674364927
18982,2021,11,2021-11-01T00:00:00,Zambia,Sesheke,29.5806108797317
18983,2021,12,2021-12-01T00:00:00,Zambia,Sesheke,158.08881583194244
18984,2022,1,2022-01-01T00:00:00,Zambia,Sesheke,261.4741956118716
18985,2022,2,2022-02-01T00:00:00,Zambia,Sesheke,97.06849448844596
18986,2022,3,2022-03-01T00:00:00,Zambia,Sesheke,165.02958939494707
18994,2022,11,2022-11-01T00:00:00,Zambia,Sesheke,78.34768454823666
18995,2022,12,2022-12-01T00:00:00,Zambia,Sesheke,75.63695873229783
18996,2023,1,2023-01-01T00:00:00,Zambia,Sesheke,139.9549691683158
18997,2023,2,2023-02-01T00:00:00,Zambia,Sesheke,82.9295335930864
18998,2023,3,2023-03-01T00:00:00,Zambia,Sesheke,47.5861314216498
19006,2023,11,2023-11-01T00:00:00,Zambia,Sesheke,18.78545515095897
19007,2023,12,2023-12-01T00:00:00,Zambia,Sesheke,127.1981059753358
19008,2000,1,2000-01-01T00:00:00,Zambia,Chavuma,139.87823583405174
19009,2000,2,2000-02-01T00:00:00,Zambia,Chavuma,145.23967860735542
19010,2000,3,2000-03-01T00:00:00,Zambia,Chavuma,233.68358301330395
19018,2000,11,2000-11-01T00:00:00,Zambia,Chavuma,96.68219240114858
19019,2000,12,2000-12-01T00:00:00,Zambia,Chavuma,189.51779891877248
19020,2001,1,2001-01-01T00:00:00,Zambia,Chavuma,183.33314853136343
19021,2001,2,2001-02-01T00:00:00,Zambia,Chavuma,175.32480797739186
19022,2001,3,2001-03-01T00:00:00,Zambia,Chavuma,183.74787142262434
19030,2001,11,2001-11-01T00:00:00,Zambia,Chavuma,156.64106883120402
19031,2001,12,2001-12-01T00:00:00,Zambia,Chavuma,152.99135913924238
19032,2002,1,2002-01-01T00:00:00,Zambia,Chavuma,170.42405913672854
19033,2002,2,2002-02-01T00:00:00,Zambia,Chavuma,150.97057381798675
19034,2002,3,2002-03-01T00:00:00,Zambia,Chavuma,90.83881107921694
19042,2002,11,2002-11-01T00:00:00,Zambia,Chavuma,127.87076906629291
19043,2002,12,2002-12-01T00:00:00,Zambia,Chavuma,274.58374319371234
19044,2003,1,2003-01-01T00:00:00,Zambia,Chavuma,159.17783650041127
19045,2003,2,2003-02-01T00:00:00,Zambia,Chavuma,160.88391112509936
19046,2003,3,2003-03-01T00:00:00,Zambia,Chavuma,182.03977774524864
19054,2003,11,2003-11-01T00:00:00,Zambia,Chavuma,114.62436421062135
19055,2003,12,2003-12-01T00:00:00,Zambia,Chavuma,176.01039653595146
19056,2004,1,2004-01-01T00:00:00,Zambia,Chavuma,236.52354449781325
19057,2004,2,2004-02-01T00:00:00,Zambia,Chavuma,164.0953874815385
19058,2004,3,2004-03-01T00:00:00,Zambia,Chavuma,271.4076027223542
19066,2004,11,2004-11-01T00:00:00,Zambia,Chavuma,76.08724203250033
19067,2004,12,2004-12-01T00:00:00,Zambia,Chavuma,168.98263296258543
19068,2005,1,2005-01-01T00:00:00,Zambia,Chavuma,187.06442892265363
19069,2005,2,2005-02-01T00:00:00,Zambia,Chavuma,125.07068916749249
19070,2005,3,2005-03-01T00:00:00,Zambia,Chavuma,154.57004420730695
19078,2005,11,2005-11-01T00:00:00,Zambia,Chavuma,122.14786014613479
19079,2005,12,2005-12-01T00:00:00,Zambia,Chavuma,169.90992695751595
19080,2006,1,2006-01-01T00:00:00,Zambia,Chavuma,178.89238226220448
19081,2006,2,2006-02-01T00:00:00,Zambia,Chavuma,138.45440239463102
19082,2006,3,2006-03-01T00:00:00,Zambia,Chavuma,135.1600149617316
19090,2006,11,2006-11-01T00:00:00,Zambia,Chavuma,140.47090586116016
19091,2006,12,2006-12-01T00:00:00,Zambia,Chavuma,205.45003345123573
19092,2007,1,2007-01-01T00:00:00,Zambia,Chavuma,205.7563243291634
19093,2007,2,2007-02-01T00:00:00,Zambia,Chavuma,154.8611535823856
19094,2007,3,2007-03-01T00:00:00,Zambia,Chavuma,123.45469992966072
19102,2007,11,2007-11-01T00:00:00,Zambia,Chavuma,150.00705434997292
19103,2007,12,2007-12-01T00:00:00,Zambia,Chavuma,205.2778784492208
19104,2008,1,2008-01-01T00:00:00,Zambia,Chavuma,200.94899092183311
19105,2008,2,2008-02-01T00:00:00,Zambia,Chavuma,154.66349782249048
19106,2008,3,2008-03-01T00:00:00,Zambia,Chavuma,112.26324315782674
19114,2008,11,2008-11-01T00:00:00,Zambia,Chavuma,289.7752505495645
19115,2008,12,2008-12-01T00:00:00,Zambia,Chavuma,201.11284006725836
19116,2009,1,2009-01-01T00:00:00,Zambia,Chavuma,210.684344438522
19117,2009,2,2009-02-01T00:00:00,Zambia,Chavuma,172.38794699715208
19118,2009,3,2009-03-01T00:00:00,Zambia,Chavuma,184.06788827477783
19126,2009,11,2009-11-01T00:00:00,Zambia,Chavuma,203.39924727774107
19127,2009,12,2009-12-01T00:00:00,Zambia,Chavuma,168.51903858281813
19128,2010,1,2010-01-01T00:00:00,Zambia,Chavuma,159.87037225533726
19129,2010,2,2010-02-01T00:00:00,Zambia,Chavuma,201.29599486333075
19130,2010,3,2010-03-01T00:00:00,Zambia,Chavuma,189.75410884643765
19138,2010,11,2010-11-01T00:00:00,Zambia,Chavuma,169.71187730591404
19139,2010,12,2010-12-01T00:00:00,Zambia,Chavuma,306.4060184662379
19140,2011,1,2011-01-01T00:00:00,Zambia,Chavuma,223.81859467066047
19141,2011,2,2011-02-01T00:00:00,Zambia,Chavuma,154.7731402832904
19142,2011,3,2011-03-01T00:00:00,Zambia,Chavuma,211.5981362519538
19150,2011,11,2011-11-01T00:00:00,Zambia,Chavuma,160.9833408437085
19151,2011,12,2011-12-01T00:00:00,Zambia,Chavuma,212.9419129243276
19152,2012,1,2012-01-01T00:00:00,Zambia,Chavuma,229.98425825100182
19153,2012,2,2012-02-01T00:00:00,Zambia,Chavuma,142.83032443701833
19154,2012,3,2012-03-01T00:00:00,Zambia,Chavuma,119.73162698399886
19162,2012,11,2012-11-01T00:00:00,Zambia,Chavuma,142.1309703361241
19163,2012,12,2012-12-01T00:00:00,Zambia,Chavuma,218.1609168185392
19164,2013,1,2013-01-01T00:00:00,Zambia,Chavuma,173.18620529085737
19165,2013,2,2013-02-01T00:00:00,Zambia,Chavuma,184.89038778437595
19166,2013,3,2013-03-01T00:00:00,Zambia,Chavuma,115.07207293957596
19174,2013,11,2013-11-01T00:00:00,Zambia,Chavuma,156.57408111345092
19175,2013,12,2013-12-01T00:00:00,Zambia,Chavuma,223.91590152413178
19176,2014,1,2014-01-01T00:00:00,Zambia,Chavuma,226.4202208708652
19177,2014,2,2014-02-01T00:00:00,Zambia,Chavuma,150.57978965562057
19178,2014,3,2014-03-01T00:00:00,Zambia,Chavuma,271.5733594867349
19186,2014,11,2014-11-01T00:00:00,Zambia,Chavuma,99.1132313149325
19187,2014,12,2014-12-01T00:00:00,Zambia,Chavuma,166.72080208323192
19188,2015,1,2015-01-01T00:00:00,Zambia,Chavuma,201.87999048238294
19189,2015,2,2015-02-01T00:00:00,Zambia,Chavuma,99.74469906252756
19190,2015,3,2015-03-01T00:00:00,Zambia,Chavuma,147.2453554553369
19198,2015,11,2015-11-01T00:00:00,Zambia,Chavuma,157.43775660832708
19199,2015,12,2015-12-01T00:00:00,Zambia,Chavuma,161.74607452692084
19200,2016,1,2016-01-01T00:00:00,Zambia,Chavuma,202.81938109949274
19201,2016,2,2016-02-01T00:00:00,Zambia,Chavuma,162.5156645938741
19202,2016,3,2016-03-01T00:00:00,Zambia,Chavuma,200.135825147504
19210,2016,11,2016-11-01T00:00:00,Zambia,Chavuma,169.88826787247555
19211,2016,12,2016-12-01T00:00:00,Zambia,Chavuma,169.8516098593061
19212,2017,1,2017-01-01T00:00:00,Zambia,Chavuma,132.47921209804548
19213,2017,2,2017-02-01T00:00:00,Zambia,Chavuma,321.4947233605495
19214,2017,3,2017-03-01T00:00:00,Zambia,Chavuma,164.19403316630442
19222,2017,11,2017-11-01T00:00:00,Zambia,Chavuma,140.71656316044854
19223,2017,12,2017-12-01T00:00:00,Zambia,Chavuma,259.68830938713205
19224,2018,1,2018-01-01T00:00:00,Zambia,Chavuma,145.0403727380041
19225,2018,2,2018-02-01T00:00:00,Zambia,Chavuma,244.90915575647085
19226,2018,3,2018-03-01T00:00:00,Zambia,Chavuma,196.39137696138516
19234,2018,11,2018-11-01T00:00:00,Zambia,Chavuma,88.04571082958826
19235,2018,12,2018-12-01T00:00:00,Zambia,Chavuma,123.77788739479067
19236,2019,1,2019-01-01T00:00:00,Zambia,Chavuma,243.51587474373463
19237,2019,2,2019-02-01T00:00:00,Zambia,Chavuma,149.00011581916425
19238,2019,3,2019-03-01T00:00:00,Zambia,Chavuma,93.15221354444331
19246,2019,11,2019-11-01T00:00:00,Zambia,Chavuma,128.48805095853763
19247,2019,12,2019-12-01T00:00:00,Zambia,Chavuma,124.55144590919458
19248,2020,1,2020-01-01T00:00:00,Zambia,Chavuma,257.903319142178
19249,2020,2,2020-02-01T00:00:00,Zambia,Chavuma,228.58970924648685
19250,2020,3,2020-03-01T00:00:00,Zambia,Chavuma,317.3303662471936
19258,2020,11,2020-11-01T00:00:00,Zambia,Chavuma,132.82195755581515
19259,2020,12,2020-12-01T00:00:00,Zambia,Chavuma,180.32985704303573
19260,2021,1,2021-01-01T00:00:00,Zambia,Chavuma,165.76680104721368
19261,2021,2,2021-02-01T00:00:00,Zambia,Chavuma,179.60765650494605
19262,2021,3,2021-03-01T00:00:00,Zambia,Chavuma,152.09394409443243
19270,2021,11,2021-11-01T00:00:00,Zambia,Chavuma,95.36233726630506
19271,2021,12,2021-12-01T00:00:00,Zambia,Chavuma,147.02452066100417
19272,2022,1,2022-01-01T00:00:00,Zambia,Chavuma,143.11678491156871
19273,2022,2,2022-02-01T00:00:00,Zambia,Chavuma,164.28690671091994
19274,2022,3,2022-03-01T00:00:00,Zambia,Chavuma,231.101492469766
19282,2022,11,2022-11-01T00:00:00,Zambia,Chavuma,205.77356809273806
19283,2022,12,2022-12-01T00:00:00,Zambia,Chavuma,169.70554215224138
19284,2023,1,2023-01-01T00:00:00,Zambia,Chavuma,224.71942876348467
19285,2023,2,2023-02-01T00:00:00,Zambia,Chavuma,99.58986506544198
19286,2023,3,2023-03-01T00:00:00,Zambia,Chavuma,136.72961537540795
19294,2023,11,2023-11-01T00:00:00,Zambia,Chavuma,109.81955247325006
19295,2023,12,2023-12-01T00:00:00,Zambia,Chavuma,155.57360834460286
19296,2000,1,2000-01-01T00:00:00,Zambia,Zambezi,157.33659335728692
19297,2000,2,2000-02-01T00:00:00,Zambia,Zambezi,161.39143828248328
19298,2000,3,2000-03-01T00:00:00,Zambia,Zambezi,213.60371750936852
19306,2000,11,2000-11-01T00:00:00,Zambia,Zambezi,92.44491485256991
19307,2000,12,2000-12-01T00:00:00,Zambia,Zambezi,200.1867230014362
19308,2001,1,2001-01-01T00:00:00,Zambia,Zambezi,211.9376553046342
19309,2001,2,2001-02-01T00:00:00,Zambia,Zambezi,217.05699265756334
19310,2001,3,2001-03-01T00:00:00,Zambia,Zambezi,165.73976230577676
19318,2001,11,2001-11-01T00:00:00,Zambia,Zambezi,159.95686440701476
19319,2001,12,2001-12-01T00:00:00,Zambia,Zambezi,168.5720707001238
19320,2002,1,2002-01-01T00:00:00,Zambia,Zambezi,198.48037290454903
19321,2002,2,2002-02-01T00:00:00,Zambia,Zambezi,171.18419498411896
19322,2002,3,2002-03-01T00:00:00,Zambia,Zambezi,77.17611282824853
19330,2002,11,2002-11-01T00:00:00,Zambia,Zambezi,126.1405921862857
19331,2002,12,2002-12-01T00:00:00,Zambia,Zambezi,295.8940056005332
19332,2003,1,2003-01-01T00:00:00,Zambia,Zambezi,177.28561000562866
19333,2003,2,2003-02-01T00:00:00,Zambia,Zambezi,179.36240097932983
19334,2003,3,2003-03-01T00:00:00,Zambia,Zambezi,182.52950013748054
19342,2003,11,2003-11-01T00:00:00,Zambia,Zambezi,130.01147417067565
19343,2003,12,2003-12-01T00:00:00,Zambia,Zambezi,209.01413401022378
19344,2004,1,2004-01-01T00:00:00,Zambia,Zambezi,265.41875422571906
19345,2004,2,2004-02-01T00:00:00,Zambia,Zambezi,164.80634304418982
19346,2004,3,2004-03-01T00:00:00,Zambia,Zambezi,236.37443258241817
19354,2004,11,2004-11-01T00:00:00,Zambia,Zambezi,72.11103525682334
19355,2004,12,2004-12-01T00:00:00,Zambia,Zambezi,166.15034934613
19356,2005,1,2005-01-01T00:00:00,Zambia,Zambezi,177.74122921153614
19357,2005,2,2005-02-01T00:00:00,Zambia,Zambezi,143.8083192802602
19358,2005,3,2005-03-01T00:00:00,Zambia,Zambezi,159.63877837506948
19366,2005,11,2005-11-01T00:00:00,Zambia,Zambezi,111.61191254311181
19367,2005,12,2005-12-01T00:00:00,Zambia,Zambezi,182.11673744851925
19368,2006,1,2006-01-01T00:00:00,Zambia,Zambezi,207.31207995877128
19369,2006,2,2006-02-01T00:00:00,Zambia,Zambezi,156.16476121561854
19370,2006,3,2006-03-01T00:00:00,Zambia,Zambezi,153.33956437958406
19378,2006,11,2006-11-01T00:00:00,Zambia,Zambezi,141.58918021835967
19379,2006,12,2006-12-01T00:00:00,Zambia,Zambezi,246.4971797094311
19380,2007,1,2007-01-01T00:00:00,Zambia,Zambezi,232.27114492184518
19381,2007,2,2007-02-01T00:00:00,Zambia,Zambezi,176.47954256176791
19382,2007,3,2007-03-01T00:00:00,Zambia,Zambezi,108.50647954976266
19390,2007,11,2007-11-01T00:00:00,Zambia,Zambezi,144.34630711030997
19391,2007,12,2007-12-01T00:00:00,Zambia,Zambezi,215.176899286879
19392,2008,1,2008-01-01T00:00:00,Zambia,Zambezi,235.67233862399593
19393,2008,2,2008-02-01T00:00:00,Zambia,Zambezi,189.97266506898984
19394,2008,3,2008-03-01T00:00:00,Zambia,Zambezi,105.28865271588582
19402,2008,11,2008-11-01T00:00:00,Zambia,Zambezi,292.39029190937873
19403,2008,12,2008-12-01T00:00:00,Zambia,Zambezi,229.27264014312885
19404,2009,1,2009-01-01T00:00:00,Zambia,Zambezi,218.76463649943634
19405,2009,2,2009-02-01T00:00:00,Zambia,Zambezi,176.58663598609908
19406,2009,3,2009-03-01T00:00:00,Zambia,Zambezi,170.23325095031547
19414,2009,11,2009-11-01T00:00:00,Zambia,Zambezi,197.16124989530692
19415,2009,12,2009-12-01T00:00:00,Zambia,Zambezi,201.07530308748906
19416,2010,1,2010-01-01T00:00:00,Zambia,Zambezi,188.38456006955212
19417,2010,2,2010-02-01T00:00:00,Zambia,Zambezi,227.79664470991656
19418,2010,3,2010-03-01T00:00:00,Zambia,Zambezi,184.76869254981332
19426,2010,11,2010-11-01T00:00:00,Zambia,Zambezi,165.24969336731849
19427,2010,12,2010-12-01T00:00:00,Zambia,Zambezi,364.98172138098033
19428,2011,1,2011-01-01T00:00:00,Zambia,Zambezi,235.5544395815543
19429,2011,2,2011-02-01T00:00:00,Zambia,Zambezi,173.00983664989604
19430,2011,3,2011-03-01T00:00:00,Zambia,Zambezi,186.12660377079553
19438,2011,11,2011-11-01T00:00:00,Zambia,Zambezi,150.4891524377024
19439,2011,12,2011-12-01T00:00:00,Zambia,Zambezi,226.66538460756658
19440,2012,1,2012-01-01T00:00:00,Zambia,Zambezi,217.59792933966156
19441,2012,2,2012-02-01T00:00:00,Zambia,Zambezi,159.7785499421715
19442,2012,3,2012-03-01T00:00:00,Zambia,Zambezi,120.62521027228642
19450,2012,11,2012-11-01T00:00:00,Zambia,Zambezi,144.78097728825793
19451,2012,12,2012-12-01T00:00:00,Zambia,Zambezi,226.12564748470925
19452,2013,1,2013-01-01T00:00:00,Zambia,Zambezi,194.08124484169878
19453,2013,2,2013-02-01T00:00:00,Zambia,Zambezi,219.70232434986772
19454,2013,3,2013-03-01T00:00:00,Zambia,Zambezi,108.61480493779877
19462,2013,11,2013-11-01T00:00:00,Zambia,Zambezi,144.44765129103746
19463,2013,12,2013-12-01T00:00:00,Zambia,Zambezi,246.55867645261628
19464,2014,1,2014-01-01T00:00:00,Zambia,Zambezi,216.10045991361048
19465,2014,2,2014-02-01T00:00:00,Zambia,Zambezi,174.80079144083925
19466,2014,3,2014-03-01T00:00:00,Zambia,Zambezi,237.71972596819367
19474,2014,11,2014-11-01T00:00:00,Zambia,Zambezi,87.3403679940385
19475,2014,12,2014-12-01T00:00:00,Zambia,Zambezi,184.45615125177343
19476,2015,1,2015-01-01T00:00:00,Zambia,Zambezi,198.19250638234217
19477,2015,2,2015-02-01T00:00:00,Zambia,Zambezi,115.2654391625973
19478,2015,3,2015-03-01T00:00:00,Zambia,Zambezi,114.21230404453266
19486,2015,11,2015-11-01T00:00:00,Zambia,Zambezi,146.51809596048392
19487,2015,12,2015-12-01T00:00:00,Zambia,Zambezi,182.7740568971819
19488,2016,1,2016-01-01T00:00:00,Zambia,Zambezi,208.82987027000064
19489,2016,2,2016-02-01T00:00:00,Zambia,Zambezi,187.3499771768125
19490,2016,3,2016-03-01T00:00:00,Zambia,Zambezi,165.90287537457985
19498,2016,11,2016-11-01T00:00:00,Zambia,Zambezi,145.73366921488818
19499,2016,12,2016-12-01T00:00:00,Zambia,Zambezi,176.97064026795408
19500,2017,1,2017-01-01T00:00:00,Zambia,Zambezi,149.36866683284202
19501,2017,2,2017-02-01T00:00:00,Zambia,Zambezi,358.4242019438281
19502,2017,3,2017-03-01T00:00:00,Zambia,Zambezi,139.80214556387133
19510,2017,11,2017-11-01T00:00:00,Zambia,Zambezi,125.47977789140342
19511,2017,12,2017-12-01T00:00:00,Zambia,Zambezi,258.33950034794134
19512,2018,1,2018-01-01T00:00:00,Zambia,Zambezi,129.7414923317514
19513,2018,2,2018-02-01T00:00:00,Zambia,Zambezi,262.02119052137544
19514,2018,3,2018-03-01T00:00:00,Zambia,Zambezi,192.4169961262022
19522,2018,11,2018-11-01T00:00:00,Zambia,Zambezi,66.44989358848585
19523,2018,12,2018-12-01T00:00:00,Zambia,Zambezi,130.5408974196856
19524,2019,1,2019-01-01T00:00:00,Zambia,Zambezi,259.8865295081705
19525,2019,2,2019-02-01T00:00:00,Zambia,Zambezi,156.0150426405095
19526,2019,3,2019-03-01T00:00:00,Zambia,Zambezi,76.31744561993295
19534,2019,11,2019-11-01T00:00:00,Zambia,Zambezi,114.5431021370079
19535,2019,12,2019-12-01T00:00:00,Zambia,Zambezi,119.1558966130525
19536,2020,1,2020-01-01T00:00:00,Zambia,Zambezi,258.88667970540416
19537,2020,2,2020-02-01T00:00:00,Zambia,Zambezi,245.44400077078134
19538,2020,3,2020-03-01T00:00:00,Zambia,Zambezi,290.5996338497925
19546,2020,11,2020-11-01T00:00:00,Zambia,Zambezi,117.91458201864553
19547,2020,12,2020-12-01T00:00:00,Zambia,Zambezi,157.83217088709412
19548,2021,1,2021-01-01T00:00:00,Zambia,Zambezi,204.37244853569973
19549,2021,2,2021-02-01T00:00:00,Zambia,Zambezi,194.41667831880304
19550,2021,3,2021-03-01T00:00:00,Zambia,Zambezi,117.57194555699681
19558,2021,11,2021-11-01T00:00:00,Zambia,Zambezi,87.46706195902682
19559,2021,12,2021-12-01T00:00:00,Zambia,Zambezi,156.7033993007192
19560,2022,1,2022-01-01T00:00:00,Zambia,Zambezi,167.41163797407702
19561,2022,2,2022-02-01T00:00:00,Zambia,Zambezi,162.00141239294496
19562,2022,3,2022-03-01T00:00:00,Zambia,Zambezi,220.9358329982306
19570,2022,11,2022-11-01T00:00:00,Zambia,Zambezi,184.5338085579786
19571,2022,12,2022-12-01T00:00:00,Zambia,Zambezi,174.00013825632413
19572,2023,1,2023-01-01T00:00:00,Zambia,Zambezi,239.29434690700506
19573,2023,2,2023-02-01T00:00:00,Zambia,Zambezi,97.29652661874668
19574,2023,3,2023-03-01T00:00:00,Zambia,Zambezi,111.74757667441288
19582,2023,11,2023-11-01T00:00:00,Zambia,Zambezi,87.83727318312579
19583,2023,12,2023-12-01T00:00:00,Zambia,Zambezi,136.14790474949476
19584,2000,1,2000-01-01T00:00:00,Zambia,Kalabo,201.85622671412236
19585,2000,2,2000-02-01T00:00:00,Zambia,Kalabo,195.7003822723125
19586,2000,3,2000-03-01T00:00:00,Zambia,Kalabo,279.1569830829817
19594,2000,11,2000-11-01T00:00:00,Zambia,Kalabo,65.89487895310592
19595,2000,12,2000-12-01T00:00:00,Zambia,Kalabo,234.24473389008065
19596,2001,1,2001-01-01T00:00:00,Zambia,Kalabo,153.05144928511424
19597,2001,2,2001-02-01T00:00:00,Zambia,Kalabo,275.3697793885672
19598,2001,3,2001-03-01T00:00:00,Zambia,Kalabo,201.90434246666985
19606,2001,11,2001-11-01T00:00:00,Zambia,Kalabo,161.34392370422466
19607,2001,12,2001-12-01T00:00:00,Zambia,Kalabo,126.55513241745362
19608,2002,1,2002-01-01T00:00:00,Zambia,Kalabo,168.7215678713482
19609,2002,2,2002-02-01T00:00:00,Zambia,Kalabo,140.9075130005144
19610,2002,3,2002-03-01T00:00:00,Zambia,Kalabo,79.6572600474349
19618,2002,11,2002-11-01T00:00:00,Zambia,Kalabo,90.18690263314359
19619,2002,12,2002-12-01T00:00:00,Zambia,Kalabo,211.56265034145687
19620,2003,1,2003-01-01T00:00:00,Zambia,Kalabo,178.62708243061618
19621,2003,2,2003-02-01T00:00:00,Zambia,Kalabo,167.30324794899718
19622,2003,3,2003-03-01T00:00:00,Zambia,Kalabo,164.88730733174836
19630,2003,11,2003-11-01T00:00:00,Zambia,Kalabo,114.14658302563795
19631,2003,12,2003-12-01T00:00:00,Zambia,Kalabo,218.57369199699818
19632,2004,1,2004-01-01T00:00:00,Zambia,Kalabo,308.47384758855117
19633,2004,2,2004-02-01T00:00:00,Zambia,Kalabo,197.0266468538272
19634,2004,3,2004-03-01T00:00:00,Zambia,Kalabo,369.3270954105655
19642,2004,11,2004-11-01T00:00:00,Zambia,Kalabo,61.86783262593561
19643,2004,12,2004-12-01T00:00:00,Zambia,Kalabo,130.52857168406257
19644,2005,1,2005-01-01T00:00:00,Zambia,Kalabo,168.52655136969432
19645,2005,2,2005-02-01T00:00:00,Zambia,Kalabo,117.49721109614315
19646,2005,3,2005-03-01T00:00:00,Zambia,Kalabo,201.8890848056811
19654,2005,11,2005-11-01T00:00:00,Zambia,Kalabo,129.1498135248863
19655,2005,12,2005-12-01T00:00:00,Zambia,Kalabo,178.8203624040964
19656,2006,1,2006-01-01T00:00:00,Zambia,Kalabo,219.4537903411044
19657,2006,2,2006-02-01T00:00:00,Zambia,Kalabo,209.2792133001377
19658,2006,3,2006-03-01T00:00:00,Zambia,Kalabo,208.7909190491135
19666,2006,11,2006-11-01T00:00:00,Zambia,Kalabo,137.28018900435137
19667,2006,12,2006-12-01T00:00:00,Zambia,Kalabo,294.5559347572021
19668,2007,1,2007-01-01T00:00:00,Zambia,Kalabo,312.29476272418646
19669,2007,2,2007-02-01T00:00:00,Zambia,Kalabo,192.36950130601863
19670,2007,3,2007-03-01T00:00:00,Zambia,Kalabo,117.53986820176836
19678,2007,11,2007-11-01T00:00:00,Zambia,Kalabo,134.52823706729006
19679,2007,12,2007-12-01T00:00:00,Zambia,Kalabo,244.44298844143864
19680,2008,1,2008-01-01T00:00:00,Zambia,Kalabo,460.21972638582054
19681,2008,2,2008-02-01T00:00:00,Zambia,Kalabo,203.3538276864998
19682,2008,3,2008-03-01T00:00:00,Zambia,Kalabo,114.67632636560229
19690,2008,11,2008-11-01T00:00:00,Zambia,Kalabo,291.89115720447023
19691,2008,12,2008-12-01T00:00:00,Zambia,Kalabo,252.8340043508532
19692,2009,1,2009-01-01T00:00:00,Zambia,Kalabo,254.27739798983512
19693,2009,2,2009-02-01T00:00:00,Zambia,Kalabo,169.7971068732474
19694,2009,3,2009-03-01T00:00:00,Zambia,Kalabo,295.7320630584858
19702,2009,11,2009-11-01T00:00:00,Zambia,Kalabo,195.91727178135756
19703,2009,12,2009-12-01T00:00:00,Zambia,Kalabo,159.24580222012347
19704,2010,1,2010-01-01T00:00:00,Zambia,Kalabo,234.5034804018624
19705,2010,2,2010-02-01T00:00:00,Zambia,Kalabo,223.09908095845717
19706,2010,3,2010-03-01T00:00:00,Zambia,Kalabo,237.31558895509164
19714,2010,11,2010-11-01T00:00:00,Zambia,Kalabo,143.9591484448397
19715,2010,12,2010-12-01T00:00:00,Zambia,Kalabo,326.84776607762575
19716,2011,1,2011-01-01T00:00:00,Zambia,Kalabo,319.1370583476835
19717,2011,2,2011-02-01T00:00:00,Zambia,Kalabo,175.3051415011641
19718,2011,3,2011-03-01T00:00:00,Zambia,Kalabo,343.88676219810554
19726,2011,11,2011-11-01T00:00:00,Zambia,Kalabo,168.3679893583947
19727,2011,12,2011-12-01T00:00:00,Zambia,Kalabo,276.3246155504496
19728,2012,1,2012-01-01T00:00:00,Zambia,Kalabo,223.6908099007964
19729,2012,2,2012-02-01T00:00:00,Zambia,Kalabo,163.756233146661
19730,2012,3,2012-03-01T00:00:00,Zambia,Kalabo,135.50568069064585
19738,2012,11,2012-11-01T00:00:00,Zambia,Kalabo,137.68076107783713
19739,2012,12,2012-12-01T00:00:00,Zambia,Kalabo,308.26967844135214
19740,2013,1,2013-01-01T00:00:00,Zambia,Kalabo,198.14042505311883
19741,2013,2,2013-02-01T00:00:00,Zambia,Kalabo,236.2663493324757
19742,2013,3,2013-03-01T00:00:00,Zambia,Kalabo,83.71069870744222
19750,2013,11,2013-11-01T00:00:00,Zambia,Kalabo,119.09406897674582
19751,2013,12,2013-12-01T00:00:00,Zambia,Kalabo,307.9069616219504
19752,2014,1,2014-01-01T00:00:00,Zambia,Kalabo,206.77952998232826
19753,2014,2,2014-02-01T00:00:00,Zambia,Kalabo,122.89384264547192
19754,2014,3,2014-03-01T00:00:00,Zambia,Kalabo,222.03171533009325
19762,2014,11,2014-11-01T00:00:00,Zambia,Kalabo,76.2808080868668
19763,2014,12,2014-12-01T00:00:00,Zambia,Kalabo,146.06704279640059
19764,2015,1,2015-01-01T00:00:00,Zambia,Kalabo,178.14354776581024
19765,2015,2,2015-02-01T00:00:00,Zambia,Kalabo,82.12145981351854
19766,2015,3,2015-03-01T00:00:00,Zambia,Kalabo,103.12591339946773
19774,2015,11,2015-11-01T00:00:00,Zambia,Kalabo,100.41036499668358
19775,2015,12,2015-12-01T00:00:00,Zambia,Kalabo,141.43512339462467
19776,2016,1,2016-01-01T00:00:00,Zambia,Kalabo,216.52960211596528
19777,2016,2,2016-02-01T00:00:00,Zambia,Kalabo,158.4034583206983
19778,2016,3,2016-03-01T00:00:00,Zambia,Kalabo,226.26427958462935
19786,2016,11,2016-11-01T00:00:00,Zambia,Kalabo,141.58596612029993
19787,2016,12,2016-12-01T00:00:00,Zambia,Kalabo,225.04797178889697
19788,2017,1,2017-01-01T00:00:00,Zambia,Kalabo,220.24663169111273
19789,2017,2,2017-02-01T00:00:00,Zambia,Kalabo,392.23172601390155
19790,2017,3,2017-03-01T00:00:00,Zambia,Kalabo,194.74375366719644
19798,2017,11,2017-11-01T00:00:00,Zambia,Kalabo,91.79973336168369
19799,2017,12,2017-12-01T00:00:00,Zambia,Kalabo,238.2111214561215
19800,2018,1,2018-01-01T00:00:00,Zambia,Kalabo,84.87195942466366
19801,2018,2,2018-02-01T00:00:00,Zambia,Kalabo,259.8769174992468
19802,2018,3,2018-03-01T00:00:00,Zambia,Kalabo,298.40536999048317
19810,2018,11,2018-11-01T00:00:00,Zambia,Kalabo,45.756763561782925
19811,2018,12,2018-12-01T00:00:00,Zambia,Kalabo,107.27821683526469
19812,2019,1,2019-01-01T00:00:00,Zambia,Kalabo,146.50047540398202
19813,2019,2,2019-02-01T00:00:00,Zambia,Kalabo,143.7256214196975
19814,2019,3,2019-03-01T00:00:00,Zambia,Kalabo,51.36055578358834
19822,2019,11,2019-11-01T00:00:00,Zambia,Kalabo,68.98064188807817
19823,2019,12,2019-12-01T00:00:00,Zambia,Kalabo,116.49106681197217
19824,2020,1,2020-01-01T00:00:00,Zambia,Kalabo,258.19037951927623
19825,2020,2,2020-02-01T00:00:00,Zambia,Kalabo,226.66072686318668
19826,2020,3,2020-03-01T00:00:00,Zambia,Kalabo,267.5239045172505
19834,2020,11,2020-11-01T00:00:00,Zambia,Kalabo,147.71355258018562
19835,2020,12,2020-12-01T00:00:00,Zambia,Kalabo,219.49969867116516
19836,2021,1,2021-01-01T00:00:00,Zambia,Kalabo,270.70628930130295
19837,2021,2,2021-02-01T00:00:00,Zambia,Kalabo,137.27741078729906
19838,2021,3,2021-03-01T00:00:00,Zambia,Kalabo,106.55475043876999
19846,2021,11,2021-11-01T00:00:00,Zambia,Kalabo,60.23626414404428
19847,2021,12,2021-12-01T00:00:00,Zambia,Kalabo,155.4485280706466
19848,2022,1,2022-01-01T00:00:00,Zambia,Kalabo,225.12482630466323
19849,2022,2,2022-02-01T00:00:00,Zambia,Kalabo,239.55603866276118
19850,2022,3,2022-03-01T00:00:00,Zambia,Kalabo,333.90777196361364
19858,2022,11,2022-11-01T00:00:00,Zambia,Kalabo,124.1724596196624
19859,2022,12,2022-12-01T00:00:00,Zambia,Kalabo,122.91610863268674
19860,2023,1,2023-01-01T00:00:00,Zambia,Kalabo,205.62585147607652
19861,2023,2,2023-02-01T00:00:00,Zambia,Kalabo,84.69843944192523
19862,2023,3,2023-03-01T00:00:00,Zambia,Kalabo,84.2188116140174
19870,2023,11,2023-11-01T00:00:00,Zambia,Kalabo,57.878278711039954
19871,2023,12,2023-12-01T00:00:00,Zambia,Kalabo,137.36619190621084
19872,2000,1,2000-01-01T00:00:00,Zambia,Lukulu,185.57508331126027
19873,2000,2,2000-02-01T00:00:00,Zambia,Lukulu,175.97476804116457
19874,2000,3,2000-03-01T00:00:00,Zambia,Lukulu,226.57307166655434
19882,2000,11,2000-11-01T00:00:00,Zambia,Lukulu,87.94182182746457
19883,2000,12,2000-12-01T00:00:00,Zambia,Lukulu,201.55129409283808
19884,2001,1,2001-01-01T00:00:00,Zambia,Lukulu,215.41530072300216
19885,2001,2,2001-02-01T00:00:00,Zambia,Lukulu,229.8636229910445
19886,2001,3,2001-03-01T00:00:00,Zambia,Lukulu,159.29975344719196
19894,2001,11,2001-11-01T00:00:00,Zambia,Lukulu,161.24301022294134
19895,2001,12,2001-12-01T00:00:00,Zambia,Lukulu,144.9771557155521
19896,2002,1,2002-01-01T00:00:00,Zambia,Lukulu,199.2073220539996
19897,2002,2,2002-02-01T00:00:00,Zambia,Lukulu,158.198784272225
19898,2002,3,2002-03-01T00:00:00,Zambia,Lukulu,67.72526270472603
19906,2002,11,2002-11-01T00:00:00,Zambia,Lukulu,114.22063403940832
19907,2002,12,2002-12-01T00:00:00,Zambia,Lukulu,226.64667062063734
19908,2003,1,2003-01-01T00:00:00,Zambia,Lukulu,179.04079637129854
19909,2003,2,2003-02-01T00:00:00,Zambia,Lukulu,169.7161027571254
19910,2003,3,2003-03-01T00:00:00,Zambia,Lukulu,178.78309263049528
19918,2003,11,2003-11-01T00:00:00,Zambia,Lukulu,135.507030188929
19919,2003,12,2003-12-01T00:00:00,Zambia,Lukulu,203.47030253830388
19920,2004,1,2004-01-01T00:00:00,Zambia,Lukulu,282.4629042338485
19921,2004,2,2004-02-01T00:00:00,Zambia,Lukulu,162.5561046300531
19922,2004,3,2004-03-01T00:00:00,Zambia,Lukulu,256.30067563249105
19930,2004,11,2004-11-01T00:00:00,Zambia,Lukulu,68.83308688436604
19931,2004,12,2004-12-01T00:00:00,Zambia,Lukulu,136.43780433029542
19932,2005,1,2005-01-01T00:00:00,Zambia,Lukulu,184.38336280067566
19933,2005,2,2005-02-01T00:00:00,Zambia,Lukulu,127.24675838536862
19934,2005,3,2005-03-01T00:00:00,Zambia,Lukulu,173.2523400144189
19942,2005,11,2005-11-01T00:00:00,Zambia,Lukulu,117.17588803293232
19943,2005,12,2005-12-01T00:00:00,Zambia,Lukulu,179.378337169851
19944,2006,1,2006-01-01T00:00:00,Zambia,Lukulu,214.7371876782898
19945,2006,2,2006-02-01T00:00:00,Zambia,Lukulu,163.2315166008713
19946,2006,3,2006-03-01T00:00:00,Zambia,Lukulu,171.8464458434197
19954,2006,11,2006-11-01T00:00:00,Zambia,Lukulu,143.71413445639143
19955,2006,12,2006-12-01T00:00:00,Zambia,Lukulu,258.66927037225037
19956,2007,1,2007-01-01T00:00:00,Zambia,Lukulu,258.636611443771
19957,2007,2,2007-02-01T00:00:00,Zambia,Lukulu,197.20630243099342
19958,2007,3,2007-03-01T00:00:00,Zambia,Lukulu,100.20708921349365
19966,2007,11,2007-11-01T00:00:00,Zambia,Lukulu,151.29936663978341
19967,2007,12,2007-12-01T00:00:00,Zambia,Lukulu,205.26075829721267
19968,2008,1,2008-01-01T00:00:00,Zambia,Lukulu,301.55002938871894
19969,2008,2,2008-02-01T00:00:00,Zambia,Lukulu,188.81554107008967
19970,2008,3,2008-03-01T00:00:00,Zambia,Lukulu,103.69780843727521
19978,2008,11,2008-11-01T00:00:00,Zambia,Lukulu,295.4210046804142
19979,2008,12,2008-12-01T00:00:00,Zambia,Lukulu,223.3461008392425
19980,2009,1,2009-01-01T00:00:00,Zambia,Lukulu,233.76138380818784
19981,2009,2,2009-02-01T00:00:00,Zambia,Lukulu,192.7512314223933
19982,2009,3,2009-03-01T00:00:00,Zambia,Lukulu,184.47836749889441
19990,2009,11,2009-11-01T00:00:00,Zambia,Lukulu,193.4408648604565
19991,2009,12,2009-12-01T00:00:00,Zambia,Lukulu,185.28426891200684
19992,2010,1,2010-01-01T00:00:00,Zambia,Lukulu,197.77151133719784
19993,2010,2,2010-02-01T00:00:00,Zambia,Lukulu,222.7977872311947
19994,2010,3,2010-03-01T00:00:00,Zambia,Lukulu,195.28612342815734
20002,2010,11,2010-11-01T00:00:00,Zambia,Lukulu,159.25480112839927
20003,2010,12,2010-12-01T00:00:00,Zambia,Lukulu,352.26402172449207
20004,2011,1,2011-01-01T00:00:00,Zambia,Lukulu,277.9732050934798
20005,2011,2,2011-02-01T00:00:00,Zambia,Lukulu,162.0414229428032
20006,2011,3,2011-03-01T00:00:00,Zambia,Lukulu,203.35816552325815
20014,2011,11,2011-11-01T00:00:00,Zambia,Lukulu,156.51136264816387
20015,2011,12,2011-12-01T00:00:00,Zambia,Lukulu,243.63924884341466
20016,2012,1,2012-01-01T00:00:00,Zambia,Lukulu,211.12947794674838
20017,2012,2,2012-02-01T00:00:00,Zambia,Lukulu,147.12854003079443
20018,2012,3,2012-03-01T00:00:00,Zambia,Lukulu,106.92303249607669
20026,2012,11,2012-11-01T00:00:00,Zambia,Lukulu,146.79861754330517
20027,2012,12,2012-12-01T00:00:00,Zambia,Lukulu,227.83568768358018
20028,2013,1,2013-01-01T00:00:00,Zambia,Lukulu,189.52106958976177
20029,2013,2,2013-02-01T00:00:00,Zambia,Lukulu,224.0773350570664
20030,2013,3,2013-03-01T00:00:00,Zambia,Lukulu,77.54744708347712
20038,2013,11,2013-11-01T00:00:00,Zambia,Lukulu,135.03274815499057
20039,2013,12,2013-12-01T00:00:00,Zambia,Lukulu,258.8322985751308
20040,2014,1,2014-01-01T00:00:00,Zambia,Lukulu,201.49606487000776
20041,2014,2,2014-02-01T00:00:00,Zambia,Lukulu,142.39186868409124
20042,2014,3,2014-03-01T00:00:00,Zambia,Lukulu,207.26558568064397
20050,2014,11,2014-11-01T00:00:00,Zambia,Lukulu,83.63760625599639
20051,2014,12,2014-12-01T00:00:00,Zambia,Lukulu,170.03889970845486
20052,2015,1,2015-01-01T00:00:00,Zambia,Lukulu,194.36178887036567
20053,2015,2,2015-02-01T00:00:00,Zambia,Lukulu,111.71951162328608
20054,2015,3,2015-03-01T00:00:00,Zambia,Lukulu,90.94586257187694
20062,2015,11,2015-11-01T00:00:00,Zambia,Lukulu,106.33933967872717
20063,2015,12,2015-12-01T00:00:00,Zambia,Lukulu,169.31956611475215
20064,2016,1,2016-01-01T00:00:00,Zambia,Lukulu,227.22653286408752
20065,2016,2,2016-02-01T00:00:00,Zambia,Lukulu,165.70183918057594
20066,2016,3,2016-03-01T00:00:00,Zambia,Lukulu,172.67275257581173
20074,2016,11,2016-11-01T00:00:00,Zambia,Lukulu,127.69738220031309
20075,2016,12,2016-12-01T00:00:00,Zambia,Lukulu,186.75058649729425
20076,2017,1,2017-01-01T00:00:00,Zambia,Lukulu,184.72744149904696
20077,2017,2,2017-02-01T00:00:00,Zambia,Lukulu,347.49193264100995
20078,2017,3,2017-03-01T00:00:00,Zambia,Lukulu,140.40182961545196
20086,2017,11,2017-11-01T00:00:00,Zambia,Lukulu,116.2347594001092
20087,2017,12,2017-12-01T00:00:00,Zambia,Lukulu,224.20096530628592
20088,2018,1,2018-01-01T00:00:00,Zambia,Lukulu,112.97053005475215
20089,2018,2,2018-02-01T00:00:00,Zambia,Lukulu,253.4105145048287
20090,2018,3,2018-03-01T00:00:00,Zambia,Lukulu,214.46939712964848
20098,2018,11,2018-11-01T00:00:00,Zambia,Lukulu,57.86278744388318
20099,2018,12,2018-12-01T00:00:00,Zambia,Lukulu,118.8542784091659
20100,2019,1,2019-01-01T00:00:00,Zambia,Lukulu,229.448109606351
20101,2019,2,2019-02-01T00:00:00,Zambia,Lukulu,171.15889783566138
20102,2019,3,2019-03-01T00:00:00,Zambia,Lukulu,60.190784817112736
20110,2019,11,2019-11-01T00:00:00,Zambia,Lukulu,93.3493518070567
20111,2019,12,2019-12-01T00:00:00,Zambia,Lukulu,120.77654013060757
20112,2020,1,2020-01-01T00:00:00,Zambia,Lukulu,259.031592512492
20113,2020,2,2020-02-01T00:00:00,Zambia,Lukulu,219.36611513908403
20114,2020,3,2020-03-01T00:00:00,Zambia,Lukulu,266.0476581366623
20122,2020,11,2020-11-01T00:00:00,Zambia,Lukulu,127.37489982575218
20123,2020,12,2020-12-01T00:00:00,Zambia,Lukulu,173.59783108985425
20124,2021,1,2021-01-01T00:00:00,Zambia,Lukulu,232.98982175971798
20125,2021,2,2021-02-01T00:00:00,Zambia,Lukulu,157.28411984152865
20126,2021,3,2021-03-01T00:00:00,Zambia,Lukulu,93.57721548217408
20134,2021,11,2021-11-01T00:00:00,Zambia,Lukulu,77.07604619280147
20135,2021,12,2021-12-01T00:00:00,Zambia,Lukulu,142.3781996213246
20136,2022,1,2022-01-01T00:00:00,Zambia,Lukulu,196.43510965052064
20137,2022,2,2022-02-01T00:00:00,Zambia,Lukulu,145.15945010912935
20138,2022,3,2022-03-01T00:00:00,Zambia,Lukulu,220.08558278766048
20146,2022,11,2022-11-01T00:00:00,Zambia,Lukulu,155.9119994702934
20147,2022,12,2022-12-01T00:00:00,Zambia,Lukulu,139.8062553783166
20148,2023,1,2023-01-01T00:00:00,Zambia,Lukulu,268.8059027897646
20149,2023,2,2023-02-01T00:00:00,Zambia,Lukulu,95.45701778743951
20150,2023,3,2023-03-01T00:00:00,Zambia,Lukulu,87.8944437650364
20158,2023,11,2023-11-01T00:00:00,Zambia,Lukulu,62.31326001133167
20159,2023,12,2023-12-01T00:00:00,Zambia,Lukulu,139.30183389601842
20160,2000,1,2000-01-01T00:00:00,Zambia,Senanga,179.1075405204535
20161,2000,2,2000-02-01T00:00:00,Zambia,Senanga,171.98925600202728
20162,2000,3,2000-03-01T00:00:00,Zambia,Senanga,235.97133660850793
20170,2000,11,2000-11-01T00:00:00,Zambia,Senanga,58.67633746643101
20171,2000,12,2000-12-01T00:00:00,Zambia,Senanga,194.2582782095377
20172,2001,1,2001-01-01T00:00:00,Zambia,Senanga,113.35790148274215
20173,2001,2,2001-02-01T00:00:00,Zambia,Senanga,263.9400296001614
20174,2001,3,2001-03-01T00:00:00,Zambia,Senanga,161.0172655763257
20182,2001,11,2001-11-01T00:00:00,Zambia,Senanga,132.91868630913694
20183,2001,12,2001-12-01T00:00:00,Zambia,Senanga,129.60976672172836
20184,2002,1,2002-01-01T00:00:00,Zambia,Senanga,136.49251462969195
20185,2002,2,2002-02-01T00:00:00,Zambia,Senanga,102.32742158086218
20186,2002,3,2002-03-01T00:00:00,Zambia,Senanga,67.71611113421014
20194,2002,11,2002-11-01T00:00:00,Zambia,Senanga,71.86997295775792
20195,2002,12,2002-12-01T00:00:00,Zambia,Senanga,157.09545916754442
20196,2003,1,2003-01-01T00:00:00,Zambia,Senanga,154.66184702748052
20197,2003,2,2003-02-01T00:00:00,Zambia,Senanga,131.04699582893727
20198,2003,3,2003-03-01T00:00:00,Zambia,Senanga,132.32555452317675
20206,2003,11,2003-11-01T00:00:00,Zambia,Senanga,94.50888914049293
20207,2003,12,2003-12-01T00:00:00,Zambia,Senanga,181.98471790034296
20208,2004,1,2004-01-01T00:00:00,Zambia,Senanga,272.54267109581326
20209,2004,2,2004-02-01T00:00:00,Zambia,Senanga,180.45367166127272
20210,2004,3,2004-03-01T00:00:00,Zambia,Senanga,283.3560988496808
20218,2004,11,2004-11-01T00:00:00,Zambia,Senanga,43.13998923057978
20219,2004,12,2004-12-01T00:00:00,Zambia,Senanga,168.11889429135246
20220,2005,1,2005-01-01T00:00:00,Zambia,Senanga,145.50879777585837
20221,2005,2,2005-02-01T00:00:00,Zambia,Senanga,70.26035654673825
20222,2005,3,2005-03-01T00:00:00,Zambia,Senanga,143.48811143288614
20230,2005,11,2005-11-01T00:00:00,Zambia,Senanga,103.11101161383839
20231,2005,12,2005-12-01T00:00:00,Zambia,Senanga,187.6480423672074
20232,2006,1,2006-01-01T00:00:00,Zambia,Senanga,220.46204277190282
20233,2006,2,2006-02-01T00:00:00,Zambia,Senanga,225.2813581807692
20234,2006,3,2006-03-01T00:00:00,Zambia,Senanga,171.2984371496095
20242,2006,11,2006-11-01T00:00:00,Zambia,Senanga,117.08692760238232
20243,2006,12,2006-12-01T00:00:00,Zambia,Senanga,223.33871687916195
20244,2007,1,2007-01-01T00:00:00,Zambia,Senanga,262.53896486170567
20245,2007,2,2007-02-01T00:00:00,Zambia,Senanga,157.7531750338236
20246,2007,3,2007-03-01T00:00:00,Zambia,Senanga,103.37506767008978
20254,2007,11,2007-11-01T00:00:00,Zambia,Senanga,117.79977808723109
20255,2007,12,2007-12-01T00:00:00,Zambia,Senanga,271.13595913844347
20256,2008,1,2008-01-01T00:00:00,Zambia,Senanga,489.849350597855
20257,2008,2,2008-02-01T00:00:00,Zambia,Senanga,146.94000204099495
20258,2008,3,2008-03-01T00:00:00,Zambia,Senanga,113.85211531467628
20266,2008,11,2008-11-01T00:00:00,Zambia,Senanga,227.1070506857925
20267,2008,12,2008-12-01T00:00:00,Zambia,Senanga,212.80467773405562
20268,2009,1,2009-01-01T00:00:00,Zambia,Senanga,261.4275301368388
20269,2009,2,2009-02-01T00:00:00,Zambia,Senanga,136.68762163939456
20270,2009,3,2009-03-01T00:00:00,Zambia,Senanga,232.9874068877073
20278,2009,11,2009-11-01T00:00:00,Zambia,Senanga,147.58507738058384
20279,2009,12,2009-12-01T00:00:00,Zambia,Senanga,147.7087802580051
20280,2010,1,2010-01-01T00:00:00,Zambia,Senanga,218.19923354023823
20281,2010,2,2010-02-01T00:00:00,Zambia,Senanga,168.01893344563464
20282,2010,3,2010-03-01T00:00:00,Zambia,Senanga,227.33298705558144
20290,2010,11,2010-11-01T00:00:00,Zambia,Senanga,96.64669577546152
20291,2010,12,2010-12-01T00:00:00,Zambia,Senanga,242.2250016372352
20292,2011,1,2011-01-01T00:00:00,Zambia,Senanga,298.3623371012633
20293,2011,2,2011-02-01T00:00:00,Zambia,Senanga,135.71613471997492
20294,2011,3,2011-03-01T00:00:00,Zambia,Senanga,236.99355018964138
20302,2011,11,2011-11-01T00:00:00,Zambia,Senanga,124.9926711344622
20303,2011,12,2011-12-01T00:00:00,Zambia,Senanga,224.90512680388778
20304,2012,1,2012-01-01T00:00:00,Zambia,Senanga,142.34075304910635
20305,2012,2,2012-02-01T00:00:00,Zambia,Senanga,145.83415474275796
20306,2012,3,2012-03-01T00:00:00,Zambia,Senanga,110.54156727487623
20314,2012,11,2012-11-01T00:00:00,Zambia,Senanga,108.689613690558
20315,2012,12,2012-12-01T00:00:00,Zambia,Senanga,279.7355218846215
20316,2013,1,2013-01-01T00:00:00,Zambia,Senanga,190.51676689577914
20317,2013,2,2013-02-01T00:00:00,Zambia,Senanga,155.9473753555247
20318,2013,3,2013-03-01T00:00:00,Zambia,Senanga,65.37734655774163
20326,2013,11,2013-11-01T00:00:00,Zambia,Senanga,87.13752460363249
20327,2013,12,2013-12-01T00:00:00,Zambia,Senanga,258.8462070776375
20328,2014,1,2014-01-01T00:00:00,Zambia,Senanga,185.04757230973004
20329,2014,2,2014-02-01T00:00:00,Zambia,Senanga,103.0805382752711
20330,2014,3,2014-03-01T00:00:00,Zambia,Senanga,174.2525477853968
20338,2014,11,2014-11-01T00:00:00,Zambia,Senanga,55.87508570924969
20339,2014,12,2014-12-01T00:00:00,Zambia,Senanga,151.3587506142646
20340,2015,1,2015-01-01T00:00:00,Zambia,Senanga,203.311197790015
20341,2015,2,2015-02-01T00:00:00,Zambia,Senanga,57.77123896827537
20342,2015,3,2015-03-01T00:00:00,Zambia,Senanga,65.8050583775357
20350,2015,11,2015-11-01T00:00:00,Zambia,Senanga,75.01231091767056
20351,2015,12,2015-12-01T00:00:00,Zambia,Senanga,133.8128271843455
20352,2016,1,2016-01-01T00:00:00,Zambia,Senanga,180.80381072057784
20353,2016,2,2016-02-01T00:00:00,Zambia,Senanga,158.48983584915797
20354,2016,3,2016-03-01T00:00:00,Zambia,Senanga,237.05420791585394
20362,2016,11,2016-11-01T00:00:00,Zambia,Senanga,90.24682028843023
20363,2016,12,2016-12-01T00:00:00,Zambia,Senanga,250.03457774689807
20364,2017,1,2017-01-01T00:00:00,Zambia,Senanga,252.76635679481774
20365,2017,2,2017-02-01T00:00:00,Zambia,Senanga,251.30918712637543
20366,2017,3,2017-03-01T00:00:00,Zambia,Senanga,186.18795570702184
20374,2017,11,2017-11-01T00:00:00,Zambia,Senanga,60.28899802559247
20375,2017,12,2017-12-01T00:00:00,Zambia,Senanga,174.80372922502414
20376,2018,1,2018-01-01T00:00:00,Zambia,Senanga,80.39170792032618
20377,2018,2,2018-02-01T00:00:00,Zambia,Senanga,228.93680536621076
20378,2018,3,2018-03-01T00:00:00,Zambia,Senanga,234.78992430524403
20386,2018,11,2018-11-01T00:00:00,Zambia,Senanga,40.37910774385118
20387,2018,12,2018-12-01T00:00:00,Zambia,Senanga,82.5262681061804
20388,2019,1,2019-01-01T00:00:00,Zambia,Senanga,108.33746889626045
20389,2019,2,2019-02-01T00:00:00,Zambia,Senanga,119.75487253102837
20390,2019,3,2019-03-01T00:00:00,Zambia,Senanga,29.143187922340434
20398,2019,11,2019-11-01T00:00:00,Zambia,Senanga,48.573834438066896
20399,2019,12,2019-12-01T00:00:00,Zambia,Senanga,72.65379335702971
20400,2020,1,2020-01-01T00:00:00,Zambia,Senanga,244.72637401904666
20401,2020,2,2020-02-01T00:00:00,Zambia,Senanga,189.23669064645156
20402,2020,3,2020-03-01T00:00:00,Zambia,Senanga,276.907308635719
20410,2020,11,2020-11-01T00:00:00,Zambia,Senanga,102.58112509334862
20411,2020,12,2020-12-01T00:00:00,Zambia,Senanga,212.6062351609402
20412,2021,1,2021-01-01T00:00:00,Zambia,Senanga,278.24849880643205
20413,2021,2,2021-02-01T00:00:00,Zambia,Senanga,86.17460510934588
20414,2021,3,2021-03-01T00:00:00,Zambia,Senanga,63.17830863776917
20422,2021,11,2021-11-01T00:00:00,Zambia,Senanga,35.890217178295835
20423,2021,12,2021-12-01T00:00:00,Zambia,Senanga,148.76581353060652
20424,2022,1,2022-01-01T00:00:00,Zambia,Senanga,265.0421069827831
20425,2022,2,2022-02-01T00:00:00,Zambia,Senanga,192.25409061418765
20426,2022,3,2022-03-01T00:00:00,Zambia,Senanga,258.15430785169326
20434,2022,11,2022-11-01T00:00:00,Zambia,Senanga,84.74424444703851
20435,2022,12,2022-12-01T00:00:00,Zambia,Senanga,97.72641288534153
20436,2023,1,2023-01-01T00:00:00,Zambia,Senanga,180.87166418025166
20437,2023,2,2023-02-01T00:00:00,Zambia,Senanga,85.49284986706019
20438,2023,3,2023-03-01T00:00:00,Zambia,Senanga,70.09640750304845
20446,2023,11,2023-11-01T00:00:00,Zambia,Senanga,27.719832013157006
20447,2023,12,2023-12-01T00:00:00,Zambia,Senanga,126.13277010704303
20448,2000,1,2000-01-01T00:00:00,Zambia,Shang'ombo,200.12873801378862
20449,2000,2,2000-02-01T00:00:00,Zambia,Shang'ombo,177.42698812905908
20450,2000,3,2000-03-01T00:00:00,Zambia,Shang'ombo,217.01185633205807
20458,2000,11,2000-11-01T00:00:00,Zambia,Shang'ombo,43.65758403078745
20459,2000,12,2000-12-01T00:00:00,Zambia,Shang'ombo,201.16218695685032
20460,2001,1,2001-01-01T00:00:00,Zambia,Shang'ombo,71.65099984430489
20461,2001,2,2001-02-01T00:00:00,Zambia,Shang'ombo,269.57902623773657
20462,2001,3,2001-03-01T00:00:00,Zambia,Shang'ombo,155.59506771130788
20470,2001,11,2001-11-01T00:00:00,Zambia,Shang'ombo,128.71207729028913
20471,2001,12,2001-12-01T00:00:00,Zambia,Shang'ombo,123.01273253594002
20472,2002,1,2002-01-01T00:00:00,Zambia,Shang'ombo,116.39362807199771
20473,2002,2,2002-02-01T00:00:00,Zambia,Shang'ombo,84.99481715715206
20474,2002,3,2002-03-01T00:00:00,Zambia,Shang'ombo,66.38346944606917
20482,2002,11,2002-11-01T00:00:00,Zambia,Shang'ombo,72.35322474893928
20483,2002,12,2002-12-01T00:00:00,Zambia,Shang'ombo,136.74241844695646
20484,2003,1,2003-01-01T00:00:00,Zambia,Shang'ombo,135.0971540030971
20485,2003,2,2003-02-01T00:00:00,Zambia,Shang'ombo,120.001610573912
20486,2003,3,2003-03-01T00:00:00,Zambia,Shang'ombo,86.23349040007791
20494,2003,11,2003-11-01T00:00:00,Zambia,Shang'ombo,76.81187738179037
20495,2003,12,2003-12-01T00:00:00,Zambia,Shang'ombo,175.33817362650825
20496,2004,1,2004-01-01T00:00:00,Zambia,Shang'ombo,239.90788294729012
20497,2004,2,2004-02-01T00:00:00,Zambia,Shang'ombo,169.1528150385253
20498,2004,3,2004-03-01T00:00:00,Zambia,Shang'ombo,273.9870750248696
20506,2004,11,2004-11-01T00:00:00,Zambia,Shang'ombo,48.24672415582062
20507,2004,12,2004-12-01T00:00:00,Zambia,Shang'ombo,166.59830184218487
20508,2005,1,2005-01-01T00:00:00,Zambia,Shang'ombo,115.72400731495675
20509,2005,2,2005-02-01T00:00:00,Zambia,Shang'ombo,63.69631484675302
20510,2005,3,2005-03-01T00:00:00,Zambia,Shang'ombo,118.52061468742696
20518,2005,11,2005-11-01T00:00:00,Zambia,Shang'ombo,105.26405071966298
20519,2005,12,2005-12-01T00:00:00,Zambia,Shang'ombo,199.85776172894657
20520,2006,1,2006-01-01T00:00:00,Zambia,Shang'ombo,202.97985236960722
20521,2006,2,2006-02-01T00:00:00,Zambia,Shang'ombo,224.95680194879986
20522,2006,3,2006-03-01T00:00:00,Zambia,Shang'ombo,164.78439121452305
20530,2006,11,2006-11-01T00:00:00,Zambia,Shang'ombo,110.99379769051289
20531,2006,12,2006-12-01T00:00:00,Zambia,Shang'ombo,221.71538711800608
20532,2007,1,2007-01-01T00:00:00,Zambia,Shang'ombo,194.32390158090334
20533,2007,2,2007-02-01T00:00:00,Zambia,Shang'ombo,138.33725357982635
20534,2007,3,2007-03-01T00:00:00,Zambia,Shang'ombo,102.6983070821379
20542,2007,11,2007-11-01T00:00:00,Zambia,Shang'ombo,102.7389808352128
20543,2007,12,2007-12-01T00:00:00,Zambia,Shang'ombo,273.3686244916973
20544,2008,1,2008-01-01T00:00:00,Zambia,Shang'ombo,448.31798363477196
20545,2008,2,2008-02-01T00:00:00,Zambia,Shang'ombo,131.1211891617334
20546,2008,3,2008-03-01T00:00:00,Zambia,Shang'ombo,98.22488792273931
20554,2008,11,2008-11-01T00:00:00,Zambia,Shang'ombo,226.02586029514802
20555,2008,12,2008-12-01T00:00:00,Zambia,Shang'ombo,220.16177622683082
20556,2009,1,2009-01-01T00:00:00,Zambia,Shang'ombo,228.00159118387913
20557,2009,2,2009-02-01T00:00:00,Zambia,Shang'ombo,109.95727262543258
20558,2009,3,2009-03-01T00:00:00,Zambia,Shang'ombo,254.2045836076712
20566,2009,11,2009-11-01T00:00:00,Zambia,Shang'ombo,128.68172204422223
20567,2009,12,2009-12-01T00:00:00,Zambia,Shang'ombo,134.16919864854114
20568,2010,1,2010-01-01T00:00:00,Zambia,Shang'ombo,179.38879934032755
20569,2010,2,2010-02-01T00:00:00,Zambia,Shang'ombo,166.01219883540082
20570,2010,3,2010-03-01T00:00:00,Zambia,Shang'ombo,207.3307817291855
20578,2010,11,2010-11-01T00:00:00,Zambia,Shang'ombo,92.31960044481484
20579,2010,12,2010-12-01T00:00:00,Zambia,Shang'ombo,203.82175398042872
20580,2011,1,2011-01-01T00:00:00,Zambia,Shang'ombo,261.30029248014546
20581,2011,2,2011-02-01T00:00:00,Zambia,Shang'ombo,118.55351917152686
20582,2011,3,2011-03-01T00:00:00,Zambia,Shang'ombo,266.3043059958234
20590,2011,11,2011-11-01T00:00:00,Zambia,Shang'ombo,127.13807986951015
20591,2011,12,2011-12-01T00:00:00,Zambia,Shang'ombo,256.53111551145685
20592,2012,1,2012-01-01T00:00:00,Zambia,Shang'ombo,138.33404750258822
20593,2012,2,2012-02-01T00:00:00,Zambia,Shang'ombo,143.76501079204135
20594,2012,3,2012-03-01T00:00:00,Zambia,Shang'ombo,105.08017597426577
20602,2012,11,2012-11-01T00:00:00,Zambia,Shang'ombo,106.64243530302412
20603,2012,12,2012-12-01T00:00:00,Zambia,Shang'ombo,259.1036639952497
20604,2013,1,2013-01-01T00:00:00,Zambia,Shang'ombo,161.6824478400337
20605,2013,2,2013-02-01T00:00:00,Zambia,Shang'ombo,143.12123893564092
20606,2013,3,2013-03-01T00:00:00,Zambia,Shang'ombo,44.709329634046675
20614,2013,11,2013-11-01T00:00:00,Zambia,Shang'ombo,84.73422340461974
20615,2013,12,2013-12-01T00:00:00,Zambia,Shang'ombo,279.9619908522631
20616,2014,1,2014-01-01T00:00:00,Zambia,Shang'ombo,153.24124764086042
20617,2014,2,2014-02-01T00:00:00,Zambia,Shang'ombo,92.52223592247249
20618,2014,3,2014-03-01T00:00:00,Zambia,Shang'ombo,205.97921322956182
20626,2014,11,2014-11-01T00:00:00,Zambia,Shang'ombo,68.30146849046736
20627,2014,12,2014-12-01T00:00:00,Zambia,Shang'ombo,137.78870079239448
20628,2015,1,2015-01-01T00:00:00,Zambia,Shang'ombo,161.40543121376646
20629,2015,2,2015-02-01T00:00:00,Zambia,Shang'ombo,38.087026514233735
20630,2015,3,2015-03-01T00:00:00,Zambia,Shang'ombo,55.7290574993848
20638,2015,11,2015-11-01T00:00:00,Zambia,Shang'ombo,68.44932057030947
20639,2015,12,2015-12-01T00:00:00,Zambia,Shang'ombo,116.55720694293713
20640,2016,1,2016-01-01T00:00:00,Zambia,Shang'ombo,167.3588857332384
20641,2016,2,2016-02-01T00:00:00,Zambia,Shang'ombo,129.84752948664007
20642,2016,3,2016-03-01T00:00:00,Zambia,Shang'ombo,264.2525090938364
20650,2016,11,2016-11-01T00:00:00,Zambia,Shang'ombo,83.40917929497688
20651,2016,12,2016-12-01T00:00:00,Zambia,Shang'ombo,213.8761333830358
20652,2017,1,2017-01-01T00:00:00,Zambia,Shang'ombo,258.1558212410717
20653,2017,2,2017-02-01T00:00:00,Zambia,Shang'ombo,286.47862631043597
20654,2017,3,2017-03-01T00:00:00,Zambia,Shang'ombo,161.81621912816823
20662,2017,11,2017-11-01T00:00:00,Zambia,Shang'ombo,54.8384343386295
20663,2017,12,2017-12-01T00:00:00,Zambia,Shang'ombo,185.28602460451194
20664,2018,1,2018-01-01T00:00:00,Zambia,Shang'ombo,60.81502236332507
20665,2018,2,2018-02-01T00:00:00,Zambia,Shang'ombo,217.01285407239192
20666,2018,3,2018-03-01T00:00:00,Zambia,Shang'ombo,260.20787947365966
20674,2018,11,2018-11-01T00:00:00,Zambia,Shang'ombo,37.606919588006
20675,2018,12,2018-12-01T00:00:00,Zambia,Shang'ombo,85.3103095626549
20676,2019,1,2019-01-01T00:00:00,Zambia,Shang'ombo,71.45852405523341
20677,2019,2,2019-02-01T00:00:00,Zambia,Shang'ombo,113.48884792401138
20678,2019,3,2019-03-01T00:00:00,Zambia,Shang'ombo,23.313036522925632
20686,2019,11,2019-11-01T00:00:00,Zambia,Shang'ombo,34.44058708374221
20687,2019,12,2019-12-01T00:00:00,Zambia,Shang'ombo,78.5915155119383
20688,2020,1,2020-01-01T00:00:00,Zambia,Shang'ombo,192.29219123144662
20689,2020,2,2020-02-01T00:00:00,Zambia,Shang'ombo,175.3117376913924
20690,2020,3,2020-03-01T00:00:00,Zambia,Shang'ombo,219.04383998178616
20698,2020,11,2020-11-01T00:00:00,Zambia,Shang'ombo,114.63909701440939
20699,2020,12,2020-12-01T00:00:00,Zambia,Shang'ombo,194.72575654240984
20700,2021,1,2021-01-01T00:00:00,Zambia,Shang'ombo,277.55971474665614
20701,2021,2,2021-02-01T00:00:00,Zambia,Shang'ombo,90.67499479740783
20702,2021,3,2021-03-01T00:00:00,Zambia,Shang'ombo,56.901669967510244
20710,2021,11,2021-11-01T00:00:00,Zambia,Shang'ombo,29.971280351531696
20711,2021,12,2021-12-01T00:00:00,Zambia,Shang'ombo,180.11190713011646
20712,2022,1,2022-01-01T00:00:00,Zambia,Shang'ombo,245.07596832250866
20713,2022,2,2022-02-01T00:00:00,Zambia,Shang'ombo,200.09950685205885
20714,2022,3,2022-03-01T00:00:00,Zambia,Shang'ombo,263.3825561634218
20722,2022,11,2022-11-01T00:00:00,Zambia,Shang'ombo,73.83375065191447
20723,2022,12,2022-12-01T00:00:00,Zambia,Shang'ombo,80.36230845341503
20724,2023,1,2023-01-01T00:00:00,Zambia,Shang'ombo,115.95473808779916
20725,2023,2,2023-02-01T00:00:00,Zambia,Shang'ombo,63.29674991544009
20726,2023,3,2023-03-01T00:00:00,Zambia,Shang'ombo,53.70980016128496
20734,2023,11,2023-11-01T00:00:00,Zambia,Shang'ombo,34.044938509449004
20735,2023,12,2023-12-01T00:00:00,Zambia,Shang'ombo,116.5971344623595
